File,ID,Member_Name,Member_Type,Entity,Member_ID,Modules,Module_List,Module,Duplicated
lib/sh/tmpfile.c,276,get_sys_tmpdir,functionimpl,lib/sh/tmpfile.c,2514,['libsh'],['libsh'],libsh,FALSE
general.c,82,file_iswdir,var,general.c,660,['general'],['general'],general,FALSE
bashjmp.h,16,bashjmp,file,bashjmp.h,43,['general'],['general'],general,FALSE
lib/readline/posixjmp.h,190,posixjmp,file,lib/readline/posixjmp.h,1788,['libreadline'],['libreadline'],libreadline,FALSE
lib/sh/tmpfile.c,276,tmpfile,file,lib/sh/tmpfile.c,2513,['libsh'],['libsh'],libsh,FALSE
include/filecntl.h,89,filecntl,file,include/filecntl.h,730,['general'],['general'],general,FALSE
command.h,33,word_list,type,command.h,212,['general'],['general'],general,FALSE
alias.h,5,find_alias,functionproto,alias.h,5,['general'],['general'],general,FALSE
alias.h,5,alias_t,alias,alias.h,2,['general'],['general'],general,FALSE
alias.h,5,all_aliases,functionproto,alias.h,4,['general'],['general'],general,FALSE
array.h,7,array,file,array.h,10,['general'],['general'],general,FALSE
include/stdc.h,99,stdc,file,include/stdc.h,752,['general'],['general'],general,FALSE
general.h,83,file_iswdir,functionproto,general.h,685,['general'],['general'],general,FALSE
lib/sh/getenv.c,232,getenv,file,lib/sh/getenv.c,2290,['libsh'],['libsh'],libsh,FALSE
shell.h,316,shell,file,shell.h,2921,['general'],['general'],general,FALSE
jobs.c,104,current_working_directory,functionimpl,jobs.c,775,['job_control'],['job_control'],job_control,FALSE
builtins/common.c,25,the_current_working_directory,var,builtins/common.c,96,['libbuiltins'],['libbuiltins'],libbuiltins,FALSE
jobs.c,104,job_working_directory,functionimpl,jobs.c,784,['job_control'],['job_control'],job_control,FALSE
builtins/common.c,25,get_working_directory,functionproto,builtins/common.c,70,['libbuiltins'],['libbuiltins'],libbuiltins,FALSE
builtins/common.h,26,get_working_directory,functionproto,builtins/common.h,102,['libbuiltins'],['libbuiltins'],libbuiltins,FALSE
builtins/common.h,26,the_current_working_directory,var,builtins/common.h,117,['libbuiltins'],['libbuiltins'],libbuiltins,FALSE
jobs.c,104,jobs,file,jobs.c,769,['job_control'],['job_control'],job_control,FALSE
builtins/common.h,26,common,file,builtins/common.h,99,['libbuiltins'],['libbuiltins'],libbuiltins,FALSE
builtins/common.c,25,common,file,builtins/common.c,61,['libbuiltins'],['libbuiltins'],libbuiltins,FALSE
include/maxpath.h,91,maxpath,file,include/maxpath.h,732,['general'],['general'],general,FALSE
general.c,82,initialize_group_array,functionimpl,general.c,640,['general'],['general'],general,FALSE
shell.c,315,current_user,var,shell.c,2878,['general'],['general'],general,FALSE
general.c,82,group_member,functionimpl,general.c,639,['general'],['general'],general,FALSE
shell.h,316,current_user,var,shell.h,2927,['general'],['general'],general,FALSE
general.c,82,general,file,general.c,637,['general'],['general'],general,FALSE
shell.h,316,user_info,type,shell.h,2925,['general'],['general'],general,FALSE
execute_cmd.c,74,execute_cmd,file,execute_cmd.c,409,['general'],['general'],general,FALSE
jobs.h,105,jobs,file,jobs.h,911,['job_control'],['job_control'],job_control,FALSE
command.h,33,command,type,command.h,194,['general'],['general'],general,FALSE
jobs.c,104,set_tty_state,functionimpl,jobs.c,797,['job_control'],['job_control'],job_control,FALSE
error.c,38,sys_error,functionproto,error.c,251,['error_handling'],['error_handling'],error_handling,FALSE
jobs.c,104,notify_of_job_status,functionimpl,jobs.c,789,['job_control'],['job_control'],job_control,FALSE
error.c,38,get_name_for_error,functionimpl,error.c,243,['error_handling'],['error_handling'],error_handling,FALSE
error.c,38,programming_error,functionproto,error.c,250,['error_handling'],['error_handling'],error_handling,FALSE
lib/intl/relocatable.c,144,relocatable,file,lib/intl/relocatable.c,1188,['libintl'],['libintl'],libintl,FALSE
lib/intl/relocatable.h,145,relocatable,file,lib/intl/relocatable.h,1189,['libintl'],['libintl'],libintl,FALSE
error.h,39,sys_error,functionproto,error.h,263,['error_handling'],['error_handling'],error_handling,FALSE
error.h,39,get_name_for_error,functionproto,error.h,258,['error_handling'],['error_handling'],error_handling,FALSE
error.h,39,programming_error,functionproto,error.h,262,['error_handling'],['error_handling'],error_handling,FALSE
flags.h,81,flags,file,flags.h,624,['general'],['general'],general,FALSE
eval.c,40,read_command,functionimpl,eval.c,266,['general'],['general'],general,FALSE
variables.h,340,variable,type,variables.h,3694,['general'],['general'],general,FALSE
eval.c,40,reader_loop,functionimpl,eval.c,267,['general'],['general'],general,FALSE
variables.h,340,dispose_used_env_vars,functionproto,variables.h,3658,['general'],['general'],general,FALSE
eval.c,40,send_pwd_to_eterm,functionimpl,eval.c,268,['general'],['general'],general,FALSE
variables.h,340,get_string_value,functionproto,variables.h,3665,['general'],['general'],general,FALSE
eval.c,40,parse_command,functionimpl,eval.c,265,['general'],['general'],general,FALSE
variables.h,340,find_variable,functionproto,variables.h,3662,['general'],['general'],general,FALSE
variables.h,340,variable_context,var,variables.h,3698,['general'],['general'],general,FALSE
variables.h,340,temporary_env,var,variables.h,3697,['general'],['general'],general,FALSE
variables.c,339,sh_get_home_dir,functionimpl,variables.c,3498,['general'],['general'],general,FALSE
externs.h,77,get_current_user_info,functionproto,externs.h,538,['general'],['general'],general,FALSE
variables.c,339,set_shell_var,functionimpl,variables.c,3497,['general'],['general'],general,FALSE
variables.c,339,get_bash_name,functionimpl,variables.c,3474,['general'],['general'],general,FALSE
externs.h,77,sh_canonpath,functionproto,externs.h,558,['general'],['general'],general,FALSE
variables.c,339,set_ppid,functionimpl,variables.c,3495,['general'],['general'],general,FALSE
externs.h,77,inttostr,functionproto,externs.h,546,['general'],['general'],general,FALSE
variables.c,339,uidset,functionimpl,variables.c,3499,['general'],['general'],general,FALSE
variables.c,339,maybe_make_export_env,functionimpl,variables.c,3483,['general'],['general'],general,FALSE
externs.h,77,strvec_flush,functionproto,externs.h,567,['general'],['general'],general,FALSE
externs.h,77,strvec_resize,functionproto,externs.h,568,['general'],['general'],general,FALSE
findcmd.h,79,find_user_command,functionproto,findcmd.h,590,['general'],['general'],general,FALSE
findcmd.h,79,file_status,functionproto,findcmd.h,589,['general'],['general'],general,FALSE
variables.c,339,variables,file,variables.c,3463,['general'],['general'],general,FALSE
findcmd.h,79,findcmd,file,findcmd.h,588,['general'],['general'],general,FALSE
findcmd.c,78,find_user_command,functionproto,findcmd.c,580,['general'],['general'],general,FALSE
findcmd.c,78,file_status,functionproto,findcmd.c,578,['general'],['general'],general,FALSE
lib/readline/complete.c,163,full_pathname,var,lib/readline/complete.c,1381,['libreadline'],['libreadline'],libreadline,FALSE
include/chartypes.h,88,chartypes,file,include/chartypes.h,729,['general'],['general'],general,FALSE
execute_cmd.h,75,execute_cmd,file,execute_cmd.h,450,['general'],['general'],general,FALSE
general.c,82,make_absolute,var,general.c,666,['general'],['general'],general,FALSE
general.c,82,full_pathname,functionproto,general.c,648,['general'],['general'],general,FALSE
variables.c,339,init_seconds_var,functionimpl,variables.c,3477,['general'],['general'],general,FALSE
general.c,82,legal_number,functionproto,general.c,650,['general'],['general'],general,FALSE
lib/glob/strmatch.h,114,strmatch,file,lib/glob/strmatch.h,978,['libglob'],['libglob'],libglob,FALSE
y.tab.c,344,EOF_Reached,var,y.tab.c,3745,['general'],['general'],general,FALSE
y.tab.c,344,bash_input,var,y.tab.c,3751,['general'],['general'],general,FALSE
y.tab.c,344,execute_variable_command,functionproto,y.tab.c,3733,['general'],['general'],general,FALSE
y.tab.c,344,yyparse,functionimpl,y.tab.c,3732,['general'],['general'],general,FALSE
y.tab.c,344,gather_here_documents,functionimpl,y.tab.c,3713,['general'],['general'],general,FALSE
y.tab.c,344,set_current_prompt_level,functionproto,y.tab.c,3738,['general'],['general'],general,FALSE
sig.c,317,initialize_terminating_signals,functionimpl,sig.c,2936,['signal_handling'],['signal_handling'],signal_handling,FALSE
nojobs.c,303,interactive_shell,var,nojobs.c,2773,['job_control'],['job_control'],job_control,FALSE
sig.c,317,initialize_shell_signals,functionimpl,sig.c,2935,['signal_handling'],['signal_handling'],signal_handling,FALSE
nojobs.c,303,interactive,var,nojobs.c,2772,['job_control'],['job_control'],job_control,FALSE
sig.c,317,throw_to_top_level,functionimpl,sig.c,2939,['signal_handling'],['signal_handling'],signal_handling,FALSE
hashlib.h,87,hash_table,type,hashlib.h,728,['general'],['general'],general,FALSE
variables.c,339,kill_all_local_variables,functionimpl,variables.c,3480,['general'],['general'],general,FALSE
variables.c,339,create_variable_tables,functionimpl,variables.c,3471,['general'],['general'],general,FALSE
hashlib.h,87,hash_create,functionproto,hashlib.h,721,['general'],['general'],general,FALSE
hashlib.h,87,hash_dispose,functionproto,hashlib.h,722,['general'],['general'],general,FALSE
variables.c,339,pop_var_context,functionimpl,variables.c,3489,['general'],['general'],general,FALSE
hashlib.h,87,hash_flush,functionproto,hashlib.h,723,['general'],['general'],general,FALSE
test.h,334,test,file,test.h,3374,['general'],['general'],general,FALSE
builtins/common.c,25,sh_wrerror,functionimpl,builtins/common.c,68,['libbuiltins'],['libbuiltins'],libbuiltins,FALSE
externs.h,77,strerror,functionproto,externs.h,559,['general'],['general'],general,FALSE
general.h,83,make_absolute,functionproto,general.h,689,['general'],['general'],general,FALSE
general.h,83,full_pathname,functionproto,general.h,686,['general'],['general'],general,FALSE
general.h,83,legal_number,functionproto,general.h,688,['general'],['general'],general,FALSE
include/posixtime.h,94,posixtime,file,include/posixtime.h,738,['general'],['general'],general,FALSE
hashlib.c,86,hash_create,functionproto,hashlib.c,708,['general'],['general'],general,FALSE
hashlib.c,86,hash_dispose,functionproto,hashlib.c,709,['general'],['general'],general,FALSE
hashlib.c,86,hash_flush,functionproto,hashlib.c,710,['general'],['general'],general,FALSE
builtins/common.c,25,builtin_error_prolog,functionimpl,builtins/common.c,62,['libbuiltins'],['libbuiltins'],libbuiltins,FALSE
execute_cmd.h,75,executing_line_number,functionproto,execute_cmd.h,453,['general'],['general'],general,FALSE
execute_cmd.c,74,executing_line_number,functionimpl,execute_cmd.c,412,['general'],['general'],general,FALSE
hashcmd.h,85,hashcmd,file,hashcmd.h,702,['general'],['general'],general,FALSE
xmalloc.c,342,xmalloc,file,xmalloc.c,3706,['general'],['general'],general,FALSE
xmalloc.c,342,bytes,var,xmalloc.c,3707,['general'],['general'],general,FALSE
xmalloc.c,342,pointer,var,xmalloc.c,3708,['general'],['general'],general,FALSE
lib/malloc/malloc.c,149,pagealign,functionimpl,lib/malloc/malloc.c,1202,['libmalloc'],['libmalloc'],libmalloc,FALSE
lib/malloc/malloc.c,149,mhead,type,lib/malloc/malloc.c,1204,['libmalloc'],['libmalloc'],libmalloc,FALSE
lib/malloc/malloc.c,149,sbrk,functionproto,lib/malloc/malloc.c,1203,['libmalloc'],['libmalloc'],libmalloc,FALSE
lib/malloc/malloc.c,149,malloc,file,lib/malloc/malloc.c,1201,['libmalloc'],['libmalloc'],libmalloc,FALSE
lib/malloc/malloc.c,149,n,var,lib/malloc/malloc.c,1215,['libmalloc'],['libmalloc'],libmalloc,FALSE
lib/malloc/malloc.c,149,file,var,lib/malloc/malloc.c,1209,['libmalloc'],['libmalloc'],libmalloc,FALSE
lib/malloc/malloc.c,149,line,var,lib/malloc/malloc.c,1211,['libmalloc'],['libmalloc'],libmalloc,FALSE
lib/malloc/malloc.c,149,flags,var,lib/malloc/malloc.c,1210,['libmalloc'],['libmalloc'],libmalloc,FALSE
lib/malloc/malloc.c,149,mem,var,lib/malloc/malloc.c,1212,['libmalloc'],['libmalloc'],libmalloc,FALSE
lib/malloc/malloc.c,149,alignment,var,lib/malloc/malloc.c,1206,['libmalloc'],['libmalloc'],libmalloc,FALSE
lib/malloc/malloc.c,149,size,var,lib/malloc/malloc.c,1224,['libmalloc'],['libmalloc'],libmalloc,FALSE
lib/malloc/malloc.c,149,s,var,lib/malloc/malloc.c,1222,['libmalloc'],['libmalloc'],libmalloc,FALSE
lib/malloc/malloc.c,149,bytes,var,lib/malloc/malloc.c,1207,['libmalloc'],['libmalloc'],libmalloc,FALSE
lib/malloc/malloc.c,149,ptr,var,lib/malloc/malloc.c,1221,['libmalloc'],['libmalloc'],libmalloc,FALSE
lib/malloc/malloc.c,149,nbytes,var,lib/malloc/malloc.c,1216,['libmalloc'],['libmalloc'],libmalloc,FALSE
lib/malloc/malloc.c,149,pagesz,var,lib/malloc/malloc.c,1220,['libmalloc'],['libmalloc'],libmalloc,FALSE
lib/malloc/malloc.c,149,memtop,var,lib/malloc/malloc.c,1213,['libmalloc'],['libmalloc'],libmalloc,FALSE
lib/malloc/malloc.c,149,curbrk,var,lib/malloc/malloc.c,1208,['libmalloc'],['libmalloc'],libmalloc,FALSE
lib/malloc/malloc.c,149,sbrk_needed,var,lib/malloc/malloc.c,1223,['libmalloc'],['libmalloc'],libmalloc,FALSE
lib/malloc/malloc.c,149,_mstats,var,lib/malloc/malloc.c,1205,['libmalloc'],['libmalloc'],libmalloc,FALSE
lib/malloc/malloc.c,149,nunits,var,lib/malloc/malloc.c,1218,['libmalloc'],['libmalloc'],libmalloc,FALSE
lib/malloc/malloc.c,149,mp,var,lib/malloc/malloc.c,1214,['libmalloc'],['libmalloc'],libmalloc,FALSE
lib/malloc/malloc.c,149,nextf,var,lib/malloc/malloc.c,1217,['libmalloc'],['libmalloc'],libmalloc,FALSE
lib/malloc/malloc.c,149,pagebucket,var,lib/malloc/malloc.c,1219,['libmalloc'],['libmalloc'],libmalloc,FALSE
lib/malloc/imalloc.h,148,imalloc,file,lib/malloc/imalloc.h,1200,['general'],['general'],general,FALSE
lib/sh/pathphys.c,247,get_working_directory,functionproto,lib/sh/pathphys.c,2338,"['libsh', 'libsh']",['libsh'],libsh,FALSE
bashtypes.h,19,bashtypes,file,bashtypes.h,46,['general'],['general'],general,FALSE
bashtypes.h,19,word,var,bashtypes.h,47,['general'],['general'],general,FALSE
version.c,341,version,file,version.c,3699,['general'],['general'],general,FALSE
bashintl.h,15,bashintl,file,bashintl.h,42,['general'],['general'],general,FALSE
bashansi.h,12,bashansi,file,bashansi.h,39,['general'],['general'],general,FALSE
lib/readline/bind.c,160,bind,file,lib/readline/bind.c,1277,['libreadline'],['libreadline'],libreadline,FALSE
lib/readline/bind.c,160,key,var,lib/readline/bind.c,1311,['libreadline'],['libreadline'],libreadline,FALSE
lib/readline/bind.c,160,function,var,lib/readline/bind.c,1308,['libreadline'],['libreadline'],libreadline,FALSE
lib/readline/bind.c,160,map,var,lib/readline/bind.c,1314,['libreadline'],['libreadline'],libreadline,FALSE
lib/readline/bind.c,160,default_func,var,lib/readline/bind.c,1306,['libreadline'],['libreadline'],libreadline,FALSE
lib/readline/bind.c,160,kmap,var,lib/readline/bind.c,1313,['libreadline'],['libreadline'],libreadline,FALSE
lib/readline/bind.c,160,func,var,lib/readline/bind.c,1307,['libreadline'],['libreadline'],libreadline,FALSE
lib/readline/bind.c,160,type,var,lib/readline/bind.c,1321,['libreadline'],['libreadline'],libreadline,FALSE
lib/readline/bind.c,160,keyseq,var,lib/readline/bind.c,1312,['libreadline'],['libreadline'],libreadline,FALSE
lib/readline/bind.c,160,data,var,lib/readline/bind.c,1305,['libreadline'],['libreadline'],libreadline,FALSE
lib/readline/bind.c,160,seq,var,lib/readline/bind.c,1319,['libreadline'],['libreadline'],libreadline,FALSE
lib/readline/bind.c,160,args,var,lib/readline/bind.c,1302,['libreadline'],['libreadline'],libreadline,FALSE
lib/readline/bind.c,160,parser_if,functionproto,lib/readline/bind.c,1284,['libreadline'],['libreadline'],libreadline,FALSE
lib/readline/bind.c,160,parser_endif,var,lib/readline/bind.c,1317,['libreadline'],['libreadline'],libreadline,FALSE
lib/readline/bind.c,160,parser_else,var,lib/readline/bind.c,1316,['libreadline'],['libreadline'],libreadline,FALSE
lib/readline/bind.c,160,parser_include,var,lib/readline/bind.c,1318,['libreadline'],['libreadline'],libreadline,FALSE
lib/readline/bind.c,160,string,var,lib/readline/bind.c,1320,['libreadline'],['libreadline'],libreadline,FALSE
lib/readline/bind.c,160,_rl_prefer_visible_bell,var,lib/readline/bind.c,1301,['libreadline'],['libreadline'],libreadline,FALSE
lib/readline/bind.c,160,sv_bell_style,functionproto,lib/readline/bind.c,1291,['libreadline'],['libreadline'],libreadline,FALSE
lib/readline/bind.c,160,sv_combegin,functionproto,lib/readline/bind.c,1292,['libreadline'],['libreadline'],libreadline,FALSE
lib/readline/bind.c,160,sv_compwidth,functionproto,lib/readline/bind.c,1294,['libreadline'],['libreadline'],libreadline,FALSE
lib/readline/bind.c,160,sv_dispprefix,functionproto,lib/readline/bind.c,1295,['libreadline'],['libreadline'],libreadline,FALSE
lib/readline/bind.c,160,sv_compquery,functionproto,lib/readline/bind.c,1293,['libreadline'],['libreadline'],libreadline,FALSE
lib/readline/bind.c,160,sv_editmode,functionproto,lib/readline/bind.c,1296,['libreadline'],['libreadline'],libreadline,FALSE
lib/readline/bind.c,160,sv_histsize,functionproto,lib/readline/bind.c,1297,['libreadline'],['libreadline'],libreadline,FALSE
lib/readline/bind.c,160,sv_isrchterm,functionproto,lib/readline/bind.c,1298,['libreadline'],['libreadline'],libreadline,FALSE
lib/readline/bind.c,160,sv_keymap,functionproto,lib/readline/bind.c,1299,['libreadline'],['libreadline'],libreadline,FALSE
lib/readline/bind.c,160,name,var,lib/readline/bind.c,1315,['libreadline'],['libreadline'],libreadline,FALSE
lib/readline/bind.c,160,count,var,lib/readline/bind.c,1304,['libreadline'],['libreadline'],libreadline,FALSE
lib/readline/bind.c,160,rl_list_funmap_names,functionimpl,lib/readline/bind.c,1280,['libreadline'],['libreadline'],libreadline,FALSE
lib/readline/bind.c,160,funmap_names,var,lib/readline/bind.c,1309,['libreadline'],['libreadline'],libreadline,FALSE
lib/readline/bind.c,160,i,var,lib/readline/bind.c,1310,['libreadline'],['libreadline'],libreadline,FALSE
lib/readline/bind.c,160,rl_translate_keyseq,functionproto,lib/readline/bind.c,1288,['libreadline'],['libreadline'],libreadline,FALSE
lib/readline/bind.c,160,array,var,lib/readline/bind.c,1303,['libreadline'],['libreadline'],libreadline,FALSE
lib/readline/bind.c,160,rl_named_function,functionproto,lib/readline/bind.c,1286,['libreadline'],['libreadline'],libreadline,FALSE
lib/readline/bind.c,160,rl_re_read_init_file,functionproto,lib/readline/bind.c,1287,['libreadline'],['libreadline'],libreadline,FALSE
lib/readline/bind.c,160,find_boolean_var,functionproto,lib/readline/bind.c,1282,['libreadline'],['libreadline'],libreadline,FALSE
lib/readline/bind.c,160,find_string_var,functionproto,lib/readline/bind.c,1283,['libreadline'],['libreadline'],libreadline,FALSE
lib/readline/bind.c,160,rl_variable_value,functionproto,lib/readline/bind.c,1290,['libreadline'],['libreadline'],libreadline,FALSE
lib/readline/bind.c,160,rl_variable_bind,functionproto,lib/readline/bind.c,1289,['libreadline'],['libreadline'],libreadline,FALSE
lib/readline/bind.c,160,rl_get_keymap_by_name,functionproto,lib/readline/bind.c,1285,['libreadline'],['libreadline'],libreadline,FALSE
lib/readline/bind.c,160,,type,lib/readline/bind.c,1300,['libreadline'],['libreadline'],libreadline,FALSE
lib/readline/signals.c,208,rl_free_line_state,functionimpl,lib/readline/signals.c,2054,['libreadline'],['libreadline'],libreadline,FALSE
lib/readline/macro.c,184,_rl_kill_kbd_macro,functionimpl,lib/readline/macro.c,1712,['libreadline'],['libreadline'],libreadline,FALSE
lib/readline/histexpand.c,174,histexpand,file,lib/readline/histexpand.c,1562,"['libreadline', 'libhistory']","['libreadline', 'libhistory']",libhistory,TRUE
lib/readline/rlshell.h,199,rlshell,file,lib/readline/rlshell.h,2006,['libreadline'],['libreadline'],libreadline,FALSE
lib/readline/complete.c,163,_rl_completion_case_fold,var,lib/readline/complete.c,1368,['libreadline'],['libreadline'],libreadline,FALSE
lib/readline/complete.c,163,_rl_completion_case_map,var,lib/readline/complete.c,1369,['libreadline'],['libreadline'],libreadline,FALSE
lib/readline/complete.c,163,rl_inhibit_completion,var,lib/readline/complete.c,1396,['libreadline'],['libreadline'],libreadline,FALSE
lib/readline/complete.c,163,rl_complete_with_tilde_expansion,var,lib/readline/complete.c,1392,['libreadline'],['libreadline'],libreadline,FALSE
lib/readline/complete.c,163,_rl_complete_mark_directories,var,lib/readline/complete.c,1364,['libreadline'],['libreadline'],libreadline,FALSE
lib/readline/complete.c,163,_rl_complete_mark_symlink_dirs,var,lib/readline/complete.c,1365,['libreadline'],['libreadline'],libreadline,FALSE
lib/readline/complete.c,163,_rl_match_hidden_files,var,lib/readline/complete.c,1371,['libreadline'],['libreadline'],libreadline,FALSE
lib/readline/complete.c,163,_rl_menu_complete_prefix_first,var,lib/readline/complete.c,1372,['libreadline'],['libreadline'],libreadline,FALSE
lib/readline/complete.c,163,_rl_page_completions,var,lib/readline/complete.c,1373,['libreadline'],['libreadline'],libreadline,FALSE
lib/readline/complete.c,163,_rl_print_completions_horizontally,var,lib/readline/complete.c,1374,['libreadline'],['libreadline'],libreadline,FALSE
lib/readline/complete.c,163,_rl_complete_show_all,var,lib/readline/complete.c,1366,['libreadline'],['libreadline'],libreadline,FALSE
lib/readline/complete.c,163,_rl_complete_show_unmodified,var,lib/readline/complete.c,1367,['libreadline'],['libreadline'],libreadline,FALSE
lib/readline/complete.c,163,_rl_skip_completed_text,var,lib/readline/complete.c,1375,['libreadline'],['libreadline'],libreadline,FALSE
lib/readline/complete.c,163,rl_visible_stats,var,lib/readline/complete.c,1397,['libreadline'],['libreadline'],libreadline,FALSE
lib/readline/misc.c,186,_rl_reset_argument,functionimpl,lib/readline/misc.c,1749,['libreadline'],['libreadline'],libreadline,FALSE
variables.c,339,set_pwd,functionimpl,variables.c,3496,['general'],['general'],general,FALSE
builtins/common.h,26,set_working_directory,functionproto,builtins/common.h,114,['libbuiltins'],['libbuiltins'],libbuiltins,FALSE
variables.c,339,pop_dollar_vars,functionimpl,variables.c,3488,['general'],['general'],general,FALSE
builtins/common.h,26,remember_args,functionproto,builtins/common.h,109,['libbuiltins'],['libbuiltins'],libbuiltins,FALSE
builtins/common.h,26,set_dollar_vars_unchanged,functionproto,builtins/common.h,113,['libbuiltins'],['libbuiltins'],libbuiltins,FALSE
builtins/common.c,25,set_working_directory,functionproto,builtins/common.c,72,['libbuiltins'],['libbuiltins'],libbuiltins,FALSE
builtins/common.c,25,remember_args,functionproto,builtins/common.c,71,['libbuiltins'],['libbuiltins'],libbuiltins,FALSE
builtins/common.c,25,set_dollar_vars_unchanged,functionimpl,builtins/common.c,67,['libbuiltins'],['libbuiltins'],libbuiltins,FALSE
lib/readline/signals.c,208,rl_reset_after_signal,functionimpl,lib/readline/signals.c,2055,['libreadline'],['libreadline'],libreadline,FALSE
lib/readline/readline.c,193,_rl_meta_flag,var,lib/readline/readline.c,1822,['libreadline'],['libreadline'],libreadline,FALSE
lib/readline/signals.c,208,rl_cleanup_after_signal,functionimpl,lib/readline/signals.c,2052,['libreadline'],['libreadline'],libreadline,FALSE
lib/readline/rlprivate.h,198,_rl_clean_up_for_exit,functionproto,lib/readline/rlprivate.h,1912,['libreadline'],['libreadline'],libreadline,FALSE
lib/readline/rlprivate.h,198,_rl_kill_kbd_macro,functionproto,lib/readline/rlprivate.h,1929,['libreadline'],['libreadline'],libreadline,FALSE
lib/readline/rlprivate.h,198,_rl_reset_argument,functionproto,lib/readline/rlprivate.h,1940,['libreadline'],['libreadline'],libreadline,FALSE
lib/readline/rlprivate.h,198,_rl_meta_flag,var,lib/readline/rlprivate.h,1979,['libreadline'],['libreadline'],libreadline,FALSE
lib/readline/signals.c,208,signals,file,lib/readline/signals.c,2047,['libreadline'],['libreadline'],libreadline,FALSE
lib/readline/rlprivate.h,198,rlprivate,file,lib/readline/rlprivate.h,1901,['libreadline'],['libreadline'],libreadline,FALSE
lib/readline/signals.c,208,_rl_block_sigint,functionimpl,lib/readline/signals.c,2048,['libreadline'],['libreadline'],libreadline,FALSE
lib/readline/rlprivate.h,198,_rl_block_sigint,functionproto,lib/readline/rlprivate.h,1909,['libreadline'],['libreadline'],libreadline,FALSE
lib/readline/signals.c,208,_rl_release_sigint,functionimpl,lib/readline/signals.c,2050,['libreadline'],['libreadline'],libreadline,FALSE
lib/readline/rlprivate.h,198,_rl_release_sigint,functionproto,lib/readline/rlprivate.h,1938,['libreadline'],['libreadline'],libreadline,FALSE
lib/readline/signals.c,208,_rl_block_sigwinch,functionimpl,lib/readline/signals.c,2049,['libreadline'],['libreadline'],libreadline,FALSE
lib/readline/rlprivate.h,198,_rl_block_sigwinch,functionproto,lib/readline/rlprivate.h,1910,['libreadline'],['libreadline'],libreadline,FALSE
lib/readline/signals.c,208,_rl_release_sigwinch,functionimpl,lib/readline/signals.c,2051,['libreadline'],['libreadline'],libreadline,FALSE
lib/readline/rlprivate.h,198,_rl_release_sigwinch,functionproto,lib/readline/rlprivate.h,1939,['libreadline'],['libreadline'],libreadline,FALSE
lib/readline/readline.h,194,rl_deprep_term_function,var,lib/readline/readline.h,1875,['libreadline'],['libreadline'],libreadline,FALSE
lib/readline/readline.h,194,rl_prep_term_function,var,lib/readline/readline.h,1890,['libreadline'],['libreadline'],libreadline,FALSE
lib/readline/readline.h,194,readline,file,lib/readline/readline.h,1867,['libreadline'],['libreadline'],libreadline,FALSE
lib/readline/rldefs.h,196,rldefs,file,lib/readline/rldefs.h,1895,['libreadline'],['libreadline'],libreadline,FALSE
dispose_cmd.h,37,dispose_words,functionproto,dispose_cmd.h,241,['general'],['general'],general,FALSE
variables.c,339,dispose_saved_dollar_vars,functionimpl,variables.c,3472,['general'],['general'],general,FALSE
dispose_cmd.c,36,dispose_words,functionproto,dispose_cmd.c,236,['general'],['general'],general,FALSE
variables.c,339,all_local_variables,functionimpl,variables.c,3465,['general'],['general'],general,FALSE
error.h,39,internal_error,functionproto,error.h,259,['error_handling'],['error_handling'],error_handling,FALSE
error.c,38,internal_error,functionproto,error.c,247,['error_handling'],['error_handling'],error_handling,FALSE
variables.c,339,push_dollar_vars,functionimpl,variables.c,3490,['general'],['general'],general,FALSE
variables.c,339,find_function_def,functionproto,variables.c,3516,['general'],['general'],general,FALSE
command.h,33,FUNCTION_DEF,alias,command.h,174,['general'],['general'],general,FALSE
command.h,33,word_desc,type,command.h,211,['general'],['general'],general,FALSE
builtins/getopt.h,30,getopt,file,builtins/getopt.h,134,['libbuiltins'],['libbuiltins'],libbuiltins,FALSE
lib/readline/misc.c,186,_rl_history_preserve_point,var,lib/readline/misc.c,1763,['libreadline'],['libreadline'],libreadline,FALSE
lib/readline/parens.c,188,rl_blink_matching_paren,var,lib/readline/parens.c,1786,['libreadline'],['libreadline'],libreadline,FALSE
lib/readline/display.c,164,_rl_clean_up_for_exit,functionimpl,lib/readline/display.c,1402,['libreadline'],['libreadline'],libreadline,FALSE
lib/readline/mbutil.c,185,rl_byte_oriented,var,lib/readline/mbutil.c,1740,['libreadline'],['libreadline'],libreadline,FALSE
lib/readline/posixstat.h,192,posixstat,file,lib/readline/posixstat.h,1790,['libreadline'],['libreadline'],libreadline,FALSE
subst.c,322,subst,file,subst.c,2998,['general'],['general'],general,FALSE
lib/intl/localealias.c,135,localealias,file,lib/intl/localealias.c,1090,['libintl'],['libintl'],libintl,FALSE
lib/intl/gettextP.h,126,gettextP,file,lib/intl/gettextP.h,1032,['libintl'],['libintl'],libintl,FALSE
jobs.c,104,get_tty_state,functionimpl,jobs.c,779,['job_control'],['job_control'],job_control,FALSE
lib/sh/winsize.c,283,get_new_window_size,functionproto,lib/sh/winsize.c,2528,['libsh'],['libsh'],libsh,FALSE
input.c,102,input,file,input.c,755,['general'],['general'],general,FALSE
lib/readline/histexpand.c,174,history_comment_char,var,lib/readline/histexpand.c,1576,"['libreadline', 'libhistory']","['libreadline', 'libhistory']",libhistory,TRUE
lib/readline/histexpand.c,174,s,var,lib/readline/histexpand.c,1584,"['libreadline', 'libhistory']","['libreadline', 'libhistory']",libhistory,TRUE
shell.c,315,shell,file,shell.c,2854,['general'],['general'],general,FALSE
lib/tilde/tilde.h,295,tilde,file,lib/tilde/tilde.h,2584,['libtilde'],['libtilde'],libtilde,FALSE
lib/sh/snprintf.c,254,snprintf,file,lib/sh/snprintf.c,2368,['libsh'],['libsh'],libsh,FALSE
include/typemax.h,101,typemax,file,include/typemax.h,754,['general'],['general'],general,FALSE
lib/intl/localealias.c,135,extend_alias_table,functionimpl,lib/intl/localealias.c,1092,['libintl'],['libintl'],libintl,FALSE
lib/intl/localealias.c,135,alias_map,type,lib/intl/localealias.c,1094,['libintl'],['libintl'],libintl,FALSE
lib/intl/localealias.c,135,new_size,var,lib/intl/localealias.c,1099,['libintl'],['libintl'],libintl,FALSE
lib/intl/localealias.c,135,maxmap,var,lib/intl/localealias.c,1097,['libintl'],['libintl'],libintl,FALSE
lib/intl/localealias.c,135,new_map,var,lib/intl/localealias.c,1098,['libintl'],['libintl'],libintl,FALSE
lib/intl/localealias.c,135,map,var,lib/intl/localealias.c,1096,['libintl'],['libintl'],libintl,FALSE
hashcmd.c,84,phash_create,functionimpl,hashcmd.c,696,['general'],['general'],general,FALSE
hashcmd.c,84,phash_flush,functionimpl,hashcmd.c,697,['general'],['general'],general,FALSE
builtins/common.c,25,builtin_usage,functionimpl,builtins/common.c,63,['libbuiltins'],['libbuiltins'],libbuiltins,FALSE
builtins/common.h,26,builtin_usage,functionproto,builtins/common.h,100,['libbuiltins'],['libbuiltins'],libbuiltins,FALSE
builtins/common.h,26,sh_wrerror,functionproto,builtins/common.h,115,['libbuiltins'],['libbuiltins'],libbuiltins,FALSE
builtins/common.c,25,dollar_vars_changed,functionimpl,builtins/common.c,64,['libbuiltins'],['libbuiltins'],libbuiltins,FALSE
builtins/common.h,26,dollar_vars_changed,functionproto,builtins/common.h,101,['libbuiltins'],['libbuiltins'],libbuiltins,FALSE
builtins/common.c,25,set_dollar_vars_changed,functionimpl,builtins/common.c,66,['libbuiltins'],['libbuiltins'],libbuiltins,FALSE
builtins/common.h,26,set_dollar_vars_changed,functionproto,builtins/common.h,112,['libbuiltins'],['libbuiltins'],libbuiltins,FALSE
builtins/common.c,25,initialize_shell_builtins,functionimpl,builtins/common.c,65,['libbuiltins'],['libbuiltins'],libbuiltins,FALSE
builtins/common.h,26,initialize_shell_builtins,functionproto,builtins/common.h,104,['libbuiltins'],['libbuiltins'],libbuiltins,FALSE
hashcmd.c,84,hashcmd,file,hashcmd.c,695,['general'],['general'],general,FALSE
builtins/common.c,25,builtin_error,functionproto,builtins/common.c,69,['libbuiltins'],['libbuiltins'],libbuiltins,FALSE
builtins/common.c,25,list,var,builtins/common.c,93,['libbuiltins'],['libbuiltins'],libbuiltins,FALSE
builtins/common.c,25,s,var,builtins/common.c,95,['libbuiltins'],['libbuiltins'],libbuiltins,FALSE
builtins/common.c,25,ip,var,builtins/common.c,92,['libbuiltins'],['libbuiltins'],libbuiltins,FALSE
builtins/common.c,25,fatal,var,builtins/common.c,90,['libbuiltins'],['libbuiltins'],libbuiltins,FALSE
builtins/common.c,25,count,var,builtins/common.c,87,['libbuiltins'],['libbuiltins'],libbuiltins,FALSE
builtins/common.c,25,forcecols,var,builtins/common.c,91,['libbuiltins'],['libbuiltins'],libbuiltins,FALSE
builtins/common.c,25,name,var,builtins/common.c,94,['libbuiltins'],['libbuiltins'],libbuiltins,FALSE
builtins/common.c,25,disabled_okay,var,builtins/common.c,88,['libbuiltins'],['libbuiltins'],libbuiltins,FALSE
builtins/common.c,25,this_command_name,var,builtins/common.c,97,['libbuiltins'],['libbuiltins'],libbuiltins,FALSE
builtins/common.c,25,errno,var,builtins/common.c,89,['libbuiltins'],['libbuiltins'],libbuiltins,FALSE
builtins/common.c,25,changed_dollar_vars,var,builtins/common.c,86,['libbuiltins'],['libbuiltins'],libbuiltins,FALSE
builtins/common.c,25,this_shell_builtin,var,builtins/common.c,98,['libbuiltins'],['libbuiltins'],libbuiltins,FALSE
builtins/common.c,25,shell_builtin_compare,functionproto,builtins/common.c,85,['libbuiltins'],['libbuiltins'],libbuiltins,FALSE
builtins/common.c,25,sh_needarg,functionproto,builtins/common.c,80,['libbuiltins'],['libbuiltins'],libbuiltins,FALSE
builtins/common.c,25,sh_neednumarg,functionproto,builtins/common.c,81,['libbuiltins'],['libbuiltins'],libbuiltins,FALSE
builtins/common.c,25,sh_notfound,functionproto,builtins/common.c,83,['libbuiltins'],['libbuiltins'],libbuiltins,FALSE
builtins/common.c,25,sh_invalidopt,functionproto,builtins/common.c,77,['libbuiltins'],['libbuiltins'],libbuiltins,FALSE
builtins/common.c,25,sh_invalidoptname,functionproto,builtins/common.c,78,['libbuiltins'],['libbuiltins'],libbuiltins,FALSE
builtins/common.c,25,sh_invalidid,functionproto,builtins/common.c,75,['libbuiltins'],['libbuiltins'],libbuiltins,FALSE
builtins/common.c,25,sh_invalidnum,functionproto,builtins/common.c,76,['libbuiltins'],['libbuiltins'],libbuiltins,FALSE
builtins/common.c,25,sh_invalidsig,functionproto,builtins/common.c,79,['libbuiltins'],['libbuiltins'],libbuiltins,FALSE
builtins/common.c,25,sh_badpid,functionproto,builtins/common.c,73,['libbuiltins'],['libbuiltins'],libbuiltins,FALSE
builtins/common.c,25,sh_readonly,functionproto,builtins/common.c,84,['libbuiltins'],['libbuiltins'],libbuiltins,FALSE
builtins/common.c,25,sh_erange,functionproto,builtins/common.c,74,['libbuiltins'],['libbuiltins'],libbuiltins,FALSE
builtins/common.c,25,sh_notbuiltin,functionproto,builtins/common.c,82,['libbuiltins'],['libbuiltins'],libbuiltins,FALSE
builtins/bashgetopt.h,24,bashgetopt,file,builtins/bashgetopt.h,60,['libbuiltins'],['libbuiltins'],libbuiltins,FALSE
mailcheck.h,299,mailcheck,file,mailcheck.h,2653,['general'],['general'],general,FALSE
array.h,7,array_create,functionproto,array.h,14,['general'],['general'],general,FALSE
array.h,7,ARRAY,alias,array.h,7,['general'],['general'],general,FALSE
array.h,7,array_copy,functionproto,array.h,12,['general'],['general'],general,FALSE
array.h,7,array_slice,functionproto,array.h,25,['general'],['general'],general,FALSE
array.h,7,array_shift,functionproto,array.h,24,['general'],['general'],general,FALSE
array.h,7,ARRAY_ELEMENT,alias,array.h,8,['general'],['general'],general,FALSE
array.h,7,array_unshift_element,functionproto,array.h,26,['general'],['general'],general,FALSE
array.h,7,array_quote,functionproto,array.h,20,['general'],['general'],general,FALSE
array.h,7,array_quote_escapes,functionproto,array.h,21,['general'],['general'],general,FALSE
array.h,7,array_dequote,functionproto,array.h,16,['general'],['general'],general,FALSE
array.h,7,array_dequote_escapes,functionproto,array.h,17,['general'],['general'],general,FALSE
array.h,7,array_remove_quoted_nulls,functionproto,array.h,23,['general'],['general'],general,FALSE
array.h,7,array_create_element,functionproto,array.h,15,['general'],['general'],general,FALSE
array.h,7,array_copy_element,functionproto,array.h,13,['general'],['general'],general,FALSE
array.h,7,array_remove,functionproto,array.h,22,['general'],['general'],general,FALSE
array.h,7,array_from_word_list,functionproto,array.h,19,['general'],['general'],general,FALSE
array.h,7,array_assign_list,functionproto,array.h,11,['general'],['general'],general,FALSE
array.h,7,array_from_string,functionproto,array.h,18,['general'],['general'],general,FALSE
array.h,7,atype,type,array.h,29,['general'],['general'],general,FALSE
array.h,7,array,type,array.h,27,['general'],['general'],general,FALSE
array.h,7,array_element,type,array.h,28,['general'],['general'],general,FALSE
lib/readline/misc.c,186,rl_digit_loop,functionimpl,lib/readline/misc.c,1752,['libreadline'],['libreadline'],libreadline,FALSE
lib/readline/misc.c,186,_rl_arg_overflow,functionimpl,lib/readline/misc.c,1746,['libreadline'],['libreadline'],libreadline,FALSE
lib/readline/misc.c,186,_rl_arg_getchar,functionimpl,lib/readline/misc.c,1744,['libreadline'],['libreadline'],libreadline,FALSE
lib/readline/misc.c,186,_rl_arg_dispatch,functionproto,lib/readline/misc.c,1757,['libreadline'],['libreadline'],libreadline,FALSE
lib/readline/misc.c,186,rl_discard_argument,functionimpl,lib/readline/misc.c,1753,['libreadline'],['libreadline'],libreadline,FALSE
lib/readline/misc.c,186,_rl_start_using_history,functionimpl,lib/readline/misc.c,1751,['libreadline'],['libreadline'],libreadline,FALSE
lib/readline/misc.c,186,_rl_free_history_entry,functionproto,lib/readline/misc.c,1758,['libreadline'],['libreadline'],libreadline,FALSE
lib/readline/misc.c,186,rl_maybe_unsave_line,functionimpl,lib/readline/misc.c,1756,['libreadline'],['libreadline'],libreadline,FALSE
lib/readline/misc.c,186,_rl_free_saved_history_line,functionimpl,lib/readline/misc.c,1747,['libreadline'],['libreadline'],libreadline,FALSE
lib/readline/misc.c,186,_rl_revert_all_lines,functionimpl,lib/readline/misc.c,1750,['libreadline'],['libreadline'],libreadline,FALSE
lib/readline/misc.c,186,rl_replace_from_history,functionproto,lib/readline/misc.c,1760,['libreadline'],['libreadline'],libreadline,FALSE
lib/readline/misc.c,186,misc,file,lib/readline/misc.c,1743,['libreadline'],['libreadline'],libreadline,FALSE
lib/readline/misc.c,186,count,var,lib/readline/misc.c,1767,['libreadline'],['libreadline'],libreadline,FALSE
lib/readline/misc.c,186,key,var,lib/readline/misc.c,1771,['libreadline'],['libreadline'],libreadline,FALSE
lib/readline/misc.c,186,cxt,var,lib/readline/misc.c,1768,['libreadline'],['libreadline'],libreadline,FALSE
lib/readline/misc.c,186,_rl_argcxt,var,lib/readline/misc.c,1762,['libreadline'],['libreadline'],libreadline,FALSE
lib/readline/misc.c,186,_rl_arg_init,functionimpl,lib/readline/misc.c,1745,['libreadline'],['libreadline'],libreadline,FALSE
lib/readline/misc.c,186,c,var,lib/readline/misc.c,1766,['libreadline'],['libreadline'],libreadline,FALSE
lib/readline/misc.c,186,r,var,lib/readline/misc.c,1773,['libreadline'],['libreadline'],libreadline,FALSE
lib/readline/misc.c,186,_rl_saved_line_for_history,var,lib/readline/misc.c,1765,['libreadline'],['libreadline'],libreadline,FALSE
lib/readline/misc.c,186,rl_maybe_replace_line,functionimpl,lib/readline/misc.c,1754,['libreadline'],['libreadline'],libreadline,FALSE
lib/readline/misc.c,186,temp,var,lib/readline/misc.c,1775,['libreadline'],['libreadline'],libreadline,FALSE
lib/readline/misc.c,186,rl_maybe_save_line,functionimpl,lib/readline/misc.c,1755,['libreadline'],['libreadline'],libreadline,FALSE
lib/readline/misc.c,186,_rl_history_set_point,functionimpl,lib/readline/misc.c,1748,['libreadline'],['libreadline'],libreadline,FALSE
lib/readline/misc.c,186,_rl_history_saved_point,var,lib/readline/misc.c,1764,['libreadline'],['libreadline'],libreadline,FALSE
lib/readline/misc.c,186,entry,var,lib/readline/misc.c,1769,['libreadline'],['libreadline'],libreadline,FALSE
lib/readline/misc.c,186,lbuf,var,lib/readline/misc.c,1772,['libreadline'],['libreadline'],libreadline,FALSE
lib/readline/misc.c,186,saved_undo_list,var,lib/readline/misc.c,1774,['libreadline'],['libreadline'],libreadline,FALSE
lib/readline/misc.c,186,hpos,var,lib/readline/misc.c,1770,['libreadline'],['libreadline'],libreadline,FALSE
lib/readline/misc.c,186,ul,var,lib/readline/misc.c,1776,['libreadline'],['libreadline'],libreadline,FALSE
builtins.h,22,builtins,file,builtins.h,50,['libbuiltins'],['libbuiltins'],libbuiltins,FALSE
builtins.h,22,shell_builtins,var,builtins.h,53,['libbuiltins'],['libbuiltins'],libbuiltins,FALSE
builtins.h,22,num_shell_builtins,var,builtins.h,52,['libbuiltins'],['libbuiltins'],libbuiltins,FALSE
builtins.h,22,builtin,type,builtins.h,51,['libbuiltins'],['libbuiltins'],libbuiltins,FALSE
builtins/bashgetopt.c,23,bashgetopt,file,builtins/bashgetopt.c,54,['libbuiltins'],['libbuiltins'],libbuiltins,FALSE
lib/readline/readline.c,193,rl_numeric_arg,var,lib/readline/readline.c,1855,['libreadline'],['libreadline'],libreadline,FALSE
lib/readline/readline.c,193,rl_explicit_arg,var,lib/readline/readline.c,1846,['libreadline'],['libreadline'],libreadline,FALSE
lib/readline/readline.c,193,rl_arg_sign,var,lib/readline/readline.c,1841,['libreadline'],['libreadline'],libreadline,FALSE
lib/readline/readline.c,193,rl_line_buffer,var,lib/readline/readline.c,1851,['libreadline'],['libreadline'],libreadline,FALSE
lib/readline/readline.c,193,rl_point,var,lib/readline/readline.c,1858,['libreadline'],['libreadline'],libreadline,FALSE
lib/readline/readline.c,193,rl_end,var,lib/readline/readline.c,1844,['libreadline'],['libreadline'],libreadline,FALSE
lib/readline/readline.c,193,rl_editing_mode,var,lib/readline/readline.c,1843,['libreadline'],['libreadline'],libreadline,FALSE
lib/readline/readline.c,193,_rl_keymap,var,lib/readline/readline.c,1818,['libreadline'],['libreadline'],libreadline,FALSE
lib/readline/readline.c,193,rl_mark,var,lib/readline/readline.c,1853,['libreadline'],['libreadline'],libreadline,FALSE
lib/readline/readline.c,193,_rl_set_the_line,functionimpl,lib/readline/readline.c,1796,['libreadline'],['libreadline'],libreadline,FALSE
lib/readline/undo.c,214,rl_free_undo_list,functionimpl,lib/readline/undo.c,2159,['libreadline'],['libreadline'],libreadline,FALSE
lib/readline/undo.c,214,replace_history_data,functionproto,lib/readline/undo.c,2163,['libreadline'],['libreadline'],libreadline,FALSE
lib/readline/undo.c,214,rl_do_undo,functionimpl,lib/readline/undo.c,2157,['libreadline'],['libreadline'],libreadline,FALSE
lib/readline/undo.c,214,rl_begin_undo_group,functionimpl,lib/readline/undo.c,2156,['libreadline'],['libreadline'],libreadline,FALSE
lib/readline/undo.c,214,rl_add_undo,functionproto,lib/readline/undo.c,2164,['libreadline'],['libreadline'],libreadline,FALSE
lib/readline/undo.c,214,rl_end_undo_group,functionimpl,lib/readline/undo.c,2158,['libreadline'],['libreadline'],libreadline,FALSE
lib/readline/undo.c,214,undo,file,lib/readline/undo.c,2155,['libreadline'],['libreadline'],libreadline,FALSE
lib/readline/undo.c,214,type,var,lib/readline/undo.c,2175,['libreadline'],['libreadline'],libreadline,FALSE
lib/readline/undo.c,214,start,var,lib/readline/undo.c,2174,['libreadline'],['libreadline'],libreadline,FALSE
lib/readline/undo.c,214,end,var,lib/readline/undo.c,2168,['libreadline'],['libreadline'],libreadline,FALSE
lib/readline/undo.c,214,count,var,lib/readline/undo.c,2167,['libreadline'],['libreadline'],libreadline,FALSE
lib/readline/undo.c,214,key,var,lib/readline/undo.c,2170,['libreadline'],['libreadline'],libreadline,FALSE
lib/readline/undo.c,214,orig_list,var,lib/readline/undo.c,2171,['libreadline'],['libreadline'],libreadline,FALSE
lib/readline/undo.c,214,rl_undo_list,var,lib/readline/undo.c,2173,['libreadline'],['libreadline'],libreadline,FALSE
lib/readline/undo.c,214,release,var,lib/readline/undo.c,2172,['libreadline'],['libreadline'],libreadline,FALSE
lib/readline/undo.c,214,waiting_for_begin,var,lib/readline/undo.c,2176,['libreadline'],['libreadline'],libreadline,FALSE
lib/readline/undo.c,214,_rl_doing_an_undo,var,lib/readline/undo.c,2165,['libreadline'],['libreadline'],libreadline,FALSE
lib/readline/undo.c,214,_rl_undo_group_level,var,lib/readline/undo.c,2166,['libreadline'],['libreadline'],libreadline,FALSE
lib/readline/undo.c,214,_rl_copy_undo_entry,functionproto,lib/readline/undo.c,2160,['libreadline'],['libreadline'],libreadline,FALSE
lib/readline/undo.c,214,entry,var,lib/readline/undo.c,2169,['libreadline'],['libreadline'],libreadline,FALSE
lib/readline/readline.h,194,undo_list,type,lib/readline/readline.h,1872,['libreadline'],['libreadline'],libreadline,FALSE
lib/readline/readline.h,194,rl_message,functionproto,lib/readline/readline.h,1868,['libreadline'],['libreadline'],libreadline,FALSE
lib/readline/readline.h,194,rl_numeric_arg,var,lib/readline/readline.h,1886,['libreadline'],['libreadline'],libreadline,FALSE
lib/readline/readline.h,194,rl_explicit_arg,var,lib/readline/readline.h,1880,['libreadline'],['libreadline'],libreadline,FALSE
lib/readline/readline.h,194,rl_undo_list,var,lib/readline/readline.h,1893,['libreadline'],['libreadline'],libreadline,FALSE
lib/readline/readline.h,194,rl_line_buffer,var,lib/readline/readline.h,1884,['libreadline'],['libreadline'],libreadline,FALSE
lib/readline/readline.h,194,rl_point,var,lib/readline/readline.h,1889,['libreadline'],['libreadline'],libreadline,FALSE
lib/readline/readline.h,194,rl_end,var,lib/readline/readline.h,1878,['libreadline'],['libreadline'],libreadline,FALSE
lib/readline/readline.h,194,rl_editing_mode,var,lib/readline/readline.h,1877,['libreadline'],['libreadline'],libreadline,FALSE
lib/readline/readline.h,194,rl_mark,var,lib/readline/readline.h,1885,['libreadline'],['libreadline'],libreadline,FALSE
test.c,333,test,file,test.c,3341,['general'],['general'],general,FALSE
pathexp.h,307,pathexp,file,pathexp.h,2793,['general'],['general'],general,FALSE
lib/sh/strftime.c,260,strftime,functionimpl,lib/sh/strftime.c,2415,['libsh'],['libsh'],libsh,FALSE
lib/sh/strftime.c,260,tzset,functionproto,lib/sh/strftime.c,2418,['libsh'],['libsh'],libsh,FALSE
lib/sh/strftime.c,260,iso8601wknum,functionimpl,lib/sh/strftime.c,2412,['libsh'],['libsh'],libsh,FALSE
lib/sh/strftime.c,260,weeknumber,functionimpl,lib/sh/strftime.c,2416,['libsh'],['libsh'],libsh,FALSE
lib/sh/strftime.c,260,timezone,functionproto,lib/sh/strftime.c,2417,['libsh'],['libsh'],libsh,FALSE
lib/sh/strftime.c,260,isleap,functionimpl,lib/sh/strftime.c,2411,['libsh'],['libsh'],libsh,FALSE
lib/sh/strftime.c,260,min,functionimpl,lib/sh/strftime.c,2414,['libsh'],['libsh'],libsh,FALSE
lib/sh/strftime.c,260,a,var,lib/sh/strftime.c,2419,['libsh'],['libsh'],libsh,FALSE
lib/sh/strftime.c,260,b,var,lib/sh/strftime.c,2421,['libsh'],['libsh'],libsh,FALSE
lib/sh/strftime.c,260,max,functionimpl,lib/sh/strftime.c,2413,['libsh'],['libsh'],libsh,FALSE
lib/sh/strftime.c,260,s,var,lib/sh/strftime.c,2437,['libsh'],['libsh'],libsh,FALSE
lib/sh/strftime.c,260,maxsize,var,lib/sh/strftime.c,2431,['libsh'],['libsh'],libsh,FALSE
lib/sh/strftime.c,260,format,var,lib/sh/strftime.c,2428,['libsh'],['libsh'],libsh,FALSE
lib/sh/strftime.c,260,timeptr,var,lib/sh/strftime.c,2442,['libsh'],['libsh'],libsh,FALSE
lib/sh/strftime.c,260,tz,var,lib/sh/strftime.c,2444,['libsh'],['libsh'],libsh,FALSE
lib/sh/strftime.c,260,first,var,lib/sh/strftime.c,2426,['libsh'],['libsh'],libsh,FALSE
lib/sh/strftime.c,260,savetz,var,lib/sh/strftime.c,2438,['libsh'],['libsh'],libsh,FALSE
lib/sh/strftime.c,260,tzlen,var,lib/sh/strftime.c,2445,['libsh'],['libsh'],libsh,FALSE
lib/sh/strftime.c,260,savetzlen,var,lib/sh/strftime.c,2439,['libsh'],['libsh'],libsh,FALSE
lib/sh/strftime.c,260,i,var,lib/sh/strftime.c,2429,['libsh'],['libsh'],libsh,FALSE
lib/sh/strftime.c,260,endp,var,lib/sh/strftime.c,2425,['libsh'],['libsh'],libsh,FALSE
lib/sh/strftime.c,260,tbuf,var,lib/sh/strftime.c,2441,['libsh'],['libsh'],libsh,FALSE
lib/sh/strftime.c,260,days_a,var,lib/sh/strftime.c,2422,['libsh'],['libsh'],libsh,FALSE
lib/sh/strftime.c,260,days_l,var,lib/sh/strftime.c,2423,['libsh'],['libsh'],libsh,FALSE
lib/sh/strftime.c,260,months_a,var,lib/sh/strftime.c,2433,['libsh'],['libsh'],libsh,FALSE
lib/sh/strftime.c,260,months_l,var,lib/sh/strftime.c,2434,['libsh'],['libsh'],libsh,FALSE
lib/sh/strftime.c,260,w,var,lib/sh/strftime.c,2446,['libsh'],['libsh'],libsh,FALSE
lib/sh/strftime.c,260,y,var,lib/sh/strftime.c,2449,['libsh'],['libsh'],libsh,FALSE
lib/sh/strftime.c,260,ampm,var,lib/sh/strftime.c,2420,['libsh'],['libsh'],libsh,FALSE
lib/sh/strftime.c,260,tv,var,lib/sh/strftime.c,2443,['libsh'],['libsh'],libsh,FALSE
lib/sh/strftime.c,260,zone,var,lib/sh/strftime.c,2451,['libsh'],['libsh'],libsh,FALSE
lib/sh/strftime.c,260,off,var,lib/sh/strftime.c,2435,['libsh'],['libsh'],libsh,FALSE
lib/sh/strftime.c,260,start,var,lib/sh/strftime.c,2440,['libsh'],['libsh'],libsh,FALSE
lib/sh/strftime.c,260,year,var,lib/sh/strftime.c,2450,['libsh'],['libsh'],libsh,FALSE
lib/sh/strftime.c,260,weeknum,var,lib/sh/strftime.c,2448,['libsh'],['libsh'],libsh,FALSE
lib/sh/strftime.c,260,jan1day,var,lib/sh/strftime.c,2430,['libsh'],['libsh'],libsh,FALSE
lib/sh/strftime.c,260,dec31ly,var,lib/sh/strftime.c,2424,['libsh'],['libsh'],libsh,FALSE
lib/sh/strftime.c,260,wday,var,lib/sh/strftime.c,2447,['libsh'],['libsh'],libsh,FALSE
lib/sh/strftime.c,260,mday,var,lib/sh/strftime.c,2432,['libsh'],['libsh'],libsh,FALSE
lib/sh/strftime.c,260,firstweekday,var,lib/sh/strftime.c,2427,['libsh'],['libsh'],libsh,FALSE
lib/sh/strftime.c,260,ret,var,lib/sh/strftime.c,2436,['libsh'],['libsh'],libsh,FALSE
make_cmd.c,300,make_cmd,file,make_cmd.c,2654,['general'],['general'],general,FALSE
externs.h,77,externs,file,externs.h,532,['general'],['general'],general,FALSE
lib/readline/histexpand.c,174,start,var,lib/readline/histexpand.c,1586,"['libreadline', 'libhistory']","['libreadline', 'libhistory']",libhistory,TRUE
lib/readline/histexpand.c,174,current,var,lib/readline/histexpand.c,1569,"['libreadline', 'libhistory']","['libreadline', 'libhistory']",libhistory,TRUE
lib/readline/histexpand.c,174,errtype,var,lib/readline/histexpand.c,1573,"['libreadline', 'libhistory']","['libreadline', 'libhistory']",libhistory,TRUE
lib/readline/histexpand.c,174,string,var,lib/readline/histexpand.c,1587,"['libreadline', 'libhistory']","['libreadline', 'libhistory']",libhistory,TRUE
lib/readline/histexpand.c,174,end_index_ptr,var,lib/readline/histexpand.c,1572,"['libreadline', 'libhistory']","['libreadline', 'libhistory']",libhistory,TRUE
lib/readline/histexpand.c,174,ret_string,var,lib/readline/histexpand.c,1583,"['libreadline', 'libhistory']","['libreadline', 'libhistory']",libhistory,TRUE
lib/readline/histexpand.c,174,current_line,var,lib/readline/histexpand.c,1570,"['libreadline', 'libhistory']","['libreadline', 'libhistory']",libhistory,TRUE
lib/readline/histexpand.c,174,spec,var,lib/readline/histexpand.c,1585,"['libreadline', 'libhistory']","['libreadline', 'libhistory']",libhistory,TRUE
lib/readline/histexpand.c,174,from,var,lib/readline/histexpand.c,1575,"['libreadline', 'libhistory']","['libreadline', 'libhistory']",libhistory,TRUE
lib/sh/stringvec.c,262,stringvec,file,lib/sh/stringvec.c,2468,['libsh'],['libsh'],libsh,FALSE
lib/sh/strstr.c,265,strstr,functionimpl,lib/sh/strstr.c,2481,['libsh'],['libsh'],libsh,FALSE
lib/sh/strstr.c,265,haystack,var,lib/sh/strstr.c,2485,['libsh'],['libsh'],libsh,FALSE
lib/sh/strstr.c,265,phaystack,var,lib/sh/strstr.c,2487,['libsh'],['libsh'],libsh,FALSE
lib/sh/strstr.c,265,needle,var,lib/sh/strstr.c,2486,['libsh'],['libsh'],libsh,FALSE
lib/sh/strstr.c,265,pneedle,var,lib/sh/strstr.c,2488,['libsh'],['libsh'],libsh,FALSE
lib/sh/strstr.c,265,b,var,lib/sh/strstr.c,2483,['libsh'],['libsh'],libsh,FALSE
lib/sh/strstr.c,265,c,var,lib/sh/strstr.c,2484,['libsh'],['libsh'],libsh,FALSE
lib/sh/strstr.c,265,a,var,lib/sh/strstr.c,2482,['libsh'],['libsh'],libsh,FALSE
lib/sh/strstr.c,265,rhaystack,var,lib/sh/strstr.c,2489,['libsh'],['libsh'],libsh,FALSE
lib/sh/strstr.c,265,rneedle,var,lib/sh/strstr.c,2490,['libsh'],['libsh'],libsh,FALSE
lib/readline/rlmbutil.h,197,rlmbutil,file,lib/readline/rlmbutil.h,1896,['libreadline'],['libreadline'],libreadline,FALSE
lib/readline/rlprivate.h,198,_rl_abort_internal,functionproto,lib/readline/rlprivate.h,1902,['libreadline'],['libreadline'],libreadline,FALSE
lib/readline/rlprivate.h,198,_rl_set_the_line,functionproto,lib/readline/rlprivate.h,1946,['libreadline'],['libreadline'],libreadline,FALSE
lib/readline/rlprivate.h,198,rl_arg_sign,var,lib/readline/rlprivate.h,1999,['libreadline'],['libreadline'],libreadline,FALSE
lib/readline/rlprivate.h,198,_rl_keymap,var,lib/readline/rlprivate.h,1974,['libreadline'],['libreadline'],libreadline,FALSE
lib/readline/rlprivate.h,198,_rl_arg_overflow,functionproto,lib/readline/rlprivate.h,1907,['libreadline'],['libreadline'],libreadline,FALSE
lib/readline/rlprivate.h,198,_rl_arg_init,functionproto,lib/readline/rlprivate.h,1906,['libreadline'],['libreadline'],libreadline,FALSE
lib/readline/rlprivate.h,198,_rl_arg_getchar,functionproto,lib/readline/rlprivate.h,1905,['libreadline'],['libreadline'],libreadline,FALSE
lib/readline/rlprivate.h,198,_rl_start_using_history,functionproto,lib/readline/rlprivate.h,1947,['libreadline'],['libreadline'],libreadline,FALSE
lib/readline/rlprivate.h,198,_rl_free_saved_history_line,functionproto,lib/readline/rlprivate.h,1920,['libreadline'],['libreadline'],libreadline,FALSE
lib/readline/rlprivate.h,198,_rl_revert_all_lines,functionproto,lib/readline/rlprivate.h,1943,['libreadline'],['libreadline'],libreadline,FALSE
builtins/bashgetopt.c,23,reset_internal_getopt,functionimpl,builtins/bashgetopt.c,55,['libbuiltins'],['libbuiltins'],libbuiltins,FALSE
builtins/bashgetopt.c,23,lhead,var,builtins/bashgetopt.c,57,['libbuiltins'],['libbuiltins'],libbuiltins,FALSE
builtins/bashgetopt.c,23,lcurrent,var,builtins/bashgetopt.c,56,['libbuiltins'],['libbuiltins'],libbuiltins,FALSE
builtins/bashgetopt.c,23,loptend,var,builtins/bashgetopt.c,58,['libbuiltins'],['libbuiltins'],libbuiltins,FALSE
builtins/bashgetopt.c,23,sp,var,builtins/bashgetopt.c,59,['libbuiltins'],['libbuiltins'],libbuiltins,FALSE
hashcmd.c,84,hashed_filenames,var,hashcmd.c,701,['general'],['general'],general,FALSE
hashcmd.c,84,phash_freedata,functionproto,hashcmd.c,698,['general'],['general'],general,FALSE
hashcmd.c,84,phash_remove,functionproto,hashcmd.c,699,['general'],['general'],general,FALSE
hashcmd.c,84,filename,var,hashcmd.c,700,['general'],['general'],general,FALSE
hashcmd.h,85,phash_create,functionproto,hashcmd.h,703,['general'],['general'],general,FALSE
hashcmd.h,85,phash_flush,functionproto,hashcmd.h,704,['general'],['general'],general,FALSE
lib/readline/rlstdc.h,200,rlstdc,file,lib/readline/rlstdc.h,2009,['libreadline'],['libreadline'],libreadline,FALSE
lib/readline/xmalloc.h,220,xmalloc,file,lib/readline/xmalloc.h,2239,['libreadline'],['libreadline'],libreadline,FALSE
stringlib.c,321,stringlib,file,stringlib.c,2985,['general'],['general'],general,FALSE
lib/readline/display.c,164,rl_message,functionproto,lib/readline/display.c,1423,['libreadline'],['libreadline'],libreadline,FALSE
support/xcase.c,330,xcase,file,support/xcase.c,3333,['support'],['support'],support,FALSE
lib/sh/strtoimax.c,267,strtoimax,file,lib/sh/strtoimax.c,2494,['libsh'],['libsh'],libsh,FALSE
support/mksignames.c,326,main,functionproto,support/mksignames.c,3325,['support'],['support'],support,FALSE
support/mksignames.c,326,argv,var,support/mksignames.c,3326,['support'],['support'],support,FALSE
subst.h,323,subst,file,subst.h,3107,['general'],['general'],general,FALSE
general.c,82,string,var,general.c,676,['general'],['general'],general,FALSE
general.c,82,flags,var,general.c,661,['general'],['general'],general,FALSE
general.c,82,fd,var,general.c,659,['general'],['general'],general,FALSE
general.c,82,check_new,var,general.c,656,['general'],['general'],general,FALSE
general.c,82,maxfd,var,general.c,667,['general'],['general'],general,FALSE
general.c,82,pv,var,general.c,675,['general'],['general'],general,FALSE
general.c,82,fn,var,general.c,662,['general'],['general'],general,FALSE
general.c,82,dot_path,var,general.c,657,['general'],['general'],general,FALSE
general.c,82,name,var,general.c,670,['general'],['general'],general,FALSE
general.c,82,maxlen,var,general.c,669,['general'],['general'],general,FALSE
general.c,82,p_index,var,general.c,673,['general'],['general'],general,FALSE
general.c,82,ngp,var,general.c,671,['general'],['general'],general,FALSE
general.c,82,check_dev_tty,functionimpl,general.c,638,['general'],['general'],general,FALSE
general.c,82,tty_fd,var,general.c,679,['general'],['general'],general,FALSE
general.c,82,tty,var,general.c,678,['general'],['general'],general,FALSE
general.c,82,tilde_initialize,functionimpl,general.c,641,['general'],['general'],general,FALSE
general.c,82,bash_special_tilde_expansions,functionproto,general.c,646,['general'],['general'],general,FALSE
general.c,82,times_called,var,general.c,677,['general'],['general'],general,FALSE
general.c,82,bash_tilde_prefixes,var,general.c,652,['general'],['general'],general,FALSE
general.c,82,bash_tilde_prefixes2,var,general.c,653,['general'],['general'],general,FALSE
general.c,82,bash_tilde_suffixes,var,general.c,654,['general'],['general'],general,FALSE
general.c,82,bash_tilde_suffixes2,var,general.c,655,['general'],['general'],general,FALSE
general.c,82,maxgroups,var,general.c,668,['general'],['general'],general,FALSE
general.c,82,ngroups,var,general.c,672,['general'],['general'],general,FALSE
general.c,82,group_array,var,general.c,664,['general'],['general'],general,FALSE
general.c,82,i,var,general.c,665,['general'],['general'],general,FALSE
general.c,82,gid,var,general.c,663,['general'],['general'],general,FALSE
general.c,82,all_digits,functionproto,general.c,644,['general'],['general'],general,FALSE
general.c,82,legal_identifier,functionproto,general.c,649,['general'],['general'],general,FALSE
general.c,82,assignment,functionproto,general.c,645,['general'],['general'],general,FALSE
general.c,82,dot_or_dotdot,functionproto,general.c,647,['general'],['general'],general,FALSE
general.c,82,absolute_pathname,functionproto,general.c,642,['general'],['general'],general,FALSE
general.c,82,absolute_program,functionproto,general.c,643,['general'],['general'],general,FALSE
general.h,83,check_dev_tty,functionproto,general.h,683,['general'],['general'],general,FALSE
general.h,83,tilde_initialize,functionproto,general.h,691,['general'],['general'],general,FALSE
general.h,83,group_member,functionproto,general.h,687,['general'],['general'],general,FALSE
lib/readline/histexpand.c,174,caller_index,var,lib/readline/histexpand.c,1568,"['libreadline', 'libhistory']","['libreadline', 'libhistory']",libhistory,TRUE
lib/readline/histexpand.c,174,first,var,lib/readline/histexpand.c,1574,"['libreadline', 'libhistory']","['libreadline', 'libhistory']",libhistory,TRUE
lib/readline/histexpand.c,174,last,var,lib/readline/histexpand.c,1580,"['libreadline', 'libhistory']","['libreadline', 'libhistory']",libhistory,TRUE
externs.h,77,strvec_create,functionproto,externs.h,566,['general'],['general'],general,FALSE
externs.h,77,getmaxgroups,functionproto,externs.h,544,['general'],['general'],general,FALSE
redir.c,313,redir,file,redir.c,2838,['general'],['general'],general,FALSE
shell.h,316,interactive_shell,var,shell.h,2930,['general'],['general'],general,FALSE
shell.h,316,interactive,var,shell.h,2929,['general'],['general'],general,FALSE
sig.c,317,sig,file,sig.c,2934,['signal_handling'],['signal_handling'],signal_handling,FALSE
shell.c,315,interactive_shell,var,shell.c,2891,['general'],['general'],general,FALSE
shell.c,315,interactive,var,shell.c,2890,['general'],['general'],general,FALSE
sig.h,318,sig,file,sig.h,2966,['signal_handling'],['signal_handling'],signal_handling,FALSE
sig.h,318,initialize_terminating_signals,functionproto,sig.h,2969,['signal_handling'],['signal_handling'],signal_handling,FALSE
sig.c,317,reset_terminating_signals,functionimpl,sig.c,2937,['signal_handling'],['signal_handling'],signal_handling,FALSE
sig.h,318,reset_terminating_signals,functionproto,sig.h,2970,['signal_handling'],['signal_handling'],signal_handling,FALSE
sig.c,317,top_level_cleanup,functionimpl,sig.c,2940,['signal_handling'],['signal_handling'],signal_handling,FALSE
sig.h,318,top_level_cleanup,functionproto,sig.h,2974,['signal_handling'],['signal_handling'],signal_handling,FALSE
sig.h,318,throw_to_top_level,functionproto,sig.h,2973,['signal_handling'],['signal_handling'],signal_handling,FALSE
sig.c,317,set_sigwinch_handler,functionimpl,sig.c,2938,['signal_handling'],['signal_handling'],signal_handling,FALSE
sig.h,318,set_sigwinch_handler,functionproto,sig.h,2972,['signal_handling'],['signal_handling'],signal_handling,FALSE
sig.c,317,unset_sigwinch_handler,functionimpl,sig.c,2941,['signal_handling'],['signal_handling'],signal_handling,FALSE
sig.h,318,unset_sigwinch_handler,functionproto,sig.h,2976,['signal_handling'],['signal_handling'],signal_handling,FALSE
sig.c,317,jump_to_top_level,functionproto,sig.c,2943,['signal_handling'],['signal_handling'],signal_handling,FALSE
sig.c,317,sig,var,sig.c,2963,['signal_handling'],['signal_handling'],signal_handling,FALSE
sig.c,317,termsigs_initialized,var,sig.c,2965,['signal_handling'],['signal_handling'],signal_handling,FALSE
sig.c,317,i,var,sig.c,2953,['signal_handling'],['signal_handling'],signal_handling,FALSE
sig.c,317,TERMSIGS_LENGTH,var,sig.c,2947,['signal_handling'],['signal_handling'],signal_handling,FALSE
sig.c,317,termsig,type,sig.c,2946,['signal_handling'],['signal_handling'],signal_handling,FALSE
sig.c,317,termsig_sighandler,functionproto,sig.c,2945,['signal_handling'],['signal_handling'],signal_handling,FALSE
sig.c,317,parse_and_execute_level,var,sig.c,2959,['signal_handling'],['signal_handling'],signal_handling,FALSE
sig.c,317,loop_level,var,sig.c,2958,['signal_handling'],['signal_handling'],signal_handling,FALSE
sig.c,317,continuing,var,sig.c,2950,['signal_handling'],['signal_handling'],signal_handling,FALSE
sig.c,317,breaking,var,sig.c,2948,['signal_handling'],['signal_handling'],signal_handling,FALSE
sig.c,317,funcnest,var,sig.c,2952,['signal_handling'],['signal_handling'],signal_handling,FALSE
sig.c,317,executing_list,var,sig.c,2951,['signal_handling'],['signal_handling'],signal_handling,FALSE
sig.c,317,comsub_ignore_return,var,sig.c,2949,['signal_handling'],['signal_handling'],signal_handling,FALSE
sig.c,317,return_catch_flag,var,sig.c,2961,['signal_handling'],['signal_handling'],signal_handling,FALSE
sig.c,317,interrupt_state,var,sig.c,2955,['signal_handling'],['signal_handling'],signal_handling,FALSE
sig.c,317,print_newline,var,sig.c,2960,['signal_handling'],['signal_handling'],signal_handling,FALSE
sig.c,317,last_command_exit_signal,var,sig.c,2956,['signal_handling'],['signal_handling'],signal_handling,FALSE
sig.c,317,last_command_exit_value,var,sig.c,2957,['signal_handling'],['signal_handling'],signal_handling,FALSE
sig.c,317,shell_initialized,var,sig.c,2962,['signal_handling'],['signal_handling'],signal_handling,FALSE
sig.c,317,termsig_handler,functionproto,sig.c,2944,['signal_handling'],['signal_handling'],signal_handling,FALSE
stringlib.c,321,token,var,stringlib.c,2997,['general'],['general'],general,FALSE
stringlib.c,321,alist,var,stringlib.c,2988,['general'],['general'],general,FALSE
stringlib.c,321,flags,var,stringlib.c,2991,['general'],['general'],general,FALSE
stringlib.c,321,string,var,stringlib.c,2995,['general'],['general'],general,FALSE
stringlib.c,321,pat,var,stringlib.c,2993,['general'],['general'],general,FALSE
stringlib.c,321,rep,var,stringlib.c,2994,['general'],['general'],general,FALSE
stringlib.c,321,global,var,stringlib.c,2992,['general'],['general'],general,FALSE
stringlib.c,321,c,var,stringlib.c,2989,['general'],['general'],general,FALSE
stringlib.c,321,text,var,stringlib.c,2996,['general'],['general'],general,FALSE
stringlib.c,321,do_glob,var,stringlib.c,2990,['general'],['general'],general,FALSE
stringlib.c,321,find_string_in_alist,functionproto,stringlib.c,2986,['general'],['general'],general,FALSE
stringlib.c,321,substring,functionproto,stringlib.c,2987,['general'],['general'],general,FALSE
lib/sh/getcwd.c,231,getcwd,functionimpl,lib/sh/getcwd.c,2260,['libsh'],['libsh'],libsh,FALSE
lib/sh/makepath.c,237,get_working_directory,functionproto,lib/sh/makepath.c,2301,['libsh'],['libsh'],libsh,FALSE
quit.h,312,DELINTERRUPT,var,quit.h,2836,['general'],['general'],general,FALSE
lib/readline/savestring.c,205,savestring,file,lib/readline/savestring.c,2023,['libreadline'],['libreadline'],libreadline,FALSE
lib/sh/mktime.c,242,mktime,file,lib/sh/mktime.c,2308,['libsh'],['libsh'],libsh,FALSE
lib/readline/compat.c,162,compat,file,lib/readline/compat.c,1336,['libreadline'],['libreadline'],libreadline,FALSE
lib/readline/rltypedefs.h,203,rltypedefs,file,lib/readline/rltypedefs.h,2021,['general'],['general'],general,FALSE
externs.h,77,getcwd,functionproto,externs.h,540,['general'],['general'],general,FALSE
externs.h,77,get_new_window_size,functionproto,externs.h,539,['general'],['general'],general,FALSE
lib/sh/oslib.c,245,oslib,file,lib/sh/oslib.c,2322,['libsh'],['libsh'],libsh,FALSE
mailcheck.c,298,mailcheck,file,mailcheck.c,2613,['general'],['general'],general,FALSE
mailcheck.c,298,_fileinfo,type,mailcheck.c,2627,['general'],['general'],general,FALSE
mailcheck.c,298,free_mail_files,functionimpl,mailcheck.c,2615,['general'],['general'],general,FALSE
mailcheck.c,298,dispose_mail_file,functionproto,mailcheck.c,2623,['general'],['general'],general,FALSE
mailcheck.c,298,init_mail_dates,functionimpl,mailcheck.c,2616,['general'],['general'],general,FALSE
mailcheck.c,298,remember_mail_dates,functionimpl,mailcheck.c,2618,['general'],['general'],general,FALSE
mailcheck.c,298,add_mail_file,var,mailcheck.c,2628,['general'],['general'],general,FALSE
mailcheck.c,298,make_default_mailpath,functionimpl,mailcheck.c,2617,['general'],['general'],general,FALSE
mailcheck.c,298,parse_mailpath_spec,functionproto,mailcheck.c,2625,['general'],['general'],general,FALSE
mailcheck.c,298,check_mail,functionimpl,mailcheck.c,2614,['general'],['general'],general,FALSE
mailcheck.c,298,file_mod_date_changed,var,mailcheck.c,2636,['general'],['general'],general,FALSE
mailcheck.c,298,file_has_grown,var,mailcheck.c,2634,['general'],['general'],general,FALSE
mailcheck.c,298,update_mail_file,functionproto,mailcheck.c,2626,['general'],['general'],general,FALSE
mailcheck.c,298,file_access_date_changed,var,mailcheck.c,2633,['general'],['general'],general,FALSE
mailcheck.c,298,alloc_mail_file,functionproto,mailcheck.c,2622,['general'],['general'],general,FALSE
mailcheck.c,298,FILEINFO,alias,mailcheck.c,2612,['general'],['general'],general,FALSE
mailcheck.c,298,file,var,mailcheck.c,2632,['general'],['general'],general,FALSE
mailcheck.c,298,msg,var,mailcheck.c,2647,['general'],['general'],general,FALSE
mailcheck.c,298,filename,var,mailcheck.c,2637,['general'],['general'],general,FALSE
mailcheck.c,298,i,var,mailcheck.c,2638,['general'],['general'],general,FALSE
mailcheck.c,298,time_to_check_mail,functionimpl,mailcheck.c,2621,['general'],['general'],general,FALSE
mailcheck.c,298,temp,var,mailcheck.c,2651,['general'],['general'],general,FALSE
mailcheck.c,298,seconds,var,mailcheck.c,2650,['general'],['general'],general,FALSE
mailcheck.c,298,now,var,mailcheck.c,2649,['general'],['general'],general,FALSE
mailcheck.c,298,last_time_mail_checked,var,mailcheck.c,2639,['general'],['general'],general,FALSE
mailcheck.c,298,reset_mail_timer,functionimpl,mailcheck.c,2620,['general'],['general'],general,FALSE
mailcheck.c,298,reset_mail_files,functionimpl,mailcheck.c,2619,['general'],['general'],general,FALSE
mailcheck.c,298,mailfiles_count,var,mailcheck.c,2643,['general'],['general'],general,FALSE
mailcheck.c,298,mailfiles,var,mailcheck.c,2642,['general'],['general'],general,FALSE
mailcheck.c,298,mailpaths,var,mailcheck.c,2644,['general'],['general'],general,FALSE
mailcheck.c,298,mailfile,var,mailcheck.c,2641,['general'],['general'],general,FALSE
mailcheck.c,298,mp,var,mailcheck.c,2646,['general'],['general'],general,FALSE
mailcheck.c,298,dollar_underscore,var,mailcheck.c,2631,['general'],['general'],general,FALSE
mailcheck.c,298,current_mail_file,var,mailcheck.c,2630,['general'],['general'],general,FALSE
mailcheck.c,298,use_user_notification,var,mailcheck.c,2652,['general'],['general'],general,FALSE
mailcheck.c,298,message,var,mailcheck.c,2645,['general'],['general'],general,FALSE
mailcheck.c,298,file_is_bigger,var,mailcheck.c,2635,['general'],['general'],general,FALSE
mailcheck.c,298,atime,var,mailcheck.c,2629,['general'],['general'],general,FALSE
mailcheck.c,298,mtime,var,mailcheck.c,2648,['general'],['general'],general,FALSE
mailcheck.c,298,mail_warning,var,mailcheck.c,2640,['general'],['general'],general,FALSE
mailcheck.c,298,init_mail_file,functionproto,mailcheck.c,2624,['general'],['general'],general,FALSE
assoc.c,10,assoc,file,assoc.c,32,['general'],['general'],general,FALSE
siglist.h,320,siglist,file,siglist.h,2983,['signal_handling'],['signal_handling'],signal_handling,FALSE
trap.h,336,signal_is_trapped,functionproto,trap.h,3439,['general'],['general'],general,FALSE
trap.h,336,set_signal_ignored,functionproto,trap.h,3436,['general'],['general'],general,FALSE
trap.h,336,signal_is_special,functionproto,trap.h,3438,['general'],['general'],general,FALSE
trap.h,336,run_interrupt_trap,functionproto,trap.h,3432,['general'],['general'],general,FALSE
trap.h,336,trap,file,trap.h,3423,['general'],['general'],general,FALSE
trap.c,335,signal_is_trapped,var,trap.c,3414,['general'],['general'],general,FALSE
trap.c,335,set_signal_ignored,functionproto,trap.c,3394,['general'],['general'],general,FALSE
trap.c,335,signal_is_special,var,trap.c,3413,['general'],['general'],general,FALSE
trap.c,335,run_interrupt_trap,functionimpl,trap.c,3384,['general'],['general'],general,FALSE
arrayfunc.c,8,arrayfunc,file,arrayfunc.c,30,['general'],['general'],general,FALSE
flags.c,80,no_symbolic_links,var,flags.c,611,['general'],['general'],general,FALSE
flags.h,81,no_symbolic_links,var,flags.h,634,['general'],['general'],general,FALSE
lib/sh/pathphys.c,247,pathphys,file,lib/sh/pathphys.c,2337,"['libsh', 'libsh']",['libsh'],libsh,FALSE
general.c,82,polite_directory_format,var,general.c,674,['general'],['general'],general,FALSE
general.h,83,polite_directory_format,functionproto,general.h,690,['general'],['general'],general,FALSE
include/shmbutil.h,97,shmbutil,file,include/shmbutil.h,742,['general'],['general'],general,FALSE
include/ocache.h,93,ocache,file,include/ocache.h,736,['general'],['general'],general,FALSE
include/ocache.h,93,objcache,type,include/ocache.h,737,['general'],['general'],general,FALSE
input.c,102,c,var,input.c,756,['general'],['general'],general,FALSE
input.c,102,stream,var,input.c,757,['general'],['general'],general,FALSE
input.h,103,input,file,input.h,758,['general'],['general'],general,FALSE
unwind_prot.c,337,unwind_prot,file,unwind_prot.c,3443,['general'],['general'],general,FALSE
shell.c,315,shell_initialize,functionimpl,shell.c,2863,['general'],['general'],general,FALSE
lib/sh/oslib.c,245,gethostname,functionproto,lib/sh/oslib.c,2327,['libsh'],['libsh'],libsh,FALSE
shell.c,315,run_startup_files,functionimpl,shell.c,2861,['general'],['general'],general,FALSE
lib/sh/netconn.c,243,isnetconn,functionproto,lib/sh/netconn.c,2317,['libsh'],['libsh'],libsh,FALSE
jobs.c,104,job_signal_status,functionproto,jobs.c,817,['job_control'],['job_control'],job_control,FALSE
include/posixwait.h,95,WAIT,alias,include/posixwait.h,739,['general'],['general'],general,FALSE
jobs.c,104,raw_job_exit_status,functionproto,jobs.c,825,['job_control'],['job_control'],job_control,FALSE
include/shtty.h,98,shtty,file,include/shtty.h,743,['general'],['general'],general,FALSE
general.h,83,general,file,general.h,681,['general'],['general'],general,FALSE
y.tab.c,344,reset_parser,functionimpl,y.tab.c,3721,['general'],['general'],general,FALSE
jobs.h,105,NO_PID,var,jobs.h,944,['job_control'],['job_control'],job_control,FALSE
lib/readline/vi_mode.c,217,_rl_vi_done_inserting,functionimpl,lib/readline/vi_mode.c,2196,['libreadline'],['libreadline'],libreadline,FALSE
lib/readline/kill.c,183,kill,file,lib/readline/kill.c,1703,['libreadline'],['libreadline'],libreadline,FALSE
lib/sh/inet_aton.c,233,inet_aton,file,lib/sh/inet_aton.c,2291,['libsh'],['libsh'],libsh,FALSE
trap.c,335,trap,file,trap.c,3375,['general'],['general'],general,FALSE
trap.c,335,initialize_traps,functionimpl,trap.c,3378,['general'],['general'],general,FALSE
trap.h,336,IMPOSSIBLE_TRAP_HANDLER,var,trap.h,3442,['general'],['general'],general,FALSE
trap.h,336,DEFAULT_SIG,var,trap.h,3440,['general'],['general'],general,FALSE
trap.c,335,run_pending_traps,functionimpl,trap.c,3385,['general'],['general'],general,FALSE
trap.h,336,IGNORE_SIG,var,trap.h,3441,['general'],['general'],general,FALSE
trap.h,336,initialize_traps,functionproto,trap.h,3426,['general'],['general'],general,FALSE
trap.h,336,run_pending_traps,functionproto,trap.h,3433,['general'],['general'],general,FALSE
trap.c,335,get_all_original_signals,functionimpl,trap.c,3377,['general'],['general'],general,FALSE
trap.h,336,get_all_original_signals,functionproto,trap.h,3425,['general'],['general'],general,FALSE
trap.c,335,run_exit_trap,functionimpl,trap.c,3383,['general'],['general'],general,FALSE
trap.h,336,run_exit_trap,functionproto,trap.h,3431,['general'],['general'],general,FALSE
trap.c,335,run_debug_trap,functionimpl,trap.c,3381,['general'],['general'],general,FALSE
trap.h,336,run_debug_trap,functionproto,trap.h,3429,['general'],['general'],general,FALSE
trap.c,335,run_error_trap,functionimpl,trap.c,3382,['general'],['general'],general,FALSE
trap.h,336,run_error_trap,functionproto,trap.h,3430,['general'],['general'],general,FALSE
trap.c,335,run_return_trap,functionimpl,trap.c,3386,['general'],['general'],general,FALSE
trap.h,336,run_return_trap,functionproto,trap.h,3434,['general'],['general'],general,FALSE
trap.c,335,free_trap_strings,functionimpl,trap.c,3376,['general'],['general'],general,FALSE
trap.h,336,free_trap_strings,functionproto,trap.h,3424,['general'],['general'],general,FALSE
trap.c,335,reset_signal_handlers,functionimpl,trap.c,3379,['general'],['general'],general,FALSE
trap.h,336,reset_signal_handlers,functionproto,trap.h,3427,['general'],['general'],general,FALSE
trap.c,335,restore_original_signals,functionimpl,trap.c,3380,['general'],['general'],general,FALSE
trap.h,336,restore_original_signals,functionproto,trap.h,3428,['general'],['general'],general,FALSE
trap.c,335,signal_name,functionproto,trap.c,3395,['general'],['general'],general,FALSE
trap.c,335,_run_trap_internal,var,trap.c,3396,['general'],['general'],general,FALSE
trap.c,335,free_trap_string,functionproto,trap.c,3389,['general'],['general'],general,FALSE
trap.c,335,reset_or_restore_signal_handlers,functionproto,trap.c,3390,['general'],['general'],general,FALSE
trap.c,335,sig,var,trap.c,3410,['general'],['general'],general,FALSE
trap.c,335,tag,var,trap.c,3417,['general'],['general'],general,FALSE
trap.c,335,trap_list,var,trap.c,3421,['general'],['general'],general,FALSE
trap.c,335,sigmodes,var,trap.c,3411,['general'],['general'],general,FALSE
trap.c,335,original_signals,var,trap.c,3403,['general'],['general'],general,FALSE
trap.c,335,i,var,trap.c,3400,['general'],['general'],general,FALSE
trap.c,335,pending_traps,var,trap.c,3404,['general'],['general'],general,FALSE
trap.c,335,catch_flag,var,trap.c,3397,['general'],['general'],general,FALSE
trap.c,335,old_exit_value,var,trap.c,3402,['general'],['general'],general,FALSE
trap.c,335,last_command_exit_value,var,trap.c,3401,['general'],['general'],general,FALSE
trap.c,335,token_state,var,trap.c,3418,['general'],['general'],general,FALSE
trap.c,335,save_subst_varlist,var,trap.c,3409,['general'],['general'],general,FALSE
trap.c,335,subst_assign_varlist,var,trap.c,3416,['general'],['general'],general,FALSE
trap.c,335,set_sigint_handler,functionimpl,trap.c,3387,['general'],['general'],general,FALSE
trap.c,335,trap_saved_exit_value,var,trap.c,3422,['general'],['general'],general,FALSE
trap.c,335,function_code,var,trap.c,3399,['general'],['general'],general,FALSE
trap.c,335,trap_command,var,trap.c,3419,['general'],['general'],general,FALSE
trap.c,335,retval,var,trap.c,3407,['general'],['general'],general,FALSE
trap.c,335,running_trap,var,trap.c,3408,['general'],['general'],general,FALSE
trap.c,335,code,var,trap.c,3398,['general'],['general'],general,FALSE
trap.c,335,return_catch_flag,var,trap.c,3405,['general'],['general'],general,FALSE
trap.c,335,return_catch_value,var,trap.c,3406,['general'],['general'],general,FALSE
trap.c,335,trap_exit_value,var,trap.c,3420,['general'],['general'],general,FALSE
trap.c,335,reset_signal,functionproto,trap.c,3391,['general'],['general'],general,FALSE
trap.c,335,restore_signal,functionproto,trap.c,3392,['general'],['general'],general,FALSE
trap.c,335,decode_signal,functionproto,trap.c,3388,['general'],['general'],general,FALSE
trap.c,335,string,var,trap.c,3415,['general'],['general'],general,FALSE
trap.c,335,run_trap_cleanup,functionproto,trap.c,3393,['general'],['general'],general,FALSE
alias.h,5,alias,file,alias.h,3,['general'],['general'],general,FALSE
hashlib.h,87,hashlib,file,hashlib.h,719,['general'],['general'],general,FALSE
lib/sh/eaccess.c,225,eaccess,file,lib/sh/eaccess.c,2247,['libsh'],['libsh'],libsh,FALSE
lib/intl/loadmsgcat.c,132,loadmsgcat,file,lib/intl/loadmsgcat.c,1061,['libintl'],['libintl'],libintl,FALSE
lib/intl/loadinfo.h,131,loaded_l10nfile,type,lib/intl/loadinfo.h,1060,['libintl'],['libintl'],libintl,FALSE
lib/sh/strtol.c,268,strtol,functionproto,lib/sh/strtol.c,2496,['libsh'],['libsh'],libsh,FALSE
lib/sh/strtol.c,268,base,var,lib/sh/strtol.c,2497,['libsh'],['libsh'],libsh,FALSE
locale.c,297,set_default_locale_vars,functionimpl,locale.c,2596,['general'],['general'],general,FALSE
variables.c,339,get_string_value,functionproto,variables.c,3529,['general'],['general'],general,FALSE
locale.c,297,set_default_lang,functionimpl,locale.c,2594,['general'],['general'],general,FALSE
nojobs.c,303,nojobs,file,nojobs.c,2742,['job_control'],['job_control'],job_control,FALSE
nojobs.c,303,proc_status,type,nojobs.c,2761,['job_control'],['job_control'],job_control,FALSE
nojobs.c,303,alloc_pid_list,functionimpl,nojobs.c,2743,['job_control'],['job_control'],job_control,FALSE
nojobs.c,303,find_proc_slot,functionimpl,nojobs.c,2747,['job_control'],['job_control'],job_control,FALSE
nojobs.c,303,reap_dead_jobs,functionimpl,nojobs.c,2751,['job_control'],['job_control'],job_control,FALSE
nojobs.c,303,mark_dead_jobs_as_notified,functionproto,nojobs.c,2758,['job_control'],['job_control'],job_control,FALSE
nojobs.c,303,cleanup_dead_jobs,functionimpl,nojobs.c,2744,['job_control'],['job_control'],job_control,FALSE
nojobs.c,303,initialize_job_signals,functionimpl,nojobs.c,2750,['job_control'],['job_control'],job_control,FALSE
nojobs.c,303,ignore_tty_job_signals,functionimpl,nojobs.c,2749,['job_control'],['job_control'],job_control,FALSE
nojobs.c,303,wait_for_background_pids,functionimpl,nojobs.c,2757,['job_control'],['job_control'],job_control,FALSE
nojobs.c,303,set_pid_status,functionproto,nojobs.c,2760,['job_control'],['job_control'],job_control,FALSE
nojobs.c,303,pid,var,nojobs.c,2778,['job_control'],['job_control'],job_control,FALSE
nojobs.c,303,status,var,nojobs.c,2783,['job_control'],['job_control'],job_control,FALSE
nojobs.c,303,INVALID_SIGNAL_HANDLER,var,nojobs.c,2762,['job_control'],['job_control'],job_control,FALSE
nojobs.c,303,signal,var,nojobs.c,2782,['job_control'],['job_control'],job_control,FALSE
nojobs.c,303,group,var,nojobs.c,2769,['job_control'],['job_control'],job_control,FALSE
nojobs.c,303,async,var,nojobs.c,2764,['job_control'],['job_control'],job_control,FALSE
nojobs.c,303,ignore,var,nojobs.c,2771,['job_control'],['job_control'],job_control,FALSE
nojobs.c,303,block,var,nojobs.c,2765,['job_control'],['job_control'],job_control,FALSE
nojobs.c,303,pid_list_size,var,nojobs.c,2780,['job_control'],['job_control'],job_control,FALSE
nojobs.c,303,pid_list,var,nojobs.c,2779,['job_control'],['job_control'],job_control,FALSE
nojobs.c,303,i,var,nojobs.c,2770,['job_control'],['job_control'],job_control,FALSE
nojobs.c,303,old,var,nojobs.c,2776,['job_control'],['job_control'],job_control,FALSE
nojobs.c,303,login_shell,var,nojobs.c,2775,['job_control'],['job_control'],job_control,FALSE
nojobs.c,303,got_pid,var,nojobs.c,2767,['job_control'],['job_control'],job_control,FALSE
nojobs.c,303,errno,var,nojobs.c,2766,['job_control'],['job_control'],job_control,FALSE
nojobs.c,303,restore_sigint_handler,functionimpl,nojobs.c,2752,['job_control'],['job_control'],job_control,FALSE
nojobs.c,303,old_sigint_handler,var,nojobs.c,2777,['job_control'],['job_control'],job_control,FALSE
nojobs.c,303,set_tty_state,functionimpl,nojobs.c,2753,['job_control'],['job_control'],job_control,FALSE
nojobs.c,303,tty,var,nojobs.c,2784,['job_control'],['job_control'],job_control,FALSE
nojobs.c,303,got_tty_state,var,nojobs.c,2768,['job_control'],['job_control'],job_control,FALSE
nojobs.c,303,shell_tty_info,var,nojobs.c,2781,['job_control'],['job_control'],job_control,FALSE
nojobs.c,303,start_pipeline,functionimpl,nojobs.c,2754,['job_control'],['job_control'],job_control,FALSE
nojobs.c,303,already_making_children,var,nojobs.c,2763,['job_control'],['job_control'],job_control,FALSE
nojobs.c,303,stop_making_children,functionimpl,nojobs.c,2755,['job_control'],['job_control'],job_control,FALSE
nojobs.c,303,process_exit_status,functionproto,nojobs.c,2759,['job_control'],['job_control'],job_control,FALSE
locale.c,297,locale_setblanks,functionimpl,locale.c,2593,['general'],['general'],general,FALSE
syntax.h,332,sh_syntabsiz,var,syntax.h,3339,['general'],['general'],general,FALSE
syntax.h,332,sh_syntaxtab,var,syntax.h,3340,['general'],['general'],general,FALSE
lib/readline/vi_mode.c,217,_rl_vi_save_insert,functionproto,lib/readline/vi_mode.c,2206,['libreadline'],['libreadline'],libreadline,FALSE
lib/readline/vi_mode.c,217,rl_digit_loop1,functionimpl,lib/readline/vi_mode.c,2201,['libreadline'],['libreadline'],libreadline,FALSE
lib/readline/vi_mode.c,217,_rl_vi_arg_dispatch,var,lib/readline/vi_mode.c,2208,['libreadline'],['libreadline'],libreadline,FALSE
lib/readline/vi_mode.c,217,vi_mode,file,lib/readline/vi_mode.c,2194,['libreadline'],['libreadline'],libreadline,FALSE
lib/readline/vi_mode.c,217,count,var,lib/readline/vi_mode.c,2219,['libreadline'],['libreadline'],libreadline,FALSE
lib/readline/vi_mode.c,217,c,var,lib/readline/vi_mode.c,2217,['libreadline'],['libreadline'],libreadline,FALSE
lib/readline/vi_mode.c,217,key,var,lib/readline/vi_mode.c,2223,['libreadline'],['libreadline'],libreadline,FALSE
lib/readline/vi_mode.c,217,ignore,var,lib/readline/vi_mode.c,2222,['libreadline'],['libreadline'],libreadline,FALSE
lib/readline/vi_mode.c,217,op,var,lib/readline/vi_mode.c,2228,['libreadline'],['libreadline'],libreadline,FALSE
lib/readline/vi_mode.c,217,m,var,lib/readline/vi_mode.c,2224,['libreadline'],['libreadline'],libreadline,FALSE
lib/readline/vi_mode.c,217,x,var,lib/readline/vi_mode.c,2232,['libreadline'],['libreadline'],libreadline,FALSE
lib/readline/vi_mode.c,217,mb,var,lib/readline/vi_mode.c,2225,['libreadline'],['libreadline'],libreadline,FALSE
lib/readline/vi_mode.c,217,mlen,var,lib/readline/vi_mode.c,2226,['libreadline'],['libreadline'],libreadline,FALSE
lib/readline/vi_mode.c,217,data,var,lib/readline/vi_mode.c,2220,['libreadline'],['libreadline'],libreadline,FALSE
lib/readline/vi_mode.c,217,_rl_vi_initialize_line,functionimpl,lib/readline/vi_mode.c,2198,['libreadline'],['libreadline'],libreadline,FALSE
lib/readline/vi_mode.c,217,n,var,lib/readline/vi_mode.c,2227,['libreadline'],['libreadline'],libreadline,FALSE
lib/readline/vi_mode.c,217,vi_mark_chars,var,lib/readline/vi_mode.c,2231,['libreadline'],['libreadline'],libreadline,FALSE
lib/readline/vi_mode.c,217,i,var,lib/readline/vi_mode.c,2221,['libreadline'],['libreadline'],libreadline,FALSE
lib/readline/vi_mode.c,217,_rl_vi_reset_last,functionimpl,lib/readline/vi_mode.c,2199,['libreadline'],['libreadline'],libreadline,FALSE
lib/readline/vi_mode.c,217,_rl_vi_last_command,var,lib/readline/vi_mode.c,2212,['libreadline'],['libreadline'],libreadline,FALSE
lib/readline/vi_mode.c,217,_rl_vi_last_repeat,var,lib/readline/vi_mode.c,2215,['libreadline'],['libreadline'],libreadline,FALSE
lib/readline/vi_mode.c,217,_rl_vi_last_arg_sign,var,lib/readline/vi_mode.c,2211,['libreadline'],['libreadline'],libreadline,FALSE
lib/readline/vi_mode.c,217,_rl_vi_last_motion,var,lib/readline/vi_mode.c,2214,['libreadline'],['libreadline'],libreadline,FALSE
lib/readline/vi_mode.c,217,_rl_vi_doing_insert,var,lib/readline/vi_mode.c,2209,['libreadline'],['libreadline'],libreadline,FALSE
lib/readline/vi_mode.c,217,vi_continued_command,var,lib/readline/vi_mode.c,2230,['libreadline'],['libreadline'],libreadline,FALSE
lib/readline/vi_mode.c,217,_rl_vi_last_key_before_insert,var,lib/readline/vi_mode.c,2213,['libreadline'],['libreadline'],libreadline,FALSE
lib/readline/vi_mode.c,217,r,var,lib/readline/vi_mode.c,2229,['libreadline'],['libreadline'],libreadline,FALSE
lib/readline/vi_mode.c,217,_rl_vi_set_mark,functionimpl,lib/readline/vi_mode.c,2200,['libreadline'],['libreadline'],libreadline,FALSE
lib/readline/vi_mode.c,217,ch,var,lib/readline/vi_mode.c,2218,['libreadline'],['libreadline'],libreadline,FALSE
lib/readline/vi_mode.c,217,_rl_vi_goto_mark,functionimpl,lib/readline/vi_mode.c,2197,['libreadline'],['libreadline'],libreadline,FALSE
lib/readline/vi_mode.c,217,_rl_vi_textmod_command,functionproto,lib/readline/vi_mode.c,2207,['libreadline'],['libreadline'],libreadline,FALSE
lib/readline/vi_mode.c,217,_rl_vi_append_forward,functionproto,lib/readline/vi_mode.c,2204,['libreadline'],['libreadline'],libreadline,FALSE
lib/readline/vi_mode.c,217,_rl_mvcxt_init,functionproto,lib/readline/vi_mode.c,2203,['libreadline'],['libreadline'],libreadline,FALSE
lib/readline/vi_mode.c,217,_rl_vi_callback_char_search,functionproto,lib/readline/vi_mode.c,2205,['libreadline'],['libreadline'],libreadline,FALSE
assoc.h,11,assoc,file,assoc.h,33,['general'],['general'],general,FALSE
y.tab.c,344,save_token_state,functionimpl,y.tab.c,3724,['general'],['general'],general,FALSE
y.tab.c,344,restore_token_state,functionproto,y.tab.c,3736,['general'],['general'],general,FALSE
command.h,33,command,file,command.h,184,['general'],['general'],general,FALSE
error.h,39,error,file,error.h,256,['error_handling'],['error_handling'],error_handling,FALSE
lib/intl/plural-exp.h,142,plural-exp,file,lib/intl/plural-exp.h,1121,['libintl'],['libintl'],libintl,FALSE
variables.h,340,SHELL_VAR,alias,variables.h,3641,['general'],['general'],general,FALSE
lib/sh/setlinebuf.c,249,setlinebuf,file,lib/sh/setlinebuf.c,2342,['libsh'],['libsh'],libsh,FALSE
xmalloc.h,343,xmalloc,file,xmalloc.h,3709,['job_control'],['job_control'],job_control,FALSE
quit.h,312,QUIT,var,quit.h,2837,['general'],['general'],general,FALSE
lib/intl/log.c,137,print_escaped,functionproto,lib/intl/log.c,1100,['libintl'],['libintl'],libintl,FALSE
lib/intl/log.c,137,str,var,lib/intl/log.c,1101,['libintl'],['libintl'],libintl,FALSE
bashline.h,18,bashline,file,bashline.h,45,['general'],['general'],general,FALSE
locale.c,297,locale,file,locale.c,2592,['general'],['general'],general,FALSE
lib/sh/winsize.c,283,winsize,file,lib/sh/winsize.c,2527,['libsh'],['libsh'],libsh,FALSE
lib/sh/pathcanon.c,246,pathcanon,file,lib/sh/pathcanon.c,2333,['libsh'],['libsh'],libsh,FALSE
lib/intl/hash-string.h,128,hash-string,file,lib/intl/hash-string.h,1043,['libintl'],['libintl'],libintl,FALSE
lib/intl/gmo.h,127,gmo,file,lib/intl/gmo.h,1039,['libintl'],['libintl'],libintl,FALSE
lib/intl/gettextP.h,126,loaded_domain,type,lib/intl/gettextP.h,1036,['libintl'],['libintl'],libintl,FALSE
lib/intl/gettextP.h,126,binding,type,lib/intl/gettextP.h,1035,['libintl'],['libintl'],libintl,FALSE
lib/glob/xmbsrtowcs.c,115,xmbsrtowcs,file,lib/glob/xmbsrtowcs.c,979,['libglob'],['libglob'],libglob,FALSE
lib/sh/netopen.c,244,netopen,file,lib/sh/netopen.c,2319,['libsh'],['libsh'],libsh,FALSE
lib/sh/strcasecmp.c,256,strcasecmp,file,lib/sh/strcasecmp.c,2408,['libsh'],['libsh'],libsh,FALSE
lib/glob/sm_loop.c,111,sm_loop,file,lib/glob/sm_loop.c,962,['libglob'],['libglob'],libglob,FALSE
lib/glob/sm_loop.c,111,string,var,lib/glob/sm_loop.c,969,['libglob'],['libglob'],libglob,FALSE
lib/glob/sm_loop.c,111,se,var,lib/glob/sm_loop.c,968,['libglob'],['libglob'],libglob,FALSE
lib/glob/sm_loop.c,111,pattern,var,lib/glob/sm_loop.c,966,['libglob'],['libglob'],libglob,FALSE
lib/glob/sm_loop.c,111,pe,var,lib/glob/sm_loop.c,967,['libglob'],['libglob'],libglob,FALSE
lib/glob/sm_loop.c,111,flags,var,lib/glob/sm_loop.c,964,['libglob'],['libglob'],libglob,FALSE
lib/glob/sm_loop.c,111,p,var,lib/glob/sm_loop.c,965,['libglob'],['libglob'],libglob,FALSE
lib/glob/sm_loop.c,111,test,var,lib/glob/sm_loop.c,970,['libglob'],['libglob'],libglob,FALSE
lib/glob/sm_loop.c,111,FCT,functionproto,lib/glob/sm_loop.c,963,['libglob'],['libglob'],libglob,FALSE
pathexp.c,306,pathexp,file,pathexp.c,2787,['general'],['general'],general,FALSE
builtins/psize.c,32,psize,file,builtins/psize.c,167,['libbuiltins'],['libbuiltins'],libbuiltins,FALSE
general.h,83,,type,general.h,692,['general'],['general'],general,FALSE
variables.h,340,dollar_vars,var,variables.h,3695,['general'],['general'],general,FALSE
test.c,333,beyond,functionimpl,test.c,3343,['general'],['general'],general,FALSE
test.c,333,test_syntax_error,functionproto,test.c,3353,['general'],['general'],general,FALSE
test.c,333,expr,functionimpl,test.c,3345,['general'],['general'],general,FALSE
test.c,333,or,functionimpl,test.c,3346,['general'],['general'],general,FALSE
test.c,333,and,functionimpl,test.c,3342,['general'],['general'],general,FALSE
test.c,333,term,functionimpl,test.c,3348,['general'],['general'],general,FALSE
test.c,333,test_binop,var,test.c,3368,['general'],['general'],general,FALSE
test.c,333,binary_operator,functionimpl,test.c,3344,['general'],['general'],general,FALSE
test.c,333,test_unop,var,test.c,3369,['general'],['general'],general,FALSE
test.c,333,unary_operator,functionimpl,test.c,3351,['general'],['general'],general,FALSE
test.c,333,binary_test,var,test.c,3359,['general'],['general'],general,FALSE
test.c,333,unary_test,var,test.c,3370,['general'],['general'],general,FALSE
test.c,333,two_arguments,functionimpl,test.c,3350,['general'],['general'],general,FALSE
test.c,333,three_arguments,functionimpl,test.c,3349,['general'],['general'],general,FALSE
test.c,333,posixtest,functionimpl,test.c,3347,['general'],['general'],general,FALSE
test.c,333,s,var,test.c,3365,['general'],['general'],general,FALSE
test.c,333,t,var,test.c,3367,['general'],['general'],general,FALSE
test.c,333,op,var,test.c,3361,['general'],['general'],general,FALSE
test.c,333,flags,var,test.c,3360,['general'],['general'],general,FALSE
test.c,333,string,var,test.c,3366,['general'],['general'],general,FALSE
test.c,333,pat,var,test.c,3362,['general'],['general'],general,FALSE
test.c,333,arg1,var,test.c,3355,['general'],['general'],general,FALSE
test.c,333,arg2,var,test.c,3356,['general'],['general'],general,FALSE
test.c,333,arg,var,test.c,3354,['general'],['general'],general,FALSE
test.c,333,pos,var,test.c,3363,['general'],['general'],general,FALSE
test.c,333,argc,var,test.c,3357,['general'],['general'],general,FALSE
test.c,333,value,var,test.c,3372,['general'],['general'],general,FALSE
test.c,333,argv,var,test.c,3358,['general'],['general'],general,FALSE
test.c,333,v2,var,test.c,3371,['general'],['general'],general,FALSE
test.c,333,w,var,test.c,3373,['general'],['general'],general,FALSE
test.c,333,r,var,test.c,3364,['general'],['general'],general,FALSE
test.c,333,filecomp,functionproto,test.c,3352,['general'],['general'],general,FALSE
variables.c,339,dollar_vars,var,variables.c,3579,['general'],['general'],general,FALSE
pcomplete.c,308,pcomplete,file,pcomplete.c,2796,['general'],['general'],general,FALSE
pcomplete.h,309,pcomplete,file,pcomplete.h,2798,['general'],['general'],general,FALSE
quit.h,312,CLRINTERRUPT,var,quit.h,2835,['general'],['general'],general,FALSE
lib/readline/compat.c,162,free_undo_list,functionimpl,lib/readline/compat.c,1339,['libreadline'],['libreadline'],libreadline,FALSE
lib/readline/compat.c,162,rl_free_undo_list,functionproto,lib/readline/compat.c,1346,['libreadline'],['libreadline'],libreadline,FALSE
lib/readline/compat.c,162,maybe_replace_line,functionimpl,lib/readline/compat.c,1340,['libreadline'],['libreadline'],libreadline,FALSE
lib/readline/compat.c,162,rl_maybe_replace_line,functionproto,lib/readline/compat.c,1347,['libreadline'],['libreadline'],libreadline,FALSE
lib/readline/compat.c,162,maybe_save_line,functionimpl,lib/readline/compat.c,1341,['libreadline'],['libreadline'],libreadline,FALSE
lib/readline/compat.c,162,rl_maybe_save_line,functionproto,lib/readline/compat.c,1348,['libreadline'],['libreadline'],libreadline,FALSE
lib/readline/compat.c,162,maybe_unsave_line,functionimpl,lib/readline/compat.c,1342,['libreadline'],['libreadline'],libreadline,FALSE
lib/readline/compat.c,162,rl_maybe_unsave_line,functionproto,lib/readline/compat.c,1349,['libreadline'],['libreadline'],libreadline,FALSE
lib/readline/compat.c,162,ding,functionimpl,lib/readline/compat.c,1338,['libreadline'],['libreadline'],libreadline,FALSE
lib/readline/compat.c,162,rl_ding,functionproto,lib/readline/compat.c,1345,['libreadline'],['libreadline'],libreadline,FALSE
lib/readline/compat.c,162,crlf,functionimpl,lib/readline/compat.c,1337,['libreadline'],['libreadline'],libreadline,FALSE
lib/readline/compat.c,162,rl_crlf,functionproto,lib/readline/compat.c,1344,['libreadline'],['libreadline'],libreadline,FALSE
lib/readline/compat.c,162,completion_matches,functionproto,lib/readline/compat.c,1343,['libreadline'],['libreadline'],libreadline,FALSE
lib/readline/compat.c,162,s,var,lib/readline/compat.c,1350,['libreadline'],['libreadline'],libreadline,FALSE
lib/readline/xmalloc.c,219,xmalloc,file,lib/readline/xmalloc.c,2236,['libreadline'],['libreadline'],libreadline,FALSE
lib/readline/xmalloc.c,219,pointer,var,lib/readline/xmalloc.c,2238,['libreadline'],['libreadline'],libreadline,FALSE
lib/readline/xmalloc.c,219,bytes,var,lib/readline/xmalloc.c,2237,['libreadline'],['libreadline'],libreadline,FALSE
lib/readline/isearch.c,181,isearch,file,lib/readline/isearch.c,1683,['libreadline'],['libreadline'],libreadline,FALSE
lib/readline/isearch.c,181,_rl_isearch_init,functionproto,lib/readline/isearch.c,1685,['libreadline'],['libreadline'],libreadline,FALSE
lib/readline/rlprivate.h,198,_rl_search_cxt,alias,lib/readline/rlprivate.h,1900,['libreadline'],['libreadline'],libreadline,FALSE
lib/readline/isearch.c,181,_rl_scxt_alloc,functionproto,lib/readline/isearch.c,1686,['libreadline'],['libreadline'],libreadline,FALSE
lib/sh/shtty.c,253,shtty,file,lib/sh/shtty.c,2347,['libsh'],['libsh'],libsh,FALSE
lib/sh/shtty.c,253,ttsave,functionimpl,lib/sh/shtty.c,2354,['libsh'],['libsh'],libsh,FALSE
include/shtty.h,98,ttsave,functionproto,include/shtty.h,750,['general'],['general'],general,FALSE
lib/sh/shtty.c,253,ttrestore,functionimpl,lib/sh/shtty.c,2353,['libsh'],['libsh'],libsh,FALSE
include/shtty.h,98,ttrestore,functionproto,include/shtty.h,749,['general'],['general'],general,FALSE
lib/sh/shtty.c,253,ttonechar,functionimpl,lib/sh/shtty.c,2352,['libsh'],['libsh'],libsh,FALSE
include/shtty.h,98,ttonechar,functionproto,include/shtty.h,748,['general'],['general'],general,FALSE
lib/sh/shtty.c,253,ttnoecho,functionimpl,lib/sh/shtty.c,2351,['libsh'],['libsh'],libsh,FALSE
include/shtty.h,98,ttnoecho,functionproto,include/shtty.h,747,['general'],['general'],general,FALSE
lib/sh/shtty.c,253,tteightbit,functionimpl,lib/sh/shtty.c,2349,['libsh'],['libsh'],libsh,FALSE
include/shtty.h,98,tteightbit,functionproto,include/shtty.h,745,['general'],['general'],general,FALSE
lib/sh/shtty.c,253,ttnocanon,functionimpl,lib/sh/shtty.c,2350,['libsh'],['libsh'],libsh,FALSE
include/shtty.h,98,ttnocanon,functionproto,include/shtty.h,746,['general'],['general'],general,FALSE
lib/sh/shtty.c,253,ttcbreak,functionimpl,lib/sh/shtty.c,2348,['libsh'],['libsh'],libsh,FALSE
include/shtty.h,98,ttcbreak,functionproto,include/shtty.h,744,['general'],['general'],general,FALSE
sig.h,318,SigHandler,functionproto,sig.h,2967,['signal_handling'],['signal_handling'],signal_handling,FALSE
sig.h,318,SIGCHLD,var,sig.h,2977,['signal_handling'],['signal_handling'],signal_handling,FALSE
sig.h,318,set_sigint_handler,functionproto,sig.h,2971,['signal_handling'],['signal_handling'],signal_handling,FALSE
lib/readline/kill.c,183,count,var,lib/readline/kill.c,1705,['libreadline'],['libreadline'],libreadline,FALSE
lib/readline/kill.c,183,ignore,var,lib/readline/kill.c,1709,['libreadline'],['libreadline'],libreadline,FALSE
lib/readline/kill.c,183,direction,var,lib/readline/kill.c,1707,['libreadline'],['libreadline'],libreadline,FALSE
lib/readline/kill.c,183,key,var,lib/readline/kill.c,1710,['libreadline'],['libreadline'],libreadline,FALSE
lib/readline/kill.c,183,dir,var,lib/readline/kill.c,1706,['libreadline'],['libreadline'],libreadline,FALSE
lib/readline/kill.c,183,history_skip,var,lib/readline/kill.c,1708,['libreadline'],['libreadline'],libreadline,FALSE
lib/readline/kill.c,183,rl_kill_word,functionproto,lib/readline/kill.c,1704,['libreadline'],['libreadline'],libreadline,FALSE
lib/readline/rltty.h,202,rltty,file,lib/readline/rltty.h,2019,['libreadline'],['libreadline'],libreadline,FALSE
lib/readline/rlwinsize.h,204,rlwinsize,file,lib/readline/rlwinsize.h,2022,['libreadline'],['libreadline'],libreadline,FALSE
expr.c,76,expassign,functionimpl,expr.c,463,['general'],['general'],general,FALSE
lib/sh/itos.c,235,itos,var,lib/sh/itos.c,2297,['libsh'],['libsh'],libsh,FALSE
expr.c,76,exp0,functionimpl,expr.c,457,['general'],['general'],general,FALSE
bashhist.c,13,bashhist,file,bashhist.c,40,['general'],['general'],general,FALSE
parser.h,304,parser,file,parser.h,2785,['general'],['general'],general,FALSE
make_cmd.c,300,w,var,make_cmd.c,2702,['general'],['general'],general,FALSE
make_cmd.c,300,string,var,make_cmd.c,2698,['general'],['general'],general,FALSE
make_cmd.c,300,type,var,make_cmd.c,2701,['general'],['general'],general,FALSE
make_cmd.c,300,name,var,make_cmd.c,2696,['general'],['general'],general,FALSE
make_cmd.c,300,map_list,var,make_cmd.c,2695,['general'],['general'],general,FALSE
make_cmd.c,300,action,var,make_cmd.c,2672,['general'],['general'],general,FALSE
make_cmd.c,300,lineno,var,make_cmd.c,2682,['general'],['general'],general,FALSE
make_cmd.c,300,exprs,var,make_cmd.c,2680,['general'],['general'],general,FALSE
make_cmd.c,300,clauses,var,make_cmd.c,2673,['general'],['general'],general,FALSE
make_cmd.c,300,patterns,var,make_cmd.c,2697,['general'],['general'],general,FALSE
make_cmd.c,300,which,var,make_cmd.c,2703,['general'],['general'],general,FALSE
make_cmd.c,300,test,var,make_cmd.c,2700,['general'],['general'],general,FALSE
make_cmd.c,300,element,var,make_cmd.c,2679,['general'],['general'],general,FALSE
make_cmd.c,300,command,var,make_cmd.c,2675,['general'],['general'],general,FALSE
make_cmd.c,300,lstart,var,make_cmd.c,2683,['general'],['general'],general,FALSE
make_cmd.c,300,command2,var,make_cmd.c,2676,['general'],['general'],general,FALSE
make_cmd.c,300,connector,var,make_cmd.c,2678,['general'],['general'],general,FALSE
make_cmd.c,300,alloc_word_desc,functionimpl,make_cmd.c,2655,['general'],['general'],general,FALSE
make_cmd.c,300,temp,var,make_cmd.c,2699,['general'],['general'],general,FALSE
make_cmd.c,300,make_bare_simple_command,functionimpl,make_cmd.c,2657,['general'],['general'],general,FALSE
make_cmd.c,300,line_number,var,make_cmd.c,2681,['general'],['general'],general,FALSE
make_cmd.c,300,command_connect,functionproto,make_cmd.c,2658,['general'],['general'],general,FALSE
make_cmd.h,301,make_cmd,file,make_cmd.h,2704,['general'],['general'],general,FALSE
make_cmd.c,300,cmd_init,functionimpl,make_cmd.c,2656,['general'],['general'],general,FALSE
make_cmd.h,301,cmd_init,functionproto,make_cmd.h,2707,['general'],['general'],general,FALSE
make_cmd.h,301,alloc_word_desc,functionproto,make_cmd.h,2705,['general'],['general'],general,FALSE
make_cmd.h,301,make_bare_simple_command,functionproto,make_cmd.h,2712,['general'],['general'],general,FALSE
lib/readline/rlmbutil.h,197,rl_byte_oriented,var,lib/readline/rlmbutil.h,1897,['libreadline'],['libreadline'],libreadline,FALSE
lib/readline/rlprivate.h,198,_rl_bind_stty_chars,var,lib/readline/rlprivate.h,1959,['libreadline'],['libreadline'],libreadline,FALSE
lib/readline/rlprivate.h,198,rl_blink_matching_paren,var,lib/readline/rlprivate.h,2000,['libreadline'],['libreadline'],libreadline,FALSE
lib/readline/rlprivate.h,198,rl_byte_oriented,var,lib/readline/rlprivate.h,2001,['libreadline'],['libreadline'],libreadline,FALSE
lib/readline/rlprivate.h,198,_rl_completion_case_fold,var,lib/readline/rlprivate.h,1964,['libreadline'],['libreadline'],libreadline,FALSE
lib/readline/rlprivate.h,198,_rl_completion_case_map,var,lib/readline/rlprivate.h,1965,['libreadline'],['libreadline'],libreadline,FALSE
lib/readline/rlprivate.h,198,_rl_convert_meta_chars_to_ascii,var,lib/readline/rlprivate.h,1966,['libreadline'],['libreadline'],libreadline,FALSE
lib/readline/rlprivate.h,198,_rl_echo_control_chars,var,lib/readline/rlprivate.h,1967,['libreadline'],['libreadline'],libreadline,FALSE
lib/readline/rlprivate.h,198,_rl_enable_keypad,var,lib/readline/rlprivate.h,1969,['libreadline'],['libreadline'],libreadline,FALSE
lib/readline/rlprivate.h,198,_rl_enable_meta,var,lib/readline/rlprivate.h,1970,['libreadline'],['libreadline'],libreadline,FALSE
lib/readline/rlprivate.h,198,rl_complete_with_tilde_expansion,var,lib/readline/rlprivate.h,2002,['libreadline'],['libreadline'],libreadline,FALSE
lib/readline/rlprivate.h,198,_rl_history_preserve_point,var,lib/readline/rlprivate.h,1971,['libreadline'],['libreadline'],libreadline,FALSE
lib/readline/rlprivate.h,198,_rl_horizontal_scroll_mode,var,lib/readline/rlprivate.h,1972,['libreadline'],['libreadline'],libreadline,FALSE
lib/readline/rlprivate.h,198,_rl_complete_mark_directories,var,lib/readline/rlprivate.h,1960,['libreadline'],['libreadline'],libreadline,FALSE
lib/readline/rlprivate.h,198,_rl_mark_modified_lines,var,lib/readline/rlprivate.h,1976,['libreadline'],['libreadline'],libreadline,FALSE
lib/readline/rlprivate.h,198,_rl_complete_mark_symlink_dirs,var,lib/readline/rlprivate.h,1961,['libreadline'],['libreadline'],libreadline,FALSE
lib/readline/rlprivate.h,198,_rl_match_hidden_files,var,lib/readline/rlprivate.h,1977,['libreadline'],['libreadline'],libreadline,FALSE
lib/readline/rlprivate.h,198,_rl_menu_complete_prefix_first,var,lib/readline/rlprivate.h,1978,['libreadline'],['libreadline'],libreadline,FALSE
lib/readline/rlprivate.h,198,_rl_output_meta_chars,var,lib/readline/rlprivate.h,1982,['libreadline'],['libreadline'],libreadline,FALSE
lib/readline/rlprivate.h,198,_rl_page_completions,var,lib/readline/rlprivate.h,1983,['libreadline'],['libreadline'],libreadline,FALSE
lib/readline/rlprivate.h,198,_rl_print_completions_horizontally,var,lib/readline/rlprivate.h,1984,['libreadline'],['libreadline'],libreadline,FALSE
lib/readline/rlprivate.h,198,_rl_revert_all_at_newline,var,lib/readline/rlprivate.h,1985,['libreadline'],['libreadline'],libreadline,FALSE
lib/readline/rlprivate.h,198,_rl_complete_show_all,var,lib/readline/rlprivate.h,1962,['libreadline'],['libreadline'],libreadline,FALSE
lib/readline/rlprivate.h,198,_rl_complete_show_unmodified,var,lib/readline/rlprivate.h,1963,['libreadline'],['libreadline'],libreadline,FALSE
lib/readline/rlprivate.h,198,_rl_skip_completed_text,var,lib/readline/rlprivate.h,1989,['libreadline'],['libreadline'],libreadline,FALSE
lib/readline/rlprivate.h,198,rl_visible_stats,var,lib/readline/rlprivate.h,2005,['libreadline'],['libreadline'],libreadline,FALSE
lib/readline/bind.c,160,rl_get_keymap,functionimpl,lib/readline/bind.c,1278,['libreadline'],['libreadline'],libreadline,FALSE
lib/readline/bind.c,160,rl_set_keymap_from_edit_mode,functionimpl,lib/readline/bind.c,1281,['libreadline'],['libreadline'],libreadline,FALSE
lib/readline/isearch.c,181,sign,var,lib/readline/isearch.c,1696,['libreadline'],['libreadline'],libreadline,FALSE
lib/readline/isearch.c,181,key,var,lib/readline/isearch.c,1694,['libreadline'],['libreadline'],libreadline,FALSE
lib/readline/isearch.c,181,cxt,var,lib/readline/isearch.c,1691,['libreadline'],['libreadline'],libreadline,FALSE
lib/readline/isearch.c,181,c,var,lib/readline/isearch.c,1690,['libreadline'],['libreadline'],libreadline,FALSE
lib/readline/isearch.c,181,r,var,lib/readline/isearch.c,1695,['libreadline'],['libreadline'],libreadline,FALSE
lib/readline/isearch.c,181,direction,var,lib/readline/isearch.c,1692,['libreadline'],['libreadline'],libreadline,FALSE
lib/readline/isearch.c,181,invoking_key,var,lib/readline/isearch.c,1693,['libreadline'],['libreadline'],libreadline,FALSE
lib/readline/isearch.c,181,_rl_scxt_dispose,functionproto,lib/readline/isearch.c,1687,['libreadline'],['libreadline'],libreadline,FALSE
lib/readline/isearch.c,181,_rl_isearch_fini,functionproto,lib/readline/isearch.c,1684,['libreadline'],['libreadline'],libreadline,FALSE
lib/readline/readline.c,193,_rl_bind_stty_chars,var,lib/readline/readline.c,1809,['libreadline'],['libreadline'],libreadline,FALSE
lib/readline/readline.c,193,_rl_convert_meta_chars_to_ascii,var,lib/readline/readline.c,1810,['libreadline'],['libreadline'],libreadline,FALSE
lib/readline/readline.c,193,_rl_echo_control_chars,var,lib/readline/readline.c,1813,['libreadline'],['libreadline'],libreadline,FALSE
lib/readline/readline.c,193,_rl_horizontal_scroll_mode,var,lib/readline/readline.c,1816,['libreadline'],['libreadline'],libreadline,FALSE
lib/readline/readline.c,193,_rl_mark_modified_lines,var,lib/readline/readline.c,1821,['libreadline'],['libreadline'],libreadline,FALSE
lib/readline/readline.c,193,_rl_output_meta_chars,var,lib/readline/readline.c,1824,['libreadline'],['libreadline'],libreadline,FALSE
lib/readline/readline.c,193,_rl_revert_all_at_newline,var,lib/readline/readline.c,1826,['libreadline'],['libreadline'],libreadline,FALSE
lib/readline/bind.c,160,rl_get_keymap_name_from_edit_mode,functionimpl,lib/readline/bind.c,1279,['libreadline'],['libreadline'],libreadline,FALSE
lib/readline/readline.c,193,rl_outstream,var,lib/readline/readline.c,1856,['libreadline'],['libreadline'],libreadline,FALSE
lib/readline/readline.h,194,rl_inhibit_completion,var,lib/readline/readline.h,1881,['libreadline'],['libreadline'],libreadline,FALSE
lib/readline/readline.h,194,rl_outstream,var,lib/readline/readline.h,1887,['libreadline'],['libreadline'],libreadline,FALSE
lib/intl/l10nflist.c,130,l10nflist,file,lib/intl/l10nflist.c,1053,['libintl'],['libintl'],libintl,FALSE
lib/intl/loadinfo.h,131,loadinfo,file,lib/intl/loadinfo.h,1058,['libintl'],['libintl'],libintl,FALSE
lib/intl/l10nflist.c,130,_nl_make_l10nflist,functionproto,lib/intl/l10nflist.c,1054,['libintl'],['libintl'],libintl,FALSE
lib/intl/l10nflist.c,130,argz,var,lib/intl/l10nflist.c,1055,['libintl'],['libintl'],libintl,FALSE
lib/intl/l10nflist.c,130,argz_len,var,lib/intl/l10nflist.c,1056,['libintl'],['libintl'],libintl,FALSE
lib/intl/l10nflist.c,130,entry,var,lib/intl/l10nflist.c,1057,['libintl'],['libintl'],libintl,FALSE
conftypes.h,34,conftypes,file,conftypes.h,214,['general'],['general'],general,FALSE
error.c,38,error,file,error.c,242,['error_handling'],['error_handling'],error_handling,FALSE
lib/intl/bindtextdom.c,116,bindtextdom,file,lib/intl/bindtextdom.c,980,['libintl'],['libintl'],libintl,FALSE
lib/sh/unicode.c,279,unicode,file,lib/sh/unicode.c,2524,['libsh'],['libsh'],libsh,FALSE
redir.h,314,redir,file,redir.h,2853,['general'],['general'],general,FALSE
list.c,296,list_reverse,functionproto,list.c,2590,['general'],['general'],general,FALSE
general.h,83,GENERIC_LIST,alias,general.h,680,['general'],['general'],general,FALSE
list.c,296,list_append,functionproto,list.c,2589,['general'],['general'],general,FALSE
list.c,296,list,file,list.c,2588,['general'],['general'],general,FALSE
general.h,83,g_list,type,general.h,693,['general'],['general'],general,FALSE
lib/intl/bindtextdom.c,116,set_binding_values,functionproto,lib/intl/bindtextdom.c,982,['libintl'],['libintl'],libintl,FALSE
lib/intl/bindtextdom.c,116,domainname,var,lib/intl/bindtextdom.c,983,['libintl'],['libintl'],libintl,FALSE
lib/intl/bindtextdom.c,116,libintl_bindtextdomain,functionproto,lib/intl/bindtextdom.c,981,['libintl'],['libintl'],libintl,FALSE
lib/sh/fmtulong.c,227,fmtulong,file,lib/sh/fmtulong.c,2251,['libsh'],['libsh'],libsh,FALSE
lib/sh/itos.c,235,itos,file,lib/sh/itos.c,2293,['libsh'],['libsh'],libsh,FALSE
lib/sh/itos.c,235,i,var,lib/sh/itos.c,2296,['libsh'],['libsh'],libsh,FALSE
lib/sh/itos.c,235,buf,var,lib/sh/itos.c,2295,['libsh'],['libsh'],libsh,FALSE
lib/sh/itos.c,235,len,var,lib/sh/itos.c,2298,['libsh'],['libsh'],libsh,FALSE
dispose_cmd.c,36,dispose_cmd,file,dispose_cmd.c,233,['general'],['general'],general,FALSE
lib/intl/dcgettext.c,117,libintl_dcgettext,functionproto,lib/intl/dcgettext.c,985,['libintl'],['libintl'],libintl,FALSE
lib/intl/dcgettext.c,117,domainname,var,lib/intl/dcgettext.c,987,['libintl'],['libintl'],libintl,FALSE
lib/intl/dcgettext.c,117,msgid,var,lib/intl/dcgettext.c,988,['libintl'],['libintl'],libintl,FALSE
lib/intl/dcgettext.c,117,category,var,lib/intl/dcgettext.c,986,['libintl'],['libintl'],libintl,FALSE
variables.h,340,variables,file,variables.h,3644,['general'],['general'],general,FALSE
lib/intl/dcgettext.c,117,dcgettext,file,lib/intl/dcgettext.c,984,['libintl'],['libintl'],libintl,FALSE
lib/readline/emacs_keymap.c,165,emacs_keymap,file,lib/readline/emacs_keymap.c,1517,['libreadline'],['libreadline'],libreadline,FALSE
lib/readline/emacs_keymap.c,165,emacs_ctlx_keymap,var,lib/readline/emacs_keymap.c,1518,['libreadline'],['libreadline'],libreadline,FALSE
lib/readline/emacs_keymap.c,165,emacs_meta_keymap,var,lib/readline/emacs_keymap.c,1519,['libreadline'],['libreadline'],libreadline,FALSE
builtins/psize.c,32,sigpipe,functionproto,builtins/psize.c,168,['libbuiltins'],['libbuiltins'],libbuiltins,FALSE
builtins/psize.c,32,sig,var,builtins/psize.c,169,['libbuiltins'],['libbuiltins'],libbuiltins,FALSE
syntax.h,332,syntax,file,syntax.h,3338,['general'],['general'],general,FALSE
lib/intl/dcngettext.c,119,libintl_dcngettext,functionproto,lib/intl/dcngettext.c,1005,['libintl'],['libintl'],libintl,FALSE
lib/intl/dcngettext.c,119,category,var,lib/intl/dcngettext.c,1006,['libintl'],['libintl'],libintl,FALSE
support/recho.c,328,recho,file,support/recho.c,3328,['support'],['support'],support,FALSE
lib/sh/winsize.c,283,cp,var,lib/sh/winsize.c,2529,['libsh'],['libsh'],libsh,FALSE
lib/intl/dcngettext.c,119,dcngettext,file,lib/intl/dcngettext.c,1004,['libintl'],['libintl'],libintl,FALSE
y.tab.c,344,error_token_from_text,functionimpl,y.tab.c,3711,['general'],['general'],general,FALSE
externs.h,77,substring,functionproto,externs.h,569,['general'],['general'],general,FALSE
externs.h,77,yyparse,functionproto,externs.h,574,['general'],['general'],general,FALSE
y.tab.c,344,return_EOF,functionimpl,y.tab.c,3722,['general'],['general'],general,FALSE
externs.h,77,return_EOF,functionproto,externs.h,553,['general'],['general'],general,FALSE
y.tab.c,344,free_pushed_string_input,functionimpl,y.tab.c,3712,['general'],['general'],general,FALSE
externs.h,77,free_pushed_string_input,functionproto,externs.h,536,['general'],['general'],general,FALSE
externs.h,77,reset_parser,functionproto,externs.h,552,['general'],['general'],general,FALSE
y.tab.c,344,get_current_prompt_level,functionimpl,y.tab.c,3714,['general'],['general'],general,FALSE
externs.h,77,get_current_prompt_level,functionproto,externs.h,537,['general'],['general'],general,FALSE
mksyntax.c,302,mksyntax,file,mksyntax.c,2729,['general'],['general'],general,FALSE
lib/readline/complete.c,163,complete,file,lib/readline/complete.c,1351,['libreadline'],['libreadline'],libreadline,FALSE
lib/sh/stringvec.c,262,strvec_flush,functionproto,lib/sh/stringvec.c,2471,['libsh'],['libsh'],libsh,FALSE
lib/sh/stringvec.c,262,strvec_resize,functionproto,lib/sh/stringvec.c,2473,['libsh'],['libsh'],libsh,FALSE
lib/readline/text.c,211,text,file,lib/readline/text.c,2127,['libreadline'],['libreadline'],libreadline,FALSE
lib/intl/gettext.c,125,gettext,file,lib/intl/gettext.c,1031,['libintl'],['libintl'],libintl,FALSE
builtins/evalstring.c,28,parse_and_execute,var,builtins/evalstring.c,125,['libbuiltins'],['libbuiltins'],libbuiltins,FALSE
lib/readline/posixdir.h,189,posixdir,file,lib/readline/posixdir.h,1787,['libreadline'],['libreadline'],libreadline,FALSE
builtins/common.h,26,parse_and_execute,functionproto,builtins/common.h,107,['libbuiltins'],['libbuiltins'],libbuiltins,FALSE
lib/sh/strpbrk.c,264,strpbrk,file,lib/sh/strpbrk.c,2480,['libsh'],['libsh'],libsh,FALSE
braces.c,21,braces,file,braces.c,49,['general'],['general'],general,FALSE
dispose_cmd.h,37,dispose_cmd,file,dispose_cmd.h,238,['general'],['general'],general,FALSE
lib/sh/fnxform.c,229,fnxform,file,lib/sh/fnxform.c,2256,['libsh'],['libsh'],libsh,FALSE
lib/readline/macro.c,184,macro,file,lib/readline/macro.c,1711,['libreadline'],['libreadline'],libreadline,FALSE
include/memalloc.h,92,alloca,functionproto,include/memalloc.h,734,['libbuiltins'],['libbuiltins'],libbuiltins,FALSE
lib/sh/getcwd.c,231,getcwd,file,lib/sh/getcwd.c,2259,['libsh'],['libsh'],libsh,FALSE
include/memalloc.h,92,memalloc,file,include/memalloc.h,733,['libbuiltins'],['libbuiltins'],libbuiltins,FALSE
include/memalloc.h,92,alloca,var,include/memalloc.h,735,['libbuiltins'],['libbuiltins'],libbuiltins,FALSE
y.tab.c,344,yy_stream_get,functionimpl,y.tab.c,3728,['general'],['general'],general,FALSE
jobs.h,105,initialize_job_control,functionproto,jobs.h,922,['job_control'],['job_control'],job_control,FALSE
jobs.c,104,initialize_job_control,functionproto,jobs.c,815,['job_control'],['job_control'],job_control,FALSE
shell.c,315,set_bash_input,functionimpl,shell.c,2862,['general'],['general'],general,FALSE
input.h,103,with_input_from_stdin,functionproto,input.h,764,['general'],['general'],general,FALSE
input.h,103,with_input_from_stream,functionproto,input.h,765,['general'],['general'],general,FALSE
input.h,103,initialize_bash_input,functionproto,input.h,761,['general'],['general'],general,FALSE
lib/sh/strtoul.c,270,strtoul,file,lib/sh/strtoul.c,2499,['libsh'],['libsh'],libsh,FALSE
lib/sh/strtol.c,268,strtol,file,lib/sh/strtol.c,2495,['libsh'],['libsh'],libsh,FALSE
lib/readline/text.c,211,count,var,lib/readline/text.c,2133,['libreadline'],['libreadline'],libreadline,FALSE
lib/readline/text.c,211,key,var,lib/readline/text.c,2140,['libreadline'],['libreadline'],libreadline,FALSE
lib/readline/text.c,211,c,var,lib/readline/text.c,2132,['libreadline'],['libreadline'],libreadline,FALSE
lib/readline/text.c,211,ignore1,var,lib/readline/text.c,2138,['libreadline'],['libreadline'],libreadline,FALSE
lib/readline/text.c,211,ignore2,var,lib/readline/text.c,2139,['libreadline'],['libreadline'],libreadline,FALSE
lib/readline/text.c,211,ignore,var,lib/readline/text.c,2137,['libreadline'],['libreadline'],libreadline,FALSE
lib/readline/text.c,211,op,var,lib/readline/text.c,2142,['libreadline'],['libreadline'],libreadline,FALSE
lib/readline/text.c,211,dir,var,lib/readline/text.c,2135,['libreadline'],['libreadline'],libreadline,FALSE
lib/readline/text.c,211,smbchar,var,lib/readline/text.c,2143,['libreadline'],['libreadline'],libreadline,FALSE
lib/readline/text.c,211,len,var,lib/readline/text.c,2141,['libreadline'],['libreadline'],libreadline,FALSE
lib/readline/text.c,211,fdir,var,lib/readline/text.c,2136,['libreadline'],['libreadline'],libreadline,FALSE
lib/readline/text.c,211,bdir,var,lib/readline/text.c,2131,['libreadline'],['libreadline'],libreadline,FALSE
lib/readline/text.c,211,data,var,lib/readline/text.c,2134,['libreadline'],['libreadline'],libreadline,FALSE
lib/readline/text.c,211,rl_forward_byte,functionproto,lib/readline/text.c,2129,['libreadline'],['libreadline'],libreadline,FALSE
lib/readline/text.c,211,rl_refresh_line,functionproto,lib/readline/text.c,2130,['libreadline'],['libreadline'],libreadline,FALSE
lib/readline/text.c,211,_rl_insert_next_callback,functionproto,lib/readline/text.c,2128,['libreadline'],['libreadline'],libreadline,FALSE
lib/readline/complete.c,163,complete_get_screenwidth,functionimpl,lib/readline/complete.c,1353,['libreadline'],['libreadline'],libreadline,FALSE
lib/readline/rlprivate.h,198,_rl_screenwidth,var,lib/readline/rlprivate.h,1988,['libreadline'],['libreadline'],libreadline,FALSE
lib/readline/complete.c,163,_rl_reset_completion_state,functionimpl,lib/readline/complete.c,1352,['libreadline'],['libreadline'],libreadline,FALSE
lib/readline/rlprivate.h,198,_rl_reset_completion_state,functionproto,lib/readline/rlprivate.h,1941,['libreadline'],['libreadline'],libreadline,FALSE
lib/readline/macro.c,184,saved_macro,type,lib/readline/macro.c,1716,['libreadline'],['libreadline'],libreadline,FALSE
lib/readline/macro.c,184,_rl_push_executing_macro,functionimpl,lib/readline/macro.c,1715,['libreadline'],['libreadline'],libreadline,FALSE
lib/readline/macro.c,184,_rl_next_macro_key,functionimpl,lib/readline/macro.c,1713,['libreadline'],['libreadline'],libreadline,FALSE
lib/readline/macro.c,184,_rl_pop_executing_macro,functionimpl,lib/readline/macro.c,1714,['libreadline'],['libreadline'],libreadline,FALSE
lib/readline/macro.c,184,count,var,lib/readline/macro.c,1718,['libreadline'],['libreadline'],libreadline,FALSE
lib/readline/macro.c,184,ignore,var,lib/readline/macro.c,1723,['libreadline'],['libreadline'],libreadline,FALSE
lib/readline/macro.c,184,rl_executing_macro,var,lib/readline/macro.c,1726,['libreadline'],['libreadline'],libreadline,FALSE
lib/readline/macro.c,184,executing_macro_index,var,lib/readline/macro.c,1722,['libreadline'],['libreadline'],libreadline,FALSE
lib/readline/macro.c,184,c,var,lib/readline/macro.c,1717,['libreadline'],['libreadline'],libreadline,FALSE
lib/readline/macro.c,184,saver,var,lib/readline/macro.c,1727,['libreadline'],['libreadline'],libreadline,FALSE
lib/readline/macro.c,184,macro_list,var,lib/readline/macro.c,1725,['libreadline'],['libreadline'],libreadline,FALSE
lib/readline/macro.c,184,macro,var,lib/readline/macro.c,1724,['libreadline'],['libreadline'],libreadline,FALSE
lib/readline/macro.c,184,current_macro,var,lib/readline/macro.c,1719,['libreadline'],['libreadline'],libreadline,FALSE
lib/readline/macro.c,184,current_macro_size,var,lib/readline/macro.c,1721,['libreadline'],['libreadline'],libreadline,FALSE
lib/readline/macro.c,184,current_macro_index,var,lib/readline/macro.c,1720,['libreadline'],['libreadline'],libreadline,FALSE
externs.h,77,itos,functionproto,externs.h,548,['general'],['general'],general,FALSE
subst.c,322,expand_string_to_string,var,subst.c,3042,['general'],['general'],general,FALSE
subst.h,323,expand_string_to_string,functionproto,subst.h,3108,['general'],['general'],general,FALSE
lib/readline/rlprivate.h,198,_rl_next_macro_key,functionproto,lib/readline/rlprivate.h,1930,['libreadline'],['libreadline'],libreadline,FALSE
lib/readline/rlprivate.h,198,_rl_push_executing_macro,functionproto,lib/readline/rlprivate.h,1935,['libreadline'],['libreadline'],libreadline,FALSE
lib/readline/rlprivate.h,198,_rl_pop_executing_macro,functionproto,lib/readline/rlprivate.h,1934,['libreadline'],['libreadline'],libreadline,FALSE
lib/readline/undo.c,214,alloc_undo_entry,functionproto,lib/readline/undo.c,2162,['libreadline'],['libreadline'],libreadline,FALSE
lib/readline/readline.h,194,UNDO_LIST,alias,lib/readline/readline.h,1866,['libreadline'],['libreadline'],libreadline,FALSE
lib/readline/undo.c,214,_rl_copy_undo_list,functionproto,lib/readline/undo.c,2161,['libreadline'],['libreadline'],libreadline,FALSE
lib/readline/readline.h,194,undo_code,type,lib/readline/readline.h,1871,['libreadline'],['libreadline'],libreadline,FALSE
lib/intl/dgettext.c,120,libintl_dgettext,functionproto,lib/intl/dgettext.c,1008,['libintl'],['libintl'],libintl,FALSE
lib/intl/dgettext.c,120,msgid,var,lib/intl/dgettext.c,1009,['libintl'],['libintl'],libintl,FALSE
lib/intl/dgettext.c,120,dgettext,file,lib/intl/dgettext.c,1007,['libintl'],['libintl'],libintl,FALSE
lib/readline/tilde.h,213,tilde_expansion_preexpansion_hook,var,lib/readline/tilde.h,2154,['libreadline'],['libreadline'],libreadline,FALSE
lib/readline/tilde.h,213,tilde_additional_prefixes,var,lib/readline/tilde.h,2152,['libreadline'],['libreadline'],libreadline,FALSE
lib/readline/tilde.h,213,tilde_additional_suffixes,var,lib/readline/tilde.h,2153,['libreadline'],['libreadline'],libreadline,FALSE
lib/readline/util.c,215,_rl_abort_internal,functionimpl,lib/readline/util.c,2178,['libreadline'],['libreadline'],libreadline,FALSE
error.c,38,internal_warning,functionproto,error.c,248,['error_handling'],['error_handling'],error_handling,FALSE
lib/readline/tilde.c,212,tilde_expansion_preexpansion_hook,var,lib/readline/tilde.c,2150,['libreadline'],['libreadline'],libreadline,FALSE
lib/readline/tilde.c,212,tilde_additional_prefixes,var,lib/readline/tilde.c,2148,['libreadline'],['libreadline'],libreadline,FALSE
lib/readline/tilde.c,212,tilde_additional_suffixes,var,lib/readline/tilde.c,2149,['libreadline'],['libreadline'],libreadline,FALSE
error.h,39,internal_warning,functionproto,error.h,260,['error_handling'],['error_handling'],error_handling,FALSE
command.h,33,pattern_list,type,command.h,205,['general'],['general'],general,FALSE
y.tab.c,344,handle_eof_input_unit,functionimpl,y.tab.c,3715,['general'],['general'],general,FALSE
command.h,33,global_command,var,command.h,213,['general'],['general'],general,FALSE
command.h,33,,type,command.h,192,['general'],['general'],general,FALSE
command.h,33,redirect,type,command.h,207,['general'],['general'],general,FALSE
command.h,33,element,type,command.h,200,['general'],['general'],general,FALSE
y.tab.c,344,y.tab,file,y.tab.c,3710,['general'],['general'],general,FALSE
y.tab.c,344,YYSTYPE,type,y.tab.c,3741,['general'],['general'],general,FALSE
lib/glob/glob.h,108,glob,file,lib/glob/glob.h,956,['libglob'],['libglob'],libglob,FALSE
locale.c,297,set_default_locale,functionimpl,locale.c,2595,['general'],['general'],general,FALSE
externs.h,77,set_default_locale,functionproto,externs.h,556,['general'],['general'],general,FALSE
externs.h,77,set_default_locale_vars,functionproto,externs.h,557,['general'],['general'],general,FALSE
externs.h,77,set_default_lang,functionproto,externs.h,555,['general'],['general'],general,FALSE
lib/sh/mbschr.c,239,mbschr,file,lib/sh/mbschr.c,2302,['libsh'],['libsh'],libsh,FALSE
expr.c,76,expr,file,expr.c,455,['general'],['general'],general,FALSE
lib/glob/gmisc.c,110,gmisc,file,lib/glob/gmisc.c,958,['libglob'],['libglob'],libglob,FALSE
y.tab.c,344,print_offending_line,functionimpl,y.tab.c,3718,['general'],['general'],general,FALSE
error.h,39,parser_error,functionproto,error.h,261,['error_handling'],['error_handling'],error_handling,FALSE
error.c,38,parser_error,functionproto,error.c,249,['error_handling'],['error_handling'],error_handling,FALSE
variables.h,340,bind_variable,functionproto,variables.h,3654,['general'],['general'],general,FALSE
variables.h,340,unbind_variable,functionproto,variables.h,3689,['general'],['general'],general,FALSE
lib/readline/complete.c,163,rl_quote_filename,functionproto,lib/readline/complete.c,1362,['libreadline'],['libreadline'],libreadline,FALSE
lib/readline/complete.c,163,ignore,var,lib/readline/complete.c,1382,['libreadline'],['libreadline'],libreadline,FALSE
lib/readline/complete.c,163,invoking_key,var,lib/readline/complete.c,1383,['libreadline'],['libreadline'],libreadline,FALSE
lib/readline/complete.c,163,filename,var,lib/readline/complete.c,1380,['libreadline'],['libreadline'],libreadline,FALSE
lib/readline/complete.c,163,to_print,var,lib/readline/complete.c,1399,['libreadline'],['libreadline'],libreadline,FALSE
lib/readline/complete.c,163,prefix_bytes,var,lib/readline/complete.c,1388,['libreadline'],['libreadline'],libreadline,FALSE
lib/readline/complete.c,163,match_list,var,lib/readline/complete.c,1385,['libreadline'],['libreadline'],libreadline,FALSE
lib/readline/complete.c,163,matches,var,lib/readline/complete.c,1386,['libreadline'],['libreadline'],libreadline,FALSE
lib/readline/complete.c,163,text,var,lib/readline/complete.c,1398,['libreadline'],['libreadline'],libreadline,FALSE
lib/readline/complete.c,163,delimiter,var,lib/readline/complete.c,1378,['libreadline'],['libreadline'],libreadline,FALSE
lib/readline/complete.c,163,quote_char,var,lib/readline/complete.c,1390,['libreadline'],['libreadline'],libreadline,FALSE
lib/readline/complete.c,163,nontrivial_match,var,lib/readline/complete.c,1387,['libreadline'],['libreadline'],libreadline,FALSE
lib/readline/complete.c,163,what_to_do,var,lib/readline/complete.c,1400,['libreadline'],['libreadline'],libreadline,FALSE
lib/readline/complete.c,163,count,var,lib/readline/complete.c,1377,['libreadline'],['libreadline'],libreadline,FALSE
lib/readline/complete.c,163,key,var,lib/readline/complete.c,1384,['libreadline'],['libreadline'],libreadline,FALSE
lib/readline/complete.c,163,rl_completion_found_quote,var,lib/readline/complete.c,1394,['libreadline'],['libreadline'],libreadline,FALSE
lib/readline/complete.c,163,rl_completion_quote_character,var,lib/readline/complete.c,1395,['libreadline'],['libreadline'],libreadline,FALSE
lib/readline/complete.c,163,cols,var,lib/readline/complete.c,1376,['libreadline'],['libreadline'],libreadline,FALSE
lib/readline/complete.c,163,_rl_completion_columns,var,lib/readline/complete.c,1370,['libreadline'],['libreadline'],libreadline,FALSE
lib/readline/complete.c,163,envcols,var,lib/readline/complete.c,1379,['libreadline'],['libreadline'],libreadline,FALSE
lib/readline/complete.c,163,rl_complete,functionproto,lib/readline/complete.c,1360,['libreadline'],['libreadline'],libreadline,FALSE
lib/readline/complete.c,163,set_completion_defaults,functionproto,lib/readline/complete.c,1363,['libreadline'],['libreadline'],libreadline,FALSE
lib/readline/complete.c,163,path_isdir,functionproto,lib/readline/complete.c,1358,['libreadline'],['libreadline'],libreadline,FALSE
lib/readline/complete.c,163,gen_completion_matches,functionproto,lib/readline/complete.c,1355,['libreadline'],['libreadline'],libreadline,FALSE
lib/readline/complete.c,163,remove_duplicate_matches,functionproto,lib/readline/complete.c,1359,['libreadline'],['libreadline'],libreadline,FALSE
lib/readline/complete.c,163,rl_display_match_list,functionproto,lib/readline/complete.c,1361,['libreadline'],['libreadline'],libreadline,FALSE
lib/readline/complete.c,163,display_matches,functionproto,lib/readline/complete.c,1354,['libreadline'],['libreadline'],libreadline,FALSE
lib/readline/complete.c,163,make_quoted_replacement,functionproto,lib/readline/complete.c,1357,['libreadline'],['libreadline'],libreadline,FALSE
lib/readline/complete.c,163,qc,var,lib/readline/complete.c,1389,['libreadline'],['libreadline'],libreadline,FALSE
lib/readline/complete.c,163,insert_match,functionproto,lib/readline/complete.c,1356,['libreadline'],['libreadline'],libreadline,FALSE
lib/sh/makepath.c,237,makepath,file,lib/sh/makepath.c,2300,['libsh'],['libsh'],libsh,FALSE
lib/glob/smatch.c,112,smatch,file,lib/glob/smatch.c,971,['libglob'],['libglob'],libglob,FALSE
variables.c,339,bind_variable,functionproto,variables.c,3509,['general'],['general'],general,FALSE
variables.c,339,unbind_variable,functionproto,variables.c,3564,['general'],['general'],general,FALSE
hashlib.h,87,HASH_TABLE,alias,hashlib.h,718,['general'],['general'],general,FALSE
hashlib.h,87,hash_copy,functionproto,hashlib.h,720,['general'],['general'],general,FALSE
hashlib.h,87,hash_search,functionproto,hashlib.h,726,['general'],['general'],general,FALSE
hashlib.h,87,BUCKET_CONTENTS,alias,hashlib.h,717,['general'],['general'],general,FALSE
hashlib.h,87,hash_insert,functionproto,hashlib.h,724,['general'],['general'],general,FALSE
hashlib.h,87,hash_remove,functionproto,hashlib.h,725,['general'],['general'],general,FALSE
hashlib.h,87,bucket_contents,type,hashlib.h,727,['general'],['general'],general,FALSE
lib/malloc/table.h,155,mr_table_entry,functionproto,lib/malloc/table.h,1259,['general'],['general'],general,FALSE
lib/malloc/table.h,155,mr_table_t,alias,lib/malloc/table.h,1257,['general'],['general'],general,FALSE
command.h,33,WORD_LIST,alias,command.h,183,['general'],['general'],general,FALSE
lib/sh/uconvert.c,277,uconvert,file,lib/sh/uconvert.c,2519,['libsh'],['libsh'],libsh,FALSE
builtins/evalfile.c,27,evalfile,file,builtins/evalfile.c,118,['libbuiltins'],['libbuiltins'],libbuiltins,FALSE
lib/sh/casemod.c,221,casemod,file,lib/sh/casemod.c,2240,['libsh'],['libsh'],libsh,FALSE
lib/sh/oslib.c,245,string,var,lib/sh/oslib.c,2332,['libsh'],['libsh'],libsh,FALSE
lib/sh/oslib.c,245,c,var,lib/sh/oslib.c,2329,['libsh'],['libsh'],libsh,FALSE
lib/sh/oslib.c,245,getmaxgroups,functionimpl,lib/sh/oslib.c,2325,['libsh'],['libsh'],libsh,FALSE
lib/sh/oslib.c,245,maxgroups,var,lib/sh/oslib.c,2331,['libsh'],['libsh'],libsh,FALSE
lib/sh/oslib.c,245,getmaxchild,functionimpl,lib/sh/oslib.c,2324,['libsh'],['libsh'],libsh,FALSE
lib/sh/oslib.c,245,maxchild,var,lib/sh/oslib.c,2330,['libsh'],['libsh'],libsh,FALSE
lib/sh/oslib.c,245,strchr,functionproto,lib/sh/oslib.c,2328,['libsh'],['libsh'],libsh,FALSE
lib/sh/wcsdup.c,281,wcsdup,file,lib/sh/wcsdup.c,2525,['libsh'],['libsh'],libsh,FALSE
flags.c,80,flags,file,flags.c,591,['general'],['general'],general,FALSE
lib/readline/readline.c,193,readline,file,lib/readline/readline.c,1791,['libreadline'],['libreadline'],libreadline,FALSE
lib/readline/readline.c,193,readline_internal_setup,functionimpl,lib/readline/readline.c,1803,['libreadline'],['libreadline'],libreadline,FALSE
lib/readline/readline.h,194,rl_redisplay_function,var,lib/readline/readline.h,1892,['libreadline'],['libreadline'],libreadline,FALSE
lib/readline/readline.c,193,_rl_internal_char_cleanup,functionimpl,lib/readline/readline.c,1793,['libreadline'],['libreadline'],libreadline,FALSE
lib/readline/readline.c,193,readline_internal_char,functionimpl,lib/readline/readline.c,1801,['libreadline'],['libreadline'],libreadline,FALSE
lib/readline/readline.c,193,readline_initialize_everything,functionimpl,lib/readline/readline.c,1799,['libreadline'],['libreadline'],libreadline,FALSE
lib/readline/readline.h,194,rl_completer_word_break_characters,var,lib/readline/readline.h,1874,['libreadline'],['libreadline'],libreadline,FALSE
lib/readline/readline.h,194,rl_basic_word_break_characters,var,lib/readline/readline.h,1873,['libreadline'],['libreadline'],libreadline,FALSE
lib/readline/readline.h,194,readline_state,type,lib/readline/readline.h,1870,['libreadline'],['libreadline'],libreadline,FALSE
lib/readline/readline.c,193,rl_startup_hook,var,lib/readline/readline.c,1861,['libreadline'],['libreadline'],libreadline,FALSE
lib/readline/readline.c,193,rl_pre_input_hook,var,lib/readline/readline.c,1859,['libreadline'],['libreadline'],libreadline,FALSE
lib/readline/readline.c,193,_rl_dispatch,var,lib/readline/readline.c,1811,['libreadline'],['libreadline'],libreadline,FALSE
lib/readline/readline.c,193,readline_internal_charloop,functionimpl,lib/readline/readline.c,1802,['libreadline'],['libreadline'],libreadline,FALSE
lib/readline/readline.c,193,readline_internal,functionimpl,lib/readline/readline.c,1800,['libreadline'],['libreadline'],libreadline,FALSE
lib/readline/readline.c,193,readline_internal_teardown,functionproto,lib/readline/readline.c,1807,['libreadline'],['libreadline'],libreadline,FALSE
lib/readline/readline.c,193,_rl_keyseq_chain_dispose,functionimpl,lib/readline/readline.c,1794,['libreadline'],['libreadline'],libreadline,FALSE
lib/readline/readline.c,193,_rl_keyseq_cxt_dispose,functionproto,lib/readline/readline.c,1806,['libreadline'],['libreadline'],libreadline,FALSE
lib/readline/readline.c,193,rl_initialize,functionimpl,lib/readline/readline.c,1805,['libreadline'],['libreadline'],libreadline,FALSE
lib/readline/readline.c,193,_rl_init_line_state,functionimpl,lib/readline/readline.c,1792,['libreadline'],['libreadline'],libreadline,FALSE
lib/readline/readline.c,193,readline_default_bindings,functionimpl,lib/readline/readline.c,1798,['libreadline'],['libreadline'],libreadline,FALSE
lib/readline/readline.c,193,bind_arrow_keys,functionimpl,lib/readline/readline.c,1797,['libreadline'],['libreadline'],libreadline,FALSE
lib/readline/readline.c,193,cxt,var,lib/readline/readline.c,1830,['libreadline'],['libreadline'],libreadline,FALSE
lib/readline/readline.c,193,key,var,lib/readline/readline.c,1834,['libreadline'],['libreadline'],libreadline,FALSE
lib/readline/readline.c,193,map,var,lib/readline/readline.c,1837,['libreadline'],['libreadline'],libreadline,FALSE
lib/readline/readline.c,193,got_subseq,var,lib/readline/readline.c,1833,['libreadline'],['libreadline'],libreadline,FALSE
lib/readline/readline.c,193,r,var,lib/readline/readline.c,1839,['libreadline'],['libreadline'],libreadline,FALSE
lib/readline/readline.c,193,sp,var,lib/readline/readline.c,1864,['libreadline'],['libreadline'],libreadline,FALSE
lib/readline/readline.c,193,_rl_in_stream,var,lib/readline/readline.c,1817,['libreadline'],['libreadline'],libreadline,FALSE
lib/readline/readline.c,193,rl_instream,var,lib/readline/readline.c,1848,['libreadline'],['libreadline'],libreadline,FALSE
lib/readline/readline.c,193,_rl_out_stream,var,lib/readline/readline.c,1823,['libreadline'],['libreadline'],libreadline,FALSE
lib/readline/readline.c,193,_rl_echoing_p,var,lib/readline/readline.c,1814,['libreadline'],['libreadline'],libreadline,FALSE
lib/readline/readline.c,193,rl_prompt,var,lib/readline/readline.c,1860,['libreadline'],['libreadline'],libreadline,FALSE
lib/readline/readline.c,193,rl_already_prompted,var,lib/readline/readline.c,1840,['libreadline'],['libreadline'],libreadline,FALSE
lib/readline/readline.c,193,nprompt,var,lib/readline/readline.c,1838,['libreadline'],['libreadline'],libreadline,FALSE
lib/readline/readline.c,193,rl_num_chars_to_read,var,lib/readline/readline.c,1854,['libreadline'],['libreadline'],libreadline,FALSE
lib/readline/readline.c,193,rl_done,var,lib/readline/readline.c,1842,['libreadline'],['libreadline'],libreadline,FALSE
lib/readline/readline.c,193,rl_erase_empty_line,var,lib/readline/readline.c,1845,['libreadline'],['libreadline'],libreadline,FALSE
lib/readline/readline.c,193,rl_last_func,var,lib/readline/readline.c,1850,['libreadline'],['libreadline'],libreadline,FALSE
lib/readline/readline.c,193,lastc,var,lib/readline/readline.c,1835,['libreadline'],['libreadline'],libreadline,FALSE
lib/readline/readline.c,193,eof_found,var,lib/readline/readline.c,1832,['libreadline'],['libreadline'],libreadline,FALSE
lib/readline/readline.c,193,lk,var,lib/readline/readline.c,1836,['libreadline'],['libreadline'],libreadline,FALSE
lib/readline/readline.c,193,_rl_last_command_was_kill,var,lib/readline/readline.c,1820,['libreadline'],['libreadline'],libreadline,FALSE
lib/readline/readline.c,193,code,var,lib/readline/readline.c,1829,['libreadline'],['libreadline'],libreadline,FALSE
lib/readline/readline.c,193,rl_pending_input,var,lib/readline/readline.c,1857,['libreadline'],['libreadline'],libreadline,FALSE
lib/readline/readline.c,193,rl_key_sequence_length,var,lib/readline/readline.c,1849,['libreadline'],['libreadline'],libreadline,FALSE
lib/readline/readline.c,193,c,var,lib/readline/readline.c,1828,['libreadline'],['libreadline'],libreadline,FALSE
lib/readline/readline.c,193,_rl_eof_char,var,lib/readline/readline.c,1815,['libreadline'],['libreadline'],libreadline,FALSE
lib/readline/readline.c,193,eof,var,lib/readline/readline.c,1831,['libreadline'],['libreadline'],libreadline,FALSE
lib/readline/readline.c,193,the_line,var,lib/readline/readline.c,1865,['libreadline'],['libreadline'],libreadline,FALSE
lib/readline/readline.c,193,_rl_keyseq_cxt_alloc,functionimpl,lib/readline/readline.c,1795,['libreadline'],['libreadline'],libreadline,FALSE
lib/readline/readline.c,193,_rl_kscxt,var,lib/readline/readline.c,1819,['libreadline'],['libreadline'],libreadline,FALSE
lib/readline/readline.c,193,rl_initialized,var,lib/readline/readline.c,1847,['libreadline'],['libreadline'],libreadline,FALSE
lib/readline/readline.c,193,_rl_parsing_conditionalized_out,var,lib/readline/readline.c,1825,['libreadline'],['libreadline'],libreadline,FALSE
lib/readline/readline.c,193,rl_line_buffer_len,var,lib/readline/readline.c,1852,['libreadline'],['libreadline'],libreadline,FALSE
lib/readline/readline.c,193,rl_terminal_name,var,lib/readline/readline.c,1862,['libreadline'],['libreadline'],libreadline,FALSE
lib/readline/readline.c,193,reset_default_bindings,functionimpl,lib/readline/readline.c,1804,['libreadline'],['libreadline'],libreadline,FALSE
lib/readline/rlshell.h,199,sh_get_env_value,functionproto,lib/readline/rlshell.h,2007,['libreadline'],['libreadline'],libreadline,FALSE
lib/readline/rlprivate.h,198,_rl_strip_prompt,functionproto,lib/readline/rlprivate.h,1948,['libreadline'],['libreadline'],libreadline,FALSE
lib/readline/rlprivate.h,198,_rl_erase_entire_line,functionproto,lib/readline/rlprivate.h,1918,['libreadline'],['libreadline'],libreadline,FALSE
lib/readline/rlprivate.h,198,_rl_vi_initialize_line,functionproto,lib/readline/rlprivate.h,1952,['libreadline'],['libreadline'],libreadline,FALSE
lib/readline/rlprivate.h,198,_rl_set_insert_mode,functionproto,lib/readline/rlprivate.h,1945,['libreadline'],['libreadline'],libreadline,FALSE
lib/readline/rlprivate.h,198,_rl_init_terminal_io,functionproto,lib/readline/rlprivate.h,1923,['libreadline'],['libreadline'],libreadline,FALSE
lib/readline/rlprivate.h,198,_rl_init_eightbit,functionproto,lib/readline/rlprivate.h,1921,['libreadline'],['libreadline'],libreadline,FALSE
lib/readline/rlprivate.h,198,_rl_enable_meta_key,functionproto,lib/readline/rlprivate.h,1917,['libreadline'],['libreadline'],libreadline,FALSE
lib/readline/rlprivate.h,198,_rl_want_redisplay,var,lib/readline/rlprivate.h,1998,['libreadline'],['libreadline'],libreadline,FALSE
lib/readline/rlprivate.h,198,_rl_term_autowrap,var,lib/readline/rlprivate.h,1990,['libreadline'],['libreadline'],libreadline,FALSE
lib/readline/rlprivate.h,198,_rl_screenchars,var,lib/readline/rlprivate.h,1986,['libreadline'],['libreadline'],libreadline,FALSE
lib/readline/rlprivate.h,198,_rl_screenheight,var,lib/readline/rlprivate.h,1987,['libreadline'],['libreadline'],libreadline,FALSE
lib/readline/rlprivate.h,198,_rl_keyseq_cxt,alias,lib/readline/rlprivate.h,1899,['libreadline'],['libreadline'],libreadline,FALSE
lib/readline/rlprivate.h,198,readline_internal_setup,functionproto,lib/readline/rlprivate.h,1955,['libreadline'],['libreadline'],libreadline,FALSE
lib/readline/rlprivate.h,198,_rl_internal_char_cleanup,functionproto,lib/readline/rlprivate.h,1925,['libreadline'],['libreadline'],libreadline,FALSE
lib/readline/rlprivate.h,198,readline_internal_char,functionproto,lib/readline/rlprivate.h,1954,['libreadline'],['libreadline'],libreadline,FALSE
lib/readline/rlprivate.h,198,_rl_init_line_state,functionproto,lib/readline/rlprivate.h,1922,['libreadline'],['libreadline'],libreadline,FALSE
lib/readline/rlprivate.h,198,_rl_keyseq_cxt_alloc,functionproto,lib/readline/rlprivate.h,1928,['libreadline'],['libreadline'],libreadline,FALSE
lib/readline/rlprivate.h,198,_rl_keyseq_chain_dispose,functionproto,lib/readline/rlprivate.h,1927,['libreadline'],['libreadline'],libreadline,FALSE
lib/sh/pathcanon.c,246,path,var,lib/sh/pathcanon.c,2335,['libsh'],['libsh'],libsh,FALSE
lib/sh/pathcanon.c,246,flags,var,lib/sh/pathcanon.c,2334,['libsh'],['libsh'],libsh,FALSE
bashline.c,17,bashline,file,bashline.c,44,['general'],['general'],general,FALSE
jobs.c,104,notify_and_cleanup,functionimpl,jobs.c,788,['job_control'],['job_control'],job_control,FALSE
shell.c,315,startup_state,var,shell.c,2915,['general'],['general'],general,FALSE
jobs.c,104,initialize_job_signals,functionimpl,jobs.c,783,['job_control'],['job_control'],job_control,FALSE
jobs.c,104,end_job_control,functionimpl,jobs.c,777,['job_control'],['job_control'],job_control,FALSE
shell.h,316,startup_state,var,shell.h,2933,['general'],['general'],general,FALSE
jobs.c,104,wait_for_background_pids,functionimpl,jobs.c,803,['job_control'],['job_control'],job_control,FALSE
lib/malloc/table.c,154,table,file,lib/malloc/table.c,1243,['libmalloc'],['libmalloc'],libmalloc,FALSE
lib/malloc/table.c,154,mem,var,lib/malloc/table.c,1252,['libmalloc'],['libmalloc'],libmalloc,FALSE
lib/malloc/table.c,154,mregister_table_init,functionimpl,lib/malloc/table.c,1245,['libmalloc'],['libmalloc'],libmalloc,FALSE
lib/malloc/table.c,154,mem_table,var,lib/malloc/table.c,1254,['libmalloc'],['libmalloc'],libmalloc,FALSE
lib/malloc/table.c,154,mem_overflow,var,lib/malloc/table.c,1253,['libmalloc'],['libmalloc'],libmalloc,FALSE
lib/malloc/table.c,154,table_count,var,lib/malloc/table.c,1256,['libmalloc'],['libmalloc'],libmalloc,FALSE
lib/malloc/table.c,154,find_entry,functionproto,lib/malloc/table.c,1246,['libmalloc'],['libmalloc'],libmalloc,FALSE
lib/malloc/table.c,154,mregister_describe_mem,functionproto,lib/malloc/table.c,1248,['libmalloc'],['libmalloc'],libmalloc,FALSE
lib/malloc/table.c,154,mregister_alloc,functionproto,lib/malloc/table.c,1247,['libmalloc'],['libmalloc'],libmalloc,FALSE
lib/malloc/table.c,154,size,var,lib/malloc/table.c,1255,['libmalloc'],['libmalloc'],libmalloc,FALSE
lib/malloc/table.c,154,file,var,lib/malloc/table.c,1250,['libmalloc'],['libmalloc'],libmalloc,FALSE
lib/malloc/table.c,154,line,var,lib/malloc/table.c,1251,['libmalloc'],['libmalloc'],libmalloc,FALSE
lib/malloc/table.c,154,mregister_free,functionproto,lib/malloc/table.c,1249,['libmalloc'],['libmalloc'],libmalloc,FALSE
lib/malloc/table.h,155,table,file,lib/malloc/table.h,1258,['general'],['general'],general,FALSE
lib/malloc/table.h,155,mr_table,type,lib/malloc/table.h,1262,['general'],['general'],general,FALSE
lib/malloc/table.c,154,mregister_dump_table,functionimpl,lib/malloc/table.c,1244,['libmalloc'],['libmalloc'],libmalloc,FALSE
lib/malloc/table.h,155,mregister_dump_table,functionproto,lib/malloc/table.h,1260,['general'],['general'],general,FALSE
lib/malloc/table.h,155,mregister_table_init,functionproto,lib/malloc/table.h,1261,['general'],['general'],general,FALSE
lib/readline/histexpand.c,174,line,var,lib/readline/histexpand.c,1581,"['libreadline', 'libhistory']","['libreadline', 'libhistory']",libhistory,TRUE
lib/readline/nls.c,187,_rl_init_eightbit,functionimpl,lib/readline/nls.c,1778,['libreadline'],['libreadline'],libreadline,FALSE
lib/readline/misc.c,186,_rl_set_insert_mode,functionproto,lib/readline/misc.c,1759,['libreadline'],['libreadline'],libreadline,FALSE
lib/readline/rlprivate.h,198,_rl_callback_data_alloc,functionproto,lib/readline/rlprivate.h,1911,['libreadline'],['libreadline'],libreadline,FALSE
lib/readline/rlprivate.h,198,_rl_callback_generic_arg,alias,lib/readline/rlprivate.h,1898,['libreadline'],['libreadline'],libreadline,FALSE
lib/readline/rlprivate.h,198,_rl_scxt_alloc,functionproto,lib/readline/rlprivate.h,1944,['libreadline'],['libreadline'],libreadline,FALSE
lib/readline/histexpand.c,174,ind,var,lib/readline/histexpand.c,1578,"['libreadline', 'libhistory']","['libreadline', 'libhistory']",libhistory,TRUE
lib/readline/histexpand.c,174,postproc_subst_rhs,functionimpl,lib/readline/histexpand.c,1563,"['libreadline', 'libhistory']","['libreadline', 'libhistory']",libhistory,TRUE
builtins/evalstring.c,28,parse_and_execute_cleanup,functionimpl,builtins/evalstring.c,121,['libbuiltins'],['libbuiltins'],libbuiltins,FALSE
builtins/common.h,26,parse_and_execute_cleanup,functionproto,builtins/common.h,108,['libbuiltins'],['libbuiltins'],libbuiltins,FALSE
lib/sh/netconn.c,243,netconn,file,lib/sh/netconn.c,2316,['libsh'],['libsh'],libsh,FALSE
lib/readline/rlconf.h,195,rlconf,file,lib/readline/rlconf.h,1894,['libreadline'],['libreadline'],libreadline,FALSE
lib/readline/mbutil.c,185,mbutil,file,lib/readline/mbutil.c,1728,['libreadline'],['libreadline'],libreadline,FALSE
lib/readline/util.c,215,util,file,lib/readline/util.c,2177,['libreadline'],['libreadline'],libreadline,FALSE
lib/readline/util.c,215,c,var,lib/readline/util.c,2183,['libreadline'],['libreadline'],libreadline,FALSE
lib/readline/util.c,215,_rl_allow_pathname_alphabetic_chars,var,lib/readline/util.c,2182,['libreadline'],['libreadline'],libreadline,FALSE
lib/readline/util.c,215,pathname_alphabetic_chars,var,lib/readline/util.c,2188,['libreadline'],['libreadline'],libreadline,FALSE
lib/readline/util.c,215,count,var,lib/readline/util.c,2184,['libreadline'],['libreadline'],libreadline,FALSE
lib/readline/util.c,215,key,var,lib/readline/util.c,2187,['libreadline'],['libreadline'],libreadline,FALSE
lib/readline/util.c,215,ignore,var,lib/readline/util.c,2186,['libreadline'],['libreadline'],libreadline,FALSE
lib/readline/util.c,215,string1,var,lib/readline/util.c,2191,['libreadline'],['libreadline'],libreadline,FALSE
lib/readline/util.c,215,string2,var,lib/readline/util.c,2192,['libreadline'],['libreadline'],libreadline,FALSE
lib/readline/util.c,215,s1,var,lib/readline/util.c,2189,['libreadline'],['libreadline'],libreadline,FALSE
lib/readline/util.c,215,s2,var,lib/readline/util.c,2190,['libreadline'],['libreadline'],libreadline,FALSE
lib/readline/util.c,215,rl_abort,functionproto,lib/readline/util.c,2181,['libreadline'],['libreadline'],libreadline,FALSE
lib/readline/util.c,215,_rl_ttymsg,functionproto,lib/readline/util.c,2180,['libreadline'],['libreadline'],libreadline,FALSE
lib/readline/util.c,215,format,var,lib/readline/util.c,2185,['libreadline'],['libreadline'],libreadline,FALSE
lib/readline/util.c,215,_rl_errmsg,functionproto,lib/readline/util.c,2179,['libreadline'],['libreadline'],libreadline,FALSE
lib/readline/complete.c,163,rl_completer_word_break_characters,var,lib/readline/complete.c,1393,['libreadline'],['libreadline'],libreadline,FALSE
lib/readline/complete.c,163,rl_basic_word_break_characters,var,lib/readline/complete.c,1391,['libreadline'],['libreadline'],libreadline,FALSE
lib/readline/terminal.c,210,terminal,file,lib/readline/terminal.c,2078,['libreadline'],['libreadline'],libreadline,FALSE
lib/readline/display.c,164,rl_redisplay_function,var,lib/readline/display.c,1493,['libreadline'],['libreadline'],libreadline,FALSE
lib/readline/display.c,164,_rl_strip_prompt,var,lib/readline/display.c,1429,['libreadline'],['libreadline'],libreadline,FALSE
lib/readline/display.c,164,_rl_want_redisplay,var,lib/readline/display.c,1431,['libreadline'],['libreadline'],libreadline,FALSE
lib/readline/display.c,164,_rl_erase_entire_line,functionimpl,lib/readline/display.c,1405,['libreadline'],['libreadline'],libreadline,FALSE
lib/readline/terminal.c,210,rl_crlf,functionimpl,lib/readline/terminal.c,2080,['libreadline'],['libreadline'],libreadline,FALSE
lib/readline/tcap.h,209,tputs,functionproto,lib/readline/tcap.h,2077,['libreadline'],['libreadline'],libreadline,FALSE
lib/readline/terminal.c,210,rl_ding,functionimpl,lib/readline/terminal.c,2081,['libreadline'],['libreadline'],libreadline,FALSE
lib/readline/terminal.c,210,_rl_enable_meta_key,functionimpl,lib/readline/terminal.c,2079,['libreadline'],['libreadline'],libreadline,FALSE
lib/readline/tcap.h,209,tcap,file,lib/readline/tcap.h,2076,['libreadline'],['libreadline'],libreadline,FALSE
support/zecho.c,331,main,functionproto,support/zecho.c,3335,['support'],['support'],support,FALSE
support/zecho.c,331,argc,var,support/zecho.c,3336,['support'],['support'],support,FALSE
support/zecho.c,331,argv,var,support/zecho.c,3337,['support'],['support'],support,FALSE
lib/readline/terminal.c,210,rl_reset_screen_size,functionimpl,lib/readline/terminal.c,2082,['libreadline'],['libreadline'],libreadline,FALSE
lib/readline/terminal.c,210,_rl_get_screen_size,functionproto,lib/readline/terminal.c,2084,['libreadline'],['libreadline'],libreadline,FALSE
lib/readline/terminal.c,210,rl_resize_terminal,functionimpl,lib/readline/terminal.c,2083,['libreadline'],['libreadline'],libreadline,FALSE
lib/readline/terminal.c,210,_rl_term_at7,var,lib/readline/terminal.c,2097,['libreadline'],['libreadline'],libreadline,FALSE
lib/readline/terminal.c,210,_rl_term_DC,var,lib/readline/terminal.c,2095,['libreadline'],['libreadline'],libreadline,FALSE
lib/readline/terminal.c,210,_rl_term_IC,var,lib/readline/terminal.c,2096,['libreadline'],['libreadline'],libreadline,FALSE
lib/readline/terminal.c,210,_rl_term_clreol,var,lib/readline/terminal.c,2100,['libreadline'],['libreadline'],libreadline,FALSE
lib/readline/terminal.c,210,_rl_term_clrpag,var,lib/readline/terminal.c,2101,['libreadline'],['libreadline'],libreadline,FALSE
lib/readline/terminal.c,210,_rl_term_cr,var,lib/readline/terminal.c,2102,['libreadline'],['libreadline'],libreadline,FALSE
lib/readline/terminal.c,210,_rl_term_dc,var,lib/readline/terminal.c,2103,['libreadline'],['libreadline'],libreadline,FALSE
lib/readline/terminal.c,210,_rl_term_ei,var,lib/readline/terminal.c,2104,['libreadline'],['libreadline'],libreadline,FALSE
lib/readline/terminal.c,210,_rl_term_ic,var,lib/readline/terminal.c,2106,['libreadline'],['libreadline'],libreadline,FALSE
lib/readline/terminal.c,210,_rl_term_im,var,lib/readline/terminal.c,2107,['libreadline'],['libreadline'],libreadline,FALSE
lib/readline/terminal.c,210,_rl_term_kD,var,lib/readline/terminal.c,2108,['libreadline'],['libreadline'],libreadline,FALSE
lib/readline/terminal.c,210,_rl_term_kH,var,lib/readline/terminal.c,2109,['libreadline'],['libreadline'],libreadline,FALSE
lib/readline/terminal.c,210,_rl_term_kI,var,lib/readline/terminal.c,2110,['libreadline'],['libreadline'],libreadline,FALSE
lib/readline/terminal.c,210,_rl_term_kd,var,lib/readline/terminal.c,2111,['libreadline'],['libreadline'],libreadline,FALSE
lib/readline/terminal.c,210,_rl_term_ke,var,lib/readline/terminal.c,2112,['libreadline'],['libreadline'],libreadline,FALSE
lib/readline/terminal.c,210,_rl_term_kh,var,lib/readline/terminal.c,2113,['libreadline'],['libreadline'],libreadline,FALSE
lib/readline/terminal.c,210,_rl_term_kl,var,lib/readline/terminal.c,2114,['libreadline'],['libreadline'],libreadline,FALSE
lib/readline/terminal.c,210,_rl_term_kr,var,lib/readline/terminal.c,2115,['libreadline'],['libreadline'],libreadline,FALSE
lib/readline/terminal.c,210,_rl_term_ks,var,lib/readline/terminal.c,2116,['libreadline'],['libreadline'],libreadline,FALSE
lib/readline/terminal.c,210,_rl_term_ku,var,lib/readline/terminal.c,2117,['libreadline'],['libreadline'],libreadline,FALSE
lib/readline/terminal.c,210,_rl_term_backspace,var,lib/readline/terminal.c,2099,['libreadline'],['libreadline'],libreadline,FALSE
lib/readline/terminal.c,210,_rl_term_mm,var,lib/readline/terminal.c,2118,['libreadline'],['libreadline'],libreadline,FALSE
lib/readline/terminal.c,210,_rl_term_mo,var,lib/readline/terminal.c,2119,['libreadline'],['libreadline'],libreadline,FALSE
lib/readline/terminal.c,210,_rl_term_forward_char,var,lib/readline/terminal.c,2105,['libreadline'],['libreadline'],libreadline,FALSE
lib/readline/terminal.c,210,_rl_term_pc,var,lib/readline/terminal.c,2120,['libreadline'],['libreadline'],libreadline,FALSE
lib/readline/terminal.c,210,_rl_term_up,var,lib/readline/terminal.c,2121,['libreadline'],['libreadline'],libreadline,FALSE
lib/readline/terminal.c,210,_rl_visible_bell,var,lib/readline/terminal.c,2124,['libreadline'],['libreadline'],libreadline,FALSE
lib/readline/terminal.c,210,_rl_term_vs,var,lib/readline/terminal.c,2123,['libreadline'],['libreadline'],libreadline,FALSE
lib/readline/terminal.c,210,_rl_term_ve,var,lib/readline/terminal.c,2122,['libreadline'],['libreadline'],libreadline,FALSE
lib/readline/terminal.c,210,count,var,lib/readline/terminal.c,2125,['libreadline'],['libreadline'],libreadline,FALSE
lib/readline/terminal.c,210,_rl_output_character_function,functionproto,lib/readline/terminal.c,2086,['libreadline'],['libreadline'],libreadline,FALSE
lib/readline/terminal.c,210,term_has_meta,var,lib/readline/terminal.c,2126,['libreadline'],['libreadline'],libreadline,FALSE
lib/readline/terminal.c,210,_tc_string,type,lib/readline/terminal.c,2088,['libreadline'],['libreadline'],libreadline,FALSE
support/bashversion.c,324,usage,functionimpl,support/bashversion.c,3113,['support'],['support'],support,FALSE
support/bashversion.c,324,progname,var,support/bashversion.c,3114,['support'],['support'],support,FALSE
lib/sh/strtrans.c,273,strtrans,file,lib/sh/strtrans.c,2502,['libsh'],['libsh'],libsh,FALSE
support/printenv.c,327,printenv,file,support/printenv.c,3327,['support'],['support'],support,FALSE
lib/sh/rename.c,248,rename,file,lib/sh/rename.c,2341,['libsh'],['libsh'],libsh,FALSE
lib/readline/signals.c,208,rl_set_signals,functionimpl,lib/readline/signals.c,2056,['libreadline'],['libreadline'],libreadline,FALSE
lib/readline/signals.c,208,rl_maybe_set_sighandler,functionproto,lib/readline/signals.c,2058,['libreadline'],['libreadline'],libreadline,FALSE
lib/readline/signals.c,208,rl_clear_signals,functionimpl,lib/readline/signals.c,2053,['libreadline'],['libreadline'],libreadline,FALSE
lib/readline/signals.c,208,rl_sigaction,var,lib/readline/signals.c,2070,['libreadline'],['libreadline'],libreadline,FALSE
lib/readline/signals.c,208,rl_set_sighandler,functionproto,lib/readline/signals.c,2059,['libreadline'],['libreadline'],libreadline,FALSE
lib/readline/signals.c,208,SigHandler,functionproto,lib/readline/signals.c,2057,['libreadline'],['libreadline'],libreadline,FALSE
lib/readline/signals.c,208,sig,var,lib/readline/signals.c,2072,['libreadline'],['libreadline'],libreadline,FALSE
lib/readline/signals.c,208,nh,var,lib/readline/signals.c,2064,['libreadline'],['libreadline'],libreadline,FALSE
lib/readline/signals.c,208,oh,var,lib/readline/signals.c,2065,['libreadline'],['libreadline'],libreadline,FALSE
lib/readline/signals.c,208,handler,var,lib/readline/signals.c,2063,['libreadline'],['libreadline'],libreadline,FALSE
lib/readline/signals.c,208,ohandler,var,lib/readline/signals.c,2066,['libreadline'],['libreadline'],libreadline,FALSE
lib/readline/signals.c,208,rl_catch_signals,var,lib/readline/signals.c,2069,['libreadline'],['libreadline'],libreadline,FALSE
lib/readline/signals.c,208,signals_set_flag,var,lib/readline/signals.c,2074,['libreadline'],['libreadline'],libreadline,FALSE
lib/readline/signals.c,208,rl_signal_handler,var,lib/readline/signals.c,2071,['libreadline'],['libreadline'],libreadline,FALSE
lib/readline/signals.c,208,old_int,var,lib/readline/signals.c,2067,['libreadline'],['libreadline'],libreadline,FALSE
lib/readline/signals.c,208,old_term,var,lib/readline/signals.c,2068,['libreadline'],['libreadline'],libreadline,FALSE
lib/readline/signals.c,208,dummy,var,lib/readline/signals.c,2061,['libreadline'],['libreadline'],libreadline,FALSE
lib/readline/signals.c,208,entry,var,lib/readline/signals.c,2062,['libreadline'],['libreadline'],libreadline,FALSE
lib/readline/signals.c,208,sigint_blocked,var,lib/readline/signals.c,2073,['libreadline'],['libreadline'],libreadline,FALSE
lib/readline/signals.c,208,sigwinch_blocked,var,lib/readline/signals.c,2075,['libreadline'],['libreadline'],libreadline,FALSE
lib/readline/signals.c,208,,type,lib/readline/signals.c,2060,['libreadline'],['libreadline'],libreadline,FALSE
assoc.h,11,assoc_quote,functionproto,assoc.h,36,['general'],['general'],general,FALSE
assoc.h,11,assoc_quote_escapes,functionproto,assoc.h,37,['general'],['general'],general,FALSE
assoc.h,11,assoc_dequote,functionproto,assoc.h,34,['general'],['general'],general,FALSE
assoc.h,11,assoc_dequote_escapes,functionproto,assoc.h,35,['general'],['general'],general,FALSE
assoc.h,11,assoc_remove_quoted_nulls,functionproto,assoc.h,38,['general'],['general'],general,FALSE
lib/readline/parens.c,188,parens,file,lib/readline/parens.c,1785,['libreadline'],['libreadline'],libreadline,FALSE
lib/readline/posixselect.h,191,posixselect,file,lib/readline/posixselect.h,1789,['libreadline'],['libreadline'],libreadline,FALSE
lib/readline/tilde.c,212,tilde,file,lib/readline/tilde.c,2144,['libreadline'],['libreadline'],libreadline,FALSE
lib/readline/tilde.h,213,tilde,file,lib/readline/tilde.h,2151,['libreadline'],['libreadline'],libreadline,FALSE
lib/readline/tilde.c,212,default_prefixes,var,lib/readline/tilde.c,2146,['libreadline'],['libreadline'],libreadline,FALSE
lib/readline/tilde.c,212,default_suffixes,var,lib/readline/tilde.c,2147,['libreadline'],['libreadline'],libreadline,FALSE
lib/readline/rltty.c,201,rl_deprep_term_function,var,lib/readline/rltty.c,2017,['libreadline'],['libreadline'],libreadline,FALSE
lib/readline/rltty.c,201,rl_prep_term_function,var,lib/readline/rltty.c,2018,['libreadline'],['libreadline'],libreadline,FALSE
siglist.c,319,initialize_siglist,functionimpl,siglist.c,2981,['signal_handling'],['signal_handling'],signal_handling,FALSE
lib/malloc/mstats.h,150,mstats,file,lib/malloc/mstats.h,1225,['general'],['general'],general,FALSE
lib/malloc/mstats.h,150,malloc_bucket_stats,functionproto,lib/malloc/mstats.h,1226,['general'],['general'],general,FALSE
lib/malloc/mstats.h,150,bucket_stats,type,lib/malloc/mstats.h,1229,['general'],['general'],general,FALSE
lib/malloc/mstats.h,150,malloc_stats,functionproto,lib/malloc/mstats.h,1227,['general'],['general'],general,FALSE
lib/malloc/mstats.h,150,_malstats,type,lib/malloc/mstats.h,1228,['general'],['general'],general,FALSE
y.tab.c,344,alloca,var,y.tab.c,3748,['general'],['general'],general,FALSE
lib/glob/glob.c,107,glob,file,lib/glob/glob.c,946,['libglob'],['libglob'],libglob,FALSE
lib/sh/strcasestr.c,257,strcasestr,file,lib/sh/strcasestr.c,2409,['libsh'],['libsh'],libsh,FALSE
lib/intl/gettextP.h,126,SWAP,functionproto,lib/intl/gettextP.h,1033,['libintl'],['libintl'],libintl,FALSE
lib/intl/gmo.h,127,nls_uint32,alias,lib/intl/gmo.h,1038,['libintl'],['libintl'],libintl,FALSE
lib/intl/gmo.h,127,string_desc,type,lib/intl/gmo.h,1041,['libintl'],['libintl'],libintl,FALSE
lib/intl/gettextP.h,126,sysdep_string_desc,type,lib/intl/gettextP.h,1037,['libintl'],['libintl'],libintl,FALSE
lib/sh/stringlist.c,261,stringlist,file,lib/sh/stringlist.c,2452,['libsh'],['libsh'],libsh,FALSE
lib/readline/input.c,180,input,file,lib/readline/input.c,1649,['libreadline'],['libreadline'],libreadline,FALSE
lib/readline/display.c,164,_rl_redisplay_after_sigwinch,functionimpl,lib/readline/display.c,1406,['libreadline'],['libreadline'],libreadline,FALSE
lib/intl/gettextP.h,126,_nl_find_domain,functionproto,lib/intl/gettextP.h,1034,['libintl'],['libintl'],libintl,FALSE
include/shmbchar.h,96,shmbchar,file,include/shmbchar.h,741,['general'],['general'],general,FALSE
lib/sh/mktime.c,242,year,var,lib/sh/mktime.c,2315,['libsh'],['libsh'],libsh,FALSE
lib/sh/mktime.c,242,yday,var,lib/sh/mktime.c,2314,['libsh'],['libsh'],libsh,FALSE
lib/sh/mktime.c,242,hour,var,lib/sh/mktime.c,2309,['libsh'],['libsh'],libsh,FALSE
lib/sh/mktime.c,242,min,var,lib/sh/mktime.c,2310,['libsh'],['libsh'],libsh,FALSE
lib/sh/mktime.c,242,sec,var,lib/sh/mktime.c,2312,['libsh'],['libsh'],libsh,FALSE
lib/sh/mktime.c,242,tp,var,lib/sh/mktime.c,2313,['libsh'],['libsh'],libsh,FALSE
lib/sh/mktime.c,242,offset,var,lib/sh/mktime.c,2311,['libsh'],['libsh'],libsh,FALSE
lib/malloc/trace.c,156,trace,file,lib/malloc/trace.c,1263,['libmalloc'],['libmalloc'],libmalloc,FALSE
lib/sh/strtoull.c,271,strtoull,file,lib/sh/strtoull.c,2500,['libsh'],['libsh'],libsh,FALSE
bashhist.h,14,bashhist,file,bashhist.h,41,['general'],['general'],general,FALSE
lib/intl/intl-compat.c,129,dgettext,functionproto,lib/intl/intl-compat.c,1046,['libintl'],['libintl'],libintl,FALSE
lib/intl/intl-compat.c,129,domainname,var,lib/intl/intl-compat.c,1049,['libintl'],['libintl'],libintl,FALSE
lib/intl/intl-compat.c,129,dcgettext,functionproto,lib/intl/intl-compat.c,1045,['libintl'],['libintl'],libintl,FALSE
lib/intl/intl-compat.c,129,category,var,lib/intl/intl-compat.c,1048,['libintl'],['libintl'],libintl,FALSE
lib/intl/intl-compat.c,129,ngettext,functionproto,lib/intl/intl-compat.c,1047,['libintl'],['libintl'],libintl,FALSE
lib/intl/intl-compat.c,129,msgid1,var,lib/intl/intl-compat.c,1050,['libintl'],['libintl'],libintl,FALSE
lib/intl/intl-compat.c,129,msgid2,var,lib/intl/intl-compat.c,1051,['libintl'],['libintl'],libintl,FALSE
lib/intl/intl-compat.c,129,n,var,lib/intl/intl-compat.c,1052,['libintl'],['libintl'],libintl,FALSE
lib/intl/intl-compat.c,129,intl-compat,file,lib/intl/intl-compat.c,1044,['libintl'],['libintl'],libintl,FALSE
lib/sh/netopen.c,244,netopen,functionproto,lib/sh/netopen.c,2320,['libsh'],['libsh'],libsh,FALSE
lib/sh/netopen.c,244,path,var,lib/sh/netopen.c,2321,['libsh'],['libsh'],libsh,FALSE
lib/readline/readline.h,194,rl_instream,var,lib/readline/readline.h,1882,['libreadline'],['libreadline'],libreadline,FALSE
lib/readline/readline.c,193,_rl_bell_preference,var,lib/readline/readline.c,1808,['libreadline'],['libreadline'],libreadline,FALSE
lib/sh/pathphys.c,247,path,var,lib/sh/pathphys.c,2340,"['libsh', 'libsh']",['libsh'],libsh,FALSE
lib/sh/pathphys.c,247,flags,var,lib/sh/pathphys.c,2339,"['libsh', 'libsh']",['libsh'],libsh,FALSE
lib/readline/rlprivate.h,198,_rl_redisplay_after_sigwinch,functionproto,lib/readline/rlprivate.h,1937,['libreadline'],['libreadline'],libreadline,FALSE
lib/readline/rlprivate.h,198,_rl_echoing_p,var,lib/readline/rlprivate.h,1968,['libreadline'],['libreadline'],libreadline,FALSE
lib/readline/rlprivate.h,198,_rl_out_stream,var,lib/readline/rlprivate.h,1981,['libreadline'],['libreadline'],libreadline,FALSE
lib/readline/rlprivate.h,198,_rl_bell_preference,var,lib/readline/rlprivate.h,1958,['libreadline'],['libreadline'],libreadline,FALSE
support/signames.c,329,initialize_signames,functionimpl,support/signames.c,3329,['support'],['support'],support,FALSE
support/signames.c,329,i,var,support/signames.c,3330,['support'],['support'],support,FALSE
support/signames.c,329,signal_names_size,var,support/signames.c,3332,['support'],['support'],support,FALSE
support/signames.c,329,signal_names,var,support/signames.c,3331,['support'],['support'],support,FALSE
lib/malloc/watch.h,158,watch,file,lib/malloc/watch.h,1271,['general'],['general'],general,FALSE
lib/sh/shtty.c,253,ttsetattr,var,lib/sh/shtty.c,2367,['libsh'],['libsh'],libsh,FALSE
subst.c,322,list_rest_of_args,functionimpl,subst.c,3000,['general'],['general'],general,FALSE
lib/sh/dprintf.c,224,dprintf,file,lib/sh/dprintf.c,2246,['libsh'],['libsh'],libsh,FALSE
externs.h,77,strlist_create,functionproto,externs.h,562,['general'],['general'],general,FALSE
externs.h,77,STRINGLIST,alias,externs.h,531,['general'],['general'],general,FALSE
externs.h,77,strlist_resize,functionproto,externs.h,565,['general'],['general'],general,FALSE
externs.h,77,strlist_copy,functionproto,externs.h,561,['general'],['general'],general,FALSE
externs.h,77,strlist_merge,functionproto,externs.h,563,['general'],['general'],general,FALSE
externs.h,77,strlist_append,functionproto,externs.h,560,['general'],['general'],general,FALSE
externs.h,77,strlist_prefix_suffix,functionproto,externs.h,564,['general'],['general'],general,FALSE
lib/sh/stringlist.c,261,strlist_create,functionproto,lib/sh/stringlist.c,2453,['libsh'],['libsh'],libsh,FALSE
lib/sh/stringlist.c,261,strlist_merge,functionproto,lib/sh/stringlist.c,2455,['libsh'],['libsh'],libsh,FALSE
lib/sh/stringlist.c,261,strlist_from_word_list,functionproto,lib/sh/stringlist.c,2454,['libsh'],['libsh'],libsh,FALSE
externs.h,77,_list_of_strings,type,externs.h,575,['general'],['general'],general,FALSE
lib/sh/stringvec.c,262,strvec_create,functionproto,lib/sh/stringvec.c,2469,['libsh'],['libsh'],libsh,FALSE
findcmd.c,78,findcmd,file,findcmd.c,576,['general'],['general'],general,FALSE
lib/readline/vi_mode.c,217,_rl_vi_backup,functionimpl,lib/readline/vi_mode.c,2195,['libreadline'],['libreadline'],libreadline,FALSE
lib/readline/vi_mode.c,217,rl_vi_check,functionimpl,lib/readline/vi_mode.c,2202,['libreadline'],['libreadline'],libreadline,FALSE
lib/readline/vi_keymap.c,216,vi_keymap,file,lib/readline/vi_keymap.c,2193,['libreadline'],['libreadline'],libreadline,FALSE
include/systimes.h,100,systimes,file,include/systimes.h,753,['general'],['general'],general,FALSE
lib/malloc/xmalloc.c,159,xmalloc,file,lib/malloc/xmalloc.c,1272,['libmalloc'],['libmalloc'],libmalloc,FALSE
lib/malloc/xmalloc.c,159,pointer,var,lib/malloc/xmalloc.c,1275,['libmalloc'],['libmalloc'],libmalloc,FALSE
lib/malloc/xmalloc.c,159,bytes,var,lib/malloc/xmalloc.c,1274,['libmalloc'],['libmalloc'],libmalloc,FALSE
lib/malloc/xmalloc.c,159,xfree,functionproto,lib/malloc/xmalloc.c,1273,['libmalloc'],['libmalloc'],libmalloc,FALSE
lib/malloc/xmalloc.c,159,string,var,lib/malloc/xmalloc.c,1276,['libmalloc'],['libmalloc'],libmalloc,FALSE
expr.c,76,lvalue,type,expr.c,486,['general'],['general'],general,FALSE
lib/intl/gmo.h,127,sysdep_string,type,lib/intl/gmo.h,1042,['libintl'],['libintl'],libintl,FALSE
lib/intl/gmo.h,127,segment_pair,type,lib/intl/gmo.h,1040,['libintl'],['libintl'],libintl,FALSE
lib/tilde/tilde.h,295,tilde_expansion_preexpansion_hook,var,lib/tilde/tilde.h,2587,['libtilde'],['libtilde'],libtilde,FALSE
lib/tilde/tilde.h,295,tilde_additional_prefixes,var,lib/tilde/tilde.h,2585,['libtilde'],['libtilde'],libtilde,FALSE
lib/tilde/tilde.h,295,tilde_additional_suffixes,var,lib/tilde/tilde.h,2586,['libtilde'],['libtilde'],libtilde,FALSE
lib/tilde/tilde.c,294,tilde_expansion_preexpansion_hook,var,lib/tilde/tilde.c,2583,['libtilde'],['libtilde'],libtilde,FALSE
lib/tilde/tilde.c,294,tilde_additional_prefixes,var,lib/tilde/tilde.c,2581,['libtilde'],['libtilde'],libtilde,FALSE
lib/tilde/tilde.c,294,tilde_additional_suffixes,var,lib/tilde/tilde.c,2582,['libtilde'],['libtilde'],libtilde,FALSE
lib/sh/shmbchar.c,251,shmbchar,file,lib/sh/shmbchar.c,2344,['libsh'],['libsh'],libsh,FALSE
lib/intl/dngettext.c,121,dngettext,file,lib/intl/dngettext.c,1010,['libintl'],['libintl'],libintl,FALSE
lib/intl/dngettext.c,121,libintl_dngettext,functionproto,lib/intl/dngettext.c,1011,['libintl'],['libintl'],libintl,FALSE
lib/intl/dngettext.c,121,domainname,var,lib/intl/dngettext.c,1012,['libintl'],['libintl'],libintl,FALSE
lib/intl/dngettext.c,121,msgid1,var,lib/intl/dngettext.c,1013,['libintl'],['libintl'],libintl,FALSE
lib/intl/dngettext.c,121,msgid2,var,lib/intl/dngettext.c,1014,['libintl'],['libintl'],libintl,FALSE
lib/intl/dngettext.c,121,n,var,lib/intl/dngettext.c,1015,['libintl'],['libintl'],libintl,FALSE
lib/readline/readline.h,194,rl_executing_macro,var,lib/readline/readline.h,1879,['libreadline'],['libreadline'],libreadline,FALSE
lib/readline/readline.h,194,rl_last_func,var,lib/readline/readline.h,1883,['libreadline'],['libreadline'],libreadline,FALSE
lib/readline/keymaps.c,182,keymaps,file,lib/readline/keymaps.c,1697,['libreadline'],['libreadline'],libreadline,FALSE
lib/sh/tmpfile.c,276,nameroot,var,lib/sh/tmpfile.c,2517,['libsh'],['libsh'],libsh,FALSE
lib/sh/tmpfile.c,276,flags,var,lib/sh/tmpfile.c,2515,['libsh'],['libsh'],libsh,FALSE
lib/sh/tmpfile.c,276,namep,var,lib/sh/tmpfile.c,2516,['libsh'],['libsh'],libsh,FALSE
lib/sh/tmpfile.c,276,sys_tmpdir,var,lib/sh/tmpfile.c,2518,['libsh'],['libsh'],libsh,FALSE
lib/sh/times.c,274,times,file,lib/sh/times.c,2511,['libsh'],['libsh'],libsh,FALSE
trap.c,335,signal_is_ignored,var,trap.c,3412,['general'],['general'],general,FALSE
trap.h,336,signal_is_ignored,functionproto,trap.h,3437,['general'],['general'],general,FALSE
eval.c,40,eval,file,eval.c,264,['general'],['general'],general,FALSE
variables.c,339,variable_context,var,variables.c,3633,['general'],['general'],general,FALSE
variables.c,339,temporary_env,var,variables.c,3622,['general'],['general'],general,FALSE
variables.c,339,dispose_used_env_vars,functionimpl,variables.c,3473,['general'],['general'],general,FALSE
variables.c,339,find_variable,functionproto,variables.c,3520,['general'],['general'],general,FALSE
lib/readline/rlprivate.h,198,_rl_undo_group_level,var,lib/readline/rlprivate.h,1996,['libreadline'],['libreadline'],libreadline,FALSE
lib/readline/rlprivate.h,198,_rl_vi_reset_last,functionproto,lib/readline/rlprivate.h,1953,['libreadline'],['libreadline'],libreadline,FALSE
lib/readline/rlprivate.h,198,_rl_vi_done_inserting,functionproto,lib/readline/rlprivate.h,1951,['libreadline'],['libreadline'],libreadline,FALSE
lib/glob/strmatch.c,113,strmatch,file,lib/glob/strmatch.c,977,['libglob'],['libglob'],libglob,FALSE
lib/sh/pathcanon.c,246,sh_canonpath,var,lib/sh/pathcanon.c,2336,['libsh'],['libsh'],libsh,FALSE
lib/intl/explodename.c,123,explodename,file,lib/intl/explodename.c,1017,['libintl'],['libintl'],libintl,FALSE
lib/intl/explodename.c,123,name,var,lib/intl/explodename.c,1022,['libintl'],['libintl'],libintl,FALSE
lib/intl/explodename.c,123,language,var,lib/intl/explodename.c,1020,['libintl'],['libintl'],libintl,FALSE
lib/intl/explodename.c,123,modifier,var,lib/intl/explodename.c,1021,['libintl'],['libintl'],libintl,FALSE
lib/intl/explodename.c,123,territory,var,lib/intl/explodename.c,1027,['libintl'],['libintl'],libintl,FALSE
lib/intl/explodename.c,123,codeset,var,lib/intl/explodename.c,1019,['libintl'],['libintl'],libintl,FALSE
lib/intl/explodename.c,123,normalized_codeset,var,lib/intl/explodename.c,1023,['libintl'],['libintl'],libintl,FALSE
lib/intl/explodename.c,123,special,var,lib/intl/explodename.c,1025,['libintl'],['libintl'],libintl,FALSE
lib/intl/explodename.c,123,sponsor,var,lib/intl/explodename.c,1026,['libintl'],['libintl'],libintl,FALSE
lib/intl/explodename.c,123,revision,var,lib/intl/explodename.c,1024,['libintl'],['libintl'],libintl,FALSE
lib/intl/explodename.c,123,_nl_find_language,functionproto,lib/intl/explodename.c,1018,['libintl'],['libintl'],libintl,FALSE
lib/intl/finddomain.c,124,_nl_find_domain,functionproto,lib/intl/finddomain.c,1029,['libintl'],['libintl'],libintl,FALSE
lib/intl/finddomain.c,124,finddomain,file,lib/intl/finddomain.c,1028,['libintl'],['libintl'],libintl,FALSE
builtins/evalstring.c,28,evalstring,file,builtins/evalstring.c,120,['libbuiltins'],['libbuiltins'],libbuiltins,FALSE
jobs.c,104,unfreeze_jobs_list,functionimpl,jobs.c,802,['job_control'],['job_control'],job_control,FALSE
jobs.h,105,unfreeze_jobs_list,functionproto,jobs.h,935,['job_control'],['job_control'],job_control,FALSE
bracecomp.c,20,bracecomp,file,bracecomp.c,48,['general'],['general'],general,FALSE
lib/sh/itos.c,235,inttostr,functionproto,lib/sh/itos.c,2294,['libsh'],['libsh'],libsh,FALSE
lib/intl/finddomain.c,124,domainbinding,var,lib/intl/finddomain.c,1030,['libintl'],['libintl'],libintl,FALSE
lib/sh/zcatfd.c,284,zcatfd,file,lib/sh/zcatfd.c,2530,['libsh'],['libsh'],libsh,FALSE
lib/sh/ufuncs.c,278,fsleep,functionproto,lib/sh/ufuncs.c,2521,['libsh'],['libsh'],libsh,FALSE
lib/sh/ufuncs.c,278,sec,var,lib/sh/ufuncs.c,2522,['libsh'],['libsh'],libsh,FALSE
lib/sh/ufuncs.c,278,usec,var,lib/sh/ufuncs.c,2523,['libsh'],['libsh'],libsh,FALSE
shell.c,315,executing,var,shell.c,2885,['general'],['general'],general,FALSE
shell.c,315,global_command,var,shell.c,2887,['general'],['general'],general,FALSE
shell.h,316,EOF_Reached,var,shell.h,2926,['general'],['general'],general,FALSE
shell.h,316,executing,var,shell.h,2928,['general'],['general'],general,FALSE
execute_cmd.c,74,dispose_exec_redirects,functionimpl,execute_cmd.c,411,['general'],['general'],general,FALSE
command.h,33,command_type,type,command.h,195,['general'],['general'],general,FALSE
command.h,33,for_com,type,command.h,201,['general'],['general'],general,FALSE
command.h,33,case_com,type,command.h,193,['general'],['general'],general,FALSE
command.h,33,while_com,type,command.h,210,['general'],['general'],general,FALSE
command.h,33,if_com,type,command.h,204,['general'],['general'],general,FALSE
command.h,33,simple_com,type,command.h,208,['general'],['general'],general,FALSE
execute_cmd.c,74,async_redirect_stdin,functionimpl,execute_cmd.c,410,['general'],['general'],general,FALSE
dispose_cmd.c,36,dispose_redirects,functionproto,dispose_cmd.c,235,['general'],['general'],general,FALSE
lib/malloc/watch.c,157,watch,file,lib/malloc/watch.c,1264,['libmalloc'],['libmalloc'],libmalloc,FALSE
lib/malloc/watch.c,157,addr,var,lib/malloc/watch.c,1266,['libmalloc'],['libmalloc'],libmalloc,FALSE
lib/malloc/watch.c,157,watch_warn,functionproto,lib/malloc/watch.c,1265,['libmalloc'],['libmalloc'],libmalloc,FALSE
lib/malloc/watch.c,157,file,var,lib/malloc/watch.c,1268,['libmalloc'],['libmalloc'],libmalloc,FALSE
lib/malloc/watch.c,157,line,var,lib/malloc/watch.c,1269,['libmalloc'],['libmalloc'],libmalloc,FALSE
lib/malloc/watch.c,157,type,var,lib/malloc/watch.c,1270,['libmalloc'],['libmalloc'],libmalloc,FALSE
lib/malloc/watch.c,157,data,var,lib/malloc/watch.c,1267,['libmalloc'],['libmalloc'],libmalloc,FALSE
dispose_cmd.h,37,dispose_redirects,functionproto,dispose_cmd.h,240,['general'],['general'],general,FALSE
flags.h,81,initialize_flags,functionproto,flags.h,626,['general'],['general'],general,FALSE
flags.h,81,echo_input_at_read,var,flags.h,630,['general'],['general'],general,FALSE
flags.h,81,privileged_mode,var,flags.h,635,['general'],['general'],general,FALSE
shell.c,315,shell_reinitialize,functionimpl,shell.c,2864,['general'],['general'],general,FALSE
flags.h,81,forced_interactive,var,flags.h,632,['general'],['general'],general,FALSE
shell.c,315,run_shopt_alist,functionimpl,shell.c,2860,['general'],['general'],general,FALSE
execute_cmd.c,74,initialize_subshell,functionimpl,execute_cmd.c,413,['general'],['general'],general,FALSE
variables.c,339,shell_variables,var,variables.c,3616,['general'],['general'],general,FALSE
lib/sh/netconn.c,243,fd,var,lib/sh/netconn.c,2318,['libsh'],['libsh'],libsh,FALSE
lib/sh/input_avail.c,234,input_avail,file,lib/sh/input_avail.c,2292,['libsh'],['libsh'],libsh,FALSE
externs.h,77,isnetconn,functionproto,externs.h,547,['general'],['general'],general,FALSE
externs.h,77,gethostname,functionproto,externs.h,542,['general'],['general'],general,FALSE
shell.c,315,disable_priv_mode,functionimpl,shell.c,2855,['general'],['general'],general,FALSE
externs.h,77,disable_priv_mode,functionproto,externs.h,534,['general'],['general'],general,FALSE
shell.c,315,unbind_args,functionimpl,shell.c,2866,['general'],['general'],general,FALSE
externs.h,77,unbind_args,functionproto,externs.h,570,['general'],['general'],general,FALSE
shell.c,315,get_current_user_info,functionimpl,shell.c,2856,['general'],['general'],general,FALSE
variables.h,340,shell_variables,var,variables.h,3696,['general'],['general'],general,FALSE
variables.h,340,var_context,type,variables.h,3693,['general'],['general'],general,FALSE
lib/malloc/stats.c,152,malloc_stats,functionimpl,lib/malloc/stats.c,1232,['libmalloc'],['libmalloc'],libmalloc,FALSE
lib/malloc/stats.c,152,stats,file,lib/malloc/stats.c,1231,['libmalloc'],['libmalloc'],libmalloc,FALSE
lib/malloc/stats.c,152,s,var,lib/malloc/stats.c,1241,['libmalloc'],['libmalloc'],libmalloc,FALSE
lib/malloc/stats.c,152,fn,var,lib/malloc/stats.c,1238,['libmalloc'],['libmalloc'],libmalloc,FALSE
lib/malloc/stats.c,152,def,var,lib/malloc/stats.c,1235,['libmalloc'],['libmalloc'],libmalloc,FALSE
lib/malloc/stats.c,152,defbuf,var,lib/malloc/stats.c,1236,['libmalloc'],['libmalloc'],libmalloc,FALSE
lib/malloc/stats.c,152,defsiz,var,lib/malloc/stats.c,1237,['libmalloc'],['libmalloc'],libmalloc,FALSE
lib/malloc/stats.c,152,result,var,lib/malloc/stats.c,1240,['libmalloc'],['libmalloc'],libmalloc,FALSE
lib/malloc/stats.c,152,_mstats,var,lib/malloc/stats.c,1234,['libmalloc'],['libmalloc'],libmalloc,FALSE
lib/malloc/stats.c,152,i,var,lib/malloc/stats.c,1239,['libmalloc'],['libmalloc'],libmalloc,FALSE
lib/malloc/stats.c,152,v,var,lib/malloc/stats.c,1242,['libmalloc'],['libmalloc'],libmalloc,FALSE
lib/malloc/stats.c,152,_print_malloc_stats,functionproto,lib/malloc/stats.c,1233,['libmalloc'],['libmalloc'],libmalloc,FALSE
flags.c,80,echo_input_at_read,var,flags.c,599,['general'],['general'],general,FALSE
flags.c,80,privileged_mode,var,flags.c,616,['general'],['general'],general,FALSE
flags.c,80,initialize_flags,functionimpl,flags.c,592,['general'],['general'],general,FALSE
flags.c,80,forced_interactive,var,flags.c,602,['general'],['general'],general,FALSE
y.tab.h,345,y.tab,file,y.tab.h,3848,['general'],['general'],general,FALSE
include/posixwait.h,95,posixwait,file,include/posixwait.h,740,['general'],['general'],general,FALSE
lib/sh/strtoll.c,269,strtoll,file,lib/sh/strtoll.c,2498,['libsh'],['libsh'],libsh,FALSE
array.c,6,array,file,array.c,6,['general'],['general'],general,FALSE
input.h,103,execute_variable_command,functionproto,input.h,759,['general'],['general'],general,FALSE
input.h,103,gather_here_documents,functionproto,input.h,760,['general'],['general'],general,FALSE
input.h,103,bash_input,var,input.h,768,['general'],['general'],general,FALSE
input.h,103,,type,input.h,766,['general'],['general'],general,FALSE
nojobs.c,303,unfreeze_jobs_list,functionimpl,nojobs.c,2756,['job_control'],['job_control'],job_control,FALSE
lib/intl/loadinfo.h,131,_nl_make_l10nflist,functionproto,lib/intl/loadinfo.h,1059,['libintl'],['libintl'],libintl,FALSE
builtins/common.h,26,reset_shell_options,functionproto,builtins/common.h,110,['libbuiltins'],['libbuiltins'],libbuiltins,FALSE
builtins/common.h,26,reset_shopt_options,functionproto,builtins/common.h,111,['libbuiltins'],['libbuiltins'],libbuiltins,FALSE
command.h,33,copy_function_def_contents,functionproto,command.h,187,['general'],['general'],general,FALSE
command.h,33,copy_function_def,functionproto,command.h,186,['general'],['general'],general,FALSE
command.h,33,copy_word,functionproto,command.h,190,['general'],['general'],general,FALSE
command.h,33,WORD_DESC,alias,command.h,182,['general'],['general'],general,FALSE
command.h,33,copy_word_list,functionproto,command.h,191,['general'],['general'],general,FALSE
command.h,33,copy_redirect,functionproto,command.h,188,['general'],['general'],general,FALSE
command.h,33,REDIRECT,alias,command.h,178,['general'],['general'],general,FALSE
command.h,33,copy_redirects,functionproto,command.h,189,['general'],['general'],general,FALSE
command.h,33,copy_command,functionproto,command.h,185,['general'],['general'],general,FALSE
command.h,33,COMMAND,alias,command.h,171,['general'],['general'],general,FALSE
command.h,33,coproc,type,command.h,198,['general'],['general'],general,FALSE
command.h,33,r_instruction,type,command.h,206,['general'],['general'],general,FALSE
command.h,33,connection,type,command.h,197,['general'],['general'],general,FALSE
command.h,33,function_def,type,command.h,202,['general'],['general'],general,FALSE
command.h,33,group_com,type,command.h,203,['general'],['general'],general,FALSE
command.h,33,cond_com,type,command.h,196,['general'],['general'],general,FALSE
command.h,33,subshell_com,type,command.h,209,['general'],['general'],general,FALSE
command.h,33,coproc_com,type,command.h,199,['general'],['general'],general,FALSE
lib/readline/keymaps.c,182,rl_make_keymap,functionimpl,lib/readline/keymaps.c,1699,['libreadline'],['libreadline'],libreadline,FALSE
lib/readline/keymaps.c,182,rl_make_bare_keymap,functionimpl,lib/readline/keymaps.c,1698,['libreadline'],['libreadline'],libreadline,FALSE
lib/readline/keymaps.c,182,keymap,var,lib/readline/keymaps.c,1701,['libreadline'],['libreadline'],libreadline,FALSE
lib/readline/keymaps.c,182,i,var,lib/readline/keymaps.c,1700,['libreadline'],['libreadline'],libreadline,FALSE
lib/readline/keymaps.c,182,newmap,var,lib/readline/keymaps.c,1702,['libreadline'],['libreadline'],libreadline,FALSE
variables.h,340,_value,type,variables.h,3691,['general'],['general'],general,FALSE
lib/readline/xfree.c,218,xfree,file,lib/readline/xfree.c,2233,['libreadline'],['libreadline'],libreadline,FALSE
lib/readline/xfree.c,218,xfree,functionproto,lib/readline/xfree.c,2234,['libreadline'],['libreadline'],libreadline,FALSE
lib/readline/xfree.c,218,string,var,lib/readline/xfree.c,2235,['libreadline'],['libreadline'],libreadline,FALSE
lib/sh/clktck.c,222,get_clk_tck,functionimpl,lib/sh/clktck.c,2243,['libsh'],['libsh'],libsh,FALSE
lib/sh/clktck.c,222,retval,var,lib/sh/clktck.c,2244,['libsh'],['libsh'],libsh,FALSE
builtins/evalfile.c,27,maybe_execute_file,functionproto,builtins/evalfile.c,119,['libbuiltins'],['libbuiltins'],libbuiltins,FALSE
lib/sh/strtrans.c,273,str,var,lib/sh/strtrans.c,2509,['libsh'],['libsh'],libsh,FALSE
lib/sh/strtrans.c,273,flags,var,lib/sh/strtrans.c,2505,['libsh'],['libsh'],libsh,FALSE
lib/sh/strtrans.c,273,rlen,var,lib/sh/strtrans.c,2507,['libsh'],['libsh'],libsh,FALSE
lib/sh/strtrans.c,273,string,var,lib/sh/strtrans.c,2510,['libsh'],['libsh'],libsh,FALSE
lib/sh/strtrans.c,273,start,var,lib/sh/strtrans.c,2508,['libsh'],['libsh'],libsh,FALSE
lib/sh/strtrans.c,273,end,var,lib/sh/strtrans.c,2504,['libsh'],['libsh'],libsh,FALSE
lib/sh/strtrans.c,273,lenp,var,lib/sh/strtrans.c,2506,['libsh'],['libsh'],libsh,FALSE
lib/sh/strtrans.c,273,ansicstr,functionproto,lib/sh/strtrans.c,2503,['libsh'],['libsh'],libsh,FALSE
builtins/common.h,26,maybe_execute_file,functionproto,builtins/common.h,106,['libbuiltins'],['libbuiltins'],libbuiltins,FALSE
builtins/common.h,26,initialize_shell_options,functionproto,builtins/common.h,105,['libbuiltins'],['libbuiltins'],libbuiltins,FALSE
builtins/common.h,26,initialize_bashopts,functionproto,builtins/common.h,103,['libbuiltins'],['libbuiltins'],libbuiltins,FALSE
builtins/common.h,26,shopt_setopt,functionproto,builtins/common.h,116,['libbuiltins'],['libbuiltins'],libbuiltins,FALSE
shell.h,316,fd_bitmap,type,shell.h,2924,['general'],['general'],general,FALSE
execute_cmd.c,74,new_fd_bitmap,functionproto,execute_cmd.c,418,['general'],['general'],general,FALSE
shell.c,315,unset_bash_input,functionproto,shell.c,2869,['general'],['general'],general,FALSE
lib/tilde/tilde.c,294,tilde,file,lib/tilde/tilde.c,2577,['libtilde'],['libtilde'],libtilde,FALSE
lib/tilde/tilde.c,294,default_prefixes,var,lib/tilde/tilde.c,2579,['libtilde'],['libtilde'],libtilde,FALSE
lib/tilde/tilde.c,294,default_suffixes,var,lib/tilde/tilde.c,2580,['libtilde'],['libtilde'],libtilde,FALSE
pcomplete.h,309,compspec_create,functionproto,pcomplete.h,2800,['general'],['general'],general,FALSE
pcomplete.h,309,COMPSPEC,alias,pcomplete.h,2797,['general'],['general'],general,FALSE
pcomplete.h,309,compspec_copy,functionproto,pcomplete.h,2799,['general'],['general'],general,FALSE
pcomplete.h,309,progcomp_search,functionproto,pcomplete.h,2801,['general'],['general'],general,FALSE
pcomplete.h,309,_list_of_items,type,pcomplete.h,2802,['general'],['general'],general,FALSE
pcomplete.h,309,compspec,type,pcomplete.h,2803,['general'],['general'],general,FALSE
support/man2html.c,325,strerror,functionimpl,support/man2html.c,3142,['support'],['support'],support,FALSE
lib/readline/histexpand.c,174,new_size,var,lib/readline/histexpand.c,1582,"['libreadline', 'libhistory']","['libreadline', 'libhistory']",libhistory,TRUE
redir.c,313,fd,var,redir.c,2842,['general'],['general'],general,FALSE
redir.c,313,redirectee,var,redir.c,2849,['general'],['general'],general,FALSE
redir.c,313,ri,var,redir.c,2851,['general'],['general'],general,FALSE
redir.c,313,spec,var,redir.c,2852,['general'],['general'],general,FALSE
redir.c,313,filename,var,redir.c,2844,['general'],['general'],general,FALSE
redir.c,313,flags,var,redir.c,2845,['general'],['general'],general,FALSE
redir.c,313,mode,var,redir.c,2846,['general'],['general'],general,FALSE
redir.c,313,redirect,var,redir.c,2848,['general'],['general'],general,FALSE
redir.c,313,fdbase,var,redir.c,2843,['general'],['general'],general,FALSE
redir.c,313,redirector,var,redir.c,2850,['general'],['general'],general,FALSE
redir.c,313,redir,var,redir.c,2847,['general'],['general'],general,FALSE
redir.c,313,do_redirections,functionproto,redir.c,2839,['general'],['general'],general,FALSE
redir.c,313,expandable_redirection_filename,functionproto,redir.c,2840,['general'],['general'],general,FALSE
redir.c,313,write_here_string,functionproto,redir.c,2841,['general'],['general'],general,FALSE
lib/sh/shmatch.c,250,shmatch,file,lib/sh/shmatch.c,2343,['libsh'],['libsh'],libsh,FALSE
array.h,7,arrayind_t,alias,array.h,9,['general'],['general'],general,FALSE
subst.c,322,EXPFUNC,functionproto,subst.c,3002,['general'],['general'],general,FALSE
subst.c,322,call_expand_word_internal,functionproto,subst.c,3003,['general'],['general'],general,FALSE
subst.c,322,expand_string_internal,functionproto,subst.c,3005,['general'],['general'],general,FALSE
subst.c,322,expand_string_leave_quoted,functionproto,subst.c,3006,['general'],['general'],general,FALSE
subst.c,322,expand_string_for_rhs,functionproto,subst.c,3004,['general'],['general'],general,FALSE
subst.c,322,list_quote_escapes,functionproto,subst.c,3011,['general'],['general'],general,FALSE
subst.c,322,quote_list,functionproto,subst.c,3017,['general'],['general'],general,FALSE
subst.c,322,parameter_brace_expand_word,functionproto,subst.c,3016,['general'],['general'],general,FALSE
subst.c,322,parameter_brace_expand_indir,functionproto,subst.c,3014,['general'],['general'],general,FALSE
subst.c,322,parameter_brace_expand_rhs,functionproto,subst.c,3015,['general'],['general'],general,FALSE
subst.c,322,parameter_brace_expand,functionproto,subst.c,3013,['general'],['general'],general,FALSE
subst.c,322,param_expand,functionproto,subst.c,3012,['general'],['general'],general,FALSE
subst.c,322,expand_word_internal,functionproto,subst.c,3007,['general'],['general'],general,FALSE
subst.c,322,word_list_split,functionproto,subst.c,3025,['general'],['general'],general,FALSE
subst.c,322,separate_out_assignments,functionproto,subst.c,3019,['general'],['general'],general,FALSE
subst.c,322,glob_expand_word_list,functionproto,subst.c,3010,['general'],['general'],general,FALSE
subst.c,322,shell_expand_word_list,functionproto,subst.c,3020,['general'],['general'],general,FALSE
subst.c,322,expand_word_list_internal,functionproto,subst.c,3008,['general'],['general'],general,FALSE
subst.c,322,number_of_args,functionimpl,subst.c,3001,['general'],['general'],general,FALSE
support/man2html.c,325,scan_format,functionimpl,support/man2html.c,3134,['support'],['support'],support,FALSE
support/man2html.c,325,TABLEROW,type,support/man2html.c,3152,['support'],['support'],support,FALSE
support/man2html.c,325,TABLEITEM,type,support/man2html.c,3151,['support'],['support'],support,FALSE
support/man2html.c,325,next_row,functionimpl,support/man2html.c,3126,['support'],['support'],support,FALSE
support/man2html.c,325,scan_table,functionimpl,support/man2html.c,3136,['support'],['support'],support,FALSE
support/man2html.c,325,scan_request,functionimpl,support/man2html.c,3135,['support'],['support'],support,FALSE
support/man2html.c,325,STRDEF,type,support/man2html.c,3150,['support'],['support'],support,FALSE
support/man2html.c,325,INTDEF,type,support/man2html.c,3149,['support'],['support'],support,FALSE
support/man2html.c,325,strduplicate,functionimpl,support/man2html.c,3141,['support'],['support'],support,FALSE
support/man2html.c,325,stralloc,functionimpl,support/man2html.c,3140,['support'],['support'],support,FALSE
support/man2html.c,325,strlimitcpy,functionimpl,support/man2html.c,3144,['support'],['support'],support,FALSE
support/man2html.c,325,strmaxcpy,functionimpl,support/man2html.c,3146,['support'],['support'],support,FALSE
support/man2html.c,325,read_man_page,functionimpl,support/man2html.c,3131,['support'],['support'],support,FALSE
support/man2html.c,325,out_html,functionimpl,support/man2html.c,3127,['support'],['support'],support,FALSE
support/man2html.c,325,add_links,functionimpl,support/man2html.c,3116,['support'],['support'],support,FALSE
support/man2html.c,325,change_to_size,functionimpl,support/man2html.c,3119,['support'],['support'],support,FALSE
support/man2html.c,325,change_to_font,functionimpl,support/man2html.c,3118,['support'],['support'],support,FALSE
support/man2html.c,325,scan_escape,functionimpl,support/man2html.c,3132,['support'],['support'],support,FALSE
support/man2html.c,325,expand_char,functionimpl,support/man2html.c,3122,['support'],['support'],support,FALSE
support/man2html.c,325,expand_string,functionimpl,support/man2html.c,3123,['support'],['support'],support,FALSE
support/man2html.c,325,clear_table,functionimpl,support/man2html.c,3120,['support'],['support'],support,FALSE
support/man2html.c,325,scan_expression,functionimpl,support/man2html.c,3133,['support'],['support'],support,FALSE
support/man2html.c,325,scan_troff,functionimpl,support/man2html.c,3137,['support'],['support'],support,FALSE
support/man2html.c,325,add_to_index,functionimpl,support/man2html.c,3117,['support'],['support'],support,FALSE
support/man2html.c,325,outputPageHeader,functionimpl,support/man2html.c,3129,['support'],['support'],support,FALSE
support/man2html.c,325,outputPageFooter,functionimpl,support/man2html.c,3128,['support'],['support'],support,FALSE
support/man2html.c,325,skip_till_newline,functionimpl,support/man2html.c,3139,['support'],['support'],support,FALSE
support/man2html.c,325,trans_char,functionimpl,support/man2html.c,3147,['support'],['support'],support,FALSE
support/man2html.c,325,fill_words,functionimpl,support/man2html.c,3124,['support'],['support'],support,FALSE
support/man2html.c,325,scan_troff_mandoc,functionimpl,support/man2html.c,3138,['support'],['support'],support,FALSE
support/man2html.c,325,unescape,functionimpl,support/man2html.c,3148,['support'],['support'],support,FALSE
support/man2html.c,325,lookup_abbrev,functionimpl,support/man2html.c,3125,['support'],['support'],support,FALSE
support/man2html.c,325,FLUSHIBP,var,support/man2html.c,3153,['support'],['support'],support,FALSE
support/man2html.c,325,emsg,var,support/man2html.c,3192,['support'],['support'],support,FALSE
support/man2html.c,325,e,var,support/man2html.c,3190,['support'],['support'],support,FALSE
support/man2html.c,325,strgrow,functionimpl,support/man2html.c,3143,['support'],['support'],support,FALSE
support/man2html.c,325,old,var,support/man2html.c,3262,['support'],['support'],support,FALSE
support/man2html.c,325,len,var,support/man2html.c,3233,['support'],['support'],support,FALSE
support/man2html.c,325,from,var,support/man2html.c,3211,['support'],['support'],support,FALSE
support/man2html.c,325,to,var,support/man2html.c,3315,['support'],['support'],support,FALSE
support/man2html.c,325,n,var,support/man2html.c,3253,['support'],['support'],support,FALSE
support/man2html.c,325,strmaxcat,functionimpl,support/man2html.c,3145,['support'],['support'],support,FALSE
support/man2html.c,325,to_len,var,support/man2html.c,3316,['support'],['support'],support,FALSE
support/man2html.c,325,from_len,var,support/man2html.c,3212,['support'],['support'],support,FALSE
support/man2html.c,325,cp,var,support/man2html.c,3177,['support'],['support'],support,FALSE
support/man2html.c,325,limit,var,support/man2html.c,3235,['support'],['support'],support,FALSE
support/man2html.c,325,escape_input,functionimpl,support/man2html.c,3121,['support'],['support'],support,FALSE
support/man2html.c,325,str,var,support/man2html.c,3298,['support'],['support'],support,FALSE
support/man2html.c,325,i,var,support/man2html.c,3216,['support'],['support'],support,FALSE
support/man2html.c,325,j,var,support/man2html.c,3229,['support'],['support'],support,FALSE
support/man2html.c,325,print_sig,functionimpl,support/man2html.c,3130,['support'],['support'],support,FALSE
support/man2html.c,325,datbuf,var,support/man2html.c,3184,['support'],['support'],support,FALSE
support/man2html.c,325,clock,var,support/man2html.c,3173,['support'],['support'],support,FALSE
support/man2html.c,325,timetm,var,support/man2html.c,3314,['support'],['support'],support,FALSE
support/man2html.c,325,signature,var,support/man2html.c,3286,['support'],['support'],support,FALSE
support/man2html.c,325,manpage,var,support/man2html.c,3248,['support'],['support'],support,FALSE
support/man2html.c,325,h,var,support/man2html.c,3214,['support'],['support'],support,FALSE
support/man2html.c,325,chardef,var,support/man2html.c,3172,['support'],['support'],support,FALSE
support/man2html.c,325,nr,var,support/man2html.c,3259,['support'],['support'],support,FALSE
support/man2html.c,325,curpos,var,support/man2html.c,3179,['support'],['support'],support,FALSE
support/man2html.c,325,charb,var,support/man2html.c,3171,['support'],['support'],support,FALSE
support/man2html.c,325,strdef,var,support/man2html.c,3299,['support'],['support'],support,FALSE
support/man2html.c,325,filename,var,support/man2html.c,3206,['support'],['support'],support,FALSE
support/man2html.c,325,stbuf,var,support/man2html.c,3296,['support'],['support'],support,FALSE
support/man2html.c,325,buf_size,var,support/man2html.c,3163,['support'],['support'],support,FALSE
support/man2html.c,325,man_buf,var,support/man2html.c,3240,['support'],['support'],support,FALSE
support/man2html.c,325,man_stream,var,support/man2html.c,3241,['support'],['support'],support,FALSE
support/man2html.c,325,out_length,var,support/man2html.c,3273,['support'],['support'],support,FALSE
support/man2html.c,325,c,var,support/man2html.c,3169,['support'],['support'],support,FALSE
support/man2html.c,325,idtest,var,support/man2html.c,3218,['support'],['support'],support,FALSE
support/man2html.c,325,f,var,support/man2html.c,3204,['support'],['support'],support,FALSE
support/man2html.c,325,g,var,support/man2html.c,3213,['support'],['support'],support,FALSE
support/man2html.c,325,t,var,support/man2html.c,3302,['support'],['support'],support,FALSE
support/man2html.c,325,no_newline_output,var,support/man2html.c,3257,['support'],['support'],support,FALSE
support/man2html.c,325,scaninbuff,var,support/man2html.c,3283,['support'],['support'],support,FALSE
support/man2html.c,325,buffpos,var,support/man2html.c,3167,['support'],['support'],support,FALSE
support/man2html.c,325,buffmax,var,support/man2html.c,3166,['support'],['support'],support,FALSE
support/man2html.c,325,buffer,var,support/man2html.c,3165,['support'],['support'],support,FALSE
support/man2html.c,325,output_possible,var,support/man2html.c,3275,['support'],['support'],support,FALSE
support/man2html.c,325,outbuffer,var,support/man2html.c,3274,['support'],['support'],support,FALSE
support/man2html.c,325,obp,var,support/man2html.c,3261,['support'],['support'],support,FALSE
support/man2html.c,325,current_font,var,support/man2html.c,3180,['support'],['support'],support,FALSE
support/man2html.c,325,switchfont,var,support/man2html.c,3301,['support'],['support'],support,FALSE
support/man2html.c,325,current_size,var,support/man2html.c,3181,['support'],['support'],support,FALSE
support/man2html.c,325,sizebuf,var,support/man2html.c,3288,['support'],['support'],support,FALSE
support/man2html.c,325,l,var,support/man2html.c,3230,['support'],['support'],support,FALSE
support/man2html.c,325,intresult,var,support/man2html.c,3224,['support'],['support'],support,FALSE
support/man2html.c,325,SKIPEOL,var,support/man2html.c,3155,['support'],['support'],support,FALSE
support/man2html.c,325,argument,var,support/man2html.c,3157,['support'],['support'],support,FALSE
support/man2html.c,325,b,var,support/man2html.c,3158,['support'],['support'],support,FALSE
support/man2html.c,325,skip_escape,var,support/man2html.c,3289,['support'],['support'],support,FALSE
support/man2html.c,325,intd,var,support/man2html.c,3222,['support'],['support'],support,FALSE
support/man2html.c,325,intdef,var,support/man2html.c,3223,['support'],['support'],support,FALSE
support/man2html.c,325,exoutputp,var,support/man2html.c,3200,['support'],['support'],support,FALSE
support/man2html.c,325,exskipescape,var,support/man2html.c,3203,['support'],['support'],support,FALSE
support/man2html.c,325,escapesym,var,support/man2html.c,3195,['support'],['support'],support,FALSE
support/man2html.c,325,newline_for_fun,var,support/man2html.c,3255,['support'],['support'],support,FALSE
support/man2html.c,325,single_escape,var,support/man2html.c,3287,['support'],['support'],support,FALSE
support/man2html.c,325,tr1,var,support/man2html.c,3318,['support'],['support'],support,FALSE
support/man2html.c,325,table,var,support/man2html.c,3303,['support'],['support'],support,FALSE
support/man2html.c,325,ti1,var,support/man2html.c,3312,['support'],['support'],support,FALSE
support/man2html.c,325,ti2,var,support/man2html.c,3313,['support'],['support'],support,FALSE
support/man2html.c,325,tr2,var,support/man2html.c,3319,['support'],['support'],support,FALSE
support/man2html.c,325,result,var,support/man2html.c,3279,['support'],['support'],support,FALSE
support/man2html.c,325,layout,var,support/man2html.c,3232,['support'],['support'],support,FALSE
support/man2html.c,325,currow,var,support/man2html.c,3182,['support'],['support'],support,FALSE
support/man2html.c,325,curfield,var,support/man2html.c,3178,['support'],['support'],support,FALSE
support/man2html.c,325,emptyfield,var,support/man2html.c,3191,['support'],['support'],support,FALSE
support/man2html.c,325,maxcol,var,support/man2html.c,3249,['support'],['support'],support,FALSE
support/man2html.c,325,tr,var,support/man2html.c,3317,['support'],['support'],support,FALSE
support/man2html.c,325,ti,var,support/man2html.c,3311,['support'],['support'],support,FALSE
support/man2html.c,325,oldfont,var,support/man2html.c,3266,['support'],['support'],support,FALSE
support/man2html.c,325,oldsize,var,support/man2html.c,3267,['support'],['support'],support,FALSE
support/man2html.c,325,oldfillout,var,support/man2html.c,3265,['support'],['support'],support,FALSE
support/man2html.c,325,fillout,var,support/man2html.c,3207,['support'],['support'],support,FALSE
support/man2html.c,325,tableopt,var,support/man2html.c,3304,['support'],['support'],support,FALSE
support/man2html.c,325,tableoptl,var,support/man2html.c,3305,['support'],['support'],support,FALSE
support/man2html.c,325,center,var,support/man2html.c,3170,['support'],['support'],support,FALSE
support/man2html.c,325,expand,var,support/man2html.c,3201,['support'],['support'],support,FALSE
support/man2html.c,325,box,var,support/man2html.c,3161,['support'],['support'],support,FALSE
support/man2html.c,325,border,var,support/man2html.c,3160,['support'],['support'],support,FALSE
support/man2html.c,325,itemsep,var,support/man2html.c,3228,['support'],['support'],support,FALSE
support/man2html.c,325,linesize,var,support/man2html.c,3237,['support'],['support'],support,FALSE
support/man2html.c,325,finished,var,support/man2html.c,3208,['support'],['support'],support,FALSE
support/man2html.c,325,itemreset,var,support/man2html.c,3227,['support'],['support'],support,FALSE
support/man2html.c,325,hr,var,support/man2html.c,3215,['support'],['support'],support,FALSE
support/man2html.c,325,buf,var,support/man2html.c,3162,['support'],['support'],support,FALSE
support/man2html.c,325,value,var,support/man2html.c,3321,['support'],['support'],support,FALSE
support/man2html.c,325,sep,var,support/man2html.c,3284,['support'],['support'],support,FALSE
support/man2html.c,325,tcmp,var,support/man2html.c,3307,['support'],['support'],support,FALSE
support/man2html.c,325,st1,var,support/man2html.c,3294,['support'],['support'],support,FALSE
support/man2html.c,325,st2,var,support/man2html.c,3295,['support'],['support'],support,FALSE
support/man2html.c,325,opex,var,support/man2html.c,3272,['support'],['support'],support,FALSE
support/man2html.c,325,value2,var,support/man2html.c,3322,['support'],['support'],support,FALSE
support/man2html.c,325,sign,var,support/man2html.c,3285,['support'],['support'],support,FALSE
support/man2html.c,325,num,var,support/man2html.c,3260,['support'],['support'],support,FALSE
support/man2html.c,325,denum,var,support/man2html.c,3188,['support'],['support'],support,FALSE
support/man2html.c,325,oper,var,support/man2html.c,3271,['support'],['support'],support,FALSE
support/man2html.c,325,sl,var,support/man2html.c,3291,['support'],['support'],support,FALSE
support/man2html.c,325,slash,var,support/man2html.c,3292,['support'],['support'],support,FALSE
support/man2html.c,325,s,var,support/man2html.c,3281,['support'],['support'],support,FALSE
support/man2html.c,325,words,var,support/man2html.c,3324,['support'],['support'],support,FALSE
support/man2html.c,325,skipspace,var,support/man2html.c,3290,['support'],['support'],support,FALSE
support/man2html.c,325,abbrev_list,var,support/man2html.c,3156,['support'],['support'],support,FALSE
support/man2html.c,325,label,var,support/man2html.c,3231,['support'],['support'],support,FALSE
support/man2html.c,325,level,var,support/man2html.c,3234,['support'],['support'],support,FALSE
support/man2html.c,325,subs,var,support/man2html.c,3300,['support'],['support'],support,FALSE
support/man2html.c,325,manidx,var,support/man2html.c,3247,['support'],['support'],support,FALSE
support/man2html.c,325,mip,var,support/man2html.c,3251,['support'],['support'],support,FALSE
support/man2html.c,325,item,var,support/man2html.c,3225,['support'],['support'],support,FALSE
support/man2html.c,325,lvl,var,support/man2html.c,3239,['support'],['support'],support,FALSE
support/man2html.c,325,r,var,support/man2html.c,3278,['support'],['support'],support,FALSE
support/man2html.c,325,de,var,support/man2html.c,3185,['support'],['support'],support,FALSE
support/man2html.c,325,mode,var,support/man2html.c,3252,['support'],['support'],support,FALSE
support/man2html.c,325,oldcurpos,var,support/man2html.c,3264,['support'],['support'],support,FALSE
support/man2html.c,325,still_dd,var,support/man2html.c,3297,['support'],['support'],support,FALSE
support/man2html.c,325,nobreaksym,var,support/man2html.c,3258,['support'],['support'],support,FALSE
support/man2html.c,325,controlsym,var,support/man2html.c,3175,['support'],['support'],support,FALSE
support/man2html.c,325,line,var,support/man2html.c,3236,['support'],['support'],support,FALSE
support/man2html.c,325,fieldsym,var,support/man2html.c,3205,['support'],['support'],support,FALSE
support/man2html.c,325,padsym,var,support/man2html.c,3277,['support'],['support'],support,FALSE
support/man2html.c,325,fn,var,support/man2html.c,3209,['support'],['support'],support,FALSE
support/man2html.c,325,ifelseval,var,support/man2html.c,3220,['support'],['support'],support,FALSE
support/man2html.c,325,endwith,var,support/man2html.c,3194,['support'],['support'],support,FALSE
support/man2html.c,325,NEWLINE,var,support/man2html.c,3154,['support'],['support'],support,FALSE
support/man2html.c,325,name,var,support/man2html.c,3254,['support'],['support'],support,FALSE
support/man2html.c,325,tabstops,var,support/man2html.c,3306,['support'],['support'],support,FALSE
support/man2html.c,325,maxtstop,var,support/man2html.c,3250,['support'],['support'],support,FALSE
support/man2html.c,325,font,var,support/man2html.c,3210,['support'],['support'],support,FALSE
support/man2html.c,325,wordlist,var,support/man2html.c,3323,['support'],['support'],support,FALSE
support/man2html.c,325,dl_set,var,support/man2html.c,3189,['support'],['support'],support,FALSE
support/man2html.c,325,itemdepth,var,support/man2html.c,3226,['support'],['support'],support,FALSE
support/man2html.c,325,idxlabel,var,support/man2html.c,3219,['support'],['support'],support,FALSE
support/man2html.c,325,mandoc_command,var,support/man2html.c,3243,['support'],['support'],support,FALSE
support/man2html.c,325,mandoc_synopsis,var,support/man2html.c,3246,['support'],['support'],support,FALSE
support/man2html.c,325,th_page_and_sec,var,support/man2html.c,3309,['support'],['support'],support,FALSE
support/man2html.c,325,th_datestr,var,support/man2html.c,3308,['support'],['support'],support,FALSE
support/man2html.c,325,th_version,var,support/man2html.c,3310,['support'],['support'],support,FALSE
support/man2html.c,325,defdef,var,support/man2html.c,3186,['support'],['support'],support,FALSE
support/man2html.c,325,olen,var,support/man2html.c,3269,['support'],['support'],support,FALSE
support/man2html.c,325,nl,var,support/man2html.c,3256,['support'],['support'],support,FALSE
support/man2html.c,325,list_options,var,support/man2html.c,3238,['support'],['support'],support,FALSE
support/man2html.c,325,bd_options,var,support/man2html.c,3159,['support'],['support'],support,FALSE
support/man2html.c,325,mandoc_bd_options,var,support/man2html.c,3242,['support'],['support'],support,FALSE
support/man2html.c,325,bufptr,var,support/man2html.c,3168,['support'],['support'],support,FALSE
support/man2html.c,325,buff,var,support/man2html.c,3164,['support'],['support'],support,FALSE
support/man2html.c,325,sp,var,support/man2html.c,3293,['support'],['support'],support,FALSE
support/man2html.c,325,count,var,support/man2html.c,3176,['support'],['support'],support,FALSE
support/man2html.c,325,end,var,support/man2html.c,3193,['support'],['support'],support,FALSE
support/man2html.c,325,mandoc_name,var,support/man2html.c,3245,['support'],['support'],support,FALSE
support/man2html.c,325,owndef,var,support/man2html.c,3276,['support'],['support'],support,FALSE
support/man2html.c,325,deflen,var,support/man2html.c,3187,['support'],['support'],support,FALSE
support/man2html.c,325,oldargument,var,support/man2html.c,3263,['support'],['support'],support,FALSE
support/man2html.c,325,onff,var,support/man2html.c,3270,['support'],['support'],support,FALSE
support/man2html.c,325,exbuffer,var,support/man2html.c,3196,['support'],['support'],support,FALSE
support/man2html.c,325,exbuffpos,var,support/man2html.c,3198,['support'],['support'],support,FALSE
support/man2html.c,325,exbuffmax,var,support/man2html.c,3197,['support'],['support'],support,FALSE
support/man2html.c,325,exnewline_for_fun,var,support/man2html.c,3199,['support'],['support'],support,FALSE
support/man2html.c,325,exscaninbuff,var,support/man2html.c,3202,['support'],['support'],support,FALSE
support/man2html.c,325,san,var,support/man2html.c,3282,['support'],['support'],support,FALSE
support/man2html.c,325,mandoc_line,var,support/man2html.c,3244,['support'],['support'],support,FALSE
support/man2html.c,325,intbuff,var,support/man2html.c,3221,['support'],['support'],support,FALSE
support/man2html.c,325,ibp,var,support/man2html.c,3217,['support'],['support'],support,FALSE
support/man2html.c,325,contained_tab,var,support/man2html.c,3174,['support'],['support'],support,FALSE
support/man2html.c,325,usenbsp,var,support/man2html.c,3320,['support'],['support'],support,FALSE
support/man2html.c,325,curtab,var,support/man2html.c,3183,['support'],['support'],support,FALSE
support/man2html.c,325,ret,var,support/man2html.c,3280,['support'],['support'],support,FALSE
support/man2html.c,325,oldval,var,support/man2html.c,3268,['support'],['support'],support,FALSE
support/man2html.c,325,man2html,file,support/man2html.c,3115,['support'],['support'],support,FALSE
sig.h,318,trap_to_sighandler,functionproto,sig.h,2975,['signal_handling'],['signal_handling'],signal_handling,FALSE
lib/tilde/tilde.c,294,sh_get_env_value,functionproto,lib/tilde/tilde.c,2578,['libtilde'],['libtilde'],libtilde,FALSE
lib/sh/shquote.c,252,shquote,file,lib/sh/shquote.c,2345,['libsh'],['libsh'],libsh,FALSE
lib/sh/shquote.c,252,string,var,lib/sh/shquote.c,2346,['libsh'],['libsh'],libsh,FALSE
lib/readline/terminal.c,210,_rl_screenwidth,var,lib/readline/terminal.c,2094,['libreadline'],['libreadline'],libreadline,FALSE
alias.c,4,alias,file,alias.c,1,['general'],['general'],general,FALSE
lib/glob/gmisc.c,110,pat,var,lib/glob/gmisc.c,961,['libglob'],['libglob'],libglob,FALSE
lib/glob/gmisc.c,110,max,var,lib/glob/gmisc.c,960,['libglob'],['libglob'],libglob,FALSE
lib/glob/gmisc.c,110,match_pattern_char,functionproto,lib/glob/gmisc.c,959,['libglob'],['libglob'],libglob,FALSE
externs.h,77,dup2,functionproto,externs.h,535,['general'],['general'],general,FALSE
externs.h,77,unset_bash_input,functionproto,externs.h,571,['general'],['general'],general,FALSE
lib/readline/nls.c,187,nls,file,lib/readline/nls.c,1777,['libreadline'],['libreadline'],libreadline,FALSE
lib/intl/plural.c,143,parse_plural_expression,functionimpl,lib/intl/plural.c,1130,['libintl'],['libintl'],libintl,FALSE
lib/intl/plural-exp.h,142,parse_args,type,lib/intl/plural-exp.h,1128,['libintl'],['libintl'],libintl,FALSE
lib/intl/plural.c,143,plural,file,lib/intl/plural.c,1129,['libintl'],['libintl'],libintl,FALSE
lib/intl/plural.c,143,new_exp,functionproto,lib/intl/plural.c,1132,['libintl'],['libintl'],libintl,FALSE
lib/intl/plural-exp.h,142,expression,type,lib/intl/plural-exp.h,1127,['libintl'],['libintl'],libintl,FALSE
lib/intl/plural.c,143,new_exp_0,functionproto,lib/intl/plural.c,1133,['libintl'],['libintl'],libintl,FALSE
lib/intl/plural.c,143,new_exp_1,functionproto,lib/intl/plural.c,1134,['libintl'],['libintl'],libintl,FALSE
lib/intl/plural.c,143,new_exp_2,functionproto,lib/intl/plural.c,1135,['libintl'],['libintl'],libintl,FALSE
lib/intl/plural.c,143,new_exp_3,functionproto,lib/intl/plural.c,1136,['libintl'],['libintl'],libintl,FALSE
lib/intl/plural-exp.h,142,parse_plural_expression,functionproto,lib/intl/plural-exp.h,1124,['libintl'],['libintl'],libintl,FALSE
lib/intl/plural.c,143,YYSTYPE,type,lib/intl/plural.c,1137,['libintl'],['libintl'],libintl,FALSE
lib/readline/search.c,206,search,file,lib/readline/search.c,2024,['libreadline'],['libreadline'],libreadline,FALSE
lib/readline/search.c,206,string,var,lib/readline/search.c,2042,['libreadline'],['libreadline'],libreadline,FALSE
lib/readline/search.c,206,dir,var,lib/readline/search.c,2033,['libreadline'],['libreadline'],libreadline,FALSE
lib/readline/search.c,206,pchar,var,lib/readline/search.c,2038,['libreadline'],['libreadline'],libreadline,FALSE
lib/readline/search.c,206,cxt,var,lib/readline/search.c,2032,['libreadline'],['libreadline'],libreadline,FALSE
lib/readline/search.c,206,c,var,lib/readline/search.c,2030,['libreadline'],['libreadline'],libreadline,FALSE
lib/readline/search.c,206,count,var,lib/readline/search.c,2031,['libreadline'],['libreadline'],libreadline,FALSE
lib/readline/search.c,206,key,var,lib/readline/search.c,2037,['libreadline'],['libreadline'],libreadline,FALSE
lib/readline/search.c,206,ignore,var,lib/readline/search.c,2036,['libreadline'],['libreadline'],libreadline,FALSE
lib/readline/search.c,206,rl_history_search_reinit,functionimpl,lib/readline/search.c,2025,['libreadline'],['libreadline'],libreadline,FALSE
lib/readline/search.c,206,rl_history_search_pos,var,lib/readline/search.c,2041,['libreadline'],['libreadline'],libreadline,FALSE
lib/readline/search.c,206,rl_history_search_len,var,lib/readline/search.c,2040,['libreadline'],['libreadline'],libreadline,FALSE
lib/readline/search.c,206,prev_line_found,var,lib/readline/search.c,2039,['libreadline'],['libreadline'],libreadline,FALSE
lib/readline/search.c,206,history_string_size,var,lib/readline/search.c,2035,['libreadline'],['libreadline'],libreadline,FALSE
lib/readline/search.c,206,history_search_string,var,lib/readline/search.c,2034,['libreadline'],['libreadline'],libreadline,FALSE
lib/readline/search.c,206,rl_noninc_forward_search,functionproto,lib/readline/search.c,2027,['libreadline'],['libreadline'],libreadline,FALSE
lib/intl/plural.c,143,yyalloc,type,lib/intl/plural.c,1138,['libintl'],['libintl'],libintl,FALSE
lib/intl/plural.c,143,YYSTACK_ALLOC,var,lib/intl/plural.c,1142,['libintl'],['libintl'],libintl,FALSE
lib/intl/plural.c,143,YYSTACK_FREE,var,lib/intl/plural.c,1143,['libintl'],['libintl'],libintl,FALSE
lib/intl/plural.c,143,YYLEX,var,lib/intl/plural.c,1140,['libintl'],['libintl'],libintl,FALSE
lib/intl/plural.c,143,new_exp_3,var,lib/intl/plural.c,1151,['libintl'],['libintl'],libintl,FALSE
lib/intl/plural.c,143,new_exp_2,var,lib/intl/plural.c,1150,['libintl'],['libintl'],libintl,FALSE
lib/intl/plural.c,143,new_exp_1,var,lib/intl/plural.c,1149,['libintl'],['libintl'],libintl,FALSE
lib/intl/plural.c,143,new_exp_0,var,lib/intl/plural.c,1148,['libintl'],['libintl'],libintl,FALSE
lib/intl/plural.c,143,yyerror,var,lib/intl/plural.c,1159,['libintl'],['libintl'],libintl,FALSE
lib/intl/plural.c,143,yydestruct,functionimpl,lib/intl/plural.c,1131,['libintl'],['libintl'],libintl,FALSE
lib/intl/plural.c,143,op,var,lib/intl/plural.c,1152,['libintl'],['libintl'],libintl,FALSE
lib/intl/plural.c,143,right,var,lib/intl/plural.c,1153,['libintl'],['libintl'],libintl,FALSE
lib/intl/plural.c,143,left,var,lib/intl/plural.c,1147,['libintl'],['libintl'],libintl,FALSE
lib/intl/plural.c,143,bexp,var,lib/intl/plural.c,1145,['libintl'],['libintl'],libintl,FALSE
lib/intl/plural.c,143,tbranch,var,lib/intl/plural.c,1154,['libintl'],['libintl'],libintl,FALSE
lib/intl/plural.c,143,fbranch,var,lib/intl/plural.c,1146,['libintl'],['libintl'],libintl,FALSE
lib/intl/plural.c,143,yyvaluep,var,lib/intl/plural.c,1184,['libintl'],['libintl'],libintl,FALSE
lib/intl/plural.c,143,yymsg,var,lib/intl/plural.c,1163,['libintl'],['libintl'],libintl,FALSE
lib/intl/plural.c,143,yytype,var,lib/intl/plural.c,1182,['libintl'],['libintl'],libintl,FALSE
lib/intl/plural.c,143,yyssa,var,lib/intl/plural.c,1175,['libintl'],['libintl'],libintl,FALSE
lib/intl/plural.c,143,yyvsa,var,lib/intl/plural.c,1186,['libintl'],['libintl'],libintl,FALSE
lib/intl/plural.c,143,yystate,var,lib/intl/plural.c,1178,['libintl'],['libintl'],libintl,FALSE
lib/intl/plural.c,143,yyerrstatus,var,lib/intl/plural.c,1160,['libintl'],['libintl'],libintl,FALSE
lib/intl/plural.c,143,yynerrs,var,lib/intl/plural.c,1165,['libintl'],['libintl'],libintl,FALSE
lib/intl/plural.c,143,yychar,var,lib/intl/plural.c,1155,['libintl'],['libintl'],libintl,FALSE
lib/intl/plural.c,143,yyssp,var,lib/intl/plural.c,1176,['libintl'],['libintl'],libintl,FALSE
lib/intl/plural.c,143,yyss,var,lib/intl/plural.c,1173,['libintl'],['libintl'],libintl,FALSE
lib/intl/plural.c,143,yyvsp,var,lib/intl/plural.c,1187,['libintl'],['libintl'],libintl,FALSE
lib/intl/plural.c,143,yyvs,var,lib/intl/plural.c,1185,['libintl'],['libintl'],libintl,FALSE
lib/intl/plural.c,143,yylval,var,lib/intl/plural.c,1162,['libintl'],['libintl'],libintl,FALSE
lib/intl/plural.c,143,yystacksize,var,lib/intl/plural.c,1177,['libintl'],['libintl'],libintl,FALSE
lib/intl/plural.c,143,yyptr,var,lib/intl/plural.c,1168,['libintl'],['libintl'],libintl,FALSE
lib/intl/plural.c,143,yyss1,var,lib/intl/plural.c,1174,['libintl'],['libintl'],libintl,FALSE
lib/intl/plural.c,143,yysize,var,lib/intl/plural.c,1172,['libintl'],['libintl'],libintl,FALSE
lib/intl/plural.c,143,yyn,var,lib/intl/plural.c,1164,['libintl'],['libintl'],libintl,FALSE
lib/intl/plural.c,143,yypact,var,lib/intl/plural.c,1166,['libintl'],['libintl'],libintl,FALSE
lib/intl/plural.c,143,yytoken,var,lib/intl/plural.c,1181,['libintl'],['libintl'],libintl,FALSE
lib/intl/plural.c,143,yycheck,var,lib/intl/plural.c,1156,['libintl'],['libintl'],libintl,FALSE
lib/intl/plural.c,143,yytable,var,lib/intl/plural.c,1180,['libintl'],['libintl'],libintl,FALSE
lib/intl/plural.c,143,yydefact,var,lib/intl/plural.c,1157,['libintl'],['libintl'],libintl,FALSE
lib/intl/plural.c,143,yylen,var,lib/intl/plural.c,1161,['libintl'],['libintl'],libintl,FALSE
lib/intl/plural.c,143,yyr2,var,lib/intl/plural.c,1170,['libintl'],['libintl'],libintl,FALSE
lib/intl/plural.c,143,yyval,var,lib/intl/plural.c,1183,['libintl'],['libintl'],libintl,FALSE
lib/intl/plural.c,143,arg,var,lib/intl/plural.c,1144,['libintl'],['libintl'],libintl,FALSE
lib/intl/plural.c,143,yyr1,var,lib/intl/plural.c,1169,['libintl'],['libintl'],libintl,FALSE
lib/intl/plural.c,143,yypgoto,var,lib/intl/plural.c,1167,['libintl'],['libintl'],libintl,FALSE
lib/intl/plural.c,143,yydefgoto,var,lib/intl/plural.c,1158,['libintl'],['libintl'],libintl,FALSE
lib/intl/plural.c,143,YYPOPSTACK,var,lib/intl/plural.c,1141,['libintl'],['libintl'],libintl,FALSE
lib/intl/plural.c,143,yystos,var,lib/intl/plural.c,1179,['libintl'],['libintl'],libintl,FALSE
lib/intl/plural.c,143,yyresult,var,lib/intl/plural.c,1171,['libintl'],['libintl'],libintl,FALSE
lib/intl/plural.c,143,yytokentype,type,lib/intl/plural.c,1139,['libintl'],['libintl'],libintl,FALSE
flags.h,81,reset_shell_flags,functionproto,flags.h,627,['general'],['general'],general,FALSE
flags.c,80,reset_shell_flags,functionimpl,flags.c,593,['general'],['general'],general,FALSE
builtins/mkbuiltins.c,31,mkbuiltins,file,builtins/mkbuiltins.c,137,['libbuiltins'],['libbuiltins'],libbuiltins,FALSE
lib/readline/nls.c,187,_rl_get_locale_var,functionproto,lib/readline/nls.c,1779,['libreadline'],['libreadline'],libreadline,FALSE
lib/readline/nls.c,187,normalize_codeset,functionproto,lib/readline/nls.c,1780,['libreadline'],['libreadline'],libreadline,FALSE
lib/readline/nls.c,187,lspec,var,lib/readline/nls.c,1783,['libreadline'],['libreadline'],libreadline,FALSE
lib/readline/nls.c,187,t,var,lib/readline/nls.c,1784,['libreadline'],['libreadline'],libreadline,FALSE
lib/readline/nls.c,187,i,var,lib/readline/nls.c,1781,['libreadline'],['libreadline'],libreadline,FALSE
lib/readline/nls.c,187,legal_lang_values,var,lib/readline/nls.c,1782,['libreadline'],['libreadline'],libreadline,FALSE
lib/sh/strerror.c,259,strerror,file,lib/sh/strerror.c,2410,['libsh'],['libsh'],libsh,FALSE
lib/sh/spell.c,255,spdist,functionproto,lib/sh/spell.c,2406,['libsh'],['libsh'],libsh,FALSE
lib/sh/spell.c,255,cur,var,lib/sh/spell.c,2407,['libsh'],['libsh'],libsh,FALSE
builtins/mkbuiltins.c,31,,type,builtins/mkbuiltins.c,146,['libbuiltins'],['libbuiltins'],libbuiltins,FALSE
builtins/mkbuiltins.c,31,array_create,functionproto,builtins/mkbuiltins.c,139,['libbuiltins'],['libbuiltins'],libbuiltins,FALSE
builtins/mkbuiltins.c,31,ARRAY,alias,builtins/mkbuiltins.c,135,['libbuiltins'],['libbuiltins'],libbuiltins,FALSE
builtins/mkbuiltins.c,31,copy_string_array,functionproto,builtins/mkbuiltins.c,140,['libbuiltins'],['libbuiltins'],libbuiltins,FALSE
builtins/mkbuiltins.c,31,find_directive,functionproto,builtins/mkbuiltins.c,142,['libbuiltins'],['libbuiltins'],libbuiltins,FALSE
builtins/mkbuiltins.c,31,HANDLER_ENTRY,alias,builtins/mkbuiltins.c,136,['libbuiltins'],['libbuiltins'],libbuiltins,FALSE
builtins/mkbuiltins.c,31,builtin_handler,var,builtins/mkbuiltins.c,149,['libbuiltins'],['libbuiltins'],libbuiltins,FALSE
builtins/mkbuiltins.c,31,docname_handler,var,builtins/mkbuiltins.c,156,['libbuiltins'],['libbuiltins'],libbuiltins,FALSE
builtins/mkbuiltins.c,31,function_handler,var,builtins/mkbuiltins.c,160,['libbuiltins'],['libbuiltins'],libbuiltins,FALSE
builtins/mkbuiltins.c,31,short_doc_handler,var,builtins/mkbuiltins.c,165,['libbuiltins'],['libbuiltins'],libbuiltins,FALSE
builtins/mkbuiltins.c,31,comment_handler,var,builtins/mkbuiltins.c,152,['libbuiltins'],['libbuiltins'],libbuiltins,FALSE
builtins/mkbuiltins.c,31,depends_on_handler,var,builtins/mkbuiltins.c,154,['libbuiltins'],['libbuiltins'],libbuiltins,FALSE
builtins/mkbuiltins.c,31,produces_handler,var,builtins/mkbuiltins.c,163,['libbuiltins'],['libbuiltins'],libbuiltins,FALSE
builtins/mkbuiltins.c,31,end_handler,var,builtins/mkbuiltins.c,157,['libbuiltins'],['libbuiltins'],libbuiltins,FALSE
builtins/mkbuiltins.c,31,for_whom,var,builtins/mkbuiltins.c,159,['libbuiltins'],['libbuiltins'],libbuiltins,FALSE
builtins/mkbuiltins.c,31,defs,var,builtins/mkbuiltins.c,153,['libbuiltins'],['libbuiltins'],libbuiltins,FALSE
builtins/mkbuiltins.c,31,string,var,builtins/mkbuiltins.c,166,['libbuiltins'],['libbuiltins'],libbuiltins,FALSE
builtins/mkbuiltins.c,31,directive,var,builtins/mkbuiltins.c,155,['libbuiltins'],['libbuiltins'],libbuiltins,FALSE
builtins/mkbuiltins.c,31,self,var,builtins/mkbuiltins.c,164,['libbuiltins'],['libbuiltins'],libbuiltins,FALSE
builtins/mkbuiltins.c,31,arg,var,builtins/mkbuiltins.c,147,['libbuiltins'],['libbuiltins'],libbuiltins,FALSE
builtins/mkbuiltins.c,31,pointer,var,builtins/mkbuiltins.c,162,['libbuiltins'],['libbuiltins'],libbuiltins,FALSE
builtins/mkbuiltins.c,31,bytes,var,builtins/mkbuiltins.c,151,['libbuiltins'],['libbuiltins'],libbuiltins,FALSE
builtins/mkbuiltins.c,31,builtin,var,builtins/mkbuiltins.c,148,['libbuiltins'],['libbuiltins'],libbuiltins,FALSE
builtins/mkbuiltins.c,31,builtins,var,builtins/mkbuiltins.c,150,['libbuiltins'],['libbuiltins'],libbuiltins,FALSE
builtins/mkbuiltins.c,31,name,var,builtins/mkbuiltins.c,161,['libbuiltins'],['libbuiltins'],libbuiltins,FALSE
builtins/mkbuiltins.c,31,extract_info,functionproto,builtins/mkbuiltins.c,141,['libbuiltins'],['libbuiltins'],libbuiltins,FALSE
builtins/mkbuiltins.c,31,filename,var,builtins/mkbuiltins.c,158,['libbuiltins'],['libbuiltins'],libbuiltins,FALSE
builtins/mkbuiltins.c,31,free_builtin,functionproto,builtins/mkbuiltins.c,143,['libbuiltins'],['libbuiltins'],libbuiltins,FALSE
builtins/mkbuiltins.c,31,free_defs,functionproto,builtins/mkbuiltins.c,144,['libbuiltins'],['libbuiltins'],libbuiltins,FALSE
builtins/mkbuiltins.c,31,must_be_building,functionproto,builtins/mkbuiltins.c,145,['libbuiltins'],['libbuiltins'],libbuiltins,FALSE
builtins/mkbuiltins.c,31,add_documentation,functionproto,builtins/mkbuiltins.c,138,['libbuiltins'],['libbuiltins'],libbuiltins,FALSE
lib/sh/timeval.c,275,timeval,file,lib/sh/timeval.c,2512,['libsh'],['libsh'],libsh,FALSE
lib/readline/readline.h,194,_funmap,type,lib/readline/readline.h,1869,['libreadline'],['libreadline'],libreadline,FALSE
quit.h,312,quit,file,quit.h,2834,['general'],['general'],general,FALSE
execute_cmd.c,74,close,functionproto,execute_cmd.c,415,['general'],['general'],general,FALSE
execute_cmd.c,74,command,var,execute_cmd.c,424,['general'],['general'],general,FALSE
execute_cmd.c,74,asynchronous,var,execute_cmd.c,421,['general'],['general'],general,FALSE
execute_cmd.c,74,pipe_in,var,execute_cmd.c,437,['general'],['general'],general,FALSE
execute_cmd.c,74,pipe_out,var,execute_cmd.c,438,['general'],['general'],general,FALSE
execute_cmd.c,74,fds_to_close,var,execute_cmd.c,432,['general'],['general'],general,FALSE
execute_cmd.c,74,while_command,var,execute_cmd.c,448,['general'],['general'],general,FALSE
execute_cmd.c,74,type,var,execute_cmd.c,446,['general'],['general'],general,FALSE
execute_cmd.c,74,redirects,var,execute_cmd.c,439,['general'],['general'],general,FALSE
execute_cmd.c,74,async,var,execute_cmd.c,420,['general'],['general'],general,FALSE
execute_cmd.c,74,simple_command,var,execute_cmd.c,444,['general'],['general'],general,FALSE
execute_cmd.c,74,builtin,var,execute_cmd.c,422,['general'],['general'],general,FALSE
execute_cmd.c,74,words,var,execute_cmd.c,449,['general'],['general'],general,FALSE
execute_cmd.c,74,flags,var,execute_cmd.c,433,['general'],['general'],general,FALSE
execute_cmd.c,74,subshell,var,execute_cmd.c,445,['general'],['general'],general,FALSE
execute_cmd.c,74,var,var,execute_cmd.c,447,['general'],['general'],general,FALSE
execute_cmd.c,74,command_line,var,execute_cmd.c,425,['general'],['general'],general,FALSE
execute_cmd.c,74,cmdflags,var,execute_cmd.c,423,['general'],['general'],general,FALSE
execute_cmd.c,74,sample,var,execute_cmd.c,441,['general'],['general'],general,FALSE
execute_cmd.c,74,sample_len,var,execute_cmd.c,442,['general'],['general'],general,FALSE
execute_cmd.c,74,args,var,execute_cmd.c,419,['general'],['general'],general,FALSE
execute_cmd.c,74,env,var,execute_cmd.c,427,['general'],['general'],general,FALSE
execute_cmd.c,74,showing_function_line,var,execute_cmd.c,443,['general'],['general'],general,FALSE
execute_cmd.c,74,currently_executing_command,var,execute_cmd.c,426,['general'],['general'],general,FALSE
execute_cmd.c,74,line_number,var,execute_cmd.c,435,['general'],['general'],general,FALSE
execute_cmd.c,74,exec_redirection_undo_list,var,execute_cmd.c,429,['general'],['general'],general,FALSE
execute_cmd.c,74,fd,var,execute_cmd.c,431,['general'],['general'],general,FALSE
execute_cmd.c,74,errno,var,execute_cmd.c,428,['general'],['general'],general,FALSE
execute_cmd.c,74,parse_and_execute_level,var,execute_cmd.c,436,['general'],['general'],general,FALSE
execute_cmd.c,74,return_catch_flag,var,execute_cmd.c,440,['general'],['general'],general,FALSE
execute_cmd.c,74,funcnest,var,execute_cmd.c,434,['general'],['general'],general,FALSE
execute_cmd.c,74,executing_list,var,execute_cmd.c,430,['general'],['general'],general,FALSE
execute_cmd.c,74,execute_command,functionproto,execute_cmd.c,416,['general'],['general'],general,FALSE
execute_cmd.c,74,execute_subshell_builtin_or_function,functionproto,execute_cmd.c,417,['general'],['general'],general,FALSE
execute_cmd.h,75,dispose_exec_redirects,functionproto,execute_cmd.h,451,['general'],['general'],general,FALSE
execute_cmd.c,74,setup_async_signals,functionimpl,execute_cmd.c,414,['general'],['general'],general,FALSE
execute_cmd.h,75,setup_async_signals,functionproto,execute_cmd.h,454,['general'],['general'],general,FALSE
lib/intl/dcigettext.c,118,dcigettext,file,lib/intl/dcigettext.c,989,['libintl'],['libintl'],libintl,FALSE
lib/intl/eval-plural.h,122,eval-plural,file,lib/intl/eval-plural.h,1016,['libintl'],['libintl'],libintl,FALSE
variables.c,339,rest_of_args,var,variables.c,3605,['general'],['general'],general,FALSE
lib/intl/dcigettext.c,118,_nl_default_default_domain,var,lib/intl/dcigettext.c,994,['libintl'],['libintl'],libintl,FALSE
lib/intl/dcigettext.c,118,domain,var,lib/intl/dcigettext.c,999,['libintl'],['libintl'],libintl,FALSE
lib/intl/dcigettext.c,118,n,var,lib/intl/dcigettext.c,1000,['libintl'],['libintl'],libintl,FALSE
lib/intl/dcigettext.c,118,translation,var,lib/intl/dcigettext.c,1002,['libintl'],['libintl'],libintl,FALSE
lib/intl/dcigettext.c,118,translation_len,var,lib/intl/dcigettext.c,1003,['libintl'],['libintl'],libintl,FALSE
lib/intl/dcigettext.c,118,category,var,lib/intl/dcigettext.c,996,['libintl'],['libintl'],libintl,FALSE
lib/intl/dcigettext.c,118,categoryname,var,lib/intl/dcigettext.c,997,['libintl'],['libintl'],libintl,FALSE
lib/intl/dcigettext.c,118,dest,var,lib/intl/dcigettext.c,998,['libintl'],['libintl'],libintl,FALSE
lib/intl/dcigettext.c,118,src,var,lib/intl/dcigettext.c,1001,['libintl'],['libintl'],libintl,FALSE
lib/intl/dcigettext.c,118,block_list,type,lib/intl/dcigettext.c,992,['libintl'],['libintl'],libintl,FALSE
input.h,103,save_token_state,functionproto,input.h,763,['general'],['general'],general,FALSE
input.h,103,restore_token_state,functionproto,input.h,762,['general'],['general'],general,FALSE
jobs.h,105,getpid,functionproto,jobs.h,918,['job_control'],['job_control'],job_control,FALSE
lib/sh/wcswidth.c,282,wcswidth,file,lib/sh/wcswidth.c,2526,['libsh'],['libsh'],libsh,FALSE
lib/sh/zread.c,287,zread,file,lib/sh/zread.c,2533,['libsh'],['libsh'],libsh,FALSE
lib/sh/zread.c,287,fd,var,lib/sh/zread.c,2538,['libsh'],['libsh'],libsh,FALSE
lib/sh/zread.c,287,buf,var,lib/sh/zread.c,2536,['libsh'],['libsh'],libsh,FALSE
lib/sh/zread.c,287,len,var,lib/sh/zread.c,2539,['libsh'],['libsh'],libsh,FALSE
lib/sh/zread.c,287,cp,var,lib/sh/zread.c,2537,['libsh'],['libsh'],libsh,FALSE
lib/sh/zread.c,287,zreset,functionimpl,lib/sh/zread.c,2534,['libsh'],['libsh'],libsh,FALSE
lib/sh/zread.c,287,lind,var,lib/sh/zread.c,2540,['libsh'],['libsh'],libsh,FALSE
lib/sh/zread.c,287,lused,var,lib/sh/zread.c,2541,['libsh'],['libsh'],libsh,FALSE
lib/sh/zread.c,287,zread,functionproto,lib/sh/zread.c,2535,['libsh'],['libsh'],libsh,FALSE
flags.h,81,flags_alist,type,flags.h,629,['general'],['general'],general,FALSE
lib/readline/tilde.c,212,sh_get_env_value,functionproto,lib/readline/tilde.c,2145,['libreadline'],['libreadline'],libreadline,FALSE
subst.h,323,list_rest_of_args,functionproto,subst.h,3110,['general'],['general'],general,FALSE
subst.h,323,number_of_args,functionproto,subst.h,3111,['general'],['general'],general,FALSE
subst.c,322,getifs,functionimpl,subst.c,2999,['general'],['general'],general,FALSE
subst.h,323,getifs,functionproto,subst.h,3109,['general'],['general'],general,FALSE
subst.c,322,substr,var,subst.c,3095,['general'],['general'],general,FALSE
subst.c,322,string,var,subst.c,3092,['general'],['general'],general,FALSE
subst.c,322,sindex,var,subst.c,3088,['general'],['general'],general,FALSE
subst.c,322,charlist,var,subst.c,3029,['general'],['general'],general,FALSE
subst.c,322,flags,var,subst.c,3046,['general'],['general'],general,FALSE
subst.c,322,stripdq,var,subst.c,3094,['general'],['general'],general,FALSE
subst.c,322,slen,var,subst.c,3089,['general'],['general'],general,FALSE
subst.c,322,sind,var,subst.c,3087,['general'],['general'],general,FALSE
subst.c,322,xflags,var,subst.c,3106,['general'],['general'],general,FALSE
subst.c,322,opener,var,subst.c,3067,['general'],['general'],general,FALSE
subst.c,322,alt_opener,var,subst.c,3026,['general'],['general'],general,FALSE
subst.c,322,closer,var,subst.c,3030,['general'],['general'],general,FALSE
subst.c,322,quoted,var,subst.c,3078,['general'],['general'],general,FALSE
subst.c,322,start,var,subst.c,3091,['general'],['general'],general,FALSE
subst.c,322,delims,var,subst.c,3033,['general'],['general'],general,FALSE
subst.c,322,list,var,subst.c,3059,['general'],['general'],general,FALSE
subst.c,322,pchar,var,subst.c,3074,['general'],['general'],general,FALSE
subst.c,322,separators,var,subst.c,3086,['general'],['general'],general,FALSE
subst.c,322,stringp,var,subst.c,3093,['general'],['general'],general,FALSE
subst.c,322,endptr,var,subst.c,3040,['general'],['general'],general,FALSE
subst.c,322,saw_escape,var,subst.c,3085,['general'],['general'],general,FALSE
subst.c,322,end,var,subst.c,3039,['general'],['general'],general,FALSE
subst.c,322,func,var,subst.c,3047,['general'],['general'],general,FALSE
subst.c,322,w,var,subst.c,3104,['general'],['general'],general,FALSE
subst.c,322,q,var,subst.c,3076,['general'],['general'],general,FALSE
subst.c,322,i,var,subst.c,3051,['general'],['general'],general,FALSE
subst.c,322,c,var,subst.c,3028,['general'],['general'],general,FALSE
subst.c,322,e,var,subst.c,3035,['general'],['general'],general,FALSE
subst.c,322,wflags,var,subst.c,3105,['general'],['general'],general,FALSE
subst.c,322,dollar_at_p,var,subst.c,3034,['general'],['general'],general,FALSE
subst.c,322,has_dollar_at,var,subst.c,3049,['general'],['general'],general,FALSE
subst.c,322,param,var,subst.c,3068,['general'],['general'],general,FALSE
subst.c,322,pattern,var,subst.c,3073,['general'],['general'],general,FALSE
subst.c,322,op,var,subst.c,3066,['general'],['general'],general,FALSE
subst.c,322,pat,var,subst.c,3069,['general'],['general'],general,FALSE
subst.c,322,mtype,var,subst.c,3063,['general'],['general'],general,FALSE
subst.c,322,sp,var,subst.c,3090,['general'],['general'],general,FALSE
subst.c,322,ep,var,subst.c,3041,['general'],['general'],general,FALSE
subst.c,322,value,var,subst.c,3099,['general'],['general'],general,FALSE
subst.c,322,expandpat,var,subst.c,3044,['general'],['general'],general,FALSE
subst.c,322,patspec,var,subst.c,3070,['general'],['general'],general,FALSE
subst.c,322,itype,var,subst.c,3058,['general'],['general'],general,FALSE
subst.c,322,varname,var,subst.c,3101,['general'],['general'],general,FALSE
subst.c,322,ind,var,subst.c,3054,['general'],['general'],general,FALSE
subst.c,322,patstr,var,subst.c,3071,['general'],['general'],general,FALSE
subst.c,322,rtype,var,subst.c,3083,['general'],['general'],general,FALSE
subst.c,322,fd,var,subst.c,3045,['general'],['general'],general,FALSE
subst.c,322,rflag,var,subst.c,3082,['general'],['general'],general,FALSE
subst.c,322,name,var,subst.c,3065,['general'],['general'],general,FALSE
subst.c,322,quoted_dollar_atp,var,subst.c,3080,['general'],['general'],general,FALSE
subst.c,322,contains_dollar_at,var,subst.c,3031,['general'],['general'],general,FALSE
subst.c,322,var_is_special,var,subst.c,3100,['general'],['general'],general,FALSE
subst.c,322,pflags,var,subst.c,3075,['general'],['general'],general,FALSE
subst.c,322,indp,var,subst.c,3056,['general'],['general'],general,FALSE
subst.c,322,qdollaratp,var,subst.c,3077,['general'],['general'],general,FALSE
subst.c,322,hasdollarat,var,subst.c,3050,['general'],['general'],general,FALSE
subst.c,322,delim,var,subst.c,3032,['general'],['general'],general,FALSE
subst.c,322,v,var,subst.c,3097,['general'],['general'],general,FALSE
subst.c,322,vtype,var,subst.c,3103,['general'],['general'],general,FALSE
subst.c,322,e1p,var,subst.c,3036,['general'],['general'],general,FALSE
subst.c,322,e2p,var,subst.c,3037,['general'],['general'],general,FALSE
subst.c,322,varp,var,subst.c,3102,['general'],['general'],general,FALSE
subst.c,322,valp,var,subst.c,3098,['general'],['general'],general,FALSE
subst.c,322,s,var,subst.c,3084,['general'],['general'],general,FALSE
subst.c,322,rep,var,subst.c,3081,['general'],['general'],general,FALSE
subst.c,322,mflags,var,subst.c,3060,['general'],['general'],general,FALSE
subst.c,322,patsub,var,subst.c,3072,['general'],['general'],general,FALSE
subst.c,322,modop,var,subst.c,3061,['general'],['general'],general,FALSE
subst.c,322,modspec,var,subst.c,3062,['general'],['general'],general,FALSE
subst.c,322,indexp,var,subst.c,3055,['general'],['general'],general,FALSE
subst.c,322,expanded_something,var,subst.c,3043,['general'],['general'],general,FALSE
subst.c,322,quoted_dollar_at_p,var,subst.c,3079,['general'],['general'],general,FALSE
subst.c,322,had_quoted_null_p,var,subst.c,3048,['general'],['general'],general,FALSE
subst.c,322,isexp,var,subst.c,3057,['general'],['general'],general,FALSE
subst.c,322,ifs_chars,var,subst.c,3052,['general'],['general'],general,FALSE
subst.c,322,tlist,var,subst.c,3096,['general'],['general'],general,FALSE
subst.c,322,eflags,var,subst.c,3038,['general'],['general'],general,FALSE
subst.c,322,args,var,subst.c,3027,['general'],['general'],general,FALSE
subst.c,322,n,var,subst.c,3064,['general'],['general'],general,FALSE
subst.c,322,ifs_value,var,subst.c,3053,['general'],['general'],general,FALSE
subst.c,322,quoted_strchr,functionproto,subst.c,3018,['general'],['general'],general,FALSE
subst.c,322,unquoted_member,functionproto,subst.c,3024,['general'],['general'],general,FALSE
subst.c,322,skip_single_quoted,functionproto,subst.c,3022,['general'],['general'],general,FALSE
subst.c,322,skip_matched_pair,functionproto,subst.c,3021,['general'],['general'],general,FALSE
subst.c,322,string_list_internal,functionproto,subst.c,3023,['general'],['general'],general,FALSE
subst.c,322,get_dollar_var_value,functionproto,subst.c,3009,['general'],['general'],general,FALSE
lib/readline/display.c,164,rl_redisplay,functionimpl,lib/readline/display.c,1413,['libreadline'],['libreadline'],libreadline,FALSE
lib/readline/display.c,164,rl_on_new_line_with_prompt,functionimpl,lib/readline/display.c,1412,['libreadline'],['libreadline'],libreadline,FALSE
lib/readline/terminal.c,210,_rl_init_terminal_io,functionproto,lib/readline/terminal.c,2085,['libreadline'],['libreadline'],libreadline,FALSE
lib/readline/terminal.c,210,_rl_term_autowrap,var,lib/readline/terminal.c,2098,['libreadline'],['libreadline'],libreadline,FALSE
lib/readline/terminal.c,210,_rl_screenchars,var,lib/readline/terminal.c,2092,['libreadline'],['libreadline'],libreadline,FALSE
lib/readline/terminal.c,210,_rl_screenheight,var,lib/readline/terminal.c,2093,['libreadline'],['libreadline'],libreadline,FALSE
lib/readline/terminal.c,210,_rl_enable_meta,var,lib/readline/terminal.c,2091,['libreadline'],['libreadline'],libreadline,FALSE
shell.h,316,rest_of_args,var,shell.h,2932,['general'],['general'],general,FALSE
lib/readline/histexpand.c,174,subst_rhs_len,var,lib/readline/histexpand.c,1591,"['libreadline', 'libhistory']","['libreadline', 'libhistory']",libhistory,TRUE
lib/readline/display.c,164,display,file,lib/readline/display.c,1401,['libreadline'],['libreadline'],libreadline,FALSE
lib/sh/spell.c,255,spell,file,lib/sh/spell.c,2405,['libsh'],['libsh'],libsh,FALSE
lib/sh/zmapfd.c,286,zmapfd,file,lib/sh/zmapfd.c,2532,['libsh'],['libsh'],libsh,FALSE
lib/sh/getcwd.c,231,lstat,var,lib/sh/getcwd.c,2273,['libsh'],['libsh'],libsh,FALSE
lib/sh/getcwd.c,231,buf,var,lib/sh/getcwd.c,2261,['libsh'],['libsh'],libsh,FALSE
lib/sh/getcwd.c,231,size,var,lib/sh/getcwd.c,2285,['libsh'],['libsh'],libsh,FALSE
lib/sh/getcwd.c,231,errno,var,lib/sh/getcwd.c,2271,['libsh'],['libsh'],libsh,FALSE
lib/sh/getcwd.c,231,pathsize,var,lib/sh/getcwd.c,2280,['libsh'],['libsh'],libsh,FALSE
lib/sh/getcwd.c,231,path,var,lib/sh/getcwd.c,2277,['libsh'],['libsh'],libsh,FALSE
lib/sh/getcwd.c,231,pathp,var,lib/sh/getcwd.c,2279,['libsh'],['libsh'],libsh,FALSE
lib/sh/getcwd.c,231,pathbuf,var,lib/sh/getcwd.c,2278,['libsh'],['libsh'],libsh,FALSE
lib/sh/getcwd.c,231,st,var,lib/sh/getcwd.c,2287,['libsh'],['libsh'],libsh,FALSE
lib/sh/getcwd.c,231,thisdev,var,lib/sh/getcwd.c,2288,['libsh'],['libsh'],libsh,FALSE
lib/sh/getcwd.c,231,thisino,var,lib/sh/getcwd.c,2289,['libsh'],['libsh'],libsh,FALSE
lib/sh/getcwd.c,231,rootdev,var,lib/sh/getcwd.c,2281,['libsh'],['libsh'],libsh,FALSE
lib/sh/getcwd.c,231,rootino,var,lib/sh/getcwd.c,2282,['libsh'],['libsh'],libsh,FALSE
lib/sh/getcwd.c,231,saved_errno,var,lib/sh/getcwd.c,2284,['libsh'],['libsh'],libsh,FALSE
lib/sh/getcwd.c,231,dotsize,var,lib/sh/getcwd.c,2269,['libsh'],['libsh'],libsh,FALSE
lib/sh/getcwd.c,231,dots,var,lib/sh/getcwd.c,2268,['libsh'],['libsh'],libsh,FALSE
lib/sh/getcwd.c,231,dotp,var,lib/sh/getcwd.c,2267,['libsh'],['libsh'],libsh,FALSE
lib/sh/getcwd.c,231,dotlist,var,lib/sh/getcwd.c,2266,['libsh'],['libsh'],libsh,FALSE
lib/sh/getcwd.c,231,dotdev,var,lib/sh/getcwd.c,2264,['libsh'],['libsh'],libsh,FALSE
lib/sh/getcwd.c,231,dotino,var,lib/sh/getcwd.c,2265,['libsh'],['libsh'],libsh,FALSE
lib/sh/getcwd.c,231,mount_point,var,lib/sh/getcwd.c,2274,['libsh'],['libsh'],libsh,FALSE
lib/sh/getcwd.c,231,dirstream,var,lib/sh/getcwd.c,2263,['libsh'],['libsh'],libsh,FALSE
lib/sh/getcwd.c,231,d,var,lib/sh/getcwd.c,2262,['libsh'],['libsh'],libsh,FALSE
lib/sh/getcwd.c,231,namlen,var,lib/sh/getcwd.c,2276,['libsh'],['libsh'],libsh,FALSE
lib/sh/getcwd.c,231,name,var,lib/sh/getcwd.c,2275,['libsh'],['libsh'],libsh,FALSE
lib/sh/getcwd.c,231,save,var,lib/sh/getcwd.c,2283,['libsh'],['libsh'],libsh,FALSE
lib/sh/getcwd.c,231,space,var,lib/sh/getcwd.c,2286,['libsh'],['libsh'],libsh,FALSE
lib/sh/getcwd.c,231,len,var,lib/sh/getcwd.c,2272,['libsh'],['libsh'],libsh,FALSE
lib/sh/getcwd.c,231,e,var,lib/sh/getcwd.c,2270,['libsh'],['libsh'],libsh,FALSE
make_cmd.h,301,make_word_list,functionproto,make_cmd.h,2728,['general'],['general'],general,FALSE
make_cmd.h,301,make_bare_word,functionproto,make_cmd.h,2713,['general'],['general'],general,FALSE
lib/readline/display.c,164,init_line_structures,functionproto,lib/readline/display.c,1421,['libreadline'],['libreadline'],libreadline,FALSE
lib/readline/display.c,164,rl_on_new_line,functionimpl,lib/readline/display.c,1411,['libreadline'],['libreadline'],libreadline,FALSE
lib/readline/display.c,164,cr,functionimpl,lib/readline/display.c,1408,['libreadline'],['libreadline'],libreadline,FALSE
lib/readline/display.c,164,_rl_col_width,functionproto,lib/readline/display.c,1418,['libreadline'],['libreadline'],libreadline,FALSE
lib/readline/display.c,164,update_line,functionproto,lib/readline/display.c,1424,['libreadline'],['libreadline'],libreadline,FALSE
lib/readline/display.c,164,_rl_clear_to_eol,functionproto,lib/readline/display.c,1417,['libreadline'],['libreadline'],libreadline,FALSE
lib/readline/display.c,164,_rl_move_vert,functionproto,lib/readline/display.c,1420,['libreadline'],['libreadline'],libreadline,FALSE
lib/readline/display.c,164,_rl_move_cursor_relative,functionproto,lib/readline/display.c,1419,['libreadline'],['libreadline'],libreadline,FALSE
lib/readline/display.c,164,rl_forced_update_display,functionimpl,lib/readline/display.c,1410,['libreadline'],['libreadline'],libreadline,FALSE
lib/readline/display.c,164,rl_clear_message,functionimpl,lib/readline/display.c,1409,['libreadline'],['libreadline'],libreadline,FALSE
lib/readline/display.c,164,rl_restore_prompt,functionimpl,lib/readline/display.c,1415,['libreadline'],['libreadline'],libreadline,FALSE
lib/readline/display.c,164,rl_reset_line_state,functionimpl,lib/readline/display.c,1414,['libreadline'],['libreadline'],libreadline,FALSE
lib/readline/display.c,164,_rl_update_final,functionimpl,lib/readline/display.c,1407,['libreadline'],['libreadline'],libreadline,FALSE
lib/readline/display.c,164,redraw_prompt,functionproto,lib/readline/display.c,1422,['libreadline'],['libreadline'],libreadline,FALSE
lib/readline/display.c,164,line_state,type,lib/readline/display.c,1425,['libreadline'],['libreadline'],libreadline,FALSE
lib/readline/display.c,164,line_state_array,var,lib/readline/display.c,1452,['libreadline'],['libreadline'],libreadline,FALSE
lib/readline/display.c,164,pmt,var,lib/readline/display.c,1474,['libreadline'],['libreadline'],libreadline,FALSE
lib/readline/display.c,164,c,var,lib/readline/display.c,1433,['libreadline'],['libreadline'],libreadline,FALSE
lib/readline/display.c,164,pos,var,lib/readline/display.c,1476,['libreadline'],['libreadline'],libreadline,FALSE
lib/readline/display.c,164,rl_display_prompt,var,lib/readline/display.c,1492,['libreadline'],['libreadline'],libreadline,FALSE
lib/readline/display.c,164,line_structures_initialized,var,lib/readline/display.c,1455,['libreadline'],['libreadline'],libreadline,FALSE
lib/readline/display.c,164,cpos_buffer_position,var,lib/readline/display.c,1436,['libreadline'],['libreadline'],libreadline,FALSE
lib/readline/display.c,164,prompt_multibyte_chars,var,lib/readline/display.c,1482,['libreadline'],['libreadline'],libreadline,FALSE
lib/readline/display.c,164,prompt_visible_length,var,lib/readline/display.c,1487,['libreadline'],['libreadline'],libreadline,FALSE
lib/readline/display.c,164,prompt_physical_chars,var,lib/readline/display.c,1483,['libreadline'],['libreadline'],libreadline,FALSE
lib/readline/display.c,164,line,var,lib/readline/display.c,1450,['libreadline'],['libreadline'],libreadline,FALSE
lib/readline/display.c,164,invisible_line,var,lib/readline/display.c,1444,['libreadline'],['libreadline'],libreadline,FALSE
lib/readline/display.c,164,out,var,lib/readline/display.c,1472,['libreadline'],['libreadline'],libreadline,FALSE
lib/readline/display.c,164,inv_botlin,var,lib/readline/display.c,1442,['libreadline'],['libreadline'],libreadline,FALSE
lib/readline/display.c,164,modmark,var,lib/readline/display.c,1463,['libreadline'],['libreadline'],libreadline,FALSE
lib/readline/display.c,164,visible_line,var,lib/readline/display.c,1509,['libreadline'],['libreadline'],libreadline,FALSE
lib/readline/display.c,164,rl_display_fixed,var,lib/readline/display.c,1491,['libreadline'],['libreadline'],libreadline,FALSE
lib/readline/display.c,164,local_prompt,var,lib/readline/display.c,1458,['libreadline'],['libreadline'],libreadline,FALSE
lib/readline/display.c,164,local_prompt_prefix,var,lib/readline/display.c,1460,['libreadline'],['libreadline'],libreadline,FALSE
lib/readline/display.c,164,forced_display,var,lib/readline/display.c,1438,['libreadline'],['libreadline'],libreadline,FALSE
lib/readline/display.c,164,local_prompt_len,var,lib/readline/display.c,1459,['libreadline'],['libreadline'],libreadline,FALSE
lib/readline/display.c,164,temp,var,lib/readline/display.c,1503,['libreadline'],['libreadline'],libreadline,FALSE
lib/readline/display.c,164,line_size,var,lib/readline/display.c,1451,['libreadline'],['libreadline'],libreadline,FALSE
lib/readline/display.c,164,wrap_offset,var,lib/readline/display.c,1515,['libreadline'],['libreadline'],libreadline,FALSE
lib/readline/display.c,164,prompt_this_line,var,lib/readline/display.c,1486,['libreadline'],['libreadline'],libreadline,FALSE
lib/readline/display.c,164,pmtlen,var,lib/readline/display.c,1475,['libreadline'],['libreadline'],libreadline,FALSE
lib/readline/display.c,164,prompt_invis_chars_first_line,var,lib/readline/display.c,1477,['libreadline'],['libreadline'],libreadline,FALSE
lib/readline/display.c,164,inv_lbreaks,var,lib/readline/display.c,1443,['libreadline'],['libreadline'],libreadline,FALSE
lib/readline/display.c,164,newlines,var,lib/readline/display.c,1467,['libreadline'],['libreadline'],libreadline,FALSE
lib/readline/display.c,164,lpos,var,lib/readline/display.c,1461,['libreadline'],['libreadline'],libreadline,FALSE
lib/readline/display.c,164,line_state_invisible,var,lib/readline/display.c,1453,['libreadline'],['libreadline'],libreadline,FALSE
lib/readline/display.c,164,num,var,lib/readline/display.c,1470,['libreadline'],['libreadline'],libreadline,FALSE
lib/readline/display.c,164,prompt_lines_estimate,var,lib/readline/display.c,1481,['libreadline'],['libreadline'],libreadline,FALSE
lib/readline/display.c,164,n0,var,lib/readline/display.c,1465,['libreadline'],['libreadline'],libreadline,FALSE
lib/readline/display.c,164,z,var,lib/readline/display.c,1516,['libreadline'],['libreadline'],libreadline,FALSE
lib/readline/display.c,164,prompt_last_screen_line,var,lib/readline/display.c,1480,['libreadline'],['libreadline'],libreadline,FALSE
lib/readline/display.c,164,lb_linenum,var,lib/readline/display.c,1449,['libreadline'],['libreadline'],libreadline,FALSE
lib/readline/display.c,164,in,var,lib/readline/display.c,1441,['libreadline'],['libreadline'],libreadline,FALSE
lib/readline/display.c,164,ps,var,lib/readline/display.c,1488,['libreadline'],['libreadline'],libreadline,FALSE
lib/readline/display.c,164,wc_bytes,var,lib/readline/display.c,1513,['libreadline'],['libreadline'],libreadline,FALSE
lib/readline/display.c,164,wc_width,var,lib/readline/display.c,1514,['libreadline'],['libreadline'],libreadline,FALSE
lib/readline/display.c,164,wc,var,lib/readline/display.c,1512,['libreadline'],['libreadline'],libreadline,FALSE
lib/readline/display.c,164,newout,var,lib/readline/display.c,1468,['libreadline'],['libreadline'],libreadline,FALSE
lib/readline/display.c,164,temp2,var,lib/readline/display.c,1504,['libreadline'],['libreadline'],libreadline,FALSE
lib/readline/display.c,164,_rl_wrapped_multicolumn,var,lib/readline/display.c,1432,['libreadline'],['libreadline'],libreadline,FALSE
lib/readline/display.c,164,i,var,lib/readline/display.c,1440,['libreadline'],['libreadline'],libreadline,FALSE
lib/readline/display.c,164,lb_botlin,var,lib/readline/display.c,1448,['libreadline'],['libreadline'],libreadline,FALSE
lib/readline/display.c,164,cursor_linenum,var,lib/readline/display.c,1437,['libreadline'],['libreadline'],libreadline,FALSE
lib/readline/display.c,164,linenum,var,lib/readline/display.c,1456,['libreadline'],['libreadline'],libreadline,FALSE
lib/readline/display.c,164,o_cpos,var,lib/readline/display.c,1471,['libreadline'],['libreadline'],libreadline,FALSE
lib/readline/display.c,164,_rl_last_c_pos,var,lib/readline/display.c,1427,['libreadline'],['libreadline'],libreadline,FALSE
lib/readline/display.c,164,cpos_adjusted,var,lib/readline/display.c,1435,['libreadline'],['libreadline'],libreadline,FALSE
lib/readline/display.c,164,prompt_last_invisible,var,lib/readline/display.c,1478,['libreadline'],['libreadline'],libreadline,FALSE
lib/readline/display.c,164,visible_wrap_offset,var,lib/readline/display.c,1510,['libreadline'],['libreadline'],libreadline,FALSE
lib/readline/display.c,164,visible_first_line_len,var,lib/readline/display.c,1508,['libreadline'],['libreadline'],libreadline,FALSE
lib/readline/display.c,164,nleft,var,lib/readline/display.c,1469,['libreadline'],['libreadline'],libreadline,FALSE
lib/readline/display.c,164,_rl_vis_botlin,var,lib/readline/display.c,1430,['libreadline'],['libreadline'],libreadline,FALSE
lib/readline/display.c,164,tt,var,lib/readline/display.c,1505,['libreadline'],['libreadline'],libreadline,FALSE
lib/readline/display.c,164,changed_screen_line,var,lib/readline/display.c,1434,['libreadline'],['libreadline'],libreadline,FALSE
lib/readline/display.c,164,_rl_last_v_pos,var,lib/readline/display.c,1428,['libreadline'],['libreadline'],libreadline,FALSE
lib/readline/display.c,164,PROMPT_ENDING_INDEX,var,lib/readline/display.c,1426,['libreadline'],['libreadline'],libreadline,FALSE
lib/readline/display.c,164,tx,var,lib/readline/display.c,1506,['libreadline'],['libreadline'],libreadline,FALSE
lib/readline/display.c,164,ndisp,var,lib/readline/display.c,1466,['libreadline'],['libreadline'],libreadline,FALSE
lib/readline/display.c,164,phys_c_pos,var,lib/readline/display.c,1473,['libreadline'],['libreadline'],libreadline,FALSE
lib/readline/display.c,164,last_lmargin,var,lib/readline/display.c,1447,['libreadline'],['libreadline'],libreadline,FALSE
lib/readline/display.c,164,t,var,lib/readline/display.c,1502,['libreadline'],['libreadline'],libreadline,FALSE
lib/readline/display.c,164,lmargin,var,lib/readline/display.c,1457,['libreadline'],['libreadline'],libreadline,FALSE
lib/readline/display.c,164,line_state_visible,var,lib/readline/display.c,1454,['libreadline'],['libreadline'],libreadline,FALSE
lib/readline/display.c,164,vtemp,var,lib/readline/display.c,1511,['libreadline'],['libreadline'],libreadline,FALSE
lib/readline/display.c,164,vis_lbreaks,var,lib/readline/display.c,1507,['libreadline'],['libreadline'],libreadline,FALSE
lib/readline/display.c,164,prompt_size,var,lib/readline/display.c,1485,['libreadline'],['libreadline'],libreadline,FALSE
lib/readline/display.c,164,lprompt,var,lib/readline/display.c,1462,['libreadline'],['libreadline'],libreadline,FALSE
lib/readline/display.c,164,prompt_last_line,var,lib/readline/display.c,1479,['libreadline'],['libreadline'],libreadline,FALSE
lib/readline/display.c,164,l,var,lib/readline/display.c,1445,['libreadline'],['libreadline'],libreadline,FALSE
lib/readline/display.c,164,real_screenwidth,var,lib/readline/display.c,1489,['libreadline'],['libreadline'],libreadline,FALSE
lib/readline/display.c,164,msg_saved_prompt,var,lib/readline/display.c,1464,['libreadline'],['libreadline'],libreadline,FALSE
lib/readline/display.c,164,rl_save_prompt,functionimpl,lib/readline/display.c,1416,['libreadline'],['libreadline'],libreadline,FALSE
lib/readline/display.c,164,saved_local_prompt,var,lib/readline/display.c,1498,['libreadline'],['libreadline'],libreadline,FALSE
lib/readline/display.c,164,saved_local_prefix,var,lib/readline/display.c,1497,['libreadline'],['libreadline'],libreadline,FALSE
lib/readline/display.c,164,saved_prefix_length,var,lib/readline/display.c,1500,['libreadline'],['libreadline'],libreadline,FALSE
lib/readline/display.c,164,prompt_prefix_length,var,lib/readline/display.c,1484,['libreadline'],['libreadline'],libreadline,FALSE
lib/readline/display.c,164,saved_local_length,var,lib/readline/display.c,1496,['libreadline'],['libreadline'],libreadline,FALSE
lib/readline/display.c,164,saved_last_invisible,var,lib/readline/display.c,1495,['libreadline'],['libreadline'],libreadline,FALSE
lib/readline/display.c,164,saved_visible_length,var,lib/readline/display.c,1501,['libreadline'],['libreadline'],libreadline,FALSE
lib/readline/display.c,164,saved_invis_chars_first_line,var,lib/readline/display.c,1494,['libreadline'],['libreadline'],libreadline,FALSE
lib/readline/display.c,164,saved_physical_chars,var,lib/readline/display.c,1499,['libreadline'],['libreadline'],libreadline,FALSE
lib/readline/display.c,164,full_lines,var,lib/readline/display.c,1439,['libreadline'],['libreadline'],libreadline,FALSE
lib/readline/display.c,164,last_line,var,lib/readline/display.c,1446,['libreadline'],['libreadline'],libreadline,FALSE
lib/readline/display.c,164,_rl_current_display_line,functionimpl,lib/readline/display.c,1404,['libreadline'],['libreadline'],libreadline,FALSE
lib/readline/display.c,164,ret,var,lib/readline/display.c,1490,['libreadline'],['libreadline'],libreadline,FALSE
make_cmd.c,300,make_word_list,functionproto,make_cmd.c,2671,['general'],['general'],general,FALSE
make_cmd.c,300,make_bare_word,functionproto,make_cmd.c,2660,['general'],['general'],general,FALSE
lib/termcap/termcap.c,290,tputs,functionproto,lib/termcap/termcap.c,2548,['libtermcap'],['libtermcap'],libtermcap,FALSE
copy_cmd.c,35,copy_cmd,file,copy_cmd.c,215,['general'],['general'],general,FALSE
copy_cmd.c,35,list,var,copy_cmd.c,232,['general'],['general'],general,FALSE
copy_cmd.c,35,com,var,copy_cmd.c,231,['general'],['general'],general,FALSE
copy_cmd.c,35,copy_word_list,functionproto,copy_cmd.c,230,['general'],['general'],general,FALSE
copy_cmd.c,35,copy_case_clause,functionproto,copy_cmd.c,216,['general'],['general'],general,FALSE
command.h,33,PATTERN_LIST,alias,command.h,177,['general'],['general'],general,FALSE
copy_cmd.c,35,copy_case_clauses,functionproto,copy_cmd.c,217,['general'],['general'],general,FALSE
copy_cmd.c,35,copy_for_command,functionproto,copy_cmd.c,221,['general'],['general'],general,FALSE
command.h,33,FOR_COM,alias,command.h,173,['general'],['general'],general,FALSE
copy_cmd.c,35,copy_group_command,functionproto,copy_cmd.c,223,['general'],['general'],general,FALSE
command.h,33,GROUP_COM,alias,command.h,175,['general'],['general'],general,FALSE
copy_cmd.c,35,copy_subshell_command,functionproto,copy_cmd.c,227,['general'],['general'],general,FALSE
command.h,33,SUBSHELL_COM,alias,command.h,180,['general'],['general'],general,FALSE
copy_cmd.c,35,copy_coproc_command,functionproto,copy_cmd.c,220,['general'],['general'],general,FALSE
command.h,33,COPROC_COM,alias,command.h,172,['general'],['general'],general,FALSE
copy_cmd.c,35,copy_case_command,functionproto,copy_cmd.c,218,['general'],['general'],general,FALSE
command.h,33,CASE_COM,alias,command.h,170,['general'],['general'],general,FALSE
copy_cmd.c,35,copy_while_command,functionproto,copy_cmd.c,228,['general'],['general'],general,FALSE
command.h,33,WHILE_COM,alias,command.h,181,['general'],['general'],general,FALSE
copy_cmd.c,35,copy_if_command,functionproto,copy_cmd.c,224,['general'],['general'],general,FALSE
command.h,33,IF_COM,alias,command.h,176,['general'],['general'],general,FALSE
copy_cmd.c,35,copy_simple_command,functionproto,copy_cmd.c,226,['general'],['general'],general,FALSE
command.h,33,SIMPLE_COM,alias,command.h,179,['general'],['general'],general,FALSE
copy_cmd.c,35,copy_word,functionproto,copy_cmd.c,229,['general'],['general'],general,FALSE
copy_cmd.c,35,copy_redirect,functionproto,copy_cmd.c,225,['general'],['general'],general,FALSE
copy_cmd.c,35,copy_function_def_contents,functionproto,copy_cmd.c,222,['general'],['general'],general,FALSE
copy_cmd.c,35,copy_command,functionproto,copy_cmd.c,219,['general'],['general'],general,FALSE
jobs.h,105,reap_dead_jobs,functionproto,jobs.h,927,['job_control'],['job_control'],job_control,FALSE
jobs.h,105,initialize_job_signals,functionproto,jobs.h,923,['job_control'],['job_control'],job_control,FALSE
jobs.h,105,ignore_tty_job_signals,functionproto,jobs.h,920,['job_control'],['job_control'],job_control,FALSE
nojobs.c,303,default_tty_job_signals,functionimpl,nojobs.c,2746,['job_control'],['job_control'],job_control,FALSE
jobs.h,105,default_tty_job_signals,functionproto,jobs.h,914,['job_control'],['job_control'],job_control,FALSE
jobs.h,105,wait_for_background_pids,functionproto,jobs.h,936,['job_control'],['job_control'],job_control,FALSE
jobs.h,105,set_tty_state,functionproto,jobs.h,930,['job_control'],['job_control'],job_control,FALSE
jobs.h,105,start_pipeline,functionproto,jobs.h,931,['job_control'],['job_control'],job_control,FALSE
jobs.h,105,stop_making_children,functionproto,jobs.h,932,['job_control'],['job_control'],job_control,FALSE
nojobs.c,303,freeze_jobs_list,functionimpl,nojobs.c,2748,['job_control'],['job_control'],job_control,FALSE
jobs.h,105,freeze_jobs_list,functionproto,jobs.h,916,['job_control'],['job_control'],job_control,FALSE
nojobs.c,303,count_all_jobs,functionimpl,nojobs.c,2745,['job_control'],['job_control'],job_control,FALSE
jobs.h,105,count_all_jobs,functionproto,jobs.h,913,['job_control'],['job_control'],job_control,FALSE
lib/readline/mbutil.c,185,string,var,lib/readline/mbutil.c,1742,['libreadline'],['libreadline'],libreadline,FALSE
lib/readline/mbutil.c,185,seed,var,lib/readline/mbutil.c,1741,['libreadline'],['libreadline'],libreadline,FALSE
lib/readline/mbutil.c,185,find_non_zero,var,lib/readline/mbutil.c,1733,['libreadline'],['libreadline'],libreadline,FALSE
lib/readline/mbutil.c,185,point,var,lib/readline/mbutil.c,1737,['libreadline'],['libreadline'],libreadline,FALSE
lib/readline/mbutil.c,185,ps,var,lib/readline/mbutil.c,1738,['libreadline'],['libreadline'],libreadline,FALSE
lib/readline/mbutil.c,185,end,var,lib/readline/mbutil.c,1732,['libreadline'],['libreadline'],libreadline,FALSE
lib/readline/mbutil.c,185,mbchar,var,lib/readline/mbutil.c,1736,['libreadline'],['libreadline'],libreadline,FALSE
lib/readline/mbutil.c,185,length,var,lib/readline/mbutil.c,1735,['libreadline'],['libreadline'],libreadline,FALSE
lib/readline/mbutil.c,185,count,var,lib/readline/mbutil.c,1731,['libreadline'],['libreadline'],libreadline,FALSE
lib/readline/mbutil.c,185,flags,var,lib/readline/mbutil.c,1734,['libreadline'],['libreadline'],libreadline,FALSE
lib/readline/mbutil.c,185,_rl_get_char_len,functionproto,lib/readline/mbutil.c,1730,['libreadline'],['libreadline'],libreadline,FALSE
lib/readline/mbutil.c,185,_rl_compare_chars,functionproto,lib/readline/mbutil.c,1729,['libreadline'],['libreadline'],libreadline,FALSE
lib/readline/mbutil.c,185,ps2,var,lib/readline/mbutil.c,1739,['libreadline'],['libreadline'],libreadline,FALSE
support/bashversion.c,324,bashversion,file,support/bashversion.c,3112,['support'],['support'],support,FALSE
lib/readline/rltty.c,201,rltty,file,lib/readline/rltty.c,2010,['libreadline'],['libreadline'],libreadline,FALSE
lib/readline/rltty.c,201,rl_prep_terminal,functionproto,lib/readline/rltty.c,2014,['libreadline'],['libreadline'],libreadline,FALSE
lib/readline/rltty.c,201,rl_deprep_terminal,functionimpl,lib/readline/rltty.c,2013,['libreadline'],['libreadline'],libreadline,FALSE
lib/readline/rltty.c,201,count,var,lib/readline/rltty.c,2015,['libreadline'],['libreadline'],libreadline,FALSE
lib/readline/rltty.c,201,key,var,lib/readline/rltty.c,2016,['libreadline'],['libreadline'],libreadline,FALSE
lib/readline/rlshell.h,199,sh_get_home_dir,functionproto,lib/readline/rlshell.h,2008,['libreadline'],['libreadline'],libreadline,FALSE
lib/readline/rltty.h,202,_rl_tty_chars,type,lib/readline/rltty.h,2020,['libreadline'],['libreadline'],libreadline,FALSE
lib/sh/mailstat.c,236,mailstat,file,lib/sh/mailstat.c,2299,['libsh'],['libsh'],libsh,FALSE
lib/sh/strtod.c,266,strtod,functionproto,lib/sh/strtod.c,2492,['libsh'],['libsh'],libsh,FALSE
lib/sh/strtod.c,266,endptr,var,lib/sh/strtod.c,2493,['libsh'],['libsh'],libsh,FALSE
lib/readline/callback.c,161,rl_callback_read_char,functionimpl,lib/readline/callback.c,1325,['libreadline'],['libreadline'],libreadline,FALSE
lib/readline/callback.c,161,_rl_callback_data_dispose,functionproto,lib/readline/callback.c,1327,['libreadline'],['libreadline'],libreadline,FALSE
lib/readline/callback.c,161,_rl_callback_newline,functionimpl,lib/readline/callback.c,1323,['libreadline'],['libreadline'],libreadline,FALSE
lib/readline/callback.c,161,in_handler,var,lib/readline/callback.c,1331,['libreadline'],['libreadline'],libreadline,FALSE
lib/readline/callback.c,161,rl_linefunc,var,lib/readline/callback.c,1335,['libreadline'],['libreadline'],libreadline,FALSE
lib/readline/callback.c,161,olevel,var,lib/readline/callback.c,1334,['libreadline'],['libreadline'],libreadline,FALSE
lib/readline/callback.c,161,jcode,var,lib/readline/callback.c,1332,['libreadline'],['libreadline'],libreadline,FALSE
lib/readline/callback.c,161,eof,var,lib/readline/callback.c,1330,['libreadline'],['libreadline'],libreadline,FALSE
lib/readline/callback.c,161,_rl_callback_func,var,lib/readline/callback.c,1329,['libreadline'],['libreadline'],libreadline,FALSE
lib/readline/callback.c,161,_rl_callback_data,var,lib/readline/callback.c,1328,['libreadline'],['libreadline'],libreadline,FALSE
lib/readline/callback.c,161,line,var,lib/readline/callback.c,1333,['libreadline'],['libreadline'],libreadline,FALSE
lib/readline/callback.c,161,rl_callback_handler_remove,functionimpl,lib/readline/callback.c,1324,['libreadline'],['libreadline'],libreadline,FALSE
pathexp.c,306,string,var,pathexp.c,2792,['general'],['general'],general,FALSE
pathexp.c,306,s,var,pathexp.c,2791,['general'],['general'],general,FALSE
pathexp.c,306,ip,var,pathexp.c,2790,['general'],['general'],general,FALSE
pathexp.c,306,should_ignore_glob_matches,functionimpl,pathexp.c,2788,['general'],['general'],general,FALSE
pathexp.c,306,globignore,var,pathexp.c,2789,['general'],['general'],general,FALSE
pathexp.h,307,ign,type,pathexp.h,2794,['general'],['general'],general,FALSE
pathexp.h,307,ignorevar,type,pathexp.h,2795,['general'],['general'],general,FALSE
lib/readline/input.c,180,rl_gather_tyi,functionimpl,lib/readline/input.c,1655,['libreadline'],['libreadline'],libreadline,FALSE
lib/readline/input.c,180,_rl_input_available,functionimpl,lib/readline/input.c,1651,['libreadline'],['libreadline'],libreadline,FALSE
lib/readline/input.c,180,rl_clear_pending_input,functionimpl,lib/readline/input.c,1654,['libreadline'],['libreadline'],libreadline,FALSE
lib/readline/readline.h,194,rl_pending_input,var,lib/readline/readline.h,1888,['libreadline'],['libreadline'],libreadline,FALSE
lib/readline/input.c,180,rl_read_key,functionimpl,lib/readline/input.c,1656,['libreadline'],['libreadline'],libreadline,FALSE
lib/readline/readline.h,194,rl_done,var,lib/readline/readline.h,1876,['libreadline'],['libreadline'],libreadline,FALSE
lib/readline/isearch.c,181,_rl_isearch_callback,var,lib/readline/isearch.c,1689,['libreadline'],['libreadline'],libreadline,FALSE
lib/readline/isearch.c,181,_rl_iscxt,var,lib/readline/isearch.c,1688,['libreadline'],['libreadline'],libreadline,FALSE
lib/readline/misc.c,186,_rl_arg_callback,var,lib/readline/misc.c,1761,['libreadline'],['libreadline'],libreadline,FALSE
lib/readline/input.c,180,_rl_pushed_input_available,functionimpl,lib/readline/input.c,1652,['libreadline'],['libreadline'],libreadline,FALSE
lib/readline/rlprivate.h,198,rl_key_sequence_length,var,lib/readline/rlprivate.h,2003,['libreadline'],['libreadline'],libreadline,FALSE
lib/readline/input.c,180,_rl_any_typein,functionimpl,lib/readline/input.c,1650,['libreadline'],['libreadline'],libreadline,FALSE
lib/readline/rlprivate.h,198,_rl_any_typein,functionproto,lib/readline/rlprivate.h,1903,['libreadline'],['libreadline'],libreadline,FALSE
lib/readline/rlprivate.h,198,_rl_pushed_input_available,functionproto,lib/readline/rlprivate.h,1936,['libreadline'],['libreadline'],libreadline,FALSE
lib/readline/rlprivate.h,198,_rl_input_available,functionproto,lib/readline/rlprivate.h,1924,['libreadline'],['libreadline'],libreadline,FALSE
unwind_prot.h,338,unwind_prot,file,unwind_prot.h,3462,['general'],['general'],general,FALSE
unwind_prot.c,337,uwp,type,unwind_prot.c,3455,['general'],['general'],general,FALSE
unwind_prot.c,337,arg,var,unwind_prot.c,3457,['general'],['general'],general,FALSE
unwind_prot.c,337,sv,var,unwind_prot.c,3459,['general'],['general'],general,FALSE
unwind_prot.c,337,remove_unwind_protect,functionimpl,unwind_prot.c,3445,['general'],['general'],general,FALSE
unwind_prot.c,337,without_interrupts,functionproto,unwind_prot.c,3453,['general'],['general'],general,FALSE
unwind_prot.c,337,run_unwind_protects,functionimpl,unwind_prot.c,3446,['general'],['general'],general,FALSE
unwind_prot.c,337,unwind_protect_list,var,unwind_prot.c,3461,['general'],['general'],general,FALSE
unwind_prot.c,337,remove_unwind_protect_internal,functionproto,unwind_prot.c,3450,['general'],['general'],general,FALSE
unwind_prot.c,337,run_unwind_protects_internal,functionproto,unwind_prot.c,3452,['general'],['general'],general,FALSE
unwind_prot.c,337,have_unwind_protects,functionimpl,unwind_prot.c,3444,['general'],['general'],general,FALSE
unwind_prot.c,337,begin_unwind_frame,functionproto,unwind_prot.c,3448,['general'],['general'],general,FALSE
unwind_prot.c,337,tag,var,unwind_prot.c,3460,['general'],['general'],general,FALSE
unwind_prot.c,337,discard_unwind_frame,functionproto,unwind_prot.c,3449,['general'],['general'],general,FALSE
unwind_prot.c,337,run_unwind_frame,functionproto,unwind_prot.c,3451,['general'],['general'],general,FALSE
unwind_prot.c,337,add_unwind_protect,functionproto,unwind_prot.c,3447,['general'],['general'],general,FALSE
unwind_prot.c,337,cleanup,var,unwind_prot.c,3458,['general'],['general'],general,FALSE
unwind_prot.c,337,uwp_head,type,unwind_prot.c,3456,['general'],['general'],general,FALSE
unwind_prot.c,337,,type,unwind_prot.c,3454,['general'],['general'],general,FALSE
lib/sh/strtod.c,266,strtod,file,lib/sh/strtod.c,2491,['libsh'],['libsh'],libsh,FALSE
lib/readline/callback.c,161,callback,file,lib/readline/callback.c,1322,['libreadline'],['libreadline'],libreadline,FALSE
lib/readline/readline.c,193,_rl_top_level,var,lib/readline/readline.c,1827,['libreadline'],['libreadline'],libreadline,FALSE
lib/readline/readline.c,193,_rl_dispatch_callback,var,lib/readline/readline.c,1812,['libreadline'],['libreadline'],libreadline,FALSE
lib/readline/input.c,180,ibuffer_space,functionimpl,lib/readline/input.c,1653,['libreadline'],['libreadline'],libreadline,FALSE
lib/readline/input.c,180,rl_stuff_char,var,lib/readline/input.c,1679,['libreadline'],['libreadline'],libreadline,FALSE
lib/readline/input.c,180,rl_get_char,functionproto,lib/readline/input.c,1658,['libreadline'],['libreadline'],libreadline,FALSE
lib/readline/input.c,180,rl_event_hook,var,lib/readline/input.c,1677,['libreadline'],['libreadline'],libreadline,FALSE
lib/readline/input.c,180,rl_getc,functionproto,lib/readline/input.c,1659,['libreadline'],['libreadline'],libreadline,FALSE
lib/readline/input.c,180,ibuffer,var,lib/readline/input.c,1666,['libreadline'],['libreadline'],libreadline,FALSE
lib/readline/input.c,180,key,var,lib/readline/input.c,1670,['libreadline'],['libreadline'],libreadline,FALSE
lib/readline/input.c,180,c,var,lib/readline/input.c,1662,['libreadline'],['libreadline'],libreadline,FALSE
lib/readline/input.c,180,any_typein,var,lib/readline/input.c,1661,['libreadline'],['libreadline'],libreadline,FALSE
lib/readline/input.c,180,pop_index,var,lib/readline/input.c,1673,['libreadline'],['libreadline'],libreadline,FALSE
lib/readline/input.c,180,push_index,var,lib/readline/input.c,1674,['libreadline'],['libreadline'],libreadline,FALSE
lib/readline/input.c,180,ibuffer_len,var,lib/readline/input.c,1667,['libreadline'],['libreadline'],libreadline,FALSE
lib/readline/input.c,180,chars_avail,var,lib/readline/input.c,1663,['libreadline'],['libreadline'],libreadline,FALSE
lib/readline/input.c,180,tty,var,lib/readline/input.c,1682,['libreadline'],['libreadline'],libreadline,FALSE
lib/readline/input.c,180,readfds,var,lib/readline/input.c,1675,['libreadline'],['libreadline'],libreadline,FALSE
lib/readline/input.c,180,exceptfds,var,lib/readline/input.c,1664,['libreadline'],['libreadline'],libreadline,FALSE
lib/readline/input.c,180,result,var,lib/readline/input.c,1676,['libreadline'],['libreadline'],libreadline,FALSE
lib/readline/input.c,180,timeout,var,lib/readline/input.c,1681,['libreadline'],['libreadline'],libreadline,FALSE
lib/readline/input.c,180,tem,var,lib/readline/input.c,1680,['libreadline'],['libreadline'],libreadline,FALSE
lib/readline/input.c,180,k,var,lib/readline/input.c,1669,['libreadline'],['libreadline'],libreadline,FALSE
lib/readline/input.c,180,rl_getc_function,var,lib/readline/input.c,1678,['libreadline'],['libreadline'],libreadline,FALSE
lib/readline/input.c,180,input,var,lib/readline/input.c,1668,['libreadline'],['libreadline'],libreadline,FALSE
lib/readline/input.c,180,_keyboard_input_timeout,var,lib/readline/input.c,1660,['libreadline'],['libreadline'],libreadline,FALSE
lib/readline/input.c,180,_rl_read_mbstring,functionproto,lib/readline/input.c,1657,['libreadline'],['libreadline'],libreadline,FALSE
lib/readline/input.c,180,first,var,lib/readline/input.c,1665,['libreadline'],['libreadline'],libreadline,FALSE
lib/readline/input.c,180,mb,var,lib/readline/input.c,1671,['libreadline'],['libreadline'],libreadline,FALSE
lib/readline/input.c,180,mlen,var,lib/readline/input.c,1672,['libreadline'],['libreadline'],libreadline,FALSE
lib/readline/rlprivate.h,198,_rl_errmsg,functionproto,lib/readline/rlprivate.h,1919,['libreadline'],['libreadline'],libreadline,FALSE
lib/readline/rlprivate.h,198,_rl_isearch_callback,functionproto,lib/readline/rlprivate.h,1926,['libreadline'],['libreadline'],libreadline,FALSE
lib/readline/rlprivate.h,198,_rl_nsearch_callback,functionproto,lib/readline/rlprivate.h,1931,['libreadline'],['libreadline'],libreadline,FALSE
lib/readline/rlprivate.h,198,_rl_vi_domove_callback,functionproto,lib/readline/rlprivate.h,1950,['libreadline'],['libreadline'],libreadline,FALSE
lib/readline/rlprivate.h,198,_rl_arg_callback,functionproto,lib/readline/rlprivate.h,1904,['libreadline'],['libreadline'],libreadline,FALSE
lib/readline/rlprivate.h,198,_rl_dispatch_callback,functionproto,lib/readline/rlprivate.h,1916,['libreadline'],['libreadline'],libreadline,FALSE
lib/readline/rlprivate.h,198,readline_internal_teardown,functionproto,lib/readline/rlprivate.h,1956,['libreadline'],['libreadline'],libreadline,FALSE
lib/readline/rlprivate.h,198,_rl_top_level,var,lib/readline/rlprivate.h,1995,['libreadline'],['libreadline'],libreadline,FALSE
lib/readline/rlprivate.h,198,_rl_iscxt,var,lib/readline/rlprivate.h,1973,['libreadline'],['libreadline'],libreadline,FALSE
lib/readline/rlprivate.h,198,_rl_nscxt,var,lib/readline/rlprivate.h,1980,['libreadline'],['libreadline'],libreadline,FALSE
lib/readline/rlprivate.h,198,_rl_vimvcxt,var,lib/readline/rlprivate.h,1997,['libreadline'],['libreadline'],libreadline,FALSE
lib/readline/rlprivate.h,198,_rl_argcxt,var,lib/readline/rlprivate.h,1957,['libreadline'],['libreadline'],libreadline,FALSE
lib/readline/rlprivate.h,198,_rl_kscxt,var,lib/readline/rlprivate.h,1975,['libreadline'],['libreadline'],libreadline,FALSE
lib/readline/callback.c,161,_rl_callback_data_alloc,functionproto,lib/readline/callback.c,1326,['libreadline'],['libreadline'],libreadline,FALSE
builtins/getopt.c,29,getopt,file,builtins/getopt.c,129,['libbuiltins'],['libbuiltins'],libbuiltins,FALSE
shell.c,315,login_shell,var,shell.c,2894,['general'],['general'],general,FALSE
shell.h,316,login_shell,var,shell.h,2931,['general'],['general'],general,FALSE
include/gettext.h,90,gettext,file,include/gettext.h,731,['general'],['general'],general,FALSE
variables.c,339,initialize_dynamic_variables,functionimpl,variables.c,3478,['general'],['general'],general,FALSE
variables.c,339,null_assign,functionproto,variables.c,3542,['general'],['general'],general,FALSE
variables.c,339,get_self,functionproto,variables.c,3528,['general'],['general'],general,FALSE
variables.c,339,assign_seconds,functionproto,variables.c,3504,['general'],['general'],general,FALSE
variables.c,339,get_seconds,functionproto,variables.c,3527,['general'],['general'],general,FALSE
variables.c,339,init_seconds_var,functionproto,variables.c,3533,['general'],['general'],general,FALSE
variables.c,339,assign_random,functionproto,variables.c,3503,['general'],['general'],general,FALSE
variables.c,339,get_random,functionproto,variables.c,3526,['general'],['general'],general,FALSE
variables.c,339,assign_lineno,functionproto,variables.c,3502,['general'],['general'],general,FALSE
variables.c,339,get_lineno,functionproto,variables.c,3525,['general'],['general'],general,FALSE
variables.c,339,assign_subshell,functionproto,variables.c,3505,['general'],['general'],general,FALSE
variables.c,339,get_subshell,functionproto,variables.c,3530,['general'],['general'],general,FALSE
variables.c,339,get_bashpid,functionproto,variables.c,3523,['general'],['general'],general,FALSE
variables.c,339,get_funcname,functionproto,variables.c,3524,['general'],['general'],general,FALSE
variables.c,339,init_funcname_var,functionproto,variables.c,3532,['general'],['general'],general,FALSE
variables.c,339,hash_lookup,functionproto,variables.c,3531,['general'],['general'],general,FALSE
variables.c,339,new_shell_variable,functionproto,variables.c,3541,['general'],['general'],general,FALSE
variables.c,339,make_new_variable,functionproto,variables.c,3537,['general'],['general'],general,FALSE
variables.c,339,bind_variable_internal,functionproto,variables.c,3510,['general'],['general'],general,FALSE
variables.c,339,vlist_alloc,functionproto,variables.c,3567,['general'],['general'],general,FALSE
variables.h,340,VARLIST,alias,variables.h,3642,['general'],['general'],general,FALSE
variables.c,339,vlist_realloc,functionproto,variables.c,3568,['general'],['general'],general,FALSE
variables.c,339,vapply,functionproto,variables.c,3565,['general'],['general'],general,FALSE
variables.c,339,fapply,functionproto,variables.c,3514,['general'],['general'],general,FALSE
variables.c,339,bind_tempenv_variable,functionproto,variables.c,3508,['general'],['general'],general,FALSE
variables.c,339,init_funcname_var,functionimpl,variables.c,3476,['general'],['general'],general,FALSE
variables.c,339,var_lookup,functionproto,variables.c,3566,['general'],['general'],general,FALSE
variables.c,339,find_variable_internal,functionproto,variables.c,3521,['general'],['general'],general,FALSE
variables.c,339,find_global_variable,functionproto,variables.c,3517,['general'],['general'],general,FALSE
variables.c,339,find_function,functionproto,variables.c,3515,['general'],['general'],general,FALSE
variables.c,339,make_local_variable,functionproto,variables.c,3536,['general'],['general'],general,FALSE
variables.c,339,bind_int_variable,functionproto,variables.c,3507,['general'],['general'],general,FALSE
variables.c,339,bind_function,functionproto,variables.c,3506,['general'],['general'],general,FALSE
variables.c,339,all_shell_variables,functionimpl,variables.c,3467,['general'],['general'],general,FALSE
variables.c,339,all_shell_functions,functionimpl,variables.c,3466,['general'],['general'],general,FALSE
variables.c,339,all_visible_functions,functionimpl,variables.c,3468,['general'],['general'],general,FALSE
variables.c,339,all_visible_variables,functionimpl,variables.c,3469,['general'],['general'],general,FALSE
variables.c,339,all_exported_variables,functionimpl,variables.c,3464,['general'],['general'],general,FALSE
variables.c,339,local_exported_variables,functionimpl,variables.c,3481,['general'],['general'],general,FALSE
variables.c,339,find_tempenv_variable,functionproto,variables.c,3519,['general'],['general'],general,FALSE
variables.c,339,set_machine_vars,functionimpl,variables.c,3494,['general'],['general'],general,FALSE
variables.h,340,VAR_CONTEXT,alias,variables.h,3643,['general'],['general'],general,FALSE
variables.h,340,_vlist,type,variables.h,3692,['general'],['general'],general,FALSE
variables.c,339,make_func_export_array,functionimpl,variables.c,3482,['general'],['general'],general,FALSE
variables.c,339,n_shell_variables,functionimpl,variables.c,3485,['general'],['general'],general,FALSE
variables.h,340,set_pwd,functionproto,variables.h,3685,['general'],['general'],general,FALSE
variables.h,340,set_ppid,functionproto,variables.h,3684,['general'],['general'],general,FALSE
variables.c,339,get_random_number,functionimpl,variables.c,3475,['general'],['general'],general,FALSE
variables.h,340,get_random_number,functionproto,variables.h,3664,['general'],['general'],general,FALSE
variables.h,340,kill_all_local_variables,functionproto,variables.h,3667,['general'],['general'],general,FALSE
variables.h,340,all_shell_variables,functionproto,variables.h,3648,['general'],['general'],general,FALSE
variables.h,340,all_shell_functions,functionproto,variables.h,3647,['general'],['general'],general,FALSE
variables.h,340,all_visible_functions,functionproto,variables.h,3649,['general'],['general'],general,FALSE
variables.h,340,all_visible_variables,functionproto,variables.h,3650,['general'],['general'],general,FALSE
variables.h,340,all_exported_variables,functionproto,variables.h,3645,['general'],['general'],general,FALSE
variables.h,340,local_exported_variables,functionproto,variables.h,3668,['general'],['general'],general,FALSE
variables.h,340,all_local_variables,functionproto,variables.h,3646,['general'],['general'],general,FALSE
variables.c,339,merge_temporary_env,functionimpl,variables.c,3484,['general'],['general'],general,FALSE
variables.h,340,merge_temporary_env,functionproto,variables.h,3673,['general'],['general'],general,FALSE
variables.h,340,maybe_make_export_env,functionproto,variables.h,3672,['general'],['general'],general,FALSE
variables.h,340,pop_var_context,functionproto,variables.h,3678,['general'],['general'],general,FALSE
variables.c,339,pop_context,functionimpl,variables.c,3487,['general'],['general'],general,FALSE
variables.h,340,pop_context,functionproto,variables.h,3676,['general'],['general'],general,FALSE
variables.h,340,push_dollar_vars,functionproto,variables.h,3679,['general'],['general'],general,FALSE
variables.h,340,pop_dollar_vars,functionproto,variables.h,3677,['general'],['general'],general,FALSE
variables.h,340,dispose_saved_dollar_vars,functionproto,variables.h,3657,['general'],['general'],general,FALSE
variables.c,339,pop_args,functionimpl,variables.c,3486,['general'],['general'],general,FALSE
variables.h,340,pop_args,functionproto,variables.h,3675,['general'],['general'],general,FALSE
variables.c,339,reinit_special_variables,functionimpl,variables.c,3491,['general'],['general'],general,FALSE
variables.h,340,reinit_special_variables,functionproto,variables.h,3682,['general'],['general'],general,FALSE
variables.c,339,set_home_var,functionimpl,variables.c,3493,['general'],['general'],general,FALSE
hashlib.c,86,hashlib,file,hashlib.c,705,['general'],['general'],general,FALSE
print_cmd.c,311,print_cmd,file,print_cmd.c,2805,['general'],['general'],general,FALSE
lib/readline/rlprivate.h,198,_rl_output_some_chars,functionproto,lib/readline/rlprivate.h,1933,['libreadline'],['libreadline'],libreadline,FALSE
lib/readline/rlprivate.h,198,_rl_backspace,functionproto,lib/readline/rlprivate.h,1908,['libreadline'],['libreadline'],libreadline,FALSE
lib/readline/rlprivate.h,198,_rl_term_up,var,lib/readline/rlprivate.h,1994,['libreadline'],['libreadline'],libreadline,FALSE
lib/readline/rlprivate.h,198,_rl_term_cr,var,lib/readline/rlprivate.h,1993,['libreadline'],['libreadline'],libreadline,FALSE
lib/readline/rlprivate.h,198,_rl_output_character_function,functionproto,lib/readline/rlprivate.h,1932,['libreadline'],['libreadline'],libreadline,FALSE
lib/readline/display.c,164,_rl_clear_screen,functionimpl,lib/readline/display.c,1403,['libreadline'],['libreadline'],libreadline,FALSE
lib/readline/rlprivate.h,198,_rl_term_clrpag,var,lib/readline/rlprivate.h,1992,['libreadline'],['libreadline'],libreadline,FALSE
lib/readline/rlprivate.h,198,_rl_term_clreol,var,lib/readline/rlprivate.h,1991,['libreadline'],['libreadline'],libreadline,FALSE
lib/readline/rlprivate.h,198,rl_visible_prompt_length,var,lib/readline/rlprivate.h,2004,['libreadline'],['libreadline'],libreadline,FALSE
lib/readline/rlprivate.h,198,_rl_clear_screen,functionproto,lib/readline/rlprivate.h,1913,['libreadline'],['libreadline'],libreadline,FALSE
lib/readline/rlprivate.h,198,_rl_update_final,functionproto,lib/readline/rlprivate.h,1949,['libreadline'],['libreadline'],libreadline,FALSE
lib/readline/rlprivate.h,198,_rl_current_display_line,functionproto,lib/readline/rlprivate.h,1914,['libreadline'],['libreadline'],libreadline,FALSE
lib/readline/readline.h,194,rl_prompt,var,lib/readline/readline.h,1891,['libreadline'],['libreadline'],libreadline,FALSE
lib/readline/readline.c,193,rl_visible_prompt_length,var,lib/readline/readline.c,1863,['libreadline'],['libreadline'],libreadline,FALSE
lib/readline/histexpand.c,174,subst_lhs_len,var,lib/readline/histexpand.c,1589,"['libreadline', 'libhistory']","['libreadline', 'libhistory']",libhistory,TRUE
builtins/getopt.c,29,sh_getopt,functionproto,builtins/getopt.c,130,['libbuiltins'],['libbuiltins'],libbuiltins,FALSE
builtins/getopt.c,29,argc,var,builtins/getopt.c,131,['libbuiltins'],['libbuiltins'],libbuiltins,FALSE
builtins/getopt.c,29,argv,var,builtins/getopt.c,132,['libbuiltins'],['libbuiltins'],libbuiltins,FALSE
builtins/getopt.c,29,optstring,var,builtins/getopt.c,133,['libbuiltins'],['libbuiltins'],libbuiltins,FALSE
variables.c,339,new_var_context,var,variables.c,3603,['general'],['general'],general,FALSE
variables.c,339,set_if_not,var,variables.c,3613,['general'],['general'],general,FALSE
variables.c,339,initialize_shell_level,functionimpl,variables.c,3479,['general'],['general'],general,FALSE
variables.c,339,adjust_shell_level,functionproto,variables.c,3501,['general'],['general'],general,FALSE
variables.c,339,seedrand,functionimpl,variables.c,3492,['general'],['general'],general,FALSE
variables.c,339,sbrand,functionproto,variables.c,3547,['general'],['general'],general,FALSE
variables.c,339,brand,functionimpl,variables.c,3470,['general'],['general'],general,FALSE
variables.c,339,delete_all_variables,functionproto,variables.c,3511,['general'],['general'],general,FALSE
variables.c,339,vapply,var,variables.c,3631,['general'],['general'],general,FALSE
variables.c,339,fapply,var,variables.c,3584,['general'],['general'],general,FALSE
variables.c,339,flatten,functionproto,variables.c,3522,['general'],['general'],general,FALSE
variables.c,339,sort_variables,functionproto,variables.c,3550,['general'],['general'],general,FALSE
variables.c,339,dispose_temporary_env,functionproto,variables.c,3512,['general'],['general'],general,FALSE
variables.c,339,map_over_funcs,var,variables.c,3598,['general'],['general'],general,FALSE
variables.c,339,make_env_array_from_var_list,functionproto,variables.c,3535,['general'],['general'],general,FALSE
variables.c,339,make_var_export_array,functionproto,variables.c,3538,['general'],['general'],general,FALSE
variables.c,339,add_temp_array_to_env,functionproto,variables.c,3500,['general'],['general'],general,FALSE
variables.c,339,dispose_var_context,functionproto,variables.c,3513,['general'],['general'],general,FALSE
variables.c,339,sv_ifs,functionproto,variables.c,3554,['general'],['general'],general,FALSE
variables.c,339,sv_globignore,functionproto,variables.c,3553,['general'],['general'],general,FALSE
variables.c,339,sv_opterr,functionproto,variables.c,3558,['general'],['general'],general,FALSE
variables.c,339,self,var,variables.c,3612,['general'],['general'],general,FALSE
variables.c,339,value,var,variables.c,3630,['general'],['general'],general,FALSE
variables.c,339,unused,var,variables.c,3627,['general'],['general'],general,FALSE
variables.c,339,key,var,variables.c,3592,['general'],['general'],general,FALSE
variables.c,339,var,var,variables.c,3632,['general'],['general'],general,FALSE
variables.c,339,name,var,variables.c,3600,['general'],['general'],general,FALSE
variables.c,339,flags,var,variables.c,3585,['general'],['general'],general,FALSE
variables.c,339,aflags,var,variables.c,3570,['general'],['general'],general,FALSE
variables.c,339,val,var,variables.c,3629,['general'],['general'],general,FALSE
variables.c,339,function,var,variables.c,3587,['general'],['general'],general,FALSE
variables.c,339,vc,var,variables.c,3636,['general'],['general'],general,FALSE
variables.c,339,func,var,variables.c,3586,['general'],['general'],general,FALSE
variables.c,339,tempvars,var,variables.c,3623,['general'],['general'],general,FALSE
variables.c,339,tmpvars,var,variables.c,3624,['general'],['general'],general,FALSE
variables.c,339,sv_xtracefd,functionproto,variables.c,3562,['general'],['general'],general,FALSE
variables.c,339,sv_funcnest,functionproto,variables.c,3552,['general'],['general'],general,FALSE
variables.c,339,sv_ignoreeof,functionproto,variables.c,3555,['general'],['general'],general,FALSE
variables.c,339,sv_locale,functionproto,variables.c,3556,['general'],['general'],general,FALSE
variables.c,339,sv_mail,functionproto,variables.c,3557,['general'],['general'],general,FALSE
variables.c,339,sv_optind,functionproto,variables.c,3559,['general'],['general'],general,FALSE
variables.c,339,sv_path,functionproto,variables.c,3560,['general'],['general'],general,FALSE
variables.c,339,sv_strict_posix,functionproto,variables.c,3561,['general'],['general'],general,FALSE
variables.c,339,global_variables,var,variables.c,3588,['general'],['general'],general,FALSE
variables.c,339,shell_functions,var,variables.c,3614,['general'],['general'],general,FALSE
variables.c,339,temp_var,var,variables.c,3621,['general'],['general'],general,FALSE
variables.c,339,current_host_name,var,variables.c,3575,['general'],['general'],general,FALSE
variables.c,339,shell_name,var,variables.c,3615,['general'],['general'],general,FALSE
variables.c,339,cdir,var,variables.c,3574,['general'],['general'],general,FALSE
variables.c,339,len,var,variables.c,3595,['general'],['general'],general,FALSE
variables.c,339,tname,var,variables.c,3625,['general'],['general'],general,FALSE
variables.c,339,s,var,variables.c,3609,['general'],['general'],general,FALSE
variables.c,339,home_var,var,variables.c,3591,['general'],['general'],general,FALSE
variables.c,339,home_string,var,variables.c,3590,['general'],['general'],general,FALSE
variables.c,339,temp_string,var,variables.c,3620,['general'],['general'],general,FALSE
variables.c,339,namebuf,var,variables.c,3601,['general'],['general'],general,FALSE
variables.c,339,b,var,variables.c,3572,['general'],['general'],general,FALSE
variables.c,339,buff,var,variables.c,3573,['general'],['general'],general,FALSE
variables.c,339,v,var,variables.c,3628,['general'],['general'],general,FALSE
variables.c,339,seconds_value_assigned,var,variables.c,3610,['general'],['general'],general,FALSE
variables.c,339,rseed,var,variables.c,3607,['general'],['general'],general,FALSE
variables.c,339,h,var,variables.c,3589,['general'],['general'],general,FALSE
variables.c,339,l,var,variables.c,3593,['general'],['general'],general,FALSE
variables.c,339,tv,var,variables.c,3626,['general'],['general'],general,FALSE
variables.c,339,pid,var,variables.c,3604,['general'],['general'],general,FALSE
variables.c,339,subshell_environment,var,variables.c,3617,['general'],['general'],general,FALSE
variables.c,339,seeded_subshell,var,variables.c,3611,['general'],['general'],general,FALSE
variables.c,339,rv,var,variables.c,3608,['general'],['general'],general,FALSE
variables.c,339,last_random_value,var,variables.c,3594,['general'],['general'],general,FALSE
variables.c,339,visible_var,var,variables.c,3639,['general'],['general'],general,FALSE
variables.c,339,visible_and_exported,var,variables.c,3638,['general'],['general'],general,FALSE
variables.c,339,local_and_exported,var,variables.c,3597,['general'],['general'],general,FALSE
variables.c,339,vlist,var,variables.c,3640,['general'],['general'],general,FALSE
variables.c,339,variable_in_context,var,variables.c,3634,['general'],['general'],general,FALSE
variables.c,339,ret,var,variables.c,3606,['general'],['general'],general,FALSE
variables.c,339,propagate_temp_var,functionproto,variables.c,3543,['general'],['general'],general,FALSE
variables.c,339,push_temp_var,functionproto,variables.c,3546,['general'],['general'],general,FALSE
variables.c,339,vars,var,variables.c,3635,['general'],['general'],general,FALSE
variables.c,339,list,var,variables.c,3596,['general'],['general'],general,FALSE
variables.c,339,n,var,variables.c,3599,['general'],['general'],general,FALSE
variables.c,339,array_needs_making,var,variables.c,3571,['general'],['general'],general,FALSE
variables.c,339,export_env,var,variables.c,3581,['general'],['general'],general,FALSE
variables.c,339,new_size,var,variables.c,3602,['general'],['general'],general,FALSE
variables.c,339,export_env_size,var,variables.c,3583,['general'],['general'],general,FALSE
variables.c,339,environ,var,variables.c,3580,['general'],['general'],general,FALSE
variables.c,339,export_env_index,var,variables.c,3582,['general'],['general'],general,FALSE
variables.c,339,tcxt,var,variables.c,3618,['general'],['general'],general,FALSE
variables.c,339,temp_array,var,variables.c,3619,['general'],['general'],general,FALSE
variables.c,339,vcxt,var,variables.c,3637,['general'],['general'],general,FALSE
variables.c,339,push_func_var,functionproto,variables.c,3545,['general'],['general'],general,FALSE
variables.c,339,dollar_arg_stack_index,var,variables.c,3577,['general'],['general'],general,FALSE
variables.c,339,dollar_arg_stack_slots,var,variables.c,3578,['general'],['general'],general,FALSE
variables.c,339,dollar_arg_stack,var,variables.c,3576,['general'],['general'],general,FALSE
variables.c,339,unbind_func,functionproto,variables.c,3563,['general'],['general'],general,FALSE
variables.c,339,makunbound,functionproto,variables.c,3539,['general'],['general'],general,FALSE
variables.c,339,set_var_read_only,functionproto,variables.c,3548,['general'],['general'],general,FALSE
variables.c,339,mk_env_string,functionproto,variables.c,3540,['general'],['general'],general,FALSE
variables.c,339,push_context,functionproto,variables.c,3544,['general'],['general'],general,FALSE
variables.c,339,find_special_var,functionproto,variables.c,3518,['general'],['general'],general,FALSE
variables.c,339,stupidly_hack_special_variables,functionproto,variables.c,3551,['general'],['general'],general,FALSE
variables.c,339,name_and_function,type,variables.c,3569,['general'],['general'],general,FALSE
lib/sh/casemod.c,221,substring,functionproto,lib/sh/casemod.c,2241,['libsh'],['libsh'],libsh,FALSE
support/zecho.c,331,zecho,file,support/zecho.c,3334,['support'],['support'],support,FALSE
lib/readline/histexpand.c,174,i,var,lib/readline/histexpand.c,1577,"['libreadline', 'libhistory']","['libreadline', 'libhistory']",libhistory,TRUE
lib/intl/dcigettext.c,118,known_translation_t,type,lib/intl/dcigettext.c,993,['libintl'],['libintl'],libintl,FALSE
mksyntax.c,302,load_lsyntax,functionimpl,mksyntax.c,2731,['general'],['general'],general,FALSE
mksyntax.c,302,addcstr,functionproto,mksyntax.c,2734,['general'],['general'],general,FALSE
mksyntax.c,302,addcchar,functionproto,mksyntax.c,2733,['general'],['general'],general,FALSE
mksyntax.c,302,addblanks,functionimpl,mksyntax.c,2730,['general'],['general'],general,FALSE
mksyntax.c,302,usage,functionimpl,mksyntax.c,2732,['general'],['general'],general,FALSE
mksyntax.c,302,progname,var,mksyntax.c,2740,['general'],['general'],general,FALSE
mksyntax.c,302,i,var,mksyntax.c,2738,['general'],['general'],general,FALSE
mksyntax.c,302,uc,var,mksyntax.c,2741,['general'],['general'],general,FALSE
mksyntax.c,302,lsyntax,var,mksyntax.c,2739,['general'],['general'],general,FALSE
mksyntax.c,302,cdesc,functionproto,mksyntax.c,2735,['general'],['general'],general,FALSE
mksyntax.c,302,wcomment,functionproto,mksyntax.c,2736,['general'],['general'],general,FALSE
mksyntax.c,302,wordflag,type,mksyntax.c,2737,['general'],['general'],general,FALSE
pcomplib.c,310,pcomplib,file,pcomplib.c,2804,['general'],['general'],general,FALSE
variables.c,339,initialize_shell_variables,functionproto,variables.c,3534,['general'],['general'],general,FALSE
include/shtty.h,98,ttsetattr,functionproto,include/shtty.h,751,['general'],['general'],general,FALSE
lib/intl/ngettext.c,138,ngettext,file,lib/intl/ngettext.c,1102,['libintl'],['libintl'],libintl,FALSE
lib/readline/funmap.c,173,funmap,file,lib/readline/funmap.c,1550,['libreadline'],['libreadline'],libreadline,FALSE
lib/sh/fnxform.c,229,string,var,lib/sh/fnxform.c,2257,['libsh'],['libsh'],libsh,FALSE
y.tab.c,344,with_input_from_stdin,functionimpl,y.tab.c,3725,['general'],['general'],general,FALSE
y.tab.c,344,with_input_from_stream,functionproto,y.tab.c,3739,['general'],['general'],general,FALSE
y.tab.c,344,initialize_bash_input,functionimpl,y.tab.c,3716,['general'],['general'],general,FALSE
findcmd.c,78,name,var,findcmd.c,585,['general'],['general'],general,FALSE
findcmd.c,78,find_path_file,functionproto,findcmd.c,579,['general'],['general'],general,FALSE
findcmd.c,78,_find_user_command_internal,functionproto,findcmd.c,577,['general'],['general'],general,FALSE
findcmd.c,78,flags,var,findcmd.c,584,['general'],['general'],general,FALSE
findcmd.c,78,find_user_command_internal,functionproto,findcmd.c,581,['general'],['general'],general,FALSE
findcmd.c,78,get_next_path_element,functionproto,findcmd.c,582,['general'],['general'],general,FALSE
findcmd.c,78,path_list,var,findcmd.c,586,['general'],['general'],general,FALSE
findcmd.c,78,user_command_matches,functionproto,findcmd.c,583,['general'],['general'],general,FALSE
findcmd.c,78,state,var,findcmd.c,587,['general'],['general'],general,FALSE
lib/readline/rltty.c,201,_rl_disable_tty_signals,functionimpl,lib/readline/rltty.c,2011,['libreadline'],['libreadline'],libreadline,FALSE
lib/readline/rlprivate.h,198,_rl_disable_tty_signals,functionproto,lib/readline/rlprivate.h,1915,['libreadline'],['libreadline'],libreadline,FALSE
lib/readline/rltty.c,201,_rl_restore_tty_signals,functionimpl,lib/readline/rltty.c,2012,['libreadline'],['libreadline'],libreadline,FALSE
lib/readline/rlprivate.h,198,_rl_restore_tty_signals,functionproto,lib/readline/rlprivate.h,1942,['libreadline'],['libreadline'],libreadline,FALSE
variables.h,340,initialize_shell_variables,functionproto,variables.h,3666,['general'],['general'],general,FALSE
lib/sh/clktck.c,222,clktck,file,lib/sh/clktck.c,2242,['libsh'],['libsh'],libsh,FALSE
make_cmd.c,300,make_redirection,functionproto,make_cmd.c,2667,['general'],['general'],general,FALSE
make_cmd.c,300,make_simple_command,var,make_cmd.c,2691,['general'],['general'],general,FALSE
make_cmd.c,300,clean_simple_command,var,make_cmd.c,2674,['general'],['general'],general,FALSE
make_cmd.c,300,make_while_command,var,make_cmd.c,2694,['general'],['general'],general,FALSE
make_cmd.c,300,make_until_command,var,make_cmd.c,2693,['general'],['general'],general,FALSE
make_cmd.c,300,make_for_command,var,make_cmd.c,2687,['general'],['general'],general,FALSE
make_cmd.c,300,make_arith_for_command,var,make_cmd.c,2684,['general'],['general'],general,FALSE
make_cmd.c,300,make_select_command,var,make_cmd.c,2690,['general'],['general'],general,FALSE
make_cmd.c,300,make_case_command,var,make_cmd.c,2685,['general'],['general'],general,FALSE
make_cmd.c,300,make_function_def,var,make_cmd.c,2688,['general'],['general'],general,FALSE
make_cmd.c,300,make_subshell_command,var,make_cmd.c,2692,['general'],['general'],general,FALSE
make_cmd.c,300,make_coproc_command,var,make_cmd.c,2686,['general'],['general'],general,FALSE
make_cmd.c,300,make_if_command,functionproto,make_cmd.c,2666,['general'],['general'],general,FALSE
make_cmd.c,300,make_group_command,functionproto,make_cmd.c,2664,['general'],['general'],general,FALSE
make_cmd.c,300,make_arith_command,functionproto,make_cmd.c,2659,['general'],['general'],general,FALSE
make_cmd.c,300,make_pattern_list,var,make_cmd.c,2689,['general'],['general'],general,FALSE
make_cmd.c,300,connect_async_list,var,make_cmd.c,2677,['general'],['general'],general,FALSE
make_cmd.c,300,make_here_document,functionproto,make_cmd.c,2665,['general'],['general'],general,FALSE
make_cmd.h,301,make_redirection,functionproto,make_cmd.h,2722,['general'],['general'],general,FALSE
make_cmd.h,301,make_simple_command,functionproto,make_cmd.h,2724,['general'],['general'],general,FALSE
make_cmd.h,301,clean_simple_command,functionproto,make_cmd.h,2706,['general'],['general'],general,FALSE
make_cmd.h,301,make_while_command,functionproto,make_cmd.h,2727,['general'],['general'],general,FALSE
make_cmd.h,301,make_until_command,functionproto,make_cmd.h,2726,['general'],['general'],general,FALSE
make_cmd.h,301,make_for_command,functionproto,make_cmd.h,2716,['general'],['general'],general,FALSE
make_cmd.h,301,make_arith_for_command,functionproto,make_cmd.h,2711,['general'],['general'],general,FALSE
make_cmd.h,301,make_select_command,functionproto,make_cmd.h,2723,['general'],['general'],general,FALSE
make_cmd.h,301,make_case_command,functionproto,make_cmd.h,2714,['general'],['general'],general,FALSE
make_cmd.h,301,make_function_def,functionproto,make_cmd.h,2717,['general'],['general'],general,FALSE
make_cmd.h,301,make_subshell_command,functionproto,make_cmd.h,2725,['general'],['general'],general,FALSE
make_cmd.h,301,make_coproc_command,functionproto,make_cmd.h,2715,['general'],['general'],general,FALSE
make_cmd.h,301,make_if_command,functionproto,make_cmd.h,2720,['general'],['general'],general,FALSE
make_cmd.h,301,make_group_command,functionproto,make_cmd.h,2718,['general'],['general'],general,FALSE
make_cmd.h,301,make_arith_command,functionproto,make_cmd.h,2710,['general'],['general'],general,FALSE
make_cmd.h,301,make_pattern_list,functionproto,make_cmd.h,2721,['general'],['general'],general,FALSE
make_cmd.h,301,connect_async_list,functionproto,make_cmd.h,2709,['general'],['general'],general,FALSE
make_cmd.h,301,command_connect,functionproto,make_cmd.h,2708,['general'],['general'],general,FALSE
make_cmd.h,301,make_here_document,functionproto,make_cmd.h,2719,['general'],['general'],general,FALSE
nojobs.c,303,interrupt_immediately,var,nojobs.c,2774,['job_control'],['job_control'],job_control,FALSE
y.tab.c,344,yylex,functionimpl,y.tab.c,3731,['general'],['general'],general,FALSE
y.tab.c,344,prompt_again,functionimpl,y.tab.c,3720,['general'],['general'],general,FALSE
print_cmd.c,311,indirection_level_string,functionimpl,print_cmd.c,2806,['general'],['general'],general,FALSE
externs.h,77,decode_prompt_string,functionproto,externs.h,533,['general'],['general'],general,FALSE
print_cmd.c,311,xtrace_init,functionimpl,print_cmd.c,2809,['general'],['general'],general,FALSE
externs.h,77,xtrace_init,functionproto,externs.h,572,['general'],['general'],general,FALSE
print_cmd.c,311,xtrace_reset,functionimpl,print_cmd.c,2810,['general'],['general'],general,FALSE
externs.h,77,xtrace_reset,functionproto,externs.h,573,['general'],['general'],general,FALSE
externs.h,77,indirection_level_string,functionproto,externs.h,545,['general'],['general'],general,FALSE
sig.h,318,initialize_signals,functionproto,sig.h,2968,['signal_handling'],['signal_handling'],signal_handling,FALSE
sig.c,317,initialize_signals,functionproto,sig.c,2942,['signal_handling'],['signal_handling'],signal_handling,FALSE
shell.c,315,uidget,functionimpl,shell.c,2865,['general'],['general'],general,FALSE
shell.c,315,execute_env_file,functionproto,shell.c,2867,['general'],['general'],general,FALSE
shell.c,315,init_interactive_script,functionimpl,shell.c,2858,['general'],['general'],general,FALSE
shell.c,315,init_noninteractive,functionimpl,shell.c,2859,['general'],['general'],general,FALSE
shell.c,315,getpwuid,functionproto,shell.c,2868,['general'],['general'],general,FALSE
shell.c,315,debugging,var,shell.c,2879,['general'],['general'],general,FALSE
shell.c,315,dump_po_strings,var,shell.c,2882,['general'],['general'],general,FALSE
shell.c,315,dump_translatable_strings,var,shell.c,2883,['general'],['general'],general,FALSE
shell.c,315,want_initial_help,var,shell.c,2919,['general'],['general'],general,FALSE
shell.c,315,bashrc_file,var,shell.c,2874,['general'],['general'],general,FALSE
shell.c,315,make_login_shell,var,shell.c,2895,['general'],['general'],general,FALSE
shell.c,315,no_line_editing,var,shell.c,2896,['general'],['general'],general,FALSE
shell.c,315,no_profile,var,shell.c,2897,['general'],['general'],general,FALSE
shell.c,315,no_rc,var,shell.c,2898,['general'],['general'],general,FALSE
shell.c,315,posixly_correct,var,shell.c,2899,['general'],['general'],general,FALSE
shell.c,315,protected_mode,var,shell.c,2901,['general'],['general'],general,FALSE
shell.c,315,do_version,var,shell.c,2881,['general'],['general'],general,FALSE
shell.c,315,argv,var,shell.c,2873,['general'],['general'],general,FALSE
shell.c,315,arg_start,var,shell.c,2872,['general'],['general'],general,FALSE
shell.c,315,arg_end,var,shell.c,2871,['general'],['general'],general,FALSE
shell.c,315,start_index,var,shell.c,2914,['general'],['general'],general,FALSE
shell.c,315,act_like_sh,var,shell.c,2870,['general'],['general'],general,FALSE
shell.c,315,command_execution_string,var,shell.c,2875,['general'],['general'],general,FALSE
shell.c,315,run_by_ssh,var,shell.c,2902,['general'],['general'],general,FALSE
shell.c,315,shell_level,var,shell.c,2907,['general'],['general'],general,FALSE
shell.c,315,sourced_login,var,shell.c,2913,['general'],['general'],general,FALSE
shell.c,315,su_shell,var,shell.c,2916,['general'],['general'],general,FALSE
shell.c,315,sourced_env,var,shell.c,2912,['general'],['general'],general,FALSE
shell.c,315,u,var,shell.c,2918,['general'],['general'],general,FALSE
shell.c,315,default_input,var,shell.c,2880,['general'],['general'],general,FALSE
shell.c,315,init_interactive,functionimpl,shell.c,2857,['general'],['general'],general,FALSE
shell.c,315,expand_aliases,var,shell.c,2886,['general'],['general'],general,FALSE
shell.c,315,entry,var,shell.c,2884,['general'],['general'],general,FALSE
shell.c,315,shell_initialized,var,shell.c,2906,['general'],['general'],general,FALSE
shell.c,315,current_host_name,var,shell.c,2877,['general'],['general'],general,FALSE
shell.c,315,hostname,var,shell.c,2888,['general'],['general'],general,FALSE
shell.c,315,shell_environment,var,shell.c,2905,['general'],['general'],general,FALSE
shell.c,315,running_setuid,var,shell.c,2903,['general'],['general'],general,FALSE
shell.c,315,primary_prompt,var,shell.c,2900,['general'],['general'],general,FALSE
shell.c,315,secondary_prompt,var,shell.c,2904,['general'],['general'],general,FALSE
shell.c,315,current_command_number,var,shell.c,2876,['general'],['general'],general,FALSE
shell.c,315,line_number,var,shell.c,2893,['general'],['general'],general,FALSE
shell.c,315,last_command_exit_value,var,shell.c,2892,['general'],['general'],general,FALSE
shell.c,315,subshell_environment,var,shell.c,2917,['general'],['general'],general,FALSE
shell.c,315,shell_reinitialized,var,shell.c,2908,['general'],['general'],general,FALSE
shell.c,315,i,var,shell.c,2889,['general'],['general'],general,FALSE
shell.c,315,shopt_ind,var,shell.c,2910,['general'],['general'],general,FALSE
shell.c,315,shopt_alist,var,shell.c,2909,['general'],['general'],general,FALSE
shell.c,315,shopt_len,var,shell.c,2911,['general'],['general'],general,FALSE
y.tab.c,344,save_parser_state,functionproto,y.tab.c,3737,['general'],['general'],general,FALSE
shell.h,316,sh_parser_state_t,alias,shell.h,2920,['general'],['general'],general,FALSE
shell.h,316,_sh_parser_state_t,type,shell.h,2923,['general'],['general'],general,FALSE
sig.c,317,interrupt_immediately,var,sig.c,2954,['signal_handling'],['signal_handling'],signal_handling,FALSE
sig.c,317,terminate_immediately,var,sig.c,2964,['signal_handling'],['signal_handling'],signal_handling,FALSE
sig.h,318,interrupt_immediately,var,sig.h,2978,['signal_handling'],['signal_handling'],signal_handling,FALSE
sig.h,318,terminate_immediately,var,sig.h,2979,['signal_handling'],['signal_handling'],signal_handling,FALSE
dispose_cmd.c,36,list,var,dispose_cmd.c,237,['general'],['general'],general,FALSE
lib/sh/oslib.c,245,dup2,functionproto,lib/sh/oslib.c,2326,['libsh'],['libsh'],libsh,FALSE
flags.c,80,change_flag,functionproto,flags.c,595,['general'],['general'],general,FALSE
lib/intl/ngettext.c,138,libintl_ngettext,functionproto,lib/intl/ngettext.c,1103,['libintl'],['libintl'],libintl,FALSE
lib/intl/ngettext.c,138,msgid2,var,lib/intl/ngettext.c,1104,['libintl'],['libintl'],libintl,FALSE
lib/intl/ngettext.c,138,n,var,lib/intl/ngettext.c,1105,['libintl'],['libintl'],libintl,FALSE
flags.h,81,change_flag,functionproto,flags.h,625,['general'],['general'],general,FALSE
lib/sh/strtoumax.c,272,strtoumax,file,lib/sh/strtoumax.c,2501,['libsh'],['libsh'],libsh,FALSE
lib/glob/collsyms.h,106,collsyms,file,lib/glob/collsyms.h,945,['libglob'],['libglob'],libglob,FALSE
lib/sh/clock.c,223,clock,file,lib/sh/clock.c,2245,['libsh'],['libsh'],libsh,FALSE
variables.h,340,sh_var_value_func_t,functionproto,variables.h,3688,['general'],['general'],general,FALSE
variables.h,340,sh_var_assign_func_t,functionproto,variables.h,3687,['general'],['general'],general,FALSE
variables.h,340,set_if_not,functionproto,variables.h,3683,['general'],['general'],general,FALSE
variables.h,340,var_lookup,functionproto,variables.h,3690,['general'],['general'],general,FALSE
variables.h,340,find_function,functionproto,variables.h,3659,['general'],['general'],general,FALSE
variables.h,340,find_variable_internal,functionproto,variables.h,3663,['general'],['general'],general,FALSE
variables.h,340,find_tempenv_variable,functionproto,variables.h,3661,['general'],['general'],general,FALSE
variables.h,340,find_global_variable,functionproto,variables.h,3660,['general'],['general'],general,FALSE
variables.h,340,copy_variable,functionproto,variables.h,3656,['general'],['general'],general,FALSE
variables.h,340,make_local_variable,functionproto,variables.h,3669,['general'],['general'],general,FALSE
variables.h,340,bind_function,functionproto,variables.h,3651,['general'],['general'],general,FALSE
variables.h,340,map_over,functionproto,variables.h,3670,['general'],['general'],general,FALSE
variables.h,340,map_over_funcs,functionproto,variables.h,3671,['general'],['general'],general,FALSE
variables.h,340,bind_variable_value,functionproto,variables.h,3655,['general'],['general'],general,FALSE
variables.h,340,bind_int_variable,functionproto,variables.h,3652,['general'],['general'],general,FALSE
variables.h,340,bind_var_to_int,functionproto,variables.h,3653,['general'],['general'],general,FALSE
variables.h,340,new_var_context,functionproto,variables.h,3674,['general'],['general'],general,FALSE
variables.h,340,push_var_context,functionproto,variables.h,3681,['general'],['general'],general,FALSE
variables.h,340,push_scope,functionproto,variables.h,3680,['general'],['general'],general,FALSE
lib/intl/localcharset.c,133,get_charset_aliases,functionimpl,lib/intl/localcharset.c,1066,['libintl'],['libintl'],libintl,FALSE
lib/intl/localcharset.c,133,getc,var,lib/intl/localcharset.c,1082,['libintl'],['libintl'],libintl,FALSE
lib/intl/localcharset.c,133,locale_charset,functionimpl,lib/intl/localcharset.c,1067,['libintl'],['libintl'],libintl,FALSE
lib/intl/localcharset.c,133,cp,var,lib/intl/localcharset.c,1077,['libintl'],['libintl'],libintl,FALSE
lib/intl/localcharset.c,133,charset_aliases,var,lib/intl/localcharset.c,1075,['libintl'],['libintl'],libintl,FALSE
lib/intl/localcharset.c,133,dir,var,lib/intl/localcharset.c,1078,['libintl'],['libintl'],libintl,FALSE
lib/intl/localcharset.c,133,base,var,lib/intl/localcharset.c,1070,['libintl'],['libintl'],libintl,FALSE
lib/intl/localcharset.c,133,dir_len,var,lib/intl/localcharset.c,1079,['libintl'],['libintl'],libintl,FALSE
lib/intl/localcharset.c,133,file_name,var,lib/intl/localcharset.c,1080,['libintl'],['libintl'],libintl,FALSE
lib/intl/localcharset.c,133,add_slash,var,lib/intl/localcharset.c,1068,['libintl'],['libintl'],libintl,FALSE
lib/intl/localcharset.c,133,base_len,var,lib/intl/localcharset.c,1071,['libintl'],['libintl'],libintl,FALSE
lib/intl/localcharset.c,133,fp,var,lib/intl/localcharset.c,1081,['libintl'],['libintl'],libintl,FALSE
lib/intl/localcharset.c,133,c,var,lib/intl/localcharset.c,1074,['libintl'],['libintl'],libintl,FALSE
lib/intl/localcharset.c,133,buf1,var,lib/intl/localcharset.c,1072,['libintl'],['libintl'],libintl,FALSE
lib/intl/localcharset.c,133,buf2,var,lib/intl/localcharset.c,1073,['libintl'],['libintl'],libintl,FALSE
lib/intl/localcharset.c,133,l1,var,lib/intl/localcharset.c,1083,['libintl'],['libintl'],libintl,FALSE
lib/intl/localcharset.c,133,l2,var,lib/intl/localcharset.c,1084,['libintl'],['libintl'],libintl,FALSE
lib/intl/localcharset.c,133,res_size,var,lib/intl/localcharset.c,1087,['libintl'],['libintl'],libintl,FALSE
lib/intl/localcharset.c,133,res_ptr,var,lib/intl/localcharset.c,1086,['libintl'],['libintl'],libintl,FALSE
lib/intl/localcharset.c,133,locale,var,lib/intl/localcharset.c,1085,['libintl'],['libintl'],libintl,FALSE
lib/intl/localcharset.c,133,codeset,var,lib/intl/localcharset.c,1076,['libintl'],['libintl'],libintl,FALSE
lib/intl/localcharset.c,133,aliases,var,lib/intl/localcharset.c,1069,['libintl'],['libintl'],libintl,FALSE
lib/intl/localcharset.c,133,localcharset,file,lib/intl/localcharset.c,1065,['libintl'],['libintl'],libintl,FALSE
lib/intl/localcharset.h,134,localcharset,file,lib/intl/localcharset.h,1088,['libintl'],['libintl'],libintl,FALSE
lib/intl/localcharset.h,134,locale_charset,functionproto,lib/intl/localcharset.h,1089,['libintl'],['libintl'],libintl,FALSE
lib/intl/plural-exp.c,141,plural-exp,file,lib/intl/plural-exp.c,1118,['libintl'],['libintl'],libintl,FALSE
lib/intl/plural-exp.c,141,plvar,var,lib/intl/plural-exp.c,1120,['libintl'],['libintl'],libintl,FALSE
lib/intl/plural-exp.c,141,plone,var,lib/intl/plural-exp.c,1119,['libintl'],['libintl'],libintl,FALSE
flags.c,80,which_set_flags,functionimpl,flags.c,594,['general'],['general'],general,FALSE
flags.h,81,which_set_flags,functionproto,flags.h,628,['general'],['general'],general,FALSE
flags.c,80,mark_modified_vars,var,flags.c,609,['general'],['general'],general,FALSE
flags.c,80,exit_immediately_on_error,var,flags.c,601,['general'],['general'],general,FALSE
flags.c,80,disallow_filename_globbing,var,flags.c,597,['general'],['general'],general,FALSE
flags.c,80,hashing_enabled,var,flags.c,604,['general'],['general'],general,FALSE
flags.c,80,place_keywords_in_env,var,flags.c,615,['general'],['general'],general,FALSE
flags.c,80,read_but_dont_execute,var,flags.c,617,['general'],['general'],general,FALSE
flags.c,80,just_one_command,var,flags.c,608,['general'],['general'],general,FALSE
flags.c,80,unbound_vars_is_error,var,flags.c,622,['general'],['general'],general,FALSE
flags.c,80,echo_command_at_execute,var,flags.c,598,['general'],['general'],general,FALSE
flags.c,80,noclobber,var,flags.c,612,['general'],['general'],general,FALSE
flags.c,80,error_trace_mode,var,flags.c,600,['general'],['general'],general,FALSE
flags.c,80,no_invisible_vars,var,flags.c,610,['general'],['general'],general,FALSE
flags.c,80,function_trace_mode,var,flags.c,603,['general'],['general'],general,FALSE
flags.c,80,NUM_SHELL_FLAGS,var,flags.c,596,['general'],['general'],general,FALSE
flags.c,80,temp,var,flags.c,621,['general'],['general'],general,FALSE
flags.c,80,i,var,flags.c,605,['general'],['general'],general,FALSE
flags.c,80,string_index,var,flags.c,620,['general'],['general'],general,FALSE
flags.c,80,shell_flags,var,flags.c,619,['general'],['general'],general,FALSE
flags.c,80,want_pending_command,var,flags.c,623,['general'],['general'],general,FALSE
flags.c,80,read_from_stdin,var,flags.c,618,['general'],['general'],general,FALSE
flags.c,80,jobs_m_flag,var,flags.c,607,['general'],['general'],general,FALSE
flags.c,80,pipefail_opt,var,flags.c,614,['general'],['general'],general,FALSE
flags.c,80,interactive_comments,var,flags.c,606,['general'],['general'],general,FALSE
flags.c,80,optflags,var,flags.c,613,['general'],['general'],general,FALSE
hashlib.c,86,table,var,hashlib.c,716,['general'],['general'],general,FALSE
hashlib.c,86,cpdata,var,hashlib.c,713,['general'],['general'],general,FALSE
hashlib.c,86,string,var,hashlib.c,715,['general'],['general'],general,FALSE
hashlib.c,86,flags,var,hashlib.c,714,['general'],['general'],general,FALSE
hashlib.c,86,hash_bucket,functionproto,hashlib.c,707,['general'],['general'],general,FALSE
hashlib.c,86,hash_search,functionproto,hashlib.c,712,['general'],['general'],general,FALSE
hashlib.c,86,hash_remove,functionproto,hashlib.c,711,['general'],['general'],general,FALSE
lib/glob/smatch.c,112,xstrmatch,functionproto,lib/glob/smatch.c,972,['libglob'],['libglob'],libglob,FALSE
lib/glob/smatch.c,112,pattern,var,lib/glob/smatch.c,975,['libglob'],['libglob'],libglob,FALSE
lib/glob/smatch.c,112,string,var,lib/glob/smatch.c,976,['libglob'],['libglob'],libglob,FALSE
lib/glob/smatch.c,112,flags,var,lib/glob/smatch.c,974,['libglob'],['libglob'],libglob,FALSE
lib/glob/smatch.c,112,char_class,type,lib/glob/smatch.c,973,['libglob'],['libglob'],libglob,FALSE
hashlib.c,86,copy_bucket_array,functionproto,hashlib.c,706,['general'],['general'],general,FALSE
lib/sh/zwrite.c,288,zwrite,functionproto,lib/sh/zwrite.c,2542,['libsh'],['libsh'],libsh,FALSE
lib/sh/zwrite.c,288,fd,var,lib/sh/zwrite.c,2544,['libsh'],['libsh'],libsh,FALSE
lib/sh/zwrite.c,288,buf,var,lib/sh/zwrite.c,2543,['libsh'],['libsh'],libsh,FALSE
lib/readline/search.c,206,_rl_nsearch_init,functionproto,lib/readline/search.c,2026,['libreadline'],['libreadline'],libreadline,FALSE
lib/sh/strnlen.c,263,strnlen,file,lib/sh/strnlen.c,2479,['libsh'],['libsh'],libsh,FALSE
locale.c,297,set_locale_var,functionproto,locale.c,2597,['general'],['general'],general,FALSE
locale.c,297,set_lang,var,locale.c,2604,['general'],['general'],general,FALSE
locale.c,297,var,var,locale.c,2610,['general'],['general'],general,FALSE
locale.c,297,value,var,locale.c,2609,['general'],['general'],general,FALSE
locale.c,297,string,var,locale.c,2606,['general'],['general'],general,FALSE
locale.c,297,foundnlp,var,locale.c,2601,['general'],['general'],general,FALSE
locale.c,297,start,var,locale.c,2605,['general'],['general'],general,FALSE
locale.c,297,end,var,locale.c,2600,['general'],['general'],general,FALSE
locale.c,297,lineno,var,locale.c,2603,['general'],['general'],general,FALSE
locale.c,297,lenp,var,locale.c,2602,['general'],['general'],general,FALSE
locale.c,297,val,var,locale.c,2608,['general'],['general'],general,FALSE
locale.c,297,default_domain,var,locale.c,2599,['general'],['general'],general,FALSE
locale.c,297,default_dir,var,locale.c,2598,['general'],['general'],general,FALSE
locale.c,297,v,var,locale.c,2607,['general'],['general'],general,FALSE
locale.c,297,x,var,locale.c,2611,['general'],['general'],general,FALSE
input.h,103,stream_type,type,input.h,767,['general'],['general'],general,FALSE
lib/malloc/alloca.c,147,find_stack_direction,functionimpl,lib/malloc/alloca.c,1193,['libmalloc'],['libmalloc'],libmalloc,FALSE
lib/malloc/alloca.c,147,xmalloc,functionproto,lib/malloc/alloca.c,1195,['libmalloc'],['libmalloc'],libmalloc,FALSE
lib/malloc/alloca.c,147,pointer,alias,lib/malloc/alloca.c,1191,['libmalloc'],['libmalloc'],libmalloc,FALSE
lib/malloc/alloca.c,147,alloca,functionproto,lib/malloc/alloca.c,1194,['libmalloc'],['libmalloc'],libmalloc,FALSE
lib/malloc/alloca.c,147,addr,var,lib/malloc/alloca.c,1198,['libmalloc'],['libmalloc'],libmalloc,FALSE
lib/malloc/alloca.c,147,stack_dir,var,lib/malloc/alloca.c,1199,['libmalloc'],['libmalloc'],libmalloc,FALSE
lib/malloc/alloca.c,147,alloca,file,lib/malloc/alloca.c,1192,['libmalloc'],['libmalloc'],libmalloc,FALSE
lib/malloc/alloca.c,147,hdr,type,lib/malloc/alloca.c,1197,['libmalloc'],['libmalloc'],libmalloc,FALSE
lib/malloc/alloca.c,147,,type,lib/malloc/alloca.c,1196,['libmalloc'],['libmalloc'],libmalloc,FALSE
general.h,83,base_pathname,functionproto,general.h,682,['general'],['general'],general,FALSE
general.c,82,base_pathname,var,general.c,651,['general'],['general'],general,FALSE
siglist.c,319,siglist,file,siglist.c,2980,['signal_handling'],['signal_handling'],signal_handling,FALSE
lib/readline/terminal.c,210,_rl_output_some_chars,functionproto,lib/readline/terminal.c,2087,['libreadline'],['libreadline'],libreadline,FALSE
lib/readline/terminal.c,210,_rl_backspace,var,lib/readline/terminal.c,2089,['libreadline'],['libreadline'],libreadline,FALSE
lib/intl/plural-exp.h,142,free_plural_expression,functionproto,lib/intl/plural-exp.h,1123,['libintl'],['libintl'],libintl,FALSE
lib/intl/plural-exp.h,142,extract_plural_expression,functionproto,lib/intl/plural-exp.h,1122,['libintl'],['libintl'],libintl,FALSE
lib/intl/plural-exp.h,142,plural_eval,functionproto,lib/intl/plural-exp.h,1125,['libintl'],['libintl'],libintl,FALSE
lib/intl/plural-exp.h,142,,type,lib/intl/plural-exp.h,1126,['libintl'],['libintl'],libintl,FALSE
list.c,296,list,var,list.c,2591,['general'],['general'],general,FALSE
lib/sh/shtty.c,253,ttgetattr,functionproto,lib/sh/shtty.c,2355,['libsh'],['libsh'],libsh,FALSE
lib/sh/shtty.c,253,ttfd_onechar,var,lib/sh/shtty.c,2362,['libsh'],['libsh'],libsh,FALSE
lib/sh/shtty.c,253,ttfd_noecho,var,lib/sh/shtty.c,2361,['libsh'],['libsh'],libsh,FALSE
lib/sh/shtty.c,253,ttfd_eightbit,var,lib/sh/shtty.c,2359,['libsh'],['libsh'],libsh,FALSE
lib/sh/shtty.c,253,ttfd_nocanon,var,lib/sh/shtty.c,2360,['libsh'],['libsh'],libsh,FALSE
lib/sh/shtty.c,253,ttfd_cbreak,var,lib/sh/shtty.c,2358,['libsh'],['libsh'],libsh,FALSE
lib/sh/shtty.c,253,fd,var,lib/sh/shtty.c,2356,['libsh'],['libsh'],libsh,FALSE
lib/sh/shtty.c,253,ttp,var,lib/sh/shtty.c,2365,['libsh'],['libsh'],libsh,FALSE
lib/sh/shtty.c,253,ttsaved,var,lib/sh/shtty.c,2366,['libsh'],['libsh'],libsh,FALSE
lib/sh/shtty.c,253,ttin,var,lib/sh/shtty.c,2363,['libsh'],['libsh'],libsh,FALSE
lib/sh/shtty.c,253,ttout,var,lib/sh/shtty.c,2364,['libsh'],['libsh'],libsh,FALSE
lib/sh/shtty.c,253,tt,var,lib/sh/shtty.c,2357,['libsh'],['libsh'],libsh,FALSE
lib/intl/os2compat.c,139,_nl_getenv,functionimpl,lib/intl/os2compat.c,1106,['libintl'],['libintl'],libintl,FALSE
lib/intl/os2compat.c,139,DosScanEnv,functionproto,lib/intl/os2compat.c,1108,['libintl'],['libintl'],libintl,FALSE
lib/intl/os2compat.c,139,name,var,lib/intl/os2compat.c,1114,['libintl'],['libintl'],libintl,FALSE
lib/intl/os2compat.c,139,value,var,lib/intl/os2compat.c,1117,['libintl'],['libintl'],libintl,FALSE
lib/intl/os2compat.c,139,nlos2_initialize,functionimpl,lib/intl/os2compat.c,1107,['libintl'],['libintl'],libintl,FALSE
lib/intl/os2compat.c,139,_nlos2_libdir,var,lib/intl/os2compat.c,1109,['libintl'],['libintl'],libintl,FALSE
lib/intl/os2compat.c,139,gnulocaledir,var,lib/intl/os2compat.c,1112,['libintl'],['libintl'],libintl,FALSE
lib/intl/os2compat.c,139,root,var,lib/intl/os2compat.c,1115,['libintl'],['libintl'],libintl,FALSE
lib/intl/os2compat.c,139,sl,var,lib/intl/os2compat.c,1116,['libintl'],['libintl'],libintl,FALSE
lib/intl/os2compat.c,139,_nlos2_localealiaspath,var,lib/intl/os2compat.c,1110,['libintl'],['libintl'],libintl,FALSE
lib/intl/os2compat.c,139,_nlos2_localedir,var,lib/intl/os2compat.c,1111,['libintl'],['libintl'],libintl,FALSE
lib/intl/os2compat.c,139,libintl_nl_default_dirname,var,lib/intl/os2compat.c,1113,['libintl'],['libintl'],libintl,FALSE
lib/sh/snprintf.c,254,vsnprintf_internal,functionimpl,lib/sh/snprintf.c,2371,['libsh'],['libsh'],libsh,FALSE
lib/sh/snprintf.c,254,init_conv_flag,functionproto,lib/sh/snprintf.c,2374,['libsh'],['libsh'],libsh,FALSE
lib/sh/snprintf.c,254,floating,functionproto,lib/sh/snprintf.c,2373,['libsh'],['libsh'],libsh,FALSE
lib/sh/snprintf.c,254,log_10,functionproto,lib/sh/snprintf.c,2376,['libsh'],['libsh'],libsh,FALSE
lib/sh/snprintf.c,254,exponent,functionproto,lib/sh/snprintf.c,2372,['libsh'],['libsh'],libsh,FALSE
lib/sh/snprintf.c,254,number,functionproto,lib/sh/snprintf.c,2377,['libsh'],['libsh'],libsh,FALSE
lib/sh/snprintf.c,254,pointer,functionproto,lib/sh/snprintf.c,2378,['libsh'],['libsh'],libsh,FALSE
lib/sh/snprintf.c,254,strings,functionproto,lib/sh/snprintf.c,2379,['libsh'],['libsh'],libsh,FALSE
lib/sh/snprintf.c,254,vsnprintf,functionimpl,lib/sh/snprintf.c,2370,['libsh'],['libsh'],libsh,FALSE
lib/sh/snprintf.c,254,init_data,functionproto,lib/sh/snprintf.c,2375,['libsh'],['libsh'],libsh,FALSE
lib/sh/snprintf.c,254,vasprintf,functionimpl,lib/sh/snprintf.c,2369,['libsh'],['libsh'],libsh,FALSE
lib/sh/snprintf.c,254,base,var,lib/sh/snprintf.c,2382,['libsh'],['libsh'],libsh,FALSE
lib/sh/snprintf.c,254,precision,var,lib/sh/snprintf.c,2397,['libsh'],['libsh'],libsh,FALSE
lib/sh/snprintf.c,254,fract,var,lib/sh/snprintf.c,2389,['libsh'],['libsh'],libsh,FALSE
lib/sh/snprintf.c,254,d,var,lib/sh/snprintf.c,2385,['libsh'],['libsh'],libsh,FALSE
lib/sh/snprintf.c,254,p,var,lib/sh/snprintf.c,2396,['libsh'],['libsh'],libsh,FALSE
lib/sh/snprintf.c,254,mode,var,lib/sh/snprintf.c,2393,['libsh'],['libsh'],libsh,FALSE
lib/sh/snprintf.c,254,string,var,lib/sh/snprintf.c,2401,['libsh'],['libsh'],libsh,FALSE
lib/sh/snprintf.c,254,length,var,lib/sh/snprintf.c,2392,['libsh'],['libsh'],libsh,FALSE
lib/sh/snprintf.c,254,format,var,lib/sh/snprintf.c,2388,['libsh'],['libsh'],libsh,FALSE
lib/sh/snprintf.c,254,stringp,var,lib/sh/snprintf.c,2402,['libsh'],['libsh'],libsh,FALSE
lib/sh/snprintf.c,254,decpoint,var,lib/sh/snprintf.c,2387,['libsh'],['libsh'],libsh,FALSE
lib/sh/snprintf.c,254,thoussep,var,lib/sh/snprintf.c,2403,['libsh'],['libsh'],libsh,FALSE
lib/sh/snprintf.c,254,grouping,var,lib/sh/snprintf.c,2390,['libsh'],['libsh'],libsh,FALSE
lib/sh/snprintf.c,254,negprec,var,lib/sh/snprintf.c,2395,['libsh'],['libsh'],libsh,FALSE
lib/sh/snprintf.c,254,DATA,type,lib/sh/snprintf.c,2380,['libsh'],['libsh'],libsh,FALSE
lib/sh/snprintf.c,254,c,var,lib/sh/snprintf.c,2383,['libsh'],['libsh'],libsh,FALSE
lib/sh/snprintf.c,254,data,var,lib/sh/snprintf.c,2386,['libsh'],['libsh'],libsh,FALSE
lib/sh/snprintf.c,254,convstart,var,lib/sh/snprintf.c,2384,['libsh'],['libsh'],libsh,FALSE
lib/sh/snprintf.c,254,state,var,lib/sh/snprintf.c,2400,['libsh'],['libsh'],libsh,FALSE
lib/sh/snprintf.c,254,n,var,lib/sh/snprintf.c,2394,['libsh'],['libsh'],libsh,FALSE
lib/sh/snprintf.c,254,i,var,lib/sh/snprintf.c,2391,['libsh'],['libsh'],libsh,FALSE
lib/sh/snprintf.c,254,ul,var,lib/sh/snprintf.c,2404,['libsh'],['libsh'],libsh,FALSE
lib/sh/snprintf.c,254,s,var,lib/sh/snprintf.c,2399,['libsh'],['libsh'],libsh,FALSE
lib/sh/snprintf.c,254,args,var,lib/sh/snprintf.c,2381,['libsh'],['libsh'],libsh,FALSE
lib/sh/snprintf.c,254,r,var,lib/sh/snprintf.c,2398,['libsh'],['libsh'],libsh,FALSE
jobs.c,104,making_children,functionimpl,jobs.c,786,['job_control'],['job_control'],job_control,FALSE
jobs.c,104,start_pipeline,functionimpl,jobs.c,798,['job_control'],['job_control'],job_control,FALSE
jobs.c,104,cleanup_the_pipeline,functionimpl,jobs.c,773,['job_control'],['job_control'],job_control,FALSE
jobs.c,104,discard_pipeline,functionproto,jobs.c,811,['job_control'],['job_control'],job_control,FALSE
jobs.c,104,cleanup_dead_jobs,functionimpl,jobs.c,772,['job_control'],['job_control'],job_control,FALSE
jobs.c,104,delete_job,functionproto,jobs.c,810,['job_control'],['job_control'],job_control,FALSE
jobs.c,104,realloc_jobs_list,functionimpl,jobs.c,790,['job_control'],['job_control'],job_control,FALSE
jobs.c,104,processes_in_job,functionproto,jobs.c,824,['job_control'],['job_control'],job_control,FALSE
jobs.c,104,reset_current,functionimpl,jobs.c,792,['job_control'],['job_control'],job_control,FALSE
jobs.c,104,terminate_current_pipeline,functionimpl,jobs.c,800,['job_control'],['job_control'],job_control,FALSE
jobs.c,104,killpg,functionproto,jobs.c,818,['job_control'],['job_control'],job_control,FALSE
jobs.c,104,terminate_stopped_jobs,functionimpl,jobs.c,801,['job_control'],['job_control'],job_control,FALSE
jobs.c,104,hangup_all_jobs,functionimpl,jobs.c,780,['job_control'],['job_control'],job_control,FALSE
jobs.c,104,kill_current_pipeline,functionimpl,jobs.c,785,['job_control'],['job_control'],job_control,FALSE
jobs.c,104,stop_making_children,functionimpl,jobs.c,799,['job_control'],['job_control'],job_control,FALSE
jobs.c,104,find_last_pid,var,jobs.c,845,['job_control'],['job_control'],job_control,FALSE
jobs.c,104,wait_for_single_pid,var,jobs.c,906,['job_control'],['job_control'],job_control,FALSE
jobs.c,104,mark_all_jobs_as_dead,functionimpl,jobs.c,787,['job_control'],['job_control'],job_control,FALSE
jobs.c,104,mark_dead_jobs_as_notified,functionproto,jobs.c,821,['job_control'],['job_control'],job_control,FALSE
jobs.c,104,bgp_clear,functionimpl,jobs.c,770,['job_control'],['job_control'],job_control,FALSE
jobs.c,104,reap_dead_jobs,functionimpl,jobs.c,791,['job_control'],['job_control'],job_control,FALSE
jobs.c,104,job_last_stopped,var,jobs.c,859,['job_control'],['job_control'],job_control,FALSE
jobs.c,104,job_last_running,var,jobs.c,858,['job_control'],['job_control'],job_control,FALSE
jobs.c,104,set_current_job,functionproto,jobs.c,826,['job_control'],['job_control'],job_control,FALSE
jobs.c,104,raw_job_exit_status,var,jobs.c,889,['job_control'],['job_control'],job_control,FALSE
jobs.c,104,pretty_print_job,functionproto,jobs.c,823,['job_control'],['job_control'],job_control,FALSE
jobs.c,104,j_strsignal,functionproto,jobs.c,816,['job_control'],['job_control'],job_control,FALSE
jobs.c,104,without_job_control,functionimpl,jobs.c,804,['job_control'],['job_control'],job_control,FALSE
jobs.c,104,delete_all_jobs,functionproto,jobs.c,809,['job_control'],['job_control'],job_control,FALSE
jobs.c,104,set_job_control,functionproto,jobs.c,827,['job_control'],['job_control'],job_control,FALSE
jobs.c,104,give_terminal_to,var,jobs.c,851,['job_control'],['job_control'],job_control,FALSE
jobs.c,104,restart_job_control,functionimpl,jobs.c,794,['job_control'],['job_control'],job_control,FALSE
jobs.c,104,pid,var,jobs.c,882,['job_control'],['job_control'],job_control,FALSE
jobs.c,104,status,var,jobs.c,901,['job_control'],['job_control'],job_control,FALSE
jobs.c,104,alive_only,var,jobs.c,831,['job_control'],['job_control'],job_control,FALSE
jobs.c,104,jobp,var,jobs.c,860,['job_control'],['job_control'],job_control,FALSE
jobs.c,104,procp,var,jobs.c,885,['job_control'],['job_control'],job_control,FALSE
jobs.c,104,block,var,jobs.c,837,['job_control'],['job_control'],job_control,FALSE
jobs.c,104,job,var,jobs.c,855,['job_control'],['job_control'],job_control,FALSE
jobs.c,104,format,var,jobs.c,850,['job_control'],['job_control'],job_control,FALSE
jobs.c,104,state,var,jobs.c,900,['job_control'],['job_control'],job_control,FALSE
jobs.c,104,job_index,var,jobs.c,857,['job_control'],['job_control'],job_control,FALSE
jobs.c,104,INVALID_SIGNAL_HANDLER,var,jobs.c,830,['job_control'],['job_control'],job_control,FALSE
jobs.c,104,foreground,var,jobs.c,849,['job_control'],['job_control'],job_control,FALSE
jobs.c,104,sig,var,jobs.c,898,['job_control'],['job_control'],job_control,FALSE
jobs.c,104,group,var,jobs.c,852,['job_control'],['job_control'],job_control,FALSE
jobs.c,104,wpid,var,jobs.c,908,['job_control'],['job_control'],job_control,FALSE
jobs.c,104,pgrp,var,jobs.c,881,['job_control'],['job_control'],job_control,FALSE
jobs.c,104,force,var,jobs.c,848,['job_control'],['job_control'],job_control,FALSE
jobs.c,104,opgrp,var,jobs.c,877,['job_control'],['job_control'],job_control,FALSE
jobs.c,104,npgrp,var,jobs.c,869,['job_control'],['job_control'],job_control,FALSE
jobs.c,104,flags,var,jobs.c,847,['job_control'],['job_control'],job_control,FALSE
jobs.c,104,init_job_stats,functionimpl,jobs.c,782,['job_control'],['job_control'],job_control,FALSE
jobs.c,104,js,var,jobs.c,863,['job_control'],['job_control'],job_control,FALSE
jobs.c,104,zerojs,var,jobs.c,909,['job_control'],['job_control'],job_control,FALSE
jobs.c,104,first_pid,var,jobs.c,846,['job_control'],['job_control'],job_control,FALSE
jobs.c,104,pid_wrap,var,jobs.c,883,['job_control'],['job_control'],job_control,FALSE
jobs.c,104,dir,var,jobs.c,842,['job_control'],['job_control'],job_control,FALSE
jobs.c,104,d,var,jobs.c,840,['job_control'],['job_control'],job_control,FALSE
jobs.c,104,already_making_children,var,jobs.c,832,['job_control'],['job_control'],job_control,FALSE
jobs.c,104,disposer,var,jobs.c,843,['job_control'],['job_control'],job_control,FALSE
jobs.c,104,the_pipeline,var,jobs.c,904,['job_control'],['job_control'],job_control,FALSE
jobs.c,104,pipeline_pgrp,var,jobs.c,884,['job_control'],['job_control'],job_control,FALSE
jobs.c,104,ps,var,jobs.c,886,['job_control'],['job_control'],job_control,FALSE
jobs.c,104,bgpids,var,jobs.c,836,['job_control'],['job_control'],job_control,FALSE
jobs.c,104,p,var,jobs.c,880,['job_control'],['job_control'],job_control,FALSE
jobs.c,104,bgp_prune,functionimpl,jobs.c,771,['job_control'],['job_control'],job_control,FALSE
jobs.c,104,reset_job_indices,functionimpl,jobs.c,793,['job_control'],['job_control'],job_control,FALSE
jobs.c,104,jobs,var,jobs.c,861,['job_control'],['job_control'],job_control,FALSE
jobs.c,104,old,var,jobs.c,872,['job_control'],['job_control'],job_control,FALSE
jobs.c,104,jobs_list_frozen,var,jobs.c,862,['job_control'],['job_control'],job_control,FALSE
jobs.c,104,i,var,jobs.c,853,['job_control'],['job_control'],job_control,FALSE
jobs.c,104,ncur,var,jobs.c,867,['job_control'],['job_control'],job_control,FALSE
jobs.c,104,nprev,var,jobs.c,870,['job_control'],['job_control'],job_control,FALSE
jobs.c,104,nsize,var,jobs.c,871,['job_control'],['job_control'],job_control,FALSE
jobs.c,104,nlist,var,jobs.c,868,['job_control'],['job_control'],job_control,FALSE
jobs.c,104,j,var,jobs.c,854,['job_control'],['job_control'],job_control,FALSE
jobs.c,104,shell_pgrp,var,jobs.c,894,['job_control'],['job_control'],job_control,FALSE
jobs.c,104,tty,var,jobs.c,905,['job_control'],['job_control'],job_control,FALSE
jobs.c,104,shell_tty_info,var,jobs.c,897,['job_control'],['job_control'],job_control,FALSE
jobs.c,104,shell_tchars,var,jobs.c,895,['job_control'],['job_control'],job_control,FALSE
jobs.c,104,shell_ltchars,var,jobs.c,893,['job_control'],['job_control'],job_control,FALSE
jobs.c,104,check_window_size,var,jobs.c,839,['job_control'],['job_control'],job_control,FALSE
jobs.c,104,shell_level,var,jobs.c,892,['job_control'],['job_control'],job_control,FALSE
jobs.c,104,waited_for,var,jobs.c,907,['job_control'],['job_control'],job_control,FALSE
jobs.c,104,errno,var,jobs.c,844,['job_control'],['job_control'],job_control,FALSE
jobs.c,104,r,var,jobs.c,888,['job_control'],['job_control'],job_control,FALSE
jobs.c,104,restore_sigint_handler,functionimpl,jobs.c,795,['job_control'],['job_control'],job_control,FALSE
jobs.c,104,old_sigint_handler,var,jobs.c,873,['job_control'],['job_control'],job_control,FALSE
jobs.c,104,sourcelevel,var,jobs.c,899,['job_control'],['job_control'],job_control,FALSE
jobs.c,104,candidate,var,jobs.c,838,['job_control'],['job_control'],job_control,FALSE
jobs.c,104,old_ttou,var,jobs.c,876,['job_control'],['job_control'],job_control,FALSE
jobs.c,104,set,var,jobs.c,891,['job_control'],['job_control'],job_control,FALSE
jobs.c,104,oset,var,jobs.c,879,['job_control'],['job_control'],job_control,FALSE
jobs.c,104,queue_sigchld,var,jobs.c,887,['job_control'],['job_control'],job_control,FALSE
jobs.c,104,s,var,jobs.c,890,['job_control'],['job_control'],job_control,FALSE
jobs.c,104,termsig,var,jobs.c,903,['job_control'],['job_control'],job_control,FALSE
jobs.c,104,job_control,var,jobs.c,856,['job_control'],['job_control'],job_control,FALSE
jobs.c,104,subshell_environment,var,jobs.c,902,['job_control'],['job_control'],job_control,FALSE
jobs.c,104,last_asynchronous_pid,var,jobs.c,864,['job_control'],['job_control'],job_control,FALSE
jobs.c,104,line_number,var,jobs.c,865,['job_control'],['job_control'],job_control,FALSE
jobs.c,104,old_tstp,var,jobs.c,874,['job_control'],['job_control'],job_control,FALSE
jobs.c,104,old_ttin,var,jobs.c,875,['job_control'],['job_control'],job_control,FALSE
jobs.c,104,count_all_jobs,functionimpl,jobs.c,774,['job_control'],['job_control'],job_control,FALSE
jobs.c,104,n,var,jobs.c,866,['job_control'],['job_control'],job_control,FALSE
jobs.c,104,freeze_jobs_list,functionimpl,jobs.c,778,['job_control'],['job_control'],job_control,FALSE
jobs.c,104,original_pgrp,var,jobs.c,878,['job_control'],['job_control'],job_control,FALSE
jobs.c,104,shell_tty,var,jobs.c,896,['job_control'],['job_control'],job_control,FALSE
jobs.c,104,stop_pipeline,functionproto,jobs.c,828,['job_control'],['job_control'],job_control,FALSE
jobs.c,104,async,var,jobs.c,835,['job_control'],['job_control'],job_control,FALSE
jobs.c,104,deferred,var,jobs.c,841,['job_control'],['job_control'],job_control,FALSE
jobs.c,104,compact_jobs_list,functionproto,jobs.c,808,['job_control'],['job_control'],job_control,FALSE
jobs.c,104,nohup_job,functionproto,jobs.c,822,['job_control'],['job_control'],job_control,FALSE
jobs.c,104,append_process,functionproto,jobs.c,805,['job_control'],['job_control'],job_control,FALSE
jobs.c,104,map_over_jobs,functionproto,jobs.c,820,['job_control'],['job_control'],job_control,FALSE
jobs.c,104,arg1,var,jobs.c,833,['job_control'],['job_control'],job_control,FALSE
jobs.c,104,arg2,var,jobs.c,834,['job_control'],['job_control'],job_control,FALSE
jobs.c,104,list_one_job,functionproto,jobs.c,819,['job_control'],['job_control'],job_control,FALSE
jobs.c,104,wait_sigint_handler,functionproto,jobs.c,829,['job_control'],['job_control'],job_control,FALSE
jobs.h,105,job,type,jobs.h,940,['job_control'],['job_control'],job_control,FALSE
jobs.h,105,process,type,jobs.h,943,['job_control'],['job_control'],job_control,FALSE
jobs.c,104,find_pipeline,functionproto,jobs.c,813,['job_control'],['job_control'],job_control,FALSE
jobs.h,105,PROCESS,alias,jobs.h,910,['job_control'],['job_control'],job_control,FALSE
jobs.c,104,find_process,functionproto,jobs.c,814,['job_control'],['job_control'],job_control,FALSE
jobs.c,104,find_last_proc,functionproto,jobs.c,812,['job_control'],['job_control'],job_control,FALSE
jobs.c,104,bgp_alloc,functionproto,jobs.c,807,['job_control'],['job_control'],job_control,FALSE
jobs.h,105,pidstat,type,jobs.h,942,['job_control'],['job_control'],job_control,FALSE
jobs.c,104,bgp_add,functionproto,jobs.c,806,['job_control'],['job_control'],job_control,FALSE
jobs.h,105,jobstats,type,jobs.h,941,['job_control'],['job_control'],job_control,FALSE
jobs.h,105,init_job_stats,functionproto,jobs.h,921,['job_control'],['job_control'],job_control,FALSE
jobs.h,105,making_children,functionproto,jobs.h,925,['job_control'],['job_control'],job_control,FALSE
jobs.h,105,cleanup_the_pipeline,functionproto,jobs.h,912,['job_control'],['job_control'],job_control,FALSE
jobs.h,105,terminate_current_pipeline,functionproto,jobs.h,933,['job_control'],['job_control'],job_control,FALSE
jobs.h,105,terminate_stopped_jobs,functionproto,jobs.h,934,['job_control'],['job_control'],job_control,FALSE
jobs.h,105,hangup_all_jobs,functionproto,jobs.h,919,['job_control'],['job_control'],job_control,FALSE
jobs.h,105,kill_current_pipeline,functionproto,jobs.h,924,['job_control'],['job_control'],job_control,FALSE
jobs.c,104,ignore_tty_job_signals,functionimpl,jobs.c,781,['job_control'],['job_control'],job_control,FALSE
jobs.c,104,default_tty_job_signals,functionimpl,jobs.c,776,['job_control'],['job_control'],job_control,FALSE
jobs.h,105,get_tty_state,functionproto,jobs.h,917,['job_control'],['job_control'],job_control,FALSE
jobs.h,105,notify_and_cleanup,functionproto,jobs.h,926,['job_control'],['job_control'],job_control,FALSE
jobs.h,105,without_job_control,functionproto,jobs.h,937,['job_control'],['job_control'],job_control,FALSE
jobs.h,105,end_job_control,functionproto,jobs.h,915,['job_control'],['job_control'],job_control,FALSE
jobs.h,105,restart_job_control,functionproto,jobs.h,928,['job_control'],['job_control'],job_control,FALSE
jobs.c,104,set_sigchld_handler,functionimpl,jobs.c,796,['job_control'],['job_control'],job_control,FALSE
jobs.h,105,set_sigchld_handler,functionproto,jobs.h,929,['job_control'],['job_control'],job_control,FALSE
jobs.h,105,,type,jobs.h,938,['job_control'],['job_control'],job_control,FALSE
error.c,38,code,var,error.c,252,['error_handling'],['error_handling'],error_handling,FALSE
error.c,38,name,var,error.c,253,['error_handling'],['error_handling'],error_handling,FALSE
error.c,38,shell_name,var,error.c,255,['error_handling'],['error_handling'],error_handling,FALSE
error.c,38,err_unboundvar,functionproto,error.c,246,['error_handling'],['error_handling'],error_handling,FALSE
error.c,38,s,var,error.c,254,['error_handling'],['error_handling'],error_handling,FALSE
error.c,38,err_readonly,functionproto,error.c,245,['error_handling'],['error_handling'],error_handling,FALSE
builtins/evalstring.c,28,string,var,builtins/evalstring.c,128,['libbuiltins'],['libbuiltins'],libbuiltins,FALSE
builtins/evalstring.c,28,from_file,var,builtins/evalstring.c,124,['libbuiltins'],['libbuiltins'],libbuiltins,FALSE
builtins/evalstring.c,28,flags,var,builtins/evalstring.c,123,['libbuiltins'],['libbuiltins'],libbuiltins,FALSE
builtins/evalstring.c,28,endp,var,builtins/evalstring.c,122,['libbuiltins'],['libbuiltins'],libbuiltins,FALSE
builtins/evalstring.c,28,running_trap,var,builtins/evalstring.c,127,['libbuiltins'],['libbuiltins'],libbuiltins,FALSE
builtins/evalstring.c,28,parse_and_execute_level,var,builtins/evalstring.c,126,['libbuiltins'],['libbuiltins'],libbuiltins,FALSE
lib/sh/stringvec.c,262,array,var,lib/sh/stringvec.c,2476,['libsh'],['libsh'],libsh,FALSE
lib/sh/stringvec.c,262,name,var,lib/sh/stringvec.c,2477,['libsh'],['libsh'],libsh,FALSE
lib/sh/stringvec.c,262,alloc,var,lib/sh/stringvec.c,2475,['libsh'],['libsh'],libsh,FALSE
lib/sh/stringvec.c,262,starting_index,var,lib/sh/stringvec.c,2478,['libsh'],['libsh'],libsh,FALSE
lib/sh/stringvec.c,262,strvec_dispose,functionproto,lib/sh/stringvec.c,2470,['libsh'],['libsh'],libsh,FALSE
lib/sh/stringvec.c,262,strvec_sort,functionproto,lib/sh/stringvec.c,2474,['libsh'],['libsh'],libsh,FALSE
lib/sh/stringvec.c,262,strvec_from_word_list,functionproto,lib/sh/stringvec.c,2472,['libsh'],['libsh'],libsh,FALSE
lib/intl/textdomain.c,146,textdomain,file,lib/intl/textdomain.c,1190,['libintl'],['libintl'],libintl,FALSE
siglist.h,320,sys_siglist,var,siglist.h,2984,['signal_handling'],['signal_handling'],signal_handling,FALSE
lib/sh/fpurge.c,230,fpurge,file,lib/sh/fpurge.c,2258,['libsh'],['libsh'],libsh,FALSE
lib/sh/stringlist.c,261,sl,var,lib/sh/stringlist.c,2465,['libsh'],['libsh'],libsh,FALSE
lib/sh/stringlist.c,261,n,var,lib/sh/stringlist.c,2462,['libsh'],['libsh'],libsh,FALSE
lib/sh/stringlist.c,261,s,var,lib/sh/stringlist.c,2464,['libsh'],['libsh'],libsh,FALSE
lib/sh/stringlist.c,261,m1,var,lib/sh/stringlist.c,2460,['libsh'],['libsh'],libsh,FALSE
lib/sh/stringlist.c,261,m2,var,lib/sh/stringlist.c,2461,['libsh'],['libsh'],libsh,FALSE
lib/sh/stringlist.c,261,prefix,var,lib/sh/stringlist.c,2463,['libsh'],['libsh'],libsh,FALSE
lib/sh/stringlist.c,261,suffix,var,lib/sh/stringlist.c,2467,['libsh'],['libsh'],libsh,FALSE
lib/sh/stringlist.c,261,alloc,var,lib/sh/stringlist.c,2458,['libsh'],['libsh'],libsh,FALSE
lib/sh/stringlist.c,261,starting_index,var,lib/sh/stringlist.c,2466,['libsh'],['libsh'],libsh,FALSE
lib/sh/stringlist.c,261,strlist_print,functionproto,lib/sh/stringlist.c,2456,['libsh'],['libsh'],libsh,FALSE
lib/sh/stringlist.c,261,strlist_walk,functionproto,lib/sh/stringlist.c,2457,['libsh'],['libsh'],libsh,FALSE
lib/sh/stringlist.c,261,func,var,lib/sh/stringlist.c,2459,['libsh'],['libsh'],libsh,FALSE
siglist.c,319,i,var,siglist.c,2982,['signal_handling'],['signal_handling'],signal_handling,FALSE
lib/readline/terminal.c,210,_rl_enable_keypad,var,lib/readline/terminal.c,2090,['libreadline'],['libreadline'],libreadline,FALSE
lib/readline/search.c,206,_rl_nsearch_callback,var,lib/readline/search.c,2029,['libreadline'],['libreadline'],libreadline,FALSE
lib/readline/search.c,206,_rl_nscxt,var,lib/readline/search.c,2028,['libreadline'],['libreadline'],libreadline,FALSE
lib/sh/oslib.c,245,getdtablesize,functionimpl,lib/sh/oslib.c,2323,['libsh'],['libsh'],libsh,FALSE
externs.h,77,getdtablesize,functionproto,externs.h,541,['general'],['general'],general,FALSE
externs.h,77,getmaxchild,functionproto,externs.h,543,['general'],['general'],general,FALSE
flags.h,81,exit_immediately_on_error,var,flags.h,631,['general'],['general'],general,FALSE
flags.h,81,read_but_dont_execute,var,flags.h,636,['general'],['general'],general,FALSE
flags.h,81,just_one_command,var,flags.h,633,['general'],['general'],general,FALSE
variables.h,340,sh_get_env_value,functionproto,variables.h,3686,['general'],['general'],general,FALSE
lib/readline/vi_mode.c,217,_rl_vi_domove_callback,var,lib/readline/vi_mode.c,2210,['libreadline'],['libreadline'],libreadline,FALSE
lib/readline/vi_mode.c,217,_rl_vimvcxt,var,lib/readline/vi_mode.c,2216,['libreadline'],['libreadline'],libreadline,FALSE
execute_cmd.h,75,execute_command,functionproto,execute_cmd.h,452,['general'],['general'],general,FALSE
variables.c,339,sh_get_env_value,functionproto,variables.c,3549,['general'],['general'],general,FALSE
externs.h,77,set_current_prompt_level,functionproto,externs.h,554,['general'],['general'],general,FALSE
externs.h,77,reader_loop,functionproto,externs.h,551,['general'],['general'],general,FALSE
externs.h,77,parse_command,functionproto,externs.h,549,['general'],['general'],general,FALSE
externs.h,77,read_command,functionproto,externs.h,550,['general'],['general'],general,FALSE
lib/termcap/termcap.c,290,termcap,file,lib/termcap/termcap.c,2546,['libtermcap'],['libtermcap'],libtermcap,FALSE
lib/termcap/ltcap.h,289,ltcap,file,lib/termcap/ltcap.h,2545,['libtermcap'],['libtermcap'],libtermcap,FALSE
version.c,341,shell_version_string,functionimpl,version.c,3700,['general'],['general'],general,FALSE
version.c,341,tt,var,version.c,3705,['general'],['general'],general,FALSE
version.c,341,release_status,var,version.c,3704,['general'],['general'],general,FALSE
version.c,341,dist_version,var,version.c,3702,['general'],['general'],general,FALSE
version.c,341,patch_level,var,version.c,3703,['general'],['general'],general,FALSE
version.c,341,build_version,var,version.c,3701,['general'],['general'],general,FALSE
jobs.h,105,bgpids,type,jobs.h,939,['job_control'],['job_control'],job_control,FALSE
expr.c,76,pushexp,functionimpl,expr.c,475,['general'],['general'],general,FALSE
expr.c,76,,type,expr.c,485,['general'],['general'],general,FALSE
expr.c,76,evalerror,functionproto,expr.c,479,['general'],['general'],general,FALSE
expr.c,76,popexp,functionimpl,expr.c,474,['general'],['general'],general,FALSE
expr.c,76,expcomma,functionimpl,expr.c,467,['general'],['general'],general,FALSE
expr.c,76,readtok,functionimpl,expr.c,476,['general'],['general'],general,FALSE
expr.c,76,expcond,functionimpl,expr.c,468,['general'],['general'],general,FALSE
expr.c,76,expr_bind_array_element,functionproto,expr.c,480,['general'],['general'],general,FALSE
expr.c,76,expr_bind_variable,functionproto,expr.c,481,['general'],['general'],general,FALSE
expr.c,76,explor,functionimpl,expr.c,470,['general'],['general'],general,FALSE
expr.c,76,EXP_HIGHEST,var,expr.c,487,['general'],['general'],general,FALSE
expr.c,76,expland,functionimpl,expr.c,469,['general'],['general'],general,FALSE
expr.c,76,expbor,functionimpl,expr.c,465,['general'],['general'],general,FALSE
expr.c,76,expbxor,functionimpl,expr.c,466,['general'],['general'],general,FALSE
expr.c,76,expband,functionimpl,expr.c,464,['general'],['general'],general,FALSE
expr.c,76,exp5,functionimpl,expr.c,462,['general'],['general'],general,FALSE
expr.c,76,exp4,functionimpl,expr.c,461,['general'],['general'],general,FALSE
expr.c,76,expshift,functionimpl,expr.c,473,['general'],['general'],general,FALSE
expr.c,76,exp3,functionimpl,expr.c,460,['general'],['general'],general,FALSE
expr.c,76,exp2,functionimpl,expr.c,459,['general'],['general'],general,FALSE
expr.c,76,exppower,functionimpl,expr.c,471,['general'],['general'],general,FALSE
expr.c,76,exp1,functionimpl,expr.c,458,['general'],['general'],general,FALSE
expr.c,76,alloc_lvalue,functionimpl,expr.c,456,['general'],['general'],general,FALSE
expr.c,76,init_lvalue,functionproto,expr.c,483,['general'],['general'],general,FALSE
expr.c,76,expr_streval,functionproto,expr.c,482,['general'],['general'],general,FALSE
expr.c,76,strlong,functionproto,expr.c,484,['general'],['general'],general,FALSE
expr.c,76,_is_arithop,var,expr.c,488,['general'],['general'],general,FALSE
expr.c,76,_is_multiop,functionproto,expr.c,477,['general'],['general'],general,FALSE
expr.c,76,alloc_lvalue,functionproto,expr.c,478,['general'],['general'],general,FALSE
expr.c,76,lvalue,var,expr.c,510,['general'],['general'],general,FALSE
expr.c,76,expr,var,expr.c,499,['general'],['general'],general,FALSE
expr.c,76,c,var,expr.c,490,['general'],['general'],general,FALSE
expr.c,76,expr_depth,var,expr.c,500,['general'],['general'],general,FALSE
expr.c,76,expr_stack_size,var,expr.c,502,['general'],['general'],general,FALSE
expr.c,76,expr_stack,var,expr.c,501,['general'],['general'],general,FALSE
expr.c,76,context,var,expr.c,492,['general'],['general'],general,FALSE
expr.c,76,expression,var,expr.c,503,['general'],['general'],general,FALSE
expr.c,76,expr_unwind,functionimpl,expr.c,472,['general'],['general'],general,FALSE
expr.c,76,noeval,var,expr.c,511,['general'],['general'],general,FALSE
expr.c,76,value,var,expr.c,528,['general'],['general'],general,FALSE
expr.c,76,curtok,var,expr.c,495,['general'],['general'],general,FALSE
expr.c,76,special,var,expr.c,518,['general'],['general'],general,FALSE
expr.c,76,lasttok,var,expr.c,505,['general'],['general'],general,FALSE
expr.c,76,op,var,expr.c,512,['general'],['general'],general,FALSE
expr.c,76,assigntok,var,expr.c,489,['general'],['general'],general,FALSE
expr.c,76,lhs,var,expr.c,507,['general'],['general'],general,FALSE
expr.c,76,lind,var,expr.c,508,['general'],['general'],general,FALSE
expr.c,76,curlval,var,expr.c,494,['general'],['general'],general,FALSE
expr.c,76,rhs,var,expr.c,514,['general'],['general'],general,FALSE
expr.c,76,tokstr,var,expr.c,521,['general'],['general'],general,FALSE
expr.c,76,set_noeval,var,expr.c,517,['general'],['general'],general,FALSE
expr.c,76,rval,var,expr.c,515,['general'],['general'],general,FALSE
expr.c,76,cval,var,expr.c,496,['general'],['general'],general,FALSE
expr.c,76,val1,var,expr.c,526,['general'],['general'],general,FALSE
expr.c,76,val2,var,expr.c,527,['general'],['general'],general,FALSE
expr.c,76,val,var,expr.c,525,['general'],['general'],general,FALSE
expr.c,76,stok,var,expr.c,519,['general'],['general'],general,FALSE
expr.c,76,v2,var,expr.c,524,['general'],['general'],general,FALSE
expr.c,76,tokval,var,expr.c,522,['general'],['general'],general,FALSE
expr.c,76,vincdec,var,expr.c,529,['general'],['general'],general,FALSE
expr.c,76,ec,var,expr.c,498,['general'],['general'],general,FALSE
expr.c,76,lv,var,expr.c,509,['general'],['general'],general,FALSE
expr.c,76,cp,var,expr.c,493,['general'],['general'],general,FALSE
expr.c,76,tp,var,expr.c,523,['general'],['general'],general,FALSE
expr.c,76,e,var,expr.c,497,['general'],['general'],general,FALSE
expr.c,76,lasttp,var,expr.c,506,['general'],['general'],general,FALSE
expr.c,76,savecp,var,expr.c,516,['general'],['general'],general,FALSE
expr.c,76,peektok,var,expr.c,513,['general'],['general'],general,FALSE
expr.c,76,lastlval,var,expr.c,504,['general'],['general'],general,FALSE
expr.c,76,c1,var,expr.c,491,['general'],['general'],general,FALSE
expr.c,76,xp,var,expr.c,530,['general'],['general'],general,FALSE
expr.c,76,tok,var,expr.c,520,['general'],['general'],general,FALSE
lib/intl/dcigettext.c,118,alloca,var,lib/intl/dcigettext.c,995,['libintl'],['libintl'],libintl,FALSE
lib/intl/dcigettext.c,118,alloca,function,lib/intl/dcigettext.c,990,['libintl'],['libintl'],libintl,FALSE
lib/intl/dcigettext.c,118,alloca,functionproto,lib/intl/dcigettext.c,991,['libintl'],['libintl'],libintl,FALSE
lib/termcap/termcap.c,290,ptr,var,lib/termcap/termcap.c,2558,['libtermcap'],['libtermcap'],libtermcap,FALSE
lib/termcap/termcap.c,290,size,var,lib/termcap/termcap.c,2559,['libtermcap'],['libtermcap'],libtermcap,FALSE
lib/termcap/termcap.c,290,cap,var,lib/termcap/termcap.c,2554,['libtermcap'],['libtermcap'],libtermcap,FALSE
lib/termcap/termcap.c,290,area,var,lib/termcap/termcap.c,2551,['libtermcap'],['libtermcap'],libtermcap,FALSE
lib/termcap/termcap.c,290,bp,var,lib/termcap/termcap.c,2552,['libtermcap'],['libtermcap'],libtermcap,FALSE
lib/termcap/termcap.c,290,name,var,lib/termcap/termcap.c,2557,['libtermcap'],['libtermcap'],libtermcap,FALSE
lib/termcap/termcap.c,290,str,var,lib/termcap/termcap.c,2560,['libtermcap'],['libtermcap'],libtermcap,FALSE
lib/termcap/termcap.c,290,fd,var,lib/termcap/termcap.c,2555,['libtermcap'],['libtermcap'],libtermcap,FALSE
lib/termcap/termcap.c,290,bufp,var,lib/termcap/termcap.c,2553,['libtermcap'],['libtermcap'],libtermcap,FALSE
lib/termcap/termcap.c,290,line,var,lib/termcap/termcap.c,2556,['libtermcap'],['libtermcap'],libtermcap,FALSE
lib/termcap/termcap.c,290,append_end,var,lib/termcap/termcap.c,2550,['libtermcap'],['libtermcap'],libtermcap,FALSE
lib/termcap/termcap.c,290,find_capability,functionproto,lib/termcap/termcap.c,2547,['libtermcap'],['libtermcap'],libtermcap,FALSE
lib/termcap/termcap.c,290,buffer,type,lib/termcap/termcap.c,2549,['libtermcap'],['libtermcap'],libtermcap,FALSE
arrayfunc.h,9,arrayfunc,file,arrayfunc.h,31,['general'],['general'],general,FALSE
shell.h,316,save_parser_state,functionproto,shell.h,2922,['general'],['general'],general,FALSE
lib/tilde/shell.c,293,get_home_dir,functionimpl,lib/tilde/shell.c,2571,['libtilde'],['libtilde'],libtilde,FALSE
lib/tilde/shell.c,293,getpwuid,functionproto,lib/tilde/shell.c,2573,['libtilde'],['libtilde'],libtilde,FALSE
lib/tilde/shell.c,293,home_dir,var,lib/tilde/shell.c,2575,['libtilde'],['libtilde'],libtilde,FALSE
lib/tilde/shell.c,293,entry,var,lib/tilde/shell.c,2574,['libtilde'],['libtilde'],libtilde,FALSE
lib/tilde/shell.c,293,get_env_value,functionproto,lib/tilde/shell.c,2572,['libtilde'],['libtilde'],libtilde,FALSE
lib/tilde/shell.c,293,varname,var,lib/tilde/shell.c,2576,['libtilde'],['libtilde'],libtilde,FALSE
lib/readline/histexpand.c,174,j,var,lib/readline/histexpand.c,1579,"['libreadline', 'libhistory']","['libreadline', 'libhistory']",libhistory,TRUE
lib/readline/histexpand.c,174,subst_rhs,var,lib/readline/histexpand.c,1590,"['libreadline', 'libhistory']","['libreadline', 'libhistory']",libhistory,TRUE
lib/readline/histexpand.c,174,subst_lhs,var,lib/readline/histexpand.c,1588,"['libreadline', 'libhistory']","['libreadline', 'libhistory']",libhistory,TRUE
lib/readline/histexpand.c,174,get_history_event,functionproto,lib/readline/histexpand.c,1564,"['libreadline', 'libhistory']","['libreadline', 'libhistory']",libhistory,TRUE
lib/readline/histexpand.c,174,hist_string_extract_single_quoted,functionproto,lib/readline/histexpand.c,1565,"['libreadline', 'libhistory']","['libreadline', 'libhistory']",libhistory,TRUE
lib/readline/histexpand.c,174,history_tokenize_word,functionproto,lib/readline/histexpand.c,1567,"['libreadline', 'libhistory']","['libreadline', 'libhistory']",libhistory,TRUE
make_cmd.c,300,make_for_or_select,functionproto,make_cmd.c,2663,['general'],['general'],general,FALSE
make_cmd.c,300,make_until_or_while,functionproto,make_cmd.c,2668,['general'],['general'],general,FALSE
make_cmd.c,300,make_word,functionproto,make_cmd.c,2669,['general'],['general'],general,FALSE
make_cmd.c,300,make_word_from_token,functionproto,make_cmd.c,2670,['general'],['general'],general,FALSE
make_cmd.c,300,make_command,functionproto,make_cmd.c,2661,['general'],['general'],general,FALSE
make_cmd.c,300,make_cond_command,functionproto,make_cmd.c,2662,['general'],['general'],general,FALSE
print_cmd.c,311,xtrace_set,functionproto,print_cmd.c,2814,['general'],['general'],general,FALSE
print_cmd.c,311,semicolon,functionimpl,print_cmd.c,2808,['general'],['general'],general,FALSE
print_cmd.c,311,cprintf,functionproto,print_cmd.c,2811,['general'],['general'],general,FALSE
print_cmd.c,311,command,var,print_cmd.c,2816,['general'],['general'],general,FALSE
print_cmd.c,311,name,var,print_cmd.c,2826,['general'],['general'],general,FALSE
print_cmd.c,311,flags,var,print_cmd.c,2819,['general'],['general'],general,FALSE
print_cmd.c,311,xtrace_fd,var,print_cmd.c,2832,['general'],['general'],general,FALSE
print_cmd.c,311,xtrace_fp,var,print_cmd.c,2833,['general'],['general'],general,FALSE
print_cmd.c,311,indirection_string,var,print_cmd.c,2823,['general'],['general'],general,FALSE
print_cmd.c,311,ps4,var,print_cmd.c,2828,['general'],['general'],general,FALSE
print_cmd.c,311,ps4_firstc,var,print_cmd.c,2829,['general'],['general'],general,FALSE
print_cmd.c,311,ps4_firstc_len,var,print_cmd.c,2830,['general'],['general'],general,FALSE
print_cmd.c,311,i,var,print_cmd.c,2820,['general'],['general'],general,FALSE
print_cmd.c,311,j,var,print_cmd.c,2825,['general'],['general'],general,FALSE
print_cmd.c,311,indirection_level,var,print_cmd.c,2822,['general'],['general'],general,FALSE
print_cmd.c,311,reset_locals,functionimpl,print_cmd.c,2807,['general'],['general'],general,FALSE
print_cmd.c,311,inside_function_def,var,print_cmd.c,2824,['general'],['general'],general,FALSE
print_cmd.c,311,indentation,var,print_cmd.c,2821,['general'],['general'],general,FALSE
print_cmd.c,311,printing_connection,var,print_cmd.c,2827,['general'],['general'],general,FALSE
print_cmd.c,311,deferred_heredocs,var,print_cmd.c,2818,['general'],['general'],general,FALSE
print_cmd.c,311,command_string_index,var,print_cmd.c,2817,['general'],['general'],general,FALSE
print_cmd.c,311,the_printed_command,var,print_cmd.c,2831,['general'],['general'],general,FALSE
print_cmd.c,311,xtrace_print_assignment,functionproto,print_cmd.c,2813,['general'],['general'],general,FALSE
print_cmd.c,311,print_case_command_head,functionproto,print_cmd.c,2812,['general'],['general'],general,FALSE
print_cmd.c,311,case_command,var,print_cmd.c,2815,['general'],['general'],general,FALSE
lib/sh/eaccess.c,225,path,var,lib/sh/eaccess.c,2249,['libsh'],['libsh'],libsh,FALSE
lib/sh/eaccess.c,225,mode,var,lib/sh/eaccess.c,2248,['libsh'],['libsh'],libsh,FALSE
general.h,83,NOW,var,general.h,694,['general'],['general'],general,FALSE
general.h,83,extract_colon_unit,functionproto,general.h,684,['general'],['general'],general,FALSE
general.c,82,extract_colon_unit,var,general.c,658,['general'],['general'],general,FALSE
lib/glob/glob.c,107,pat,var,lib/glob/glob.c,953,['libglob'],['libglob'],libglob,FALSE
lib/glob/glob.c,107,sdir,var,lib/glob/glob.c,955,['libglob'],['libglob'],libglob,FALSE
lib/glob/glob.c,107,flags,var,lib/glob/glob.c,951,['libglob'],['libglob'],libglob,FALSE
lib/glob/glob.c,107,ep,var,lib/glob/glob.c,950,['libglob'],['libglob'],libglob,FALSE
lib/glob/glob.c,107,np,var,lib/glob/glob.c,952,['libglob'],['libglob'],libglob,FALSE
lib/glob/glob.c,107,dir,var,lib/glob/glob.c,949,['libglob'],['libglob'],libglob,FALSE
lib/glob/glob.c,107,array,var,lib/glob/glob.c,948,['libglob'],['libglob'],libglob,FALSE
lib/glob/glob.c,107,pathname,var,lib/glob/glob.c,954,['libglob'],['libglob'],libglob,FALSE
lib/glob/glob.c,107,globval,type,lib/glob/glob.c,947,['libglob'],['libglob'],libglob,FALSE
lib/glob/glob_loop.c,109,glob_loop,file,lib/glob/glob_loop.c,957,['libglob'],['libglob'],libglob,FALSE
y.tab.c,344,decode_prompt_string,var,y.tab.c,3759,['general'],['general'],general,FALSE
lib/readline/histexpand.c,174,history_substring,functionproto,lib/readline/histexpand.c,1566,"['libreadline', 'libhistory']","['libreadline', 'libhistory']",libhistory,TRUE
lib/readline/histexpand.c,174,end,var,lib/readline/histexpand.c,1571,"['libreadline', 'libhistory']","['libreadline', 'libhistory']",libhistory,TRUE
lib/readline/histfile.c,175,histfile,file,lib/readline/histfile.c,1592,"['libreadline', 'libhistory']","['libreadline', 'libhistory']",libhistory,TRUE
lib/readline/histfile.c,175,nelements,var,lib/readline/histfile.c,1598,"['libreadline', 'libhistory']","['libreadline', 'libhistory']",libhistory,TRUE
lib/readline/histfile.c,175,filename,var,lib/readline/histfile.c,1597,"['libreadline', 'libhistory']","['libreadline', 'libhistory']",libhistory,TRUE
lib/readline/histfile.c,175,history_filename,functionproto,lib/readline/histfile.c,1594,"['libreadline', 'libhistory']","['libreadline', 'libhistory']",libhistory,TRUE
lib/readline/histfile.c,175,read_history,functionproto,lib/readline/histfile.c,1595,"['libreadline', 'libhistory']","['libreadline', 'libhistory']",libhistory,TRUE
lib/readline/histfile.c,175,read_history_range,functionproto,lib/readline/histfile.c,1596,"['libreadline', 'libhistory']","['libreadline', 'libhistory']",libhistory,TRUE
lib/readline/histfile.c,175,history_do_write,functionproto,lib/readline/histfile.c,1593,"['libreadline', 'libhistory']","['libreadline', 'libhistory']",libhistory,TRUE
lib/readline/histlib.h,176,histlib,file,lib/readline/histlib.h,1599,"['libreadline', 'libhistory']","['libreadline', 'libhistory']",libhistory,TRUE
lib/readline/history.c,177,history_length,var,lib/readline/history.c,1620,"['libreadline', 'libhistory']","['libreadline', 'libhistory']",libhistory,TRUE
lib/readline/history.c,177,history,file,lib/readline/history.c,1600,"['libreadline', 'libhistory']","['libreadline', 'libhistory']",libhistory,TRUE
lib/readline/history.c,177,hist_inittime,functionimpl,lib/readline/history.c,1603,"['libreadline', 'libhistory']","['libreadline', 'libhistory']",libhistory,TRUE
lib/readline/history.c,177,history_get_history_state,functionimpl,lib/readline/history.c,1604,"['libreadline', 'libhistory']","['libreadline', 'libhistory']",libhistory,TRUE
lib/readline/history.c,177,current_history,functionimpl,lib/readline/history.c,1602,"['libreadline', 'libhistory']","['libreadline', 'libhistory']",libhistory,TRUE
lib/readline/history.c,177,previous_history,functionimpl,lib/readline/history.c,1609,"['libreadline', 'libhistory']","['libreadline', 'libhistory']",libhistory,TRUE
lib/readline/history.c,177,next_history,functionimpl,lib/readline/history.c,1608,"['libreadline', 'libhistory']","['libreadline', 'libhistory']",libhistory,TRUE
lib/readline/history.c,177,clear_history,functionimpl,lib/readline/history.c,1601,"['libreadline', 'libhistory']","['libreadline', 'libhistory']",libhistory,TRUE
lib/readline/history.c,177,history_list,functionimpl,lib/readline/history.c,1606,"['libreadline', 'libhistory']","['libreadline', 'libhistory']",libhistory,TRUE
lib/readline/history.c,177,history_get,functionproto,lib/readline/history.c,1615,"['libreadline', 'libhistory']","['libreadline', 'libhistory']",libhistory,TRUE
lib/readline/history.c,177,alloc_history_entry,functionproto,lib/readline/history.c,1614,"['libreadline', 'libhistory']","['libreadline', 'libhistory']",libhistory,TRUE
lib/readline/history.c,177,replace_history_entry,functionproto,lib/readline/history.c,1617,"['libreadline', 'libhistory']","['libreadline', 'libhistory']",libhistory,TRUE
lib/readline/history.c,177,history_total_bytes,functionimpl,lib/readline/history.c,1607,"['libreadline', 'libhistory']","['libreadline', 'libhistory']",libhistory,TRUE
lib/readline/history.c,177,free_history_entry,var,lib/readline/history.c,1618,"['libreadline', 'libhistory']","['libreadline', 'libhistory']",libhistory,TRUE
lib/readline/history.c,177,hist,var,lib/readline/history.c,1619,"['libreadline', 'libhistory']","['libreadline', 'libhistory']",libhistory,TRUE
lib/readline/history.c,177,which,var,lib/readline/history.c,1633,"['libreadline', 'libhistory']","['libreadline', 'libhistory']",libhistory,TRUE
lib/readline/history.c,177,state,var,lib/readline/history.c,1628,"['libreadline', 'libhistory']","['libreadline', 'libhistory']",libhistory,TRUE
lib/readline/history.c,177,the_history,var,lib/readline/history.c,1631,"['libreadline', 'libhistory']","['libreadline', 'libhistory']",libhistory,TRUE
lib/readline/history.c,177,history_offset,var,lib/readline/history.c,1622,"['libreadline', 'libhistory']","['libreadline', 'libhistory']",libhistory,TRUE
lib/readline/history.c,177,history_size,var,lib/readline/history.c,1623,"['libreadline', 'libhistory']","['libreadline', 'libhistory']",libhistory,TRUE
lib/readline/history.c,177,history_stifled,var,lib/readline/history.c,1624,"['libreadline', 'libhistory']","['libreadline', 'libhistory']",libhistory,TRUE
lib/readline/history.c,177,using_history,functionimpl,lib/readline/history.c,1611,"['libreadline', 'libhistory']","['libreadline', 'libhistory']",libhistory,TRUE
lib/readline/history.c,177,i,var,lib/readline/history.c,1625,"['libreadline', 'libhistory']","['libreadline', 'libhistory']",libhistory,TRUE
lib/readline/history.c,177,result,var,lib/readline/history.c,1626,"['libreadline', 'libhistory']","['libreadline', 'libhistory']",libhistory,TRUE
lib/readline/history.c,177,where_history,functionimpl,lib/readline/history.c,1612,"['libreadline', 'libhistory']","['libreadline', 'libhistory']",libhistory,TRUE
patchlevel.h,305,patchlevel,file,patchlevel.h,2786,['general'],['general'],general,FALSE
lib/readline/funmap.c,173,rl_initialize_funmap,functionimpl,lib/readline/funmap.c,1552,['libreadline'],['libreadline'],libreadline,FALSE
lib/readline/funmap.c,173,rl_funmap_names,functionimpl,lib/readline/funmap.c,1551,['libreadline'],['libreadline'],libreadline,FALSE
lib/sh/ufuncs.c,278,ufuncs,file,lib/sh/ufuncs.c,2520,['libsh'],['libsh'],libsh,FALSE
lib/readline/history.c,177,t,var,lib/readline/history.c,1630,"['libreadline', 'libhistory']","['libreadline', 'libhistory']",libhistory,TRUE
lib/readline/history.c,177,ts,var,lib/readline/history.c,1632,"['libreadline', 'libhistory']","['libreadline', 'libhistory']",libhistory,TRUE
lib/readline/history.c,177,ret,var,lib/readline/history.c,1627,"['libreadline', 'libhistory']","['libreadline', 'libhistory']",libhistory,TRUE
lib/readline/history.c,177,unstifle_history,functionimpl,lib/readline/history.c,1610,"['libreadline', 'libhistory']","['libreadline', 'libhistory']",libhistory,TRUE
lib/readline/history.c,177,history_max_entries,var,lib/readline/history.c,1621,"['libreadline', 'libhistory']","['libreadline', 'libhistory']",libhistory,TRUE
lib/readline/history.c,177,history_is_stifled,functionimpl,lib/readline/history.c,1605,"['libreadline', 'libhistory']","['libreadline', 'libhistory']",libhistory,TRUE
lib/readline/history.c,177,string,var,lib/readline/history.c,1629,"['libreadline', 'libhistory']","['libreadline', 'libhistory']",libhistory,TRUE
lib/readline/history.c,177,history_get_time,functionproto,lib/readline/history.c,1616,"['libreadline', 'libhistory']","['libreadline', 'libhistory']",libhistory,TRUE
lib/readline/history.c,177,add_history,functionproto,lib/readline/history.c,1613,"['libreadline', 'libhistory']","['libreadline', 'libhistory']",libhistory,TRUE
lib/readline/history.h,178,history,file,lib/readline/history.h,1636,"['libreadline', 'general', 'libhistory']","['libreadline', 'general', 'libhistory']",libhistory,TRUE
lib/readline/history.h,178,_hist_entry,type,lib/readline/history.h,1637,"['libreadline', 'general', 'libhistory']","['libreadline', 'general', 'libhistory']",libhistory,TRUE
lib/readline/history.h,178,history_length,var,lib/readline/history.h,1640,"['libreadline', 'general', 'libhistory']","['libreadline', 'general', 'libhistory']",libhistory,TRUE
lib/readline/history.h,178,HIST_ENTRY,alias,lib/readline/history.h,1635,"['libreadline', 'general', 'libhistory']","['libreadline', 'general', 'libhistory']",libhistory,TRUE
lib/readline/history.h,178,_hist_state,type,lib/readline/history.h,1638,"['libreadline', 'general', 'libhistory']","['libreadline', 'general', 'libhistory']",libhistory,TRUE
lib/readline/history.h,178,history_comment_char,var,lib/readline/history.h,1639,"['libreadline', 'general', 'libhistory']","['libreadline', 'general', 'libhistory']",libhistory,TRUE
lib/readline/history.h,178,HISTORY_STATE,alias,lib/readline/history.h,1634,"['libreadline', 'general', 'libhistory']","['libreadline', 'general', 'libhistory']",libhistory,TRUE
lib/readline/histsearch.c,179,history_search_internal,functionproto,lib/readline/histsearch.c,1643,"['libreadline', 'libhistory']","['libreadline', 'libhistory']",libhistory,TRUE
lib/readline/histsearch.c,179,string,var,lib/readline/histsearch.c,1648,"['libreadline', 'libhistory']","['libreadline', 'libhistory']",libhistory,TRUE
lib/readline/histsearch.c,179,history_search,functionproto,lib/readline/histsearch.c,1642,"['libreadline', 'libhistory']","['libreadline', 'libhistory']",libhistory,TRUE
lib/readline/histsearch.c,179,history_search_prefix,functionproto,lib/readline/histsearch.c,1645,"['libreadline', 'libhistory']","['libreadline', 'libhistory']",libhistory,TRUE
lib/readline/histsearch.c,179,history_search_pos,functionproto,lib/readline/histsearch.c,1644,"['libreadline', 'libhistory']","['libreadline', 'libhistory']",libhistory,TRUE
lib/readline/histsearch.c,179,dir,var,lib/readline/histsearch.c,1646,"['libreadline', 'libhistory']","['libreadline', 'libhistory']",libhistory,TRUE
lib/readline/histsearch.c,179,pos,var,lib/readline/histsearch.c,1647,"['libreadline', 'libhistory']","['libreadline', 'libhistory']",libhistory,TRUE
lib/readline/histsearch.c,179,histsearch,file,lib/readline/histsearch.c,1641,"['libreadline', 'libhistory']","['libreadline', 'libhistory']",libhistory,TRUE
lib/readline/shell.c,207,shell,file,lib/readline/shell.c,2043,"['libreadline', 'libhistory']","['libreadline', 'libhistory']",libhistory,TRUE
lib/readline/shell.c,207,sh_get_home_dir,functionimpl,lib/readline/shell.c,2044,"['libreadline', 'libhistory']","['libreadline', 'libhistory']",libhistory,TRUE
lib/readline/shell.c,207,home_dir,var,lib/readline/shell.c,2046,"['libreadline', 'libhistory']","['libreadline', 'libhistory']",libhistory,TRUE
lib/readline/shell.c,207,sh_get_env_value,functionproto,lib/readline/shell.c,2045,"['libreadline', 'libhistory']","['libreadline', 'libhistory']",libhistory,TRUE
lib/sh/fmtullong.c,226,fmtullong,file,lib/sh/fmtullong.c,2250,['libsh'],['libsh'],libsh,FALSE
lib/termcap/tparam.c,291,tparam,file,lib/termcap/tparam.c,2561,['libtermcap'],['libtermcap'],libtermcap,FALSE
lib/termcap/tparam.c,291,ptr,var,lib/termcap/tparam.c,2567,['libtermcap'],['libtermcap'],libtermcap,FALSE
lib/termcap/tparam.c,291,size,var,lib/termcap/tparam.c,2568,['libtermcap'],['libtermcap'],libtermcap,FALSE
lib/termcap/tparam.c,291,string,var,lib/termcap/tparam.c,2569,['libtermcap'],['libtermcap'],libtermcap,FALSE
lib/termcap/tparam.c,291,outstring,var,lib/termcap/tparam.c,2566,['libtermcap'],['libtermcap'],libtermcap,FALSE
lib/termcap/tparam.c,291,len,var,lib/termcap/tparam.c,2565,['libtermcap'],['libtermcap'],libtermcap,FALSE
lib/termcap/tparam.c,291,up,var,lib/termcap/tparam.c,2570,['libtermcap'],['libtermcap'],libtermcap,FALSE
lib/termcap/tparam.c,291,left,var,lib/termcap/tparam.c,2564,['libtermcap'],['libtermcap'],libtermcap,FALSE
lib/termcap/tparam.c,291,argp,var,lib/termcap/tparam.c,2563,['libtermcap'],['libtermcap'],libtermcap,FALSE
lib/termcap/tparam.c,291,tparam,functionproto,lib/termcap/tparam.c,2562,['libtermcap'],['libtermcap'],libtermcap,FALSE
lib/sh/fmtulong.c,227,fmtulong,functionproto,lib/sh/fmtulong.c,2252,['libsh'],['libsh'],libsh,FALSE
lib/sh/fmtulong.c,227,buf,var,lib/sh/fmtulong.c,2253,['libsh'],['libsh'],libsh,FALSE
lib/sh/fmtulong.c,227,flags,var,lib/sh/fmtulong.c,2254,['libsh'],['libsh'],libsh,FALSE
trap.h,336,run_trap_cleanup,functionproto,trap.h,3435,['general'],['general'],general,FALSE
lib/sh/fmtumax.c,228,fmtumax,file,lib/sh/fmtumax.c,2255,['libsh'],['libsh'],libsh,FALSE
eval.c,40,current_command,var,eval.c,271,['general'],['general'],general,FALSE
eval.c,40,our_indirection_level,var,eval.c,278,['general'],['general'],general,FALSE
eval.c,40,indirection_level,var,eval.c,274,['general'],['general'],general,FALSE
eval.c,40,code,var,eval.c,269,['general'],['general'],general,FALSE
eval.c,40,last_command_exit_value,var,eval.c,275,['general'],['general'],general,FALSE
eval.c,40,subshell_environment,var,eval.c,284,['general'],['general'],general,FALSE
eval.c,40,current_command_number,var,eval.c,273,['general'],['general'],general,FALSE
eval.c,40,stdin_redir,var,eval.c,283,['general'],['general'],general,FALSE
eval.c,40,pwd,var,eval.c,279,['general'],['general'],general,FALSE
eval.c,40,need_here_doc,var,eval.c,276,['general'],['general'],general,FALSE
eval.c,40,command_to_execute,var,eval.c,270,['general'],['general'],general,FALSE
eval.c,40,running_under_emacs,var,eval.c,282,['general'],['general'],general,FALSE
eval.c,40,current_command_line_count,var,eval.c,272,['general'],['general'],general,FALSE
eval.c,40,r,var,eval.c,280,['general'],['general'],general,FALSE
eval.c,40,tmout_var,var,eval.c,286,['general'],['general'],general,FALSE
eval.c,40,tmout_len,var,eval.c,285,['general'],['general'],general,FALSE
eval.c,40,old_alrm,var,eval.c,277,['general'],['general'],general,FALSE
eval.c,40,result,var,eval.c,281,['general'],['general'],general,FALSE
lib/intl/localealias.c,135,alloca,var,lib/intl/localealias.c,1095,['libintl'],['libintl'],libintl,FALSE
lib/intl/localealias.c,135,alloca,function,lib/intl/localealias.c,1091,['libintl'],['libintl'],libintl,FALSE
lib/intl/localealias.c,135,alloca,functionproto,lib/intl/localealias.c,1093,['libintl'],['libintl'],libintl,FALSE
lib/sh/zgetline.c,285,zgetline,file,lib/sh/zgetline.c,2531,['libsh'],['libsh'],libsh,FALSE
lib/intl/loadmsgcat.c,132,alloca,var,lib/intl/loadmsgcat.c,1064,['libintl'],['libintl'],libintl,FALSE
lib/intl/loadmsgcat.c,132,alloca,function,lib/intl/loadmsgcat.c,1062,['libintl'],['libintl'],libintl,FALSE
lib/intl/loadmsgcat.c,132,alloca,functionproto,lib/intl/loadmsgcat.c,1063,['libintl'],['libintl'],libintl,FALSE
error.h,39,command_error,functionproto,error.h,257,['error_handling'],['error_handling'],error_handling,FALSE
dispose_cmd.c,36,dispose_command,functionproto,dispose_cmd.c,234,['general'],['general'],general,FALSE
dispose_cmd.h,37,dispose_command,functionproto,dispose_cmd.h,239,['general'],['general'],general,FALSE
error.c,38,command_error,functionproto,error.c,244,['error_handling'],['error_handling'],error_handling,FALSE
lib/readline/funmap.c,173,rl_add_funmap_entry,functionproto,lib/readline/funmap.c,1553,['libreadline'],['libreadline'],libreadline,FALSE
lib/readline/funmap.c,173,funmap_initialized,var,lib/readline/funmap.c,1556,['libreadline'],['libreadline'],libreadline,FALSE
lib/readline/funmap.c,173,i,var,lib/readline/funmap.c,1558,['libreadline'],['libreadline'],libreadline,FALSE
lib/readline/funmap.c,173,default_funmap,var,lib/readline/funmap.c,1554,['libreadline'],['libreadline'],libreadline,FALSE
lib/readline/funmap.c,173,funmap_program_specific_entry_start,var,lib/readline/funmap.c,1557,['libreadline'],['libreadline'],libreadline,FALSE
lib/readline/funmap.c,173,result_index,var,lib/readline/funmap.c,1560,['libreadline'],['libreadline'],libreadline,FALSE
lib/readline/funmap.c,173,result_size,var,lib/readline/funmap.c,1561,['libreadline'],['libreadline'],libreadline,FALSE
lib/readline/funmap.c,173,result,var,lib/readline/funmap.c,1559,['libreadline'],['libreadline'],libreadline,FALSE
lib/readline/funmap.c,173,funmap,var,lib/readline/funmap.c,1555,['libreadline'],['libreadline'],libreadline,FALSE
y.tab.c,344,stream_saver,type,y.tab.c,3742,['general'],['general'],general,FALSE
y.tab.c,344,yyalloc,type,y.tab.c,3743,['general'],['general'],general,FALSE
y.tab.c,344,YYSTACK_ALLOC,var,y.tab.c,3747,['general'],['general'],general,FALSE
y.tab.c,344,YYLEX,var,y.tab.c,3746,['general'],['general'],general,FALSE
y.tab.c,344,rewind_input_string,functionimpl,y.tab.c,3723,['general'],['general'],general,FALSE
y.tab.c,344,yyerror,functionproto,y.tab.c,3740,['general'],['general'],general,FALSE
y.tab.c,344,yydestruct,functionimpl,y.tab.c,3730,['general'],['general'],general,FALSE
y.tab.c,344,pop_stream,functionimpl,y.tab.c,3717,['general'],['general'],general,FALSE
y.tab.c,344,init_yy_io,functionproto,y.tab.c,3734,['general'],['general'],general,FALSE
y.tab.c,344,read_token,var,y.tab.c,3785,['general'],['general'],general,FALSE
y.tab.c,344,c,var,y.tab.c,3752,['general'],['general'],general,FALSE
y.tab.c,344,type,var,y.tab.c,3810,['general'],['general'],general,FALSE
y.tab.c,344,remove_quoted_newline,var,y.tab.c,3788,['general'],['general'],general,FALSE
y.tab.c,344,command,var,y.tab.c,3755,['general'],['general'],general,FALSE
y.tab.c,344,qc,var,y.tab.c,3782,['general'],['general'],general,FALSE
y.tab.c,344,open,var,y.tab.c,3774,['general'],['general'],general,FALSE
y.tab.c,344,close,var,y.tab.c,3754,['general'],['general'],general,FALSE
y.tab.c,344,lenp,var,y.tab.c,3770,['general'],['general'],general,FALSE
y.tab.c,344,flags,var,y.tab.c,3763,['general'],['general'],general,FALSE
y.tab.c,344,base,var,y.tab.c,3750,['general'],['general'],general,FALSE
y.tab.c,344,string,var,y.tab.c,3801,['general'],['general'],general,FALSE
y.tab.c,344,indp,var,y.tab.c,3768,['general'],['general'],general,FALSE
y.tab.c,344,character,var,y.tab.c,3753,['general'],['general'],general,FALSE
y.tab.c,344,tokstr,var,y.tab.c,3808,['general'],['general'],general,FALSE
y.tab.c,344,s,var,y.tab.c,3791,['general'],['general'],general,FALSE
y.tab.c,344,whom,var,y.tab.c,3811,['general'],['general'],general,FALSE
y.tab.c,344,yymsg,var,y.tab.c,3824,['general'],['general'],general,FALSE
y.tab.c,344,yytype,var,y.tab.c,3843,['general'],['general'],general,FALSE
y.tab.c,344,yyssa,var,y.tab.c,3836,['general'],['general'],general,FALSE
y.tab.c,344,yyvsa,var,y.tab.c,3846,['general'],['general'],general,FALSE
y.tab.c,344,yystate,var,y.tab.c,3839,['general'],['general'],general,FALSE
y.tab.c,344,yyerrstatus,var,y.tab.c,3821,['general'],['general'],general,FALSE
y.tab.c,344,yynerrs,var,y.tab.c,3826,['general'],['general'],general,FALSE
y.tab.c,344,yychar,var,y.tab.c,3817,['general'],['general'],general,FALSE
y.tab.c,344,yyssp,var,y.tab.c,3837,['general'],['general'],general,FALSE
y.tab.c,344,yyss,var,y.tab.c,3834,['general'],['general'],general,FALSE
y.tab.c,344,yyvsp,var,y.tab.c,3847,['general'],['general'],general,FALSE
y.tab.c,344,yyvs,var,y.tab.c,3845,['general'],['general'],general,FALSE
y.tab.c,344,yystacksize,var,y.tab.c,3838,['general'],['general'],general,FALSE
y.tab.c,344,yyptr,var,y.tab.c,3829,['general'],['general'],general,FALSE
y.tab.c,344,yyss1,var,y.tab.c,3835,['general'],['general'],general,FALSE
y.tab.c,344,yysize,var,y.tab.c,3833,['general'],['general'],general,FALSE
y.tab.c,344,yyn,var,y.tab.c,3825,['general'],['general'],general,FALSE
y.tab.c,344,yypact,var,y.tab.c,3827,['general'],['general'],general,FALSE
y.tab.c,344,yytoken,var,y.tab.c,3842,['general'],['general'],general,FALSE
y.tab.c,344,yycheck,var,y.tab.c,3818,['general'],['general'],general,FALSE
y.tab.c,344,yytable,var,y.tab.c,3841,['general'],['general'],general,FALSE
y.tab.c,344,yylval,var,y.tab.c,3823,['general'],['general'],general,FALSE
y.tab.c,344,yydefact,var,y.tab.c,3819,['general'],['general'],general,FALSE
y.tab.c,344,yylen,var,y.tab.c,3822,['general'],['general'],general,FALSE
y.tab.c,344,yyr2,var,y.tab.c,3831,['general'],['general'],general,FALSE
y.tab.c,344,yyval,var,y.tab.c,3844,['general'],['general'],general,FALSE
y.tab.c,344,eof_encountered,var,y.tab.c,3761,['general'],['general'],general,FALSE
y.tab.c,344,parser_state,var,y.tab.c,3777,['general'],['general'],general,FALSE
y.tab.c,344,parse_and_execute_level,var,y.tab.c,3776,['general'],['general'],general,FALSE
y.tab.c,344,source,var,y.tab.c,3799,['general'],['general'],general,FALSE
y.tab.c,344,redir,var,y.tab.c,3786,['general'],['general'],general,FALSE
y.tab.c,344,redir_stack,var,y.tab.c,3787,['general'],['general'],general,FALSE
y.tab.c,344,need_here_doc,var,y.tab.c,3773,['general'],['general'],general,FALSE
y.tab.c,344,t,var,y.tab.c,3802,['general'],['general'],general,FALSE
y.tab.c,344,tc,var,y.tab.c,3803,['general'],['general'],general,FALSE
y.tab.c,344,word_lineno,var,y.tab.c,3813,['general'],['general'],general,FALSE
y.tab.c,344,word_top,var,y.tab.c,3814,['general'],['general'],general,FALSE
y.tab.c,344,arith_for_lineno,var,y.tab.c,3749,['general'],['general'],general,FALSE
y.tab.c,344,function_dstart,var,y.tab.c,3765,['general'],['general'],general,FALSE
y.tab.c,344,function_bstart,var,y.tab.c,3764,['general'],['general'],general,FALSE
y.tab.c,344,current_token,var,y.tab.c,3758,['general'],['general'],general,FALSE
y.tab.c,344,shell_eof_token,var,y.tab.c,3794,['general'],['general'],general,FALSE
y.tab.c,344,x,var,y.tab.c,3815,['general'],['general'],general,FALSE
y.tab.c,344,token_to_read,var,y.tab.c,3807,['general'],['general'],general,FALSE
y.tab.c,344,sd,var,y.tab.c,3793,['general'],['general'],general,FALSE
y.tab.c,344,rd,var,y.tab.c,3784,['general'],['general'],general,FALSE
y.tab.c,344,r,var,y.tab.c,3783,['general'],['general'],general,FALSE
y.tab.c,344,yyr1,var,y.tab.c,3830,['general'],['general'],general,FALSE
y.tab.c,344,yypgoto,var,y.tab.c,3828,['general'],['general'],general,FALSE
y.tab.c,344,yydefgoto,var,y.tab.c,3820,['general'],['general'],general,FALSE
y.tab.c,344,yystos,var,y.tab.c,3840,['general'],['general'],general,FALSE
y.tab.c,344,yyresult,var,y.tab.c,3832,['general'],['general'],general,FALSE
y.tab.c,344,yy_input_name,functionimpl,y.tab.c,3727,['general'],['general'],general,FALSE
y.tab.c,344,yy_getc,functionimpl,y.tab.c,3726,['general'],['general'],general,FALSE
y.tab.c,344,yy_string_get,functionimpl,y.tab.c,3729,['general'],['general'],general,FALSE
y.tab.c,344,xchars,var,y.tab.c,3816,['general'],['general'],general,FALSE
y.tab.c,344,shell_input_line_len,var,y.tab.c,3797,['general'],['general'],general,FALSE
y.tab.c,344,shell_input_line_index,var,y.tab.c,3796,['general'],['general'],general,FALSE
y.tab.c,344,result,var,y.tab.c,3789,['general'],['general'],general,FALSE
y.tab.c,344,stream_list,var,y.tab.c,3800,['general'],['general'],general,FALSE
y.tab.c,344,saver,var,y.tab.c,3792,['general'],['general'],general,FALSE
y.tab.c,344,line_number,var,y.tab.c,3771,['general'],['general'],general,FALSE
y.tab.c,344,ret,var,y.tab.c,3790,['general'],['general'],general,FALSE
y.tab.c,344,last_read_token,var,y.tab.c,3769,['general'],['general'],general,FALSE
y.tab.c,344,token_before_that,var,y.tab.c,3805,['general'],['general'],general,FALSE
y.tab.c,344,two_tokens_ago,var,y.tab.c,3809,['general'],['general'],general,FALSE
y.tab.c,344,prompt_is_ps1,var,y.tab.c,3778,['general'],['general'],general,FALSE
y.tab.c,344,dstack,var,y.tab.c,3760,['general'],['general'],general,FALSE
y.tab.c,344,open_brace_count,var,y.tab.c,3775,['general'],['general'],general,FALSE
y.tab.c,344,shell_input_line,var,y.tab.c,3795,['general'],['general'],general,FALSE
y.tab.c,344,shell_input_line_size,var,y.tab.c,3798,['general'],['general'],general,FALSE
y.tab.c,344,word_desc_to_read,var,y.tab.c,3812,['general'],['general'],general,FALSE
y.tab.c,344,ps1_prompt,var,y.tab.c,3780,['general'],['general'],general,FALSE
y.tab.c,344,ps2_prompt,var,y.tab.c,3781,['general'],['general'],general,FALSE
y.tab.c,344,prompt_string_pointer,var,y.tab.c,3779,['general'],['general'],general,FALSE
y.tab.c,344,temp_prompt,var,y.tab.c,3804,['general'],['general'],general,FALSE
y.tab.c,344,current_prompt_string,var,y.tab.c,3757,['general'],['general'],general,FALSE
y.tab.c,344,current_decoded_prompt,var,y.tab.c,3756,['general'],['general'],general,FALSE
y.tab.c,344,print_prompt,functionimpl,y.tab.c,3719,['general'],['general'],general,FALSE
y.tab.c,344,i,var,y.tab.c,3766,['general'],['general'],general,FALSE
y.tab.c,344,token_end,var,y.tab.c,3806,['general'],['general'],general,FALSE
y.tab.c,344,msg,var,y.tab.c,3772,['general'],['general'],general,FALSE
y.tab.c,344,ignoreeof,var,y.tab.c,3767,['general'],['general'],general,FALSE
y.tab.c,344,eof_encountered_limit,var,y.tab.c,3762,['general'],['general'],general,FALSE
y.tab.c,344,parse_matched_pair,functionproto,y.tab.c,3735,['general'],['general'],general,FALSE
y.tab.c,344,yytokentype,type,y.tab.c,3744,['general'],['general'],general,FALSE
y.tab.h,345,YYSTYPE,type,y.tab.h,3849,['general'],['general'],general,FALSE
y.tab.h,345,yytokentype,type,y.tab.h,3850,['general'],['general'],general,FALSE
