File,ID,Member_Name,Member_Type,Entity,Member_ID,Module,Module_List,Duplicated
camera_hdf/interfaces/hdi_ipc/client/provider/dcamera_provider_proxy.h,49,EnableDCameraDevice,functionproto,camera_hdf/interfaces/hdi_ipc/client/provider/dcamera_provider_proxy.h,1038,VirtualCameraHdf,['VirtualCameraHdf'],False
camera_hdf/interfaces/include/types.h,73,DCamRetCode,alias,camera_hdf/interfaces/include/types.h,1374,VirtualCameraHdf,['VirtualCameraHdf'],False
camera_hdf/interfaces/hdi_ipc/client/provider/dcamera_provider_proxy.h,49,DisableDCameraDevice,functionproto,camera_hdf/interfaces/hdi_ipc/client/provider/dcamera_provider_proxy.h,1037,VirtualCameraHdf,['VirtualCameraHdf'],False
camera_hdf/interfaces/hdi_ipc/client/provider/dcamera_provider_proxy.h,49,AcquireBuffer,functionproto,camera_hdf/interfaces/hdi_ipc/client/provider/dcamera_provider_proxy.h,1034,VirtualCameraHdf,['VirtualCameraHdf'],False
camera_hdf/interfaces/hdi_ipc/client/provider/dcamera_provider_proxy.h,49,ShutterBuffer,functionproto,camera_hdf/interfaces/hdi_ipc/client/provider/dcamera_provider_proxy.h,1041,VirtualCameraHdf,['VirtualCameraHdf'],False
camera_hdf/interfaces/hdi_ipc/client/provider/dcamera_provider_proxy.h,49,OnSettingsResult,functionproto,camera_hdf/interfaces/hdi_ipc/client/provider/dcamera_provider_proxy.h,1040,VirtualCameraHdf,['VirtualCameraHdf'],False
camera_hdf/interfaces/hdi_ipc/client/provider/dcamera_provider_proxy.h,49,Notify,functionproto,camera_hdf/interfaces/hdi_ipc/client/provider/dcamera_provider_proxy.h,1039,VirtualCameraHdf,['VirtualCameraHdf'],False
services/cameraservice/cameraoperator/client/src/callback/dcamera_video_callback.cpp,130,dcamera_video_callback,file,services/cameraservice/cameraoperator/client/src/callback/dcamera_video_callback.cpp,1999,utils,['utils'],False
common/include/constants/distributed_camera_constants.h,74,distributed_camera_constants,file,common/include/constants/distributed_camera_constants.h,1412,utils,['utils'],False
camera_hdf/interfaces/hdi_ipc/client/provider/dcamera_provider_proxy.h,49,dcamera_provider_proxy,file,camera_hdf/interfaces/hdi_ipc/client/provider/dcamera_provider_proxy.h,1032,VirtualCameraHdf,['VirtualCameraHdf'],False
camera_hdf/interfaces/include/idistributed_camera_provider.h,71,idistributed_camera_provider,file,camera_hdf/interfaces/include/idistributed_camera_provider.h,1350,VirtualCameraHdf,['VirtualCameraHdf'],False
services/cameraservice/base/src/dcamera_open_info_cmd.cpp,113,dcamera_open_info_cmd,file,services/cameraservice/base/src/dcamera_open_info_cmd.cpp,1876,CameraServiceCommon,['CameraServiceCommon'],False
common/include/constants/distributed_camera_errno.h,75,distributed_camera_errno,file,common/include/constants/distributed_camera_errno.h,1452,utils,['utils'],False
interfaces/inner_kits/native_cpp/camera_source/src/distributed_camera_source_proxy.cpp,99,InitSource,functionimpl,interfaces/inner_kits/native_cpp/camera_source/src/distributed_camera_source_proxy.cpp,1733,DistributedCameraSourceMgr,['DistributedCameraSourceMgr'],False
interfaces/inner_kits/native_cpp/camera_source/src/distributed_camera_source_proxy.cpp,99,data,var,interfaces/inner_kits/native_cpp/camera_source/src/distributed_camera_source_proxy.cpp,1738,DistributedCameraSourceMgr,['DistributedCameraSourceMgr'],False
interfaces/inner_kits/native_cpp/camera_source/src/distributed_camera_source_proxy.cpp,99,params,var,interfaces/inner_kits/native_cpp/camera_source/src/distributed_camera_source_proxy.cpp,1744,DistributedCameraSourceMgr,['DistributedCameraSourceMgr'],False
interfaces/inner_kits/native_cpp/camera_source/src/distributed_camera_source_proxy.cpp,99,callback,var,interfaces/inner_kits/native_cpp/camera_source/src/distributed_camera_source_proxy.cpp,1737,DistributedCameraSourceMgr,['DistributedCameraSourceMgr'],False
interfaces/inner_kits/native_cpp/camera_source/src/distributed_camera_source_proxy.cpp,99,reply,var,interfaces/inner_kits/native_cpp/camera_source/src/distributed_camera_source_proxy.cpp,1745,DistributedCameraSourceMgr,['DistributedCameraSourceMgr'],False
interfaces/inner_kits/native_cpp/camera_source/src/distributed_camera_source_proxy.cpp,99,option,var,interfaces/inner_kits/native_cpp/camera_source/src/distributed_camera_source_proxy.cpp,1742,DistributedCameraSourceMgr,['DistributedCameraSourceMgr'],False
interfaces/inner_kits/native_cpp/camera_source/src/distributed_camera_source_proxy.cpp,99,result,var,interfaces/inner_kits/native_cpp/camera_source/src/distributed_camera_source_proxy.cpp,1747,DistributedCameraSourceMgr,['DistributedCameraSourceMgr'],False
interfaces/inner_kits/native_cpp/camera_source/src/distributed_camera_source_proxy.cpp,99,ReleaseSource,functionimpl,interfaces/inner_kits/native_cpp/camera_source/src/distributed_camera_source_proxy.cpp,1735,DistributedCameraSourceMgr,['DistributedCameraSourceMgr'],False
interfaces/inner_kits/native_cpp/camera_source/src/distributed_camera_source_proxy.cpp,99,RegisterDistributedHardware,functionimpl,interfaces/inner_kits/native_cpp/camera_source/src/distributed_camera_source_proxy.cpp,1734,DistributedCameraSourceMgr,['DistributedCameraSourceMgr'],False
interfaces/inner_kits/native_cpp/camera_source/src/distributed_camera_source_proxy.cpp,99,devId,var,interfaces/inner_kits/native_cpp/camera_source/src/distributed_camera_source_proxy.cpp,1739,DistributedCameraSourceMgr,['DistributedCameraSourceMgr'],False
interfaces/inner_kits/native_cpp/camera_source/src/distributed_camera_source_proxy.cpp,99,dhId,var,interfaces/inner_kits/native_cpp/camera_source/src/distributed_camera_source_proxy.cpp,1740,DistributedCameraSourceMgr,['DistributedCameraSourceMgr'],False
interfaces/inner_kits/native_cpp/camera_source/src/distributed_camera_source_proxy.cpp,99,reqId,var,interfaces/inner_kits/native_cpp/camera_source/src/distributed_camera_source_proxy.cpp,1746,DistributedCameraSourceMgr,['DistributedCameraSourceMgr'],False
interfaces/inner_kits/native_cpp/camera_source/src/distributed_camera_source_proxy.cpp,99,param,var,interfaces/inner_kits/native_cpp/camera_source/src/distributed_camera_source_proxy.cpp,1743,DistributedCameraSourceMgr,['DistributedCameraSourceMgr'],False
interfaces/inner_kits/native_cpp/camera_source/src/distributed_camera_source_proxy.cpp,99,UnregisterDistributedHardware,functionimpl,interfaces/inner_kits/native_cpp/camera_source/src/distributed_camera_source_proxy.cpp,1736,DistributedCameraSourceMgr,['DistributedCameraSourceMgr'],False
interfaces/inner_kits/native_cpp/camera_source/src/distributed_camera_source_proxy.cpp,99,DCameraNotify,functionimpl,interfaces/inner_kits/native_cpp/camera_source/src/distributed_camera_source_proxy.cpp,1732,DistributedCameraSourceMgr,['DistributedCameraSourceMgr'],False
interfaces/inner_kits/native_cpp/camera_source/src/distributed_camera_source_proxy.cpp,99,events,var,interfaces/inner_kits/native_cpp/camera_source/src/distributed_camera_source_proxy.cpp,1741,DistributedCameraSourceMgr,['DistributedCameraSourceMgr'],False
camera_hdf/hdi_impl/include/dstream_operator/dcamera_steam.h,5,dcamera_steam,file,camera_hdf/hdi_impl/include/dstream_operator/dcamera_steam.h,110,VirtualCameraHdf,['VirtualCameraHdf'],False
camera_hdf/hdi_impl/include/dstream_operator/dbuffer_manager.h,4,dbuffer_manager,file,camera_hdf/hdi_impl/include/dstream_operator/dbuffer_manager.h,96,VirtualCameraHdf,['VirtualCameraHdf'],False
camera_hdf/hdi_impl/include/dstream_operator/dcamera_steam.h,5,dcStreamBufferMgr_,var,camera_hdf/hdi_impl/include/dstream_operator/dcamera_steam.h,127,VirtualCameraHdf,['VirtualCameraHdf'],False
camera_hdf/hdi_impl/include/dstream_operator/dbuffer_manager.h,4,DBufferManager,type,camera_hdf/hdi_impl/include/dstream_operator/dbuffer_manager.h,107,VirtualCameraHdf,['VirtualCameraHdf'],False
services/cameraservice/sourceservice/include/distributedcameramgr/dcameracontrol/dcamera_source_controller.h,199,dcamera_source_controller,file,services/cameraservice/sourceservice/include/distributedcameramgr/dcameracontrol/dcamera_source_controller.h,2896,DistributedCameraSourceMgr,['DistributedCameraSourceMgr'],False
services/cameraservice/base/include/icamera_controller.h,107,icamera_controller,file,services/cameraservice/base/include/icamera_controller.h,1804,CameraServiceCommon,['CameraServiceCommon'],False
services/cameraservice/sourceservice/include/distributedcameramgr/dcameracontrol/dcamera_source_controller.h,199,DCameraSourceController,type,services/cameraservice/sourceservice/include/distributedcameramgr/dcameracontrol/dcamera_source_controller.h,2913,DistributedCameraSourceMgr,['DistributedCameraSourceMgr'],False
services/cameraservice/base/include/icamera_controller.h,107,ICameraController,type,services/cameraservice/base/include/icamera_controller.h,1805,CameraServiceCommon,['CameraServiceCommon'],False
interfaces/inner_kits/native_cpp/camera_sink/include/distributed_camera_sink_proxy.h,83,distributed_camera_sink_proxy,file,interfaces/inner_kits/native_cpp/camera_sink/include/distributed_camera_sink_proxy.h,1553,DistributedCameraSinkMgr,['DistributedCameraSinkMgr'],False
interfaces/inner_kits/native_cpp/camera_sink/include/idistributed_camera_sink.h,84,idistributed_camera_sink,file,interfaces/inner_kits/native_cpp/camera_sink/include/idistributed_camera_sink.h,1566,DistributedCameraSinkMgr,['DistributedCameraSinkMgr'],False
camera_hdf/hdi_impl/include/dstream_operator/dcamera_steam.h,5,operator =,functionimpl,camera_hdf/hdi_impl/include/dstream_operator/dcamera_steam.h,112,VirtualCameraHdf,['VirtualCameraHdf'],False
camera_hdf/hdi_impl/include/dstream_operator/dcamera_steam.h,5,DCameraStream,functionimpl,camera_hdf/hdi_impl/include/dstream_operator/dcamera_steam.h,111,VirtualCameraHdf,['VirtualCameraHdf'],False
interfaces/inner_kits/native_cpp/camera_sink/include/distributed_camera_sink_proxy.h,83,DistributedCameraSinkProxy,functionimpl,interfaces/inner_kits/native_cpp/camera_sink/include/distributed_camera_sink_proxy.h,1554,DistributedCameraSinkMgr,['DistributedCameraSinkMgr'],False
interfaces/inner_kits/native_cpp/camera_sink/include/distributed_camera_sink_proxy.h,83,impl,var,interfaces/inner_kits/native_cpp/camera_sink/include/distributed_camera_sink_proxy.h,1565,DistributedCameraSinkMgr,['DistributedCameraSinkMgr'],False
interfaces/inner_kits/native_cpp/camera_sink/include/distributed_camera_sink_proxy.h,83,delegator_,var,interfaces/inner_kits/native_cpp/camera_sink/include/distributed_camera_sink_proxy.h,1564,DistributedCameraSinkMgr,['DistributedCameraSinkMgr'],False
camera_hdf/hdi_impl/include/dstream_operator/dimage_buffer.h,6,dimage_buffer,file,camera_hdf/hdi_impl/include/dstream_operator/dimage_buffer.h,128,VirtualCameraHdf,['VirtualCameraHdf'],False
camera_hdf/hdi_impl/include/dstream_operator/dcamera_steam.h,5,bufferConfigMap_,var,camera_hdf/hdi_impl/include/dstream_operator/dcamera_steam.h,126,VirtualCameraHdf,['VirtualCameraHdf'],False
camera_hdf/hdi_impl/include/dstream_operator/dimage_buffer.h,6,DImageBuffer,type,camera_hdf/hdi_impl/include/dstream_operator/dimage_buffer.h,165,VirtualCameraHdf,['VirtualCameraHdf'],False
interfaces/inner_kits/native_cpp/camera_source/src/distributed_camera_source_proxy.cpp,99,distributed_camera_source_proxy,file,interfaces/inner_kits/native_cpp/camera_source/src/distributed_camera_source_proxy.cpp,1731,DistributedCameraSourceMgr,['DistributedCameraSourceMgr'],False
interfaces/inner_kits/native_cpp/camera_source/include/distributed_camera_source_proxy.h,93,distributed_camera_source_proxy,file,interfaces/inner_kits/native_cpp/camera_source/include/distributed_camera_source_proxy.h,1655,DistributedCameraSourceMgr,['DistributedCameraSourceMgr'],False
interfaces/inner_kits/native_cpp/camera_source/include/distributed_camera_source_proxy.h,93,InitSource,functionproto,interfaces/inner_kits/native_cpp/camera_source/include/distributed_camera_source_proxy.h,1658,DistributedCameraSourceMgr,['DistributedCameraSourceMgr'],False
interfaces/inner_kits/native_cpp/camera_source/include/distributed_camera_source_proxy.h,93,ReleaseSource,functionproto,interfaces/inner_kits/native_cpp/camera_source/include/distributed_camera_source_proxy.h,1660,DistributedCameraSourceMgr,['DistributedCameraSourceMgr'],False
interfaces/inner_kits/native_cpp/camera_source/include/distributed_camera_source_proxy.h,93,RegisterDistributedHardware,functionproto,interfaces/inner_kits/native_cpp/camera_source/include/distributed_camera_source_proxy.h,1659,DistributedCameraSourceMgr,['DistributedCameraSourceMgr'],False
interfaces/inner_kits/native_cpp/camera_source/include/distributed_camera_source_proxy.h,93,UnregisterDistributedHardware,functionproto,interfaces/inner_kits/native_cpp/camera_source/include/distributed_camera_source_proxy.h,1661,DistributedCameraSourceMgr,['DistributedCameraSourceMgr'],False
interfaces/inner_kits/native_cpp/camera_source/include/distributed_camera_source_proxy.h,93,DCameraNotify,functionproto,interfaces/inner_kits/native_cpp/camera_source/include/distributed_camera_source_proxy.h,1657,DistributedCameraSourceMgr,['DistributedCameraSourceMgr'],False
services/data_process/include/pipeline/dcamera_pipeline_sink.h,260,dcamera_pipeline_sink,file,services/data_process/include/pipeline/dcamera_pipeline_sink.h,3953,CameraDataPreProcess,['CameraDataPreProcess'],False
common/include/utils/data_buffer.h,76,data_buffer,file,common/include/utils/data_buffer.h,1454,utils,['utils'],False
camera_hdf/interfaces/hdi_ipc/client/device/dcamera_device_callback.cpp,24,dcamera_device_callback,file,camera_hdf/interfaces/hdi_ipc/client/device/dcamera_device_callback.cpp,758,VirtualCameraHdf,['VirtualCameraHdf'],False
camera_hdf/interfaces/hdi_ipc/client/device/dcamera_device_callback.h,25,dcamera_device_callback,file,camera_hdf/interfaces/hdi_ipc/client/device/dcamera_device_callback.h,761,VirtualCameraHdf,['VirtualCameraHdf'],False
camera_hdf/interfaces/hdi_ipc/client/device/dcamera_device_callback.cpp,24,OnError,functionimpl,camera_hdf/interfaces/hdi_ipc/client/device/dcamera_device_callback.cpp,759,VirtualCameraHdf,['VirtualCameraHdf'],False
camera_hdf/interfaces/hdi_ipc/client/device/dcamera_device_callback.h,25,OnError,functionproto,camera_hdf/interfaces/hdi_ipc/client/device/dcamera_device_callback.h,762,VirtualCameraHdf,['VirtualCameraHdf'],False
camera_hdf/interfaces/hdi_ipc/client/device/dcamera_device_callback.cpp,24,OnResult,functionimpl,camera_hdf/interfaces/hdi_ipc/client/device/dcamera_device_callback.cpp,760,VirtualCameraHdf,['VirtualCameraHdf'],False
camera_hdf/interfaces/hdi_ipc/client/device/dcamera_device_callback.h,25,OnResult,functionproto,camera_hdf/interfaces/hdi_ipc/client/device/dcamera_device_callback.h,763,VirtualCameraHdf,['VirtualCameraHdf'],False
services/data_process/include/pipeline/abstract_data_process.h,259,abstract_data_process,file,services/data_process/include/pipeline/abstract_data_process.h,3948,CameraDataProcessCommon,['CameraDataProcessCommon'],False
camera_hdf/interfaces/hdi_ipc/config/host/dcamera_host_config.cpp,50,DCameraServiceDispatch,functionimpl,camera_hdf/interfaces/hdi_ipc/config/host/dcamera_host_config.cpp,1046,VirtualCameraHdf,['VirtualCameraHdf'],False
camera_hdf/interfaces/hdi_ipc/config/host/dcamera_host_config.cpp,50,HdfDCameraHostDriverBind,functionimpl,camera_hdf/interfaces/hdi_ipc/config/host/dcamera_host_config.cpp,1047,VirtualCameraHdf,['VirtualCameraHdf'],False
services/cameraservice/cameraoperator/client/src/callback/dcamera_session_callback.cpp,129,dcamera_session_callback,file,services/cameraservice/cameraoperator/client/src/callback/dcamera_session_callback.cpp,1994,utils,['utils'],False
services/data_process/src/pipeline/abstract_data_process.cpp,269,abstract_data_process,file,services/data_process/src/pipeline/abstract_data_process.cpp,4132,CameraDataProcessCommon,['CameraDataProcessCommon'],False
services/data_process/src/pipeline/abstract_data_process.cpp,269,SetNextNode,functionimpl,services/data_process/src/pipeline/abstract_data_process.cpp,4133,CameraDataProcessCommon,['CameraDataProcessCommon'],False
services/data_process/include/pipeline/abstract_data_process.h,259,SetNextNode,functionproto,services/data_process/include/pipeline/abstract_data_process.h,3949,CameraDataProcessCommon,['CameraDataProcessCommon'],False
services/data_process/src/pipeline/abstract_data_process.cpp,269,SetNodeRank,functionimpl,services/data_process/src/pipeline/abstract_data_process.cpp,4134,CameraDataProcessCommon,['CameraDataProcessCommon'],False
services/data_process/include/pipeline/abstract_data_process.h,259,SetNodeRank,functionproto,services/data_process/include/pipeline/abstract_data_process.h,3950,CameraDataProcessCommon,['CameraDataProcessCommon'],False
services/cameraservice/sourceservice/include/distributedcameramgr/dcamera_source_event.h,197,GetEventType,functionproto,services/cameraservice/sourceservice/include/distributedcameramgr/dcamera_source_event.h,2864,DistributedCameraSourceMgr,['DistributedCameraSourceMgr'],False
services/cameraservice/sourceservice/include/distributedcameramgr/dcamera_source_event.h,197,DCAMERA_EVENT,alias,services/cameraservice/sourceservice/include/distributedcameramgr/dcamera_source_event.h,2855,DistributedCameraSourceMgr,['DistributedCameraSourceMgr'],False
services/cameraservice/sourceservice/include/distributedcameramgr/dcamera_source_event.h,197,DCameraSourceEvent,type,services/cameraservice/sourceservice/include/distributedcameramgr/dcamera_source_event.h,2869,DistributedCameraSourceMgr,['DistributedCameraSourceMgr'],False
services/cameraservice/base/include/dcamera_event_cmd.h,102,DCameraEvent,type,services/cameraservice/base/include/dcamera_event_cmd.h,1771,CameraServiceCommon,['CameraServiceCommon'],False
camera_hdf/hdi_impl/src/dstream_operator/dcamera_steam.cpp,16,InitDCameraStream,functionimpl,camera_hdf/hdi_impl/src/dstream_operator/dcamera_steam.cpp,489,VirtualCameraHdf,['VirtualCameraHdf'],False
camera_hdf/hdi_impl/src/dstream_operator/dcamera_steam.cpp,16,InitDCameraBufferManager,functionimpl,camera_hdf/hdi_impl/src/dstream_operator/dcamera_steam.cpp,488,VirtualCameraHdf,['VirtualCameraHdf'],False
camera_hdf/hdi_impl/src/dstream_operator/dcamera_steam.cpp,16,GetDCameraStreamInfo,functionimpl,camera_hdf/hdi_impl/src/dstream_operator/dcamera_steam.cpp,485,VirtualCameraHdf,['VirtualCameraHdf'],False
camera_hdf/hdi_impl/src/dstream_operator/dcamera_steam.cpp,16,SetDCameraBufferQueue,functionimpl,camera_hdf/hdi_impl/src/dstream_operator/dcamera_steam.cpp,492,VirtualCameraHdf,['VirtualCameraHdf'],False
camera_hdf/hdi_impl/src/dstream_operator/dcamera_steam.cpp,16,ReleaseDCameraBufferQueue,functionimpl,camera_hdf/hdi_impl/src/dstream_operator/dcamera_steam.cpp,490,VirtualCameraHdf,['VirtualCameraHdf'],False
camera_hdf/hdi_impl/src/dstream_operator/dcamera_steam.cpp,16,GetDCameraStreamAttribute,functionimpl,camera_hdf/hdi_impl/src/dstream_operator/dcamera_steam.cpp,484,VirtualCameraHdf,['VirtualCameraHdf'],False
camera_hdf/hdi_impl/src/dstream_operator/dcamera_steam.cpp,16,FinishCommitStream,functionimpl,camera_hdf/hdi_impl/src/dstream_operator/dcamera_steam.cpp,481,VirtualCameraHdf,['VirtualCameraHdf'],False
camera_hdf/hdi_impl/src/dstream_operator/dcamera_steam.cpp,16,GetNextRequest,functionimpl,camera_hdf/hdi_impl/src/dstream_operator/dcamera_steam.cpp,486,VirtualCameraHdf,['VirtualCameraHdf'],False
camera_hdf/hdi_impl/src/dstream_operator/dcamera_steam.cpp,16,GetDCameraBuffer,functionimpl,camera_hdf/hdi_impl/src/dstream_operator/dcamera_steam.cpp,483,VirtualCameraHdf,['VirtualCameraHdf'],False
camera_hdf/hdi_impl/src/dstream_operator/dcamera_steam.cpp,16,ReturnDCameraBuffer,functionimpl,camera_hdf/hdi_impl/src/dstream_operator/dcamera_steam.cpp,491,VirtualCameraHdf,['VirtualCameraHdf'],False
camera_hdf/hdi_impl/src/dstream_operator/dcamera_steam.cpp,16,FlushDCameraBuffer,functionimpl,camera_hdf/hdi_impl/src/dstream_operator/dcamera_steam.cpp,482,VirtualCameraHdf,['VirtualCameraHdf'],False
camera_hdf/interfaces/include/types.h,73,INVALID_ARGUMENT,var,camera_hdf/interfaces/include/types.h,1402,VirtualCameraHdf,['VirtualCameraHdf'],False
camera_hdf/interfaces/include/types.h,73,FAILED,var,camera_hdf/interfaces/include/types.h,1401,VirtualCameraHdf,['VirtualCameraHdf'],False
camera_hdf/interfaces/include/types.h,73,SUCCESS,var,camera_hdf/interfaces/include/types.h,1405,VirtualCameraHdf,['VirtualCameraHdf'],False
camera_hdf/interfaces/include/types.h,73,EXCEED_MAX_NUMBER,var,camera_hdf/interfaces/include/types.h,1400,VirtualCameraHdf,['VirtualCameraHdf'],False
camera_hdf/interfaces/include/types.h,73,_DCamRetCode,type,camera_hdf/interfaces/include/types.h,1388,VirtualCameraHdf,['VirtualCameraHdf'],False
services/cameraservice/sinkservice/include/distributedcameramgr/callback/dcamera_sink_controller_state_callback.h,144,dcamera_sink_controller_state_callback,file,services/cameraservice/sinkservice/include/distributedcameramgr/callback/dcamera_sink_controller_state_callback.h,2247,DistributedCameraSinkMgr,['DistributedCameraSinkMgr'],False
services/cameraservice/sinkservice/include/distributedcameramgr/dcamera_sink_controller.h,147,dcamera_sink_controller,file,services/cameraservice/sinkservice/include/distributedcameramgr/dcamera_sink_controller.h,2265,DistributedCameraSinkMgr,['DistributedCameraSinkMgr'],False
services/cameraservice/sinkservice/include/distributedcameramgr/callback/dcamera_sink_controller_state_callback.h,144,controller_,var,services/cameraservice/sinkservice/include/distributedcameramgr/callback/dcamera_sink_controller_state_callback.h,2252,DistributedCameraSinkMgr,['DistributedCameraSinkMgr'],False
services/cameraservice/sinkservice/include/distributedcameramgr/dcamera_sink_controller.h,147,DCameraSinkController,type,services/cameraservice/sinkservice/include/distributedcameramgr/dcamera_sink_controller.h,2288,DistributedCameraSinkMgr,['DistributedCameraSinkMgr'],False
camera_hdf/interfaces/hdi_ipc/config/host/dcamera_host_config.cpp,50,dcamera_host_config,file,camera_hdf/interfaces/hdi_ipc/config/host/dcamera_host_config.cpp,1045,VirtualCameraHdf,['VirtualCameraHdf'],False
interfaces/inner_kits/native_cpp/camera_sink/include/idistributed_camera_sink.h,84,IDistributedCameraSink,type,interfaces/inner_kits/native_cpp/camera_sink/include/idistributed_camera_sink.h,1568,DistributedCameraSinkMgr,['DistributedCameraSinkMgr'],False
services/data_process/src/pipeline/abstract_data_process.cpp,269,nextDataProcess,var,services/data_process/src/pipeline/abstract_data_process.cpp,4136,CameraDataProcessCommon,['CameraDataProcessCommon'],False
services/data_process/src/pipeline/abstract_data_process.cpp,269,curNodeRank,var,services/data_process/src/pipeline/abstract_data_process.cpp,4135,CameraDataProcessCommon,['CameraDataProcessCommon'],False
services/cameraservice/sinkservice/include/distributedcameramgr/dcamera_sink_dev.h,149,dcamera_sink_dev,file,services/cameraservice/sinkservice/include/distributedcameramgr/dcamera_sink_dev.h,2308,DistributedCameraSinkMgr,['DistributedCameraSinkMgr'],False
services/cameraservice/sinkservice/include/distributedcameramgr/interface/icamera_sink_access_control.h,156,icamera_sink_access_control,file,services/cameraservice/sinkservice/include/distributedcameramgr/interface/icamera_sink_access_control.h,2375,DistributedCameraSinkMgr,['DistributedCameraSinkMgr'],False
services/cameraservice/sinkservice/include/distributedcameramgr/dcamera_sink_dev.h,149,accessControl_,var,services/cameraservice/sinkservice/include/distributedcameramgr/dcamera_sink_dev.h,2321,DistributedCameraSinkMgr,['DistributedCameraSinkMgr'],False
services/cameraservice/sinkservice/include/distributedcameramgr/interface/icamera_sink_access_control.h,156,ICameraSinkAccessControl,type,services/cameraservice/sinkservice/include/distributedcameramgr/interface/icamera_sink_access_control.h,2376,DistributedCameraSinkMgr,['DistributedCameraSinkMgr'],False
services/channel/include/dcamera_softbus_session.h,248,sendFuncMap_,var,services/channel/include/dcamera_softbus_session.h,3729,ChannelCommon,['ChannelCommon'],False
services/channel/include/dcamera_softbus_session.h,248,DCameraSendFuc,alias,services/channel/include/dcamera_softbus_session.h,3697,ChannelCommon,['ChannelCommon'],False
services/channel/include/dcamera_softbus_session.h,248,AssembleNoFrag,functionproto,services/channel/include/dcamera_softbus_session.h,3700,ChannelCommon,['ChannelCommon'],False
services/channel/include/dcamera_softbus_session.h,248,SessionDataHeader,type,services/channel/include/dcamera_softbus_session.h,3726,ChannelCommon,['ChannelCommon'],False
services/channel/include/dcamera_softbus_session.h,248,AssembleFrag,functionproto,services/channel/include/dcamera_softbus_session.h,3699,ChannelCommon,['ChannelCommon'],False
services/channel/include/dcamera_softbus_session.h,248,CheckUnPackBuffer,functionproto,services/channel/include/dcamera_softbus_session.h,3701,ChannelCommon,['ChannelCommon'],False
services/channel/include/dcamera_softbus_session.h,248,GetFragDataLen,functionproto,services/channel/include/dcamera_softbus_session.h,3705,ChannelCommon,['ChannelCommon'],False
services/channel/include/dcamera_softbus_session.h,248,UnPackSendData,functionproto,services/channel/include/dcamera_softbus_session.h,3722,ChannelCommon,['ChannelCommon'],False
services/channel/include/dcamera_softbus_session.h,248,MakeFragDataHeader,functionproto,services/channel/include/dcamera_softbus_session.h,3709,ChannelCommon,['ChannelCommon'],False
services/channel/include/dcamera_softbus_session.h,248,,type,services/channel/include/dcamera_softbus_session.h,3724,ChannelCommon,['ChannelCommon'],False
services/channel/include/dcamera_softbus_session.h,248,DCameraSoftbusSession,type,services/channel/include/dcamera_softbus_session.h,3725,ChannelCommon,['ChannelCommon'],False
services/channel/include/dcamera_softbus_session.h,248,dcamera_softbus_session,file,services/channel/include/dcamera_softbus_session.h,3698,ChannelCommon,['ChannelCommon'],False
services/channel/include/icamera_channel.h,249,icamera_channel,file,services/channel/include/icamera_channel.h,3731,ChannelCommon,['ChannelCommon'],False
services/channel/include/icamera_channel.h,249,DCameraSessionMode,alias,services/channel/include/icamera_channel.h,3730,ChannelCommon,['ChannelCommon'],False
services/channel/include/dcamera_softbus_session.h,248,DCameraSoftbusSession,functionproto,services/channel/include/dcamera_softbus_session.h,3703,ChannelCommon,['ChannelCommon'],False
services/channel/include/dcamera_softbus_session.h,248,SendData,functionproto,services/channel/include/dcamera_softbus_session.h,3718,ChannelCommon,['ChannelCommon'],False
services/channel/include/icamera_channel.h,249,,type,services/channel/include/icamera_channel.h,3733,ChannelCommon,['ChannelCommon'],False
services/cameraservice/sinkservice/include/distributedcameramgr/dcamera_sink_data_process.h,148,DCameraSinkDataProcess,type,services/cameraservice/sinkservice/include/distributedcameramgr/dcamera_sink_data_process.h,2304,DistributedCameraSinkMgr,['DistributedCameraSinkMgr'],False
common/include/utils/data_buffer.h,76,DataBuffer,type,common/include/utils/data_buffer.h,1470,utils,['utils'],False
services/cameraservice/sinkservice/include/distributedcameramgr/callback/dcamera_sink_output_result_callback.h,145,dcamera_sink_output_result_callback,file,services/cameraservice/sinkservice/include/distributedcameramgr/callback/dcamera_sink_output_result_callback.h,2253,DistributedCameraSinkMgr,['DistributedCameraSinkMgr'],False
services/cameraservice/sinkservice/include/distributedcameramgr/callback/dcamera_sink_output_result_callback.h,145,DCameraSinkOutputResultCallback,functionproto,services/cameraservice/sinkservice/include/distributedcameramgr/callback/dcamera_sink_output_result_callback.h,2254,DistributedCameraSinkMgr,['DistributedCameraSinkMgr'],False
services/cameraservice/sinkservice/include/distributedcameramgr/callback/dcamera_sink_output_result_callback.h,145,OnPhotoResult,functionproto,services/cameraservice/sinkservice/include/distributedcameramgr/callback/dcamera_sink_output_result_callback.h,2255,DistributedCameraSinkMgr,['DistributedCameraSinkMgr'],False
services/cameraservice/sinkservice/include/distributedcameramgr/callback/dcamera_sink_output_result_callback.h,145,OnVideoResult,functionproto,services/cameraservice/sinkservice/include/distributedcameramgr/callback/dcamera_sink_output_result_callback.h,2256,DistributedCameraSinkMgr,['DistributedCameraSinkMgr'],False
common/include/constants/distributed_camera_constants.h,74,DCAMERA_MAX_NUM,var,common/include/constants/distributed_camera_constants.h,1430,utils,['utils'],False
camera_hdf/interfaces/include/types.h,73,DHBase,alias,camera_hdf/interfaces/include/types.h,1378,VirtualCameraHdf,['VirtualCameraHdf'],False
camera_hdf/interfaces/include/types.h,73,DCameraHDFEvent,alias,camera_hdf/interfaces/include/types.h,1376,VirtualCameraHdf,['VirtualCameraHdf'],False
camera_hdf/interfaces/include/types.h,73,DCStreamType,alias,camera_hdf/interfaces/include/types.h,1373,VirtualCameraHdf,['VirtualCameraHdf'],False
camera_hdf/interfaces/include/idistributed_camera_provider.h,71,Get,functionproto,camera_hdf/interfaces/include/idistributed_camera_provider.h,1354,VirtualCameraHdf,['VirtualCameraHdf'],False
camera_hdf/interfaces/include/idistributed_camera_provider.h,71,IDCameraProvider,type,camera_hdf/interfaces/include/idistributed_camera_provider.h,1359,VirtualCameraHdf,['VirtualCameraHdf'],False
services/data_process/include/pipeline_node/multimedia_codec/decode_data_process.h,264,decode_data_process,file,services/data_process/include/pipeline_node/multimedia_codec/decode_data_process.h,4013,CameraDataProcessCommon,['CameraDataProcessCommon'],False
services/data_process/include/eventbus/dcamera_codec_event.h,255,dcamera_codec_event,file,services/data_process/include/eventbus/dcamera_codec_event.h,3890,CameraDataProcessCommon,['CameraDataProcessCommon'],False
services/data_process/include/pipeline_node/multimedia_codec/decode_data_process.h,264,OnEvent,functionproto,services/data_process/include/pipeline_node/multimedia_codec/decode_data_process.h,4035,CameraDataProcessCommon,['CameraDataProcessCommon'],False
services/data_process/include/eventbus/dcamera_codec_event.h,255,DCameraCodecEvent,type,services/data_process/include/eventbus/dcamera_codec_event.h,3900,CameraDataProcessCommon,['CameraDataProcessCommon'],False
services/cameraservice/cameraoperator/client/src/dcamera_client.cpp,131,DCameraClient,functionimpl,services/cameraservice/cameraoperator/client/src/dcamera_client.cpp,2013,utils,['utils'],False
services/cameraservice/cameraoperator/client/src/dcamera_client.cpp,131,dhId,var,services/cameraservice/cameraoperator/client/src/dcamera_client.cpp,2027,utils,['utils'],False
services/cameraservice/cameraoperator/client/src/dcamera_client.cpp,131,Init,functionimpl,services/cameraservice/cameraoperator/client/src/dcamera_client.cpp,2014,utils,['utils'],False
services/cameraservice/cameraoperator/client/src/dcamera_client.cpp,131,info,var,services/cameraservice/cameraoperator/client/src/dcamera_client.cpp,2028,utils,['utils'],False
services/cameraservice/cameraoperator/client/src/dcamera_client.cpp,131,UpdateSettings,functionimpl,services/cameraservice/cameraoperator/client/src/dcamera_client.cpp,2023,utils,['utils'],False
services/cameraservice/cameraoperator/client/src/dcamera_client.cpp,131,settings,var,services/cameraservice/cameraoperator/client/src/dcamera_client.cpp,2035,utils,['utils'],False
services/cameraservice/cameraoperator/client/src/dcamera_client.cpp,131,setting,var,services/cameraservice/cameraoperator/client/src/dcamera_client.cpp,2034,utils,['utils'],False
services/cameraservice/cameraoperator/client/src/dcamera_client.cpp,131,metadataStr,var,services/cameraservice/cameraoperator/client/src/dcamera_client.cpp,2031,utils,['utils'],False
services/cameraservice/cameraoperator/client/src/dcamera_client.cpp,131,ret,var,services/cameraservice/cameraoperator/client/src/dcamera_client.cpp,2032,utils,['utils'],False
services/cameraservice/cameraoperator/client/src/dcamera_client.cpp,131,StartCapture,functionimpl,services/cameraservice/cameraoperator/client/src/dcamera_client.cpp,2017,utils,['utils'],False
services/cameraservice/cameraoperator/client/src/dcamera_client.cpp,131,captureInfos,var,services/cameraservice/cameraoperator/client/src/dcamera_client.cpp,2026,utils,['utils'],False
services/cameraservice/cameraoperator/client/src/dcamera_client.cpp,131,StopCapture,functionimpl,services/cameraservice/cameraoperator/client/src/dcamera_client.cpp,2021,utils,['utils'],False
services/cameraservice/cameraoperator/client/src/dcamera_client.cpp,131,SetStateCallback,functionimpl,services/cameraservice/cameraoperator/client/src/dcamera_client.cpp,2016,utils,['utils'],False
services/cameraservice/cameraoperator/client/src/dcamera_client.cpp,131,callback,var,services/cameraservice/cameraoperator/client/src/dcamera_client.cpp,2025,utils,['utils'],False
services/cameraservice/cameraoperator/client/src/dcamera_client.cpp,131,SetResultCallback,functionimpl,services/cameraservice/cameraoperator/client/src/dcamera_client.cpp,2015,utils,['utils'],False
services/cameraservice/cameraoperator/client/src/dcamera_client.cpp,131,ConfigCaptureSession,functionimpl,services/cameraservice/cameraoperator/client/src/dcamera_client.cpp,2008,utils,['utils'],False
services/cameraservice/cameraoperator/client/src/dcamera_client.cpp,131,ConfigCaptureSessionInner,functionimpl,services/cameraservice/cameraoperator/client/src/dcamera_client.cpp,2009,utils,['utils'],False
services/cameraservice/cameraoperator/client/src/dcamera_client.cpp,131,CreateCaptureOutput,functionimpl,services/cameraservice/cameraoperator/client/src/dcamera_client.cpp,2010,utils,['utils'],False
services/cameraservice/cameraoperator/client/src/dcamera_client.cpp,131,CreatePhotoOutput,functionimpl,services/cameraservice/cameraoperator/client/src/dcamera_client.cpp,2011,utils,['utils'],False
services/cameraservice/cameraoperator/client/src/dcamera_client.cpp,131,CreateVideoOutput,functionimpl,services/cameraservice/cameraoperator/client/src/dcamera_client.cpp,2012,utils,['utils'],False
services/cameraservice/cameraoperator/client/src/dcamera_client.cpp,131,StartCaptureInner,functionimpl,services/cameraservice/cameraoperator/client/src/dcamera_client.cpp,2018,utils,['utils'],False
services/cameraservice/cameraoperator/client/src/dcamera_client.cpp,131,StartPhotoOutput,functionimpl,services/cameraservice/cameraoperator/client/src/dcamera_client.cpp,2019,utils,['utils'],False
services/cameraservice/cameraoperator/client/src/dcamera_client.cpp,131,metadataSetting,var,services/cameraservice/cameraoperator/client/src/dcamera_client.cpp,2030,utils,['utils'],False
services/cameraservice/cameraoperator/client/src/dcamera_client.cpp,131,item,var,services/cameraservice/cameraoperator/client/src/dcamera_client.cpp,2029,utils,['utils'],False
services/cameraservice/cameraoperator/client/src/dcamera_client.cpp,131,rotation,var,services/cameraservice/cameraoperator/client/src/dcamera_client.cpp,2033,utils,['utils'],False
services/cameraservice/cameraoperator/client/src/dcamera_client.cpp,131,StartVideoOutput,functionimpl,services/cameraservice/cameraoperator/client/src/dcamera_client.cpp,2020,utils,['utils'],False
camera_hdf/hdi_impl/include/dstream_operator/doffline_stream_operator.h,7,doffline_stream_operator,file,camera_hdf/hdi_impl/include/dstream_operator/doffline_stream_operator.h,166,VirtualCameraHdf,['VirtualCameraHdf'],False
camera_hdf/hdi_impl/include/dstream_operator/doffline_stream_operator.h,7,DOfflineStreamOperator,type,camera_hdf/hdi_impl/include/dstream_operator/doffline_stream_operator.h,172,VirtualCameraHdf,['VirtualCameraHdf'],False
services/data_process/include/pipeline_node/multimedia_codec/decode_data_process.h,264,DecodeDataProcess,type,services/data_process/include/pipeline_node/multimedia_codec/decode_data_process.h,4047,CameraDataProcessCommon,['CameraDataProcessCommon'],False
services/data_process/include/pipeline/abstract_data_process.h,259,AbstractDataProcess,type,services/data_process/include/pipeline/abstract_data_process.h,3951,CameraDataProcessCommon,['CameraDataProcessCommon'],False
common/include/utils/dcamera_utils_tools.h,78,dcamera_utils_tools,file,common/include/utils/dcamera_utils_tools.h,1479,utils,['utils'],False
common/include/utils/dcamera_index.h,77,DCameraIndex,type,common/include/utils/dcamera_index.h,1475,utils,['utils'],False
services/cameraservice/sourceservice/include/distributedcameramgr/dcamera_source_dev.h,196,dcamera_source_dev,file,services/cameraservice/sourceservice/include/distributedcameramgr/dcamera_source_dev.h,2816,DistributedCameraSourceMgr,['DistributedCameraSourceMgr'],False
services/cameraservice/sourceservice/src/distributedcamera/dcamera_source_callback_proxy.cpp,220,dcamera_source_callback_proxy,file,services/cameraservice/sourceservice/src/distributedcamera/dcamera_source_callback_proxy.cpp,3129,DistributedCameraSourceMgr,['DistributedCameraSourceMgr'],False
services/cameraservice/sourceservice/include/distributedcamera/dcamera_source_callback_proxy.h,193,dcamera_source_callback_proxy,file,services/cameraservice/sourceservice/include/distributedcamera/dcamera_source_callback_proxy.h,2781,DistributedCameraSourceMgr,['DistributedCameraSourceMgr'],False
services/cameraservice/sourceservice/src/distributedcamera/dcamera_source_callback_proxy.cpp,220,OnNotifyRegResult,functionimpl,services/cameraservice/sourceservice/src/distributedcamera/dcamera_source_callback_proxy.cpp,3130,DistributedCameraSourceMgr,['DistributedCameraSourceMgr'],False
services/cameraservice/sourceservice/include/distributedcamera/dcamera_source_callback_proxy.h,193,OnNotifyRegResult,functionproto,services/cameraservice/sourceservice/include/distributedcamera/dcamera_source_callback_proxy.h,2783,DistributedCameraSourceMgr,['DistributedCameraSourceMgr'],False
services/cameraservice/sourceservice/src/distributedcamera/dcamera_source_callback_proxy.cpp,220,OnNotifyUnregResult,functionimpl,services/cameraservice/sourceservice/src/distributedcamera/dcamera_source_callback_proxy.cpp,3131,DistributedCameraSourceMgr,['DistributedCameraSourceMgr'],False
services/cameraservice/sourceservice/include/distributedcamera/dcamera_source_callback_proxy.h,193,OnNotifyUnregResult,functionproto,services/cameraservice/sourceservice/include/distributedcamera/dcamera_source_callback_proxy.h,2784,DistributedCameraSourceMgr,['DistributedCameraSourceMgr'],False
services/cameraservice/sinkservice/include/distributedcameramgr/dcamera_sink_output.h,150,DCameraSinkOutput,type,services/cameraservice/sinkservice/include/distributedcameramgr/dcamera_sink_output.h,2338,DistributedCameraSinkMgr,['DistributedCameraSinkMgr'],False
services/data_process/include/pipeline/dcamera_pipeline_source.h,261,dcamera_pipeline_source,file,services/data_process/include/pipeline/dcamera_pipeline_source.h,3966,CameraDataPostProcess,['CameraDataPostProcess'],False
services/data_process/include/pipeline_node/multimedia_codec/decode_data_process.h,264,callbackPipelineSource_,var,services/data_process/include/pipeline_node/multimedia_codec/decode_data_process.h,4050,CameraDataProcessCommon,['CameraDataProcessCommon'],False
services/data_process/include/pipeline/dcamera_pipeline_source.h,261,DCameraPipelineSource,type,services/data_process/include/pipeline/dcamera_pipeline_source.h,3977,CameraDataPostProcess,['CameraDataPostProcess'],False
services/channel/include/icamera_channel_listener.h,250,icamera_channel_listener,file,services/channel/include/icamera_channel_listener.h,3736,ChannelCommon,['ChannelCommon'],False
services/channel/include/dcamera_softbus_session.h,248,listener_,var,services/channel/include/dcamera_softbus_session.h,3727,ChannelCommon,['ChannelCommon'],False
services/channel/include/icamera_channel_listener.h,250,ICameraChannelListener,type,services/channel/include/icamera_channel_listener.h,3738,ChannelCommon,['ChannelCommon'],False
services/cameraservice/sourceservice/include/distributedcameramgr/dcamera_source_event.h,197,GetDCameraRegistParam,functionproto,services/cameraservice/sourceservice/include/distributedcameramgr/dcamera_source_event.h,2863,DistributedCameraSourceMgr,['DistributedCameraSourceMgr'],False
services/cameraservice/sourceservice/include/distributedcameramgr/dcamera_source_event.h,197,GetStreamInfos,functionproto,services/cameraservice/sourceservice/include/distributedcameramgr/dcamera_source_event.h,2866,DistributedCameraSourceMgr,['DistributedCameraSourceMgr'],False
services/cameraservice/sourceservice/include/distributedcameramgr/dcamera_source_event.h,197,GetCameraSettings,functionproto,services/cameraservice/sourceservice/include/distributedcameramgr/dcamera_source_event.h,2860,DistributedCameraSourceMgr,['DistributedCameraSourceMgr'],False
services/cameraservice/sourceservice/include/distributedcameramgr/dcamera_source_event.h,197,GetCameraEvent,functionproto,services/cameraservice/sourceservice/include/distributedcameramgr/dcamera_source_event.h,2859,DistributedCameraSourceMgr,['DistributedCameraSourceMgr'],False
services/cameraservice/sourceservice/include/distributedcameramgr/dcamera_source_event.h,197,DCameraRegistParam,type,services/cameraservice/sourceservice/include/distributedcameramgr/dcamera_source_event.h,2868,DistributedCameraSourceMgr,['DistributedCameraSourceMgr'],False
services/cameraservice/cameraoperator/client/include/icamera_operator.h,122,icamera_operator,file,services/cameraservice/cameraoperator/client/include/icamera_operator.h,1948,utils,['utils'],False
services/cameraservice/sinkservice/include/distributedcameramgr/callback/dcamera_sink_controller_state_callback.h,144,DCameraSinkControllerStateCallback,type,services/cameraservice/sinkservice/include/distributedcameramgr/callback/dcamera_sink_controller_state_callback.h,2251,DistributedCameraSinkMgr,['DistributedCameraSinkMgr'],False
services/cameraservice/cameraoperator/client/include/icamera_operator.h,122,StateCallback,type,services/cameraservice/cameraoperator/client/include/icamera_operator.h,1951,utils,['utils'],False
services/data_process/include/pipeline_node/multimedia_codec/decode_data_process.h,264,DecodeDataProcess,functionimpl,services/data_process/include/pipeline_node/multimedia_codec/decode_data_process.h,4014,CameraDataProcessCommon,['CameraDataProcessCommon'],False
services/data_process/include/pipeline_node/multimedia_codec/decode_data_process.h,264,sourceConfig,var,services/data_process/include/pipeline_node/multimedia_codec/decode_data_process.h,4055,CameraDataProcessCommon,['CameraDataProcessCommon'],False
services/data_process/include/pipeline_node/multimedia_codec/decode_data_process.h,264,targetConfig,var,services/data_process/include/pipeline_node/multimedia_codec/decode_data_process.h,4057,CameraDataProcessCommon,['CameraDataProcessCommon'],False
services/data_process/include/pipeline_node/multimedia_codec/decode_data_process.h,264,eventBusPipeline,var,services/data_process/include/pipeline_node/multimedia_codec/decode_data_process.h,4053,CameraDataProcessCommon,['CameraDataProcessCommon'],False
services/data_process/include/pipeline_node/multimedia_codec/decode_data_process.h,264,callbackPipSource,var,services/data_process/include/pipeline_node/multimedia_codec/decode_data_process.h,4049,CameraDataProcessCommon,['CameraDataProcessCommon'],False
services/data_process/include/pipeline_node/multimedia_codec/decode_data_process.h,264,DecodeSurfaceListener,functionimpl,services/data_process/include/pipeline_node/multimedia_codec/decode_data_process.h,4015,CameraDataProcessCommon,['CameraDataProcessCommon'],False
services/data_process/include/pipeline_node/multimedia_codec/decode_data_process.h,264,surface,var,services/data_process/include/pipeline_node/multimedia_codec/decode_data_process.h,4056,CameraDataProcessCommon,['CameraDataProcessCommon'],False
services/data_process/include/pipeline_node/multimedia_codec/decode_data_process.h,264,decodeVideoNode,var,services/data_process/include/pipeline_node/multimedia_codec/decode_data_process.h,4051,CameraDataProcessCommon,['CameraDataProcessCommon'],False
services/data_process/include/pipeline_node/multimedia_codec/decode_data_process.h,264,decodeVideoNode_,var,services/data_process/include/pipeline_node/multimedia_codec/decode_data_process.h,4052,CameraDataProcessCommon,['CameraDataProcessCommon'],False
services/cameraservice/sourceservice/include/distributedcameramgr/dcameracontrol/dcamera_source_controller_channel_listener.h,200,dcamera_source_controller_channel_listener,file,services/cameraservice/sourceservice/include/distributedcameramgr/dcameracontrol/dcamera_source_controller_channel_listener.h,2918,DistributedCameraSourceMgr,['DistributedCameraSourceMgr'],False
services/cameraservice/sourceservice/include/distributedcameramgr/dcameracontrol/dcamera_source_controller_channel_listener.h,200,DCameraSourceControllerChannelListener,type,services/cameraservice/sourceservice/include/distributedcameramgr/dcameracontrol/dcamera_source_controller_channel_listener.h,2924,DistributedCameraSourceMgr,['DistributedCameraSourceMgr'],False
services/data_process/include/utils/image_common_type.h,268,image_common_type,file,services/data_process/include/utils/image_common_type.h,4103,CameraDataProcessCommon,['CameraDataProcessCommon'],False
services/data_process/include/pipeline_node/multimedia_codec/decode_data_process.h,264,GetSourceConfig,functionproto,services/data_process/include/pipeline_node/multimedia_codec/decode_data_process.h,4024,CameraDataProcessCommon,['CameraDataProcessCommon'],False
services/data_process/include/utils/image_common_type.h,268,VideoConfigParams,type,services/data_process/include/utils/image_common_type.h,4117,CameraDataProcessCommon,['CameraDataProcessCommon'],False
services/data_process/include/pipeline_node/multimedia_codec/decode_data_process.h,264,GetTargetConfig,functionproto,services/data_process/include/pipeline_node/multimedia_codec/decode_data_process.h,4025,CameraDataProcessCommon,['CameraDataProcessCommon'],False
services/data_process/include/pipeline_node/multimedia_codec/decode_data_process.h,264,IsInDecoderRange,functionproto,services/data_process/include/pipeline_node/multimedia_codec/decode_data_process.h,4032,CameraDataProcessCommon,['CameraDataProcessCommon'],False
services/data_process/include/pipeline_node/multimedia_codec/decode_data_process.h,264,IsConvertible,functionproto,services/data_process/include/pipeline_node/multimedia_codec/decode_data_process.h,4030,CameraDataProcessCommon,['CameraDataProcessCommon'],False
services/data_process/include/pipeline_node/multimedia_codec/decode_data_process.h,264,CopyYUVPlaneByRow,functionproto,services/data_process/include/pipeline_node/multimedia_codec/decode_data_process.h,4018,CameraDataProcessCommon,['CameraDataProcessCommon'],False
services/data_process/include/utils/image_common_type.h,268,ImageUnitInfo,type,services/data_process/include/utils/image_common_type.h,4114,CameraDataProcessCommon,['CameraDataProcessCommon'],False
services/data_process/include/pipeline_node/multimedia_codec/decode_data_process.h,264,CheckCopyImageInfo,functionproto,services/data_process/include/pipeline_node/multimedia_codec/decode_data_process.h,4016,CameraDataProcessCommon,['CameraDataProcessCommon'],False
services/data_process/include/pipeline_node/multimedia_codec/decode_data_process.h,264,IsCorrectImageUnitInfo,functionproto,services/data_process/include/pipeline_node/multimedia_codec/decode_data_process.h,4031,CameraDataProcessCommon,['CameraDataProcessCommon'],False
services/channel/include/icamera_channel.h,249,ICameraChannel,type,services/channel/include/icamera_channel.h,3734,ChannelCommon,['ChannelCommon'],False
services/channel/src/dcamera_channel_source_impl.cpp,252,dcamera_channel_source_impl,file,services/channel/src/dcamera_channel_source_impl.cpp,3756,ChannelSource,['ChannelSource'],False
services/channel/src/dcamera_channel_source_impl.cpp,252,CreateSession,functionimpl,services/channel/src/dcamera_channel_source_impl.cpp,3758,ChannelSource,['ChannelSource'],False
services/cameraservice/sourceservice/include/distributedcameramgr/dcamerastate/dcamera_source_config_stream_state.h,212,Execute,functionproto,services/cameraservice/sourceservice/include/distributedcameramgr/dcamerastate/dcamera_source_config_stream_state.h,3061,DistributedCameraSourceMgr,['DistributedCameraSourceMgr'],False
services/cameraservice/sourceservice/include/distributedcameramgr/dcamerastate/dcamera_source_config_stream_state.h,212,DoRegisterTask,functionproto,services/cameraservice/sourceservice/include/distributedcameramgr/dcamerastate/dcamera_source_config_stream_state.h,3055,DistributedCameraSourceMgr,['DistributedCameraSourceMgr'],False
services/cameraservice/sourceservice/include/distributedcameramgr/dcamerastate/dcamera_source_config_stream_state.h,212,DoUnregisterTask,functionproto,services/cameraservice/sourceservice/include/distributedcameramgr/dcamerastate/dcamera_source_config_stream_state.h,3059,DistributedCameraSourceMgr,['DistributedCameraSourceMgr'],False
services/cameraservice/sourceservice/include/distributedcameramgr/dcamerastate/dcamera_source_config_stream_state.h,212,DoOpenTask,functionproto,services/cameraservice/sourceservice/include/distributedcameramgr/dcamerastate/dcamera_source_config_stream_state.h,3054,DistributedCameraSourceMgr,['DistributedCameraSourceMgr'],False
services/cameraservice/sourceservice/include/distributedcameramgr/dcamerastate/dcamera_source_config_stream_state.h,212,DoCloseTask,functionproto,services/cameraservice/sourceservice/include/distributedcameramgr/dcamerastate/dcamera_source_config_stream_state.h,3051,DistributedCameraSourceMgr,['DistributedCameraSourceMgr'],False
services/cameraservice/sourceservice/include/distributedcameramgr/dcamerastate/dcamera_source_config_stream_state.h,212,DoConfigStreamsTask,functionproto,services/cameraservice/sourceservice/include/distributedcameramgr/dcamerastate/dcamera_source_config_stream_state.h,3052,DistributedCameraSourceMgr,['DistributedCameraSourceMgr'],False
services/cameraservice/sourceservice/include/distributedcameramgr/dcamerastate/dcamera_source_config_stream_state.h,212,DoReleaseStreamsTask,functionproto,services/cameraservice/sourceservice/include/distributedcameramgr/dcamerastate/dcamera_source_config_stream_state.h,3056,DistributedCameraSourceMgr,['DistributedCameraSourceMgr'],False
services/cameraservice/sourceservice/include/distributedcameramgr/dcamerastate/dcamera_source_config_stream_state.h,212,DoStartCaptureTask,functionproto,services/cameraservice/sourceservice/include/distributedcameramgr/dcamerastate/dcamera_source_config_stream_state.h,3057,DistributedCameraSourceMgr,['DistributedCameraSourceMgr'],False
services/cameraservice/sourceservice/include/distributedcameramgr/dcamerastate/dcamera_source_config_stream_state.h,212,DoStopCaptureTask,functionproto,services/cameraservice/sourceservice/include/distributedcameramgr/dcamerastate/dcamera_source_config_stream_state.h,3058,DistributedCameraSourceMgr,['DistributedCameraSourceMgr'],False
services/cameraservice/sourceservice/include/distributedcameramgr/dcamerastate/dcamera_source_config_stream_state.h,212,DoUpdateSettingsTask,functionproto,services/cameraservice/sourceservice/include/distributedcameramgr/dcamerastate/dcamera_source_config_stream_state.h,3060,DistributedCameraSourceMgr,['DistributedCameraSourceMgr'],False
services/cameraservice/sourceservice/include/distributedcameramgr/dcamerastate/dcamera_source_config_stream_state.h,212,DoEventNofityTask,functionproto,services/cameraservice/sourceservice/include/distributedcameramgr/dcamerastate/dcamera_source_config_stream_state.h,3053,DistributedCameraSourceMgr,['DistributedCameraSourceMgr'],False
services/channel/include/dcamera_channel_sink_impl.h,245,dcamera_channel_sink_impl,file,services/channel/include/dcamera_channel_sink_impl.h,3644,ChannelSink,['ChannelSink'],False
camera_hdf/hdi_impl/src/dstream_operator/dbuffer_manager.cpp,15,AcquireBuffer,functionimpl,camera_hdf/hdi_impl/src/dstream_operator/dbuffer_manager.cpp,459,VirtualCameraHdf,['VirtualCameraHdf'],False
camera_hdf/hdi_impl/src/dstream_operator/dbuffer_manager.cpp,15,it,var,camera_hdf/hdi_impl/src/dstream_operator/dbuffer_manager.cpp,476,VirtualCameraHdf,['VirtualCameraHdf'],False
camera_hdf/hdi_impl/src/dstream_operator/dbuffer_manager.cpp,15,AddBuffer,functionimpl,camera_hdf/hdi_impl/src/dstream_operator/dbuffer_manager.cpp,460,VirtualCameraHdf,['VirtualCameraHdf'],False
camera_hdf/hdi_impl/src/dstream_operator/dbuffer_manager.cpp,15,buffer,var,camera_hdf/hdi_impl/src/dstream_operator/dbuffer_manager.cpp,469,VirtualCameraHdf,['VirtualCameraHdf'],False
camera_hdf/hdi_impl/src/dstream_operator/dbuffer_manager.cpp,15,RemoveBuffer,functionimpl,camera_hdf/hdi_impl/src/dstream_operator/dbuffer_manager.cpp,465,VirtualCameraHdf,['VirtualCameraHdf'],False
camera_hdf/hdi_impl/src/dstream_operator/dbuffer_manager.cpp,15,NotifyStop,functionimpl,camera_hdf/hdi_impl/src/dstream_operator/dbuffer_manager.cpp,463,VirtualCameraHdf,['VirtualCameraHdf'],False
camera_hdf/hdi_impl/src/dstream_operator/dbuffer_manager.cpp,15,state,var,camera_hdf/hdi_impl/src/dstream_operator/dbuffer_manager.cpp,477,VirtualCameraHdf,['VirtualCameraHdf'],False
camera_hdf/hdi_impl/src/dstream_operator/dbuffer_manager.cpp,15,SurfaceBufferToDImageBuffer,functionimpl,camera_hdf/hdi_impl/src/dstream_operator/dbuffer_manager.cpp,466,VirtualCameraHdf,['VirtualCameraHdf'],False
camera_hdf/hdi_impl/src/dstream_operator/dbuffer_manager.cpp,15,surfaceBuffer,var,camera_hdf/hdi_impl/src/dstream_operator/dbuffer_manager.cpp,478,VirtualCameraHdf,['VirtualCameraHdf'],False
camera_hdf/hdi_impl/src/dstream_operator/dbuffer_manager.cpp,15,bufHandle,var,camera_hdf/hdi_impl/src/dstream_operator/dbuffer_manager.cpp,468,VirtualCameraHdf,['VirtualCameraHdf'],False
camera_hdf/hdi_impl/src/dstream_operator/dbuffer_manager.cpp,15,CameraUsageToGrallocUsage,functionimpl,camera_hdf/hdi_impl/src/dstream_operator/dbuffer_manager.cpp,461,VirtualCameraHdf,['VirtualCameraHdf'],False
camera_hdf/hdi_impl/src/dstream_operator/dbuffer_manager.cpp,15,i,var,camera_hdf/hdi_impl/src/dstream_operator/dbuffer_manager.cpp,474,VirtualCameraHdf,['VirtualCameraHdf'],False
camera_hdf/hdi_impl/src/dstream_operator/dbuffer_manager.cpp,15,cameraUsage,var,camera_hdf/hdi_impl/src/dstream_operator/dbuffer_manager.cpp,471,VirtualCameraHdf,['VirtualCameraHdf'],False
camera_hdf/hdi_impl/src/dstream_operator/dbuffer_manager.cpp,15,BYTE,var,camera_hdf/hdi_impl/src/dstream_operator/dbuffer_manager.cpp,467,VirtualCameraHdf,['VirtualCameraHdf'],False
camera_hdf/hdi_impl/src/dstream_operator/dbuffer_manager.cpp,15,test,var,camera_hdf/hdi_impl/src/dstream_operator/dbuffer_manager.cpp,479,VirtualCameraHdf,['VirtualCameraHdf'],False
camera_hdf/hdi_impl/src/dstream_operator/dbuffer_manager.cpp,15,grallocUsage,var,camera_hdf/hdi_impl/src/dstream_operator/dbuffer_manager.cpp,473,VirtualCameraHdf,['VirtualCameraHdf'],False
camera_hdf/hdi_impl/src/dstream_operator/dbuffer_manager.cpp,15,PixelFormatToDCameraFormat,functionimpl,camera_hdf/hdi_impl/src/dstream_operator/dbuffer_manager.cpp,464,VirtualCameraHdf,['VirtualCameraHdf'],False
camera_hdf/hdi_impl/src/dstream_operator/dbuffer_manager.cpp,15,format,var,camera_hdf/hdi_impl/src/dstream_operator/dbuffer_manager.cpp,472,VirtualCameraHdf,['VirtualCameraHdf'],False
camera_hdf/hdi_impl/src/dstream_operator/dbuffer_manager.cpp,15,cameraFormat,var,camera_hdf/hdi_impl/src/dstream_operator/dbuffer_manager.cpp,470,VirtualCameraHdf,['VirtualCameraHdf'],False
camera_hdf/hdi_impl/src/dstream_operator/dbuffer_manager.cpp,15,DImageBufferToDCameraBuffer,functionimpl,camera_hdf/hdi_impl/src/dstream_operator/dbuffer_manager.cpp,462,VirtualCameraHdf,['VirtualCameraHdf'],False
camera_hdf/hdi_impl/src/dstream_operator/dbuffer_manager.cpp,15,imageBuffer,var,camera_hdf/hdi_impl/src/dstream_operator/dbuffer_manager.cpp,475,VirtualCameraHdf,['VirtualCameraHdf'],False
camera_hdf/hdi_impl/src/utils/dcamera.cpp,20,GetCurrentLocalTimeStamp,functionimpl,camera_hdf/hdi_impl/src/utils/dcamera.cpp,659,VirtualCameraHdf,['VirtualCameraHdf'],False
camera_hdf/interfaces/include/types.h,73,types,file,camera_hdf/interfaces/include/types.h,1379,VirtualCameraHdf,['VirtualCameraHdf'],False
services/cameraservice/sinkservice/include/distributedcameramgr/listener/dcamera_sink_controller_channel_listener.h,159,dcamera_sink_controller_channel_listener,file,services/cameraservice/sinkservice/include/distributedcameramgr/listener/dcamera_sink_controller_channel_listener.h,2381,DistributedCameraSinkMgr,['DistributedCameraSinkMgr'],False
services/cameraservice/sinkservice/include/distributedcameramgr/listener/dcamera_sink_controller_channel_listener.h,159,DCameraSinkControllerChannelListener,type,services/cameraservice/sinkservice/include/distributedcameramgr/listener/dcamera_sink_controller_channel_listener.h,2386,DistributedCameraSinkMgr,['DistributedCameraSinkMgr'],False
services/cameraservice/sinkservice/include/distributedcameramgr/listener/dcamera_sink_data_process_listener.h,160,dcamera_sink_data_process_listener,file,services/cameraservice/sinkservice/include/distributedcameramgr/listener/dcamera_sink_data_process_listener.h,2388,DistributedCameraSinkMgr,['DistributedCameraSinkMgr'],False
services/cameraservice/sinkservice/include/distributedcameramgr/dcamera_sink_data_process.h,148,dcamera_sink_data_process,file,services/cameraservice/sinkservice/include/distributedcameramgr/dcamera_sink_data_process.h,2293,DistributedCameraSinkMgr,['DistributedCameraSinkMgr'],False
services/cameraservice/sinkservice/include/distributedcameramgr/listener/dcamera_sink_data_process_listener.h,160,dataProcess_,var,services/cameraservice/sinkservice/include/distributedcameramgr/listener/dcamera_sink_data_process_listener.h,2393,DistributedCameraSinkMgr,['DistributedCameraSinkMgr'],False
services/cameraservice/sourceservice/include/distributedcameramgr/dcamerastate/dcamera_source_state_machine.h,218,dcamera_source_state_machine,file,services/cameraservice/sourceservice/include/distributedcameramgr/dcamerastate/dcamera_source_state_machine.h,3109,DistributedCameraSourceMgr,['DistributedCameraSourceMgr'],False
services/cameraservice/sourceservice/include/distributedcameramgr/dcamerastate/dcamera_source_state.h,216,dcamera_source_state,file,services/cameraservice/sourceservice/include/distributedcameramgr/dcamerastate/dcamera_source_state.h,3102,DistributedCameraSourceMgr,['DistributedCameraSourceMgr'],False
services/cameraservice/sourceservice/include/distributedcameramgr/dcamerastate/dcamera_source_state_machine.h,218,currentState_,var,services/cameraservice/sourceservice/include/distributedcameramgr/dcamerastate/dcamera_source_state_machine.h,3115,DistributedCameraSourceMgr,['DistributedCameraSourceMgr'],False
services/cameraservice/sourceservice/include/distributedcameramgr/dcamerastate/dcamera_source_state.h,216,DCameraSourceState,type,services/cameraservice/sourceservice/include/distributedcameramgr/dcamerastate/dcamera_source_state.h,3106,DistributedCameraSourceMgr,['DistributedCameraSourceMgr'],False
services/cameraservice/sourceservice/include/distributedcameramgr/dcamerastate/dcamera_source_state_machine.h,218,UpdateState,functionproto,services/cameraservice/sourceservice/include/distributedcameramgr/dcamerastate/dcamera_source_state_machine.h,3112,DistributedCameraSourceMgr,['DistributedCameraSourceMgr'],False
services/cameraservice/sourceservice/include/distributedcameramgr/dcamerastate/dcamera_source_state.h,216,DCameraStateType,alias,services/cameraservice/sourceservice/include/distributedcameramgr/dcamerastate/dcamera_source_state.h,3101,DistributedCameraSourceMgr,['DistributedCameraSourceMgr'],False
services/cameraservice/sinkservice/include/distributedcameramgr/listener/dcamera_sink_data_process_listener.h,160,DCameraSinkDataProcessListener,functionproto,services/cameraservice/sinkservice/include/distributedcameramgr/listener/dcamera_sink_data_process_listener.h,2389,DistributedCameraSinkMgr,['DistributedCameraSinkMgr'],False
services/cameraservice/sinkservice/include/distributedcameramgr/listener/dcamera_sink_data_process_listener.h,160,OnProcessedVideoBuffer,functionproto,services/cameraservice/sinkservice/include/distributedcameramgr/listener/dcamera_sink_data_process_listener.h,2391,DistributedCameraSinkMgr,['DistributedCameraSinkMgr'],False
services/cameraservice/sinkservice/include/distributedcameramgr/listener/dcamera_sink_data_process_listener.h,160,OnError,functionproto,services/cameraservice/sinkservice/include/distributedcameramgr/listener/dcamera_sink_data_process_listener.h,2390,DistributedCameraSinkMgr,['DistributedCameraSinkMgr'],False
camera_hdf/interfaces/hdi_ipc/client/provider/dcamera_provider_proxy.h,49,DCameraProviderProxy,functionimpl,camera_hdf/interfaces/hdi_ipc/client/provider/dcamera_provider_proxy.h,1033,VirtualCameraHdf,['VirtualCameraHdf'],False
camera_hdf/interfaces/hdi_ipc/client/provider/dcamera_provider_proxy.h,49,impl,var,camera_hdf/interfaces/hdi_ipc/client/provider/dcamera_provider_proxy.h,1044,VirtualCameraHdf,['VirtualCameraHdf'],False
camera_hdf/interfaces/hdi_ipc/client/provider/dcamera_provider_proxy.h,49,delegator_,var,camera_hdf/interfaces/hdi_ipc/client/provider/dcamera_provider_proxy.h,1043,VirtualCameraHdf,['VirtualCameraHdf'],False
services/cameraservice/cameraoperator/client/src/listener/dcamera_video_surface_listener_common.cpp,136,DCameraVideoSurfaceListener,functionimpl,services/cameraservice/cameraoperator/client/src/listener/dcamera_video_surface_listener_common.cpp,2101,utils,['utils'],False
services/cameraservice/cameraoperator/client/src/listener/dcamera_video_surface_listener_common.cpp,136,surface,var,services/cameraservice/cameraoperator/client/src/listener/dcamera_video_surface_listener_common.cpp,2110,utils,['utils'],False
services/cameraservice/cameraoperator/client/src/listener/dcamera_video_surface_listener_common.cpp,136,callback,var,services/cameraservice/cameraoperator/client/src/listener/dcamera_video_surface_listener_common.cpp,2104,utils,['utils'],False
services/cameraservice/cameraoperator/client/src/listener/dcamera_video_surface_listener_common.cpp,136,OnBufferAvailable,functionimpl,services/cameraservice/cameraoperator/client/src/listener/dcamera_video_surface_listener_common.cpp,2102,utils,['utils'],False
services/cameraservice/cameraoperator/client/src/listener/dcamera_video_surface_listener_common.cpp,136,flushFence,var,services/cameraservice/cameraoperator/client/src/listener/dcamera_video_surface_listener_common.cpp,2106,utils,['utils'],False
services/cameraservice/cameraoperator/client/src/listener/dcamera_video_surface_listener_common.cpp,136,timestamp,var,services/cameraservice/cameraoperator/client/src/listener/dcamera_video_surface_listener_common.cpp,2111,utils,['utils'],False
services/cameraservice/cameraoperator/client/src/listener/dcamera_video_surface_listener_common.cpp,136,damage,var,services/cameraservice/cameraoperator/client/src/listener/dcamera_video_surface_listener_common.cpp,2105,utils,['utils'],False
services/cameraservice/cameraoperator/client/src/listener/dcamera_video_surface_listener_common.cpp,136,width,var,services/cameraservice/cameraoperator/client/src/listener/dcamera_video_surface_listener_common.cpp,2112,utils,['utils'],False
services/cameraservice/cameraoperator/client/src/listener/dcamera_video_surface_listener_common.cpp,136,height,var,services/cameraservice/cameraoperator/client/src/listener/dcamera_video_surface_listener_common.cpp,2107,utils,['utils'],False
services/cameraservice/cameraoperator/client/src/listener/dcamera_video_surface_listener_common.cpp,136,address,var,services/cameraservice/cameraoperator/client/src/listener/dcamera_video_surface_listener_common.cpp,2103,utils,['utils'],False
services/cameraservice/cameraoperator/client/src/listener/dcamera_video_surface_listener_common.cpp,136,size,var,services/cameraservice/cameraoperator/client/src/listener/dcamera_video_surface_listener_common.cpp,2109,utils,['utils'],False
services/cameraservice/cameraoperator/client/src/listener/dcamera_video_surface_listener_common.cpp,136,ret,var,services/cameraservice/cameraoperator/client/src/listener/dcamera_video_surface_listener_common.cpp,2108,utils,['utils'],False
services/cameraservice/sourceservice/src/distributedcamera/distributed_camera_source_stub.cpp,222,DistributedCameraSourceStub,functionimpl,services/cameraservice/sourceservice/src/distributedcamera/distributed_camera_source_stub.cpp,3168,DistributedCameraSourceMgr,['DistributedCameraSourceMgr'],False
services/cameraservice/sourceservice/src/distributedcamera/distributed_camera_source_stub.cpp,222,InitSourceInner,functionimpl,services/cameraservice/sourceservice/src/distributedcamera/distributed_camera_source_stub.cpp,3169,DistributedCameraSourceMgr,['DistributedCameraSourceMgr'],False
services/cameraservice/sourceservice/src/distributedcamera/distributed_camera_source_stub.cpp,222,ReleaseSourceInner,functionimpl,services/cameraservice/sourceservice/src/distributedcamera/distributed_camera_source_stub.cpp,3172,DistributedCameraSourceMgr,['DistributedCameraSourceMgr'],False
services/cameraservice/sourceservice/src/distributedcamera/distributed_camera_source_stub.cpp,222,RegisterDistributedHardwareInner,functionimpl,services/cameraservice/sourceservice/src/distributedcamera/distributed_camera_source_stub.cpp,3171,DistributedCameraSourceMgr,['DistributedCameraSourceMgr'],False
services/cameraservice/sourceservice/src/distributedcamera/distributed_camera_source_stub.cpp,222,UnregisterDistributedHardwareInner,functionimpl,services/cameraservice/sourceservice/src/distributedcamera/distributed_camera_source_stub.cpp,3173,DistributedCameraSourceMgr,['DistributedCameraSourceMgr'],False
services/cameraservice/sourceservice/src/distributedcamera/distributed_camera_source_stub.cpp,222,DCameraNotifyInner,functionimpl,services/cameraservice/sourceservice/src/distributedcamera/distributed_camera_source_stub.cpp,3167,DistributedCameraSourceMgr,['DistributedCameraSourceMgr'],False
services/cameraservice/sourceservice/src/distributedcamera/distributed_camera_source_stub.cpp,222,OnRemoteRequest,functionimpl,services/cameraservice/sourceservice/src/distributedcamera/distributed_camera_source_stub.cpp,3170,DistributedCameraSourceMgr,['DistributedCameraSourceMgr'],False
services/cameraservice/sourceservice/src/distributedcamera/distributed_camera_source_stub.cpp,222,code,var,services/cameraservice/sourceservice/src/distributedcamera/distributed_camera_source_stub.cpp,3175,DistributedCameraSourceMgr,['DistributedCameraSourceMgr'],False
services/cameraservice/sourceservice/src/distributedcamera/distributed_camera_source_stub.cpp,222,data,var,services/cameraservice/sourceservice/src/distributedcamera/distributed_camera_source_stub.cpp,3176,DistributedCameraSourceMgr,['DistributedCameraSourceMgr'],False
services/cameraservice/sourceservice/src/distributedcamera/distributed_camera_source_stub.cpp,222,desc,var,services/cameraservice/sourceservice/src/distributedcamera/distributed_camera_source_stub.cpp,3177,DistributedCameraSourceMgr,['DistributedCameraSourceMgr'],False
services/cameraservice/sourceservice/src/distributedcamera/distributed_camera_source_stub.cpp,222,remoteDesc,var,services/cameraservice/sourceservice/src/distributedcamera/distributed_camera_source_stub.cpp,3185,DistributedCameraSourceMgr,['DistributedCameraSourceMgr'],False
services/cameraservice/sourceservice/src/distributedcamera/distributed_camera_source_stub.cpp,222,itFunc,var,services/cameraservice/sourceservice/src/distributedcamera/distributed_camera_source_stub.cpp,3181,DistributedCameraSourceMgr,['DistributedCameraSourceMgr'],False
services/cameraservice/sourceservice/src/distributedcamera/distributed_camera_source_stub.cpp,222,reply,var,services/cameraservice/sourceservice/src/distributedcamera/distributed_camera_source_stub.cpp,3186,DistributedCameraSourceMgr,['DistributedCameraSourceMgr'],False
services/cameraservice/sourceservice/src/distributedcamera/distributed_camera_source_stub.cpp,222,option,var,services/cameraservice/sourceservice/src/distributedcamera/distributed_camera_source_stub.cpp,3183,DistributedCameraSourceMgr,['DistributedCameraSourceMgr'],False
services/cameraservice/sourceservice/src/distributedcamera/distributed_camera_source_stub.cpp,222,memberFunc,var,services/cameraservice/sourceservice/src/distributedcamera/distributed_camera_source_stub.cpp,3182,DistributedCameraSourceMgr,['DistributedCameraSourceMgr'],False
services/cameraservice/sourceservice/src/distributedcamera/distributed_camera_source_stub.cpp,222,ret,var,services/cameraservice/sourceservice/src/distributedcamera/distributed_camera_source_stub.cpp,3188,DistributedCameraSourceMgr,['DistributedCameraSourceMgr'],False
services/cameraservice/sourceservice/src/distributedcamera/distributed_camera_source_stub.cpp,222,params,var,services/cameraservice/sourceservice/src/distributedcamera/distributed_camera_source_stub.cpp,3184,DistributedCameraSourceMgr,['DistributedCameraSourceMgr'],False
services/cameraservice/sourceservice/src/distributedcamera/distributed_camera_source_stub.cpp,222,devId,var,services/cameraservice/sourceservice/src/distributedcamera/distributed_camera_source_stub.cpp,3178,DistributedCameraSourceMgr,['DistributedCameraSourceMgr'],False
services/cameraservice/sourceservice/src/distributedcamera/distributed_camera_source_stub.cpp,222,dhId,var,services/cameraservice/sourceservice/src/distributedcamera/distributed_camera_source_stub.cpp,3179,DistributedCameraSourceMgr,['DistributedCameraSourceMgr'],False
services/cameraservice/sourceservice/src/distributedcamera/distributed_camera_source_stub.cpp,222,reqId,var,services/cameraservice/sourceservice/src/distributedcamera/distributed_camera_source_stub.cpp,3187,DistributedCameraSourceMgr,['DistributedCameraSourceMgr'],False
services/cameraservice/sourceservice/src/distributedcamera/distributed_camera_source_stub.cpp,222,events,var,services/cameraservice/sourceservice/src/distributedcamera/distributed_camera_source_stub.cpp,3180,DistributedCameraSourceMgr,['DistributedCameraSourceMgr'],False
camera_hdf/interfaces/include/types.h,73,_DCCaptureInfo,type,camera_hdf/interfaces/include/types.h,1383,VirtualCameraHdf,['VirtualCameraHdf'],False
camera_hdf/interfaces/include/types.h,73,DCCaptureInfo,alias,camera_hdf/interfaces/include/types.h,1370,VirtualCameraHdf,['VirtualCameraHdf'],False
camera_hdf/interfaces/include/types.h,73,_DCameraSettings,type,camera_hdf/interfaces/include/types.h,1389,VirtualCameraHdf,['VirtualCameraHdf'],False
camera_hdf/interfaces/include/types.h,73,DCameraSettings,alias,camera_hdf/interfaces/include/types.h,1377,VirtualCameraHdf,['VirtualCameraHdf'],False
services/data_process/src/pipeline_node/fpscontroller/fps_controller_process.cpp,273,ReleaseProcessNode,functionimpl,services/data_process/src/pipeline_node/fpscontroller/fps_controller_process.cpp,4245,CameraDataProcessCommon,['CameraDataProcessCommon'],False
services/data_process/src/pipeline_node/fpscontroller/fps_controller_process.cpp,273,i,var,services/data_process/src/pipeline_node/fpscontroller/fps_controller_process.cpp,4253,CameraDataProcessCommon,['CameraDataProcessCommon'],False
services/data_process/src/pipeline_node/fpscontroller/fps_controller_process.cpp,273,ProcessData,functionimpl,services/data_process/src/pipeline_node/fpscontroller/fps_controller_process.cpp,4243,CameraDataProcessCommon,['CameraDataProcessCommon'],False
services/data_process/src/pipeline_node/fpscontroller/fps_controller_process.cpp,273,inputBuffers,var,services/data_process/src/pipeline_node/fpscontroller/fps_controller_process.cpp,4256,CameraDataProcessCommon,['CameraDataProcessCommon'],False
services/data_process/src/pipeline_node/fpscontroller/fps_controller_process.cpp,273,timeStampUs,var,services/data_process/src/pipeline_node/fpscontroller/fps_controller_process.cpp,4272,CameraDataProcessCommon,['CameraDataProcessCommon'],False
services/data_process/src/pipeline_node/fpscontroller/fps_controller_process.cpp,273,nowTimeMs,var,services/data_process/src/pipeline_node/fpscontroller/fps_controller_process.cpp,4268,CameraDataProcessCommon,['CameraDataProcessCommon'],False
services/data_process/src/pipeline_node/fpscontroller/fps_controller_process.cpp,273,curFrameRate,var,services/data_process/src/pipeline_node/fpscontroller/fps_controller_process.cpp,4250,CameraDataProcessCommon,['CameraDataProcessCommon'],False
services/data_process/src/pipeline_node/fpscontroller/fps_controller_process.cpp,273,UpdateFPSControllerInfo,functionimpl,services/data_process/src/pipeline_node/fpscontroller/fps_controller_process.cpp,4246,CameraDataProcessCommon,['CameraDataProcessCommon'],False
services/data_process/src/pipeline_node/fpscontroller/fps_controller_process.cpp,273,nowMs,var,services/data_process/src/pipeline_node/fpscontroller/fps_controller_process.cpp,4267,CameraDataProcessCommon,['CameraDataProcessCommon'],False
services/data_process/src/pipeline_node/fpscontroller/fps_controller_process.cpp,273,UpdateFrameRateCorrectionFactor,functionimpl,services/data_process/src/pipeline_node/fpscontroller/fps_controller_process.cpp,4247,CameraDataProcessCommon,['CameraDataProcessCommon'],False
services/data_process/src/pipeline_node/fpscontroller/fps_controller_process.cpp,273,maxInstantaneousFrameRateCoefficient,var,services/data_process/src/pipeline_node/fpscontroller/fps_controller_process.cpp,4261,CameraDataProcessCommon,['CameraDataProcessCommon'],False
services/data_process/src/pipeline_node/fpscontroller/fps_controller_process.cpp,273,msPerSecond,var,services/data_process/src/pipeline_node/fpscontroller/fps_controller_process.cpp,4266,CameraDataProcessCommon,['CameraDataProcessCommon'],False
services/data_process/src/pipeline_node/fpscontroller/fps_controller_process.cpp,273,instantaneousFrameRate,var,services/data_process/src/pipeline_node/fpscontroller/fps_controller_process.cpp,4257,CameraDataProcessCommon,['CameraDataProcessCommon'],False
services/data_process/src/pipeline_node/fpscontroller/fps_controller_process.cpp,273,maxInstantaneousFrameRateThreshold,var,services/data_process/src/pipeline_node/fpscontroller/fps_controller_process.cpp,4262,CameraDataProcessCommon,['CameraDataProcessCommon'],False
services/data_process/src/pipeline_node/fpscontroller/fps_controller_process.cpp,273,minDropFrmValue,var,services/data_process/src/pipeline_node/fpscontroller/fps_controller_process.cpp,4263,CameraDataProcessCommon,['CameraDataProcessCommon'],False
services/data_process/src/pipeline_node/fpscontroller/fps_controller_process.cpp,273,maxDropFrmValue,var,services/data_process/src/pipeline_node/fpscontroller/fps_controller_process.cpp,4260,CameraDataProcessCommon,['CameraDataProcessCommon'],False
services/data_process/src/pipeline_node/fpscontroller/fps_controller_process.cpp,273,UpdateIncomingFrameTimes,functionimpl,services/data_process/src/pipeline_node/fpscontroller/fps_controller_process.cpp,4248,CameraDataProcessCommon,['CameraDataProcessCommon'],False
services/data_process/src/pipeline_node/fpscontroller/fps_controller_process.cpp,273,intervalNewAndFirst,var,services/data_process/src/pipeline_node/fpscontroller/fps_controller_process.cpp,4258,CameraDataProcessCommon,['CameraDataProcessCommon'],False
services/data_process/src/pipeline_node/fpscontroller/fps_controller_process.cpp,273,windowLeftNum,var,services/data_process/src/pipeline_node/fpscontroller/fps_controller_process.cpp,4275,CameraDataProcessCommon,['CameraDataProcessCommon'],False
services/data_process/src/pipeline_node/fpscontroller/fps_controller_process.cpp,273,CalculateFrameRate,functionimpl,services/data_process/src/pipeline_node/fpscontroller/fps_controller_process.cpp,4239,CameraDataProcessCommon,['CameraDataProcessCommon'],False
services/data_process/src/pipeline_node/fpscontroller/fps_controller_process.cpp,273,num,var,services/data_process/src/pipeline_node/fpscontroller/fps_controller_process.cpp,4269,CameraDataProcessCommon,['CameraDataProcessCommon'],False
services/data_process/src/pipeline_node/fpscontroller/fps_controller_process.cpp,273,validFramesNumber,var,services/data_process/src/pipeline_node/fpscontroller/fps_controller_process.cpp,4273,CameraDataProcessCommon,['CameraDataProcessCommon'],False
services/data_process/src/pipeline_node/fpscontroller/fps_controller_process.cpp,273,minIncomingFrameNum,var,services/data_process/src/pipeline_node/fpscontroller/fps_controller_process.cpp,4264,CameraDataProcessCommon,['CameraDataProcessCommon'],False
services/data_process/src/pipeline_node/fpscontroller/fps_controller_process.cpp,273,minValidCalculatedFrameRatesNum,var,services/data_process/src/pipeline_node/fpscontroller/fps_controller_process.cpp,4265,CameraDataProcessCommon,['CameraDataProcessCommon'],False
services/data_process/src/pipeline_node/fpscontroller/fps_controller_process.cpp,273,validTotalTimeDifference,var,services/data_process/src/pipeline_node/fpscontroller/fps_controller_process.cpp,4274,CameraDataProcessCommon,['CameraDataProcessCommon'],False
services/data_process/src/pipeline_node/fpscontroller/fps_controller_process.cpp,273,IsDropFrame,functionimpl,services/data_process/src/pipeline_node/fpscontroller/fps_controller_process.cpp,4242,CameraDataProcessCommon,['CameraDataProcessCommon'],False
services/data_process/src/pipeline_node/fpscontroller/fps_controller_process.cpp,273,incomingFps,var,services/data_process/src/pipeline_node/fpscontroller/fps_controller_process.cpp,4254,CameraDataProcessCommon,['CameraDataProcessCommon'],False
services/data_process/src/pipeline_node/fpscontroller/fps_controller_process.cpp,273,incomingFrmRate,var,services/data_process/src/pipeline_node/fpscontroller/fps_controller_process.cpp,4255,CameraDataProcessCommon,['CameraDataProcessCommon'],False
services/data_process/src/pipeline_node/fpscontroller/fps_controller_process.cpp,273,isDrop,var,services/data_process/src/pipeline_node/fpscontroller/fps_controller_process.cpp,4259,CameraDataProcessCommon,['CameraDataProcessCommon'],False
services/data_process/src/pipeline_node/fpscontroller/fps_controller_process.cpp,273,ReduceFrameRateByUniformStrategy,functionimpl,services/data_process/src/pipeline_node/fpscontroller/fps_controller_process.cpp,4244,CameraDataProcessCommon,['CameraDataProcessCommon'],False
services/data_process/src/pipeline_node/fpscontroller/fps_controller_process.cpp,273,overshoot,var,services/data_process/src/pipeline_node/fpscontroller/fps_controller_process.cpp,4271,CameraDataProcessCommon,['CameraDataProcessCommon'],False
services/data_process/src/pipeline_node/fpscontroller/fps_controller_process.cpp,273,dropVar,var,services/data_process/src/pipeline_node/fpscontroller/fps_controller_process.cpp,4251,CameraDataProcessCommon,['CameraDataProcessCommon'],False
services/data_process/src/pipeline_node/fpscontroller/fps_controller_process.cpp,273,FpsControllerDone,functionimpl,services/data_process/src/pipeline_node/fpscontroller/fps_controller_process.cpp,4240,CameraDataProcessCommon,['CameraDataProcessCommon'],False
services/data_process/src/pipeline_node/fpscontroller/fps_controller_process.cpp,273,outputBuffers,var,services/data_process/src/pipeline_node/fpscontroller/fps_controller_process.cpp,4270,CameraDataProcessCommon,['CameraDataProcessCommon'],False
services/data_process/src/pipeline_node/fpscontroller/fps_controller_process.cpp,273,err,var,services/data_process/src/pipeline_node/fpscontroller/fps_controller_process.cpp,4252,CameraDataProcessCommon,['CameraDataProcessCommon'],False
services/cameraservice/sourceservice/include/distributedcameramgr/dcamerainterface/icamera_input.h,208,icamera_input,file,services/cameraservice/sourceservice/include/distributedcameramgr/dcamerainterface/icamera_input.h,3016,DistributedCameraSourceMgr,['DistributedCameraSourceMgr'],False
services/cameraservice/sourceservice/include/distributedcameramgr/dcamera_source_dev.h,196,input_,var,services/cameraservice/sourceservice/include/distributedcameramgr/dcamera_source_dev.h,2851,DistributedCameraSourceMgr,['DistributedCameraSourceMgr'],False
services/cameraservice/sourceservice/include/distributedcameramgr/dcamerainterface/icamera_input.h,208,ICameraInput,type,services/cameraservice/sourceservice/include/distributedcameramgr/dcamerainterface/icamera_input.h,3017,DistributedCameraSourceMgr,['DistributedCameraSourceMgr'],False
services/cameraservice/sinkservice/include/distributedcameramgr/eventbus/dcamera_video_output_event.h,155,dcamera_video_output_event,file,services/cameraservice/sinkservice/include/distributedcameramgr/eventbus/dcamera_video_output_event.h,2370,DistributedCameraSinkMgr,['DistributedCameraSinkMgr'],False
services/cameraservice/sinkservice/include/distributedcameramgr/eventbus/dcamera_video_output_event.h,155,GetParam,functionproto,services/cameraservice/sinkservice/include/distributedcameramgr/eventbus/dcamera_video_output_event.h,2372,DistributedCameraSinkMgr,['DistributedCameraSinkMgr'],False
services/cameraservice/sinkservice/include/distributedcameramgr/eventbus/dcamera_video_output_event.h,155,param_,var,services/cameraservice/sinkservice/include/distributedcameramgr/eventbus/dcamera_video_output_event.h,2374,DistributedCameraSinkMgr,['DistributedCameraSinkMgr'],False
services/channel/src/dcamera_channel_sink_impl.cpp,251,CreateSession,functionimpl,services/channel/src/dcamera_channel_sink_impl.cpp,3741,ChannelSink,['ChannelSink'],False
services/data_process/src/pipeline_node/colorspace_conversion/convert_nv12_to_nv21.cpp,272,convert_nv12_to_nv21,file,services/data_process/src/pipeline_node/colorspace_conversion/convert_nv12_to_nv21.cpp,4180,CameraDataProcessCommon,['CameraDataProcessCommon'],False
services/data_process/include/pipeline_node/colorspace_conversion/convert_nv12_to_nv21.h,262,convert_nv12_to_nv21,file,services/data_process/include/pipeline_node/colorspace_conversion/convert_nv12_to_nv21.h,3981,CameraDataProcessCommon,['CameraDataProcessCommon'],False
services/data_process/src/pipeline_node/colorspace_conversion/convert_nv12_to_nv21.cpp,272,IsConvertible,functionimpl,services/data_process/src/pipeline_node/colorspace_conversion/convert_nv12_to_nv21.cpp,4187,CameraDataProcessCommon,['CameraDataProcessCommon'],False
services/data_process/include/pipeline_node/colorspace_conversion/convert_nv12_to_nv21.h,262,IsConvertible,functionproto,services/data_process/include/pipeline_node/colorspace_conversion/convert_nv12_to_nv21.h,3988,CameraDataProcessCommon,['CameraDataProcessCommon'],False
services/data_process/src/pipeline_node/colorspace_conversion/convert_nv12_to_nv21.cpp,272,GetImageUnitInfo,functionimpl,services/data_process/src/pipeline_node/colorspace_conversion/convert_nv12_to_nv21.cpp,4186,CameraDataProcessCommon,['CameraDataProcessCommon'],False
services/data_process/include/pipeline_node/colorspace_conversion/convert_nv12_to_nv21.h,262,GetImageUnitInfo,functionproto,services/data_process/include/pipeline_node/colorspace_conversion/convert_nv12_to_nv21.h,3987,CameraDataProcessCommon,['CameraDataProcessCommon'],False
services/data_process/src/pipeline_node/colorspace_conversion/convert_nv12_to_nv21.cpp,272,IsCorrectImageUnitInfo,functionimpl,services/data_process/src/pipeline_node/colorspace_conversion/convert_nv12_to_nv21.cpp,4188,CameraDataProcessCommon,['CameraDataProcessCommon'],False
services/data_process/include/pipeline_node/colorspace_conversion/convert_nv12_to_nv21.h,262,IsCorrectImageUnitInfo,functionproto,services/data_process/include/pipeline_node/colorspace_conversion/convert_nv12_to_nv21.h,3989,CameraDataProcessCommon,['CameraDataProcessCommon'],False
services/data_process/src/pipeline_node/colorspace_conversion/convert_nv12_to_nv21.cpp,272,CheckColorConvertInfo,functionimpl,services/data_process/src/pipeline_node/colorspace_conversion/convert_nv12_to_nv21.cpp,4181,CameraDataProcessCommon,['CameraDataProcessCommon'],False
services/data_process/include/pipeline_node/colorspace_conversion/convert_nv12_to_nv21.h,262,CheckColorConvertInfo,functionproto,services/data_process/include/pipeline_node/colorspace_conversion/convert_nv12_to_nv21.h,3982,CameraDataProcessCommon,['CameraDataProcessCommon'],False
services/data_process/src/pipeline_node/colorspace_conversion/convert_nv12_to_nv21.cpp,272,SeparateUVPlaneByRow,functionimpl,services/data_process/src/pipeline_node/colorspace_conversion/convert_nv12_to_nv21.cpp,4191,CameraDataProcessCommon,['CameraDataProcessCommon'],False
services/data_process/include/pipeline_node/colorspace_conversion/convert_nv12_to_nv21.h,262,SeparateUVPlaneByRow,functionproto,services/data_process/include/pipeline_node/colorspace_conversion/convert_nv12_to_nv21.h,3992,CameraDataProcessCommon,['CameraDataProcessCommon'],False
services/data_process/src/pipeline_node/colorspace_conversion/convert_nv12_to_nv21.cpp,272,SeparateNV12UVPlane,functionimpl,services/data_process/src/pipeline_node/colorspace_conversion/convert_nv12_to_nv21.cpp,4190,CameraDataProcessCommon,['CameraDataProcessCommon'],False
services/data_process/include/pipeline_node/colorspace_conversion/convert_nv12_to_nv21.h,262,SeparateNV12UVPlane,functionproto,services/data_process/include/pipeline_node/colorspace_conversion/convert_nv12_to_nv21.h,3991,CameraDataProcessCommon,['CameraDataProcessCommon'],False
services/data_process/src/pipeline_node/colorspace_conversion/convert_nv12_to_nv21.cpp,272,CombineUVPlaneByRow,functionimpl,services/data_process/src/pipeline_node/colorspace_conversion/convert_nv12_to_nv21.cpp,4184,CameraDataProcessCommon,['CameraDataProcessCommon'],False
services/data_process/include/pipeline_node/colorspace_conversion/convert_nv12_to_nv21.h,262,CombineUVPlaneByRow,functionproto,services/data_process/include/pipeline_node/colorspace_conversion/convert_nv12_to_nv21.h,3985,CameraDataProcessCommon,['CameraDataProcessCommon'],False
services/data_process/src/pipeline_node/colorspace_conversion/convert_nv12_to_nv21.cpp,272,CombineNV12UVPlane,functionimpl,services/data_process/src/pipeline_node/colorspace_conversion/convert_nv12_to_nv21.cpp,4183,CameraDataProcessCommon,['CameraDataProcessCommon'],False
services/data_process/include/pipeline_node/colorspace_conversion/convert_nv12_to_nv21.h,262,CombineNV12UVPlane,functionproto,services/data_process/include/pipeline_node/colorspace_conversion/convert_nv12_to_nv21.h,3984,CameraDataProcessCommon,['CameraDataProcessCommon'],False
services/data_process/src/pipeline_node/colorspace_conversion/convert_nv12_to_nv21.cpp,272,CopyYPlane,functionimpl,services/data_process/src/pipeline_node/colorspace_conversion/convert_nv12_to_nv21.cpp,4185,CameraDataProcessCommon,['CameraDataProcessCommon'],False
services/data_process/include/pipeline_node/colorspace_conversion/convert_nv12_to_nv21.h,262,CopyYPlane,functionproto,services/data_process/include/pipeline_node/colorspace_conversion/convert_nv12_to_nv21.h,3986,CameraDataProcessCommon,['CameraDataProcessCommon'],False
services/data_process/src/pipeline_node/colorspace_conversion/convert_nv12_to_nv21.cpp,272,ColorConvertNV12ToNV21,functionimpl,services/data_process/src/pipeline_node/colorspace_conversion/convert_nv12_to_nv21.cpp,4182,CameraDataProcessCommon,['CameraDataProcessCommon'],False
services/data_process/include/pipeline_node/colorspace_conversion/convert_nv12_to_nv21.h,262,ColorConvertNV12ToNV21,functionproto,services/data_process/include/pipeline_node/colorspace_conversion/convert_nv12_to_nv21.h,3983,CameraDataProcessCommon,['CameraDataProcessCommon'],False
services/data_process/src/pipeline_node/colorspace_conversion/convert_nv12_to_nv21.cpp,272,ProcessData,functionimpl,services/data_process/src/pipeline_node/colorspace_conversion/convert_nv12_to_nv21.cpp,4189,CameraDataProcessCommon,['CameraDataProcessCommon'],False
services/data_process/include/pipeline_node/colorspace_conversion/convert_nv12_to_nv21.h,262,ProcessData,functionproto,services/data_process/include/pipeline_node/colorspace_conversion/convert_nv12_to_nv21.h,3990,CameraDataProcessCommon,['CameraDataProcessCommon'],False
services/channel/src/dcamera_channel_sink_impl.cpp,251,dcamera_channel_sink_impl,file,services/channel/src/dcamera_channel_sink_impl.cpp,3739,ChannelSink,['ChannelSink'],False
services/channel/include/dcamera_softbus_adapter.h,247,dcamera_softbus_adapter,file,services/channel/include/dcamera_softbus_adapter.h,3669,ChannelCommon,['ChannelCommon'],False
camera_hdf/interfaces/hdi_ipc/client/provider/dcamera_provider_proxy.cpp,48,Get,functionimpl,camera_hdf/interfaces/hdi_ipc/client/provider/dcamera_provider_proxy.cpp,1012,VirtualCameraHdf,['VirtualCameraHdf'],False
services/channel/src/dcamera_channel_sink_impl.cpp,251,DCameraChannelSinkImpl,functionimpl,services/channel/src/dcamera_channel_sink_impl.cpp,3742,ChannelSink,['ChannelSink'],False
services/channel/include/dcamera_channel_sink_impl.h,245,DCameraChannelSinkImpl,functionproto,services/channel/include/dcamera_channel_sink_impl.h,3647,ChannelSink,['ChannelSink'],False
services/channel/src/dcamera_channel_sink_impl.cpp,251,~DCameraChannelSinkImpl,functionimpl,services/channel/src/dcamera_channel_sink_impl.cpp,3746,ChannelSink,['ChannelSink'],False
services/channel/include/dcamera_channel_sink_impl.h,245,~DCameraChannelSinkImpl,functionproto,services/channel/include/dcamera_channel_sink_impl.h,3651,ChannelSink,['ChannelSink'],False
services/channel/src/dcamera_channel_sink_impl.cpp,251,OpenSession,functionimpl,services/channel/src/dcamera_channel_sink_impl.cpp,3743,ChannelSink,['ChannelSink'],False
services/channel/include/dcamera_channel_sink_impl.h,245,OpenSession,functionproto,services/channel/include/dcamera_channel_sink_impl.h,3648,ChannelSink,['ChannelSink'],False
services/channel/src/dcamera_channel_sink_impl.cpp,251,CloseSession,functionimpl,services/channel/src/dcamera_channel_sink_impl.cpp,3740,ChannelSink,['ChannelSink'],False
services/channel/include/dcamera_channel_sink_impl.h,245,CloseSession,functionproto,services/channel/include/dcamera_channel_sink_impl.h,3645,ChannelSink,['ChannelSink'],False
services/channel/include/dcamera_channel_sink_impl.h,245,CreateSession,functionproto,services/channel/include/dcamera_channel_sink_impl.h,3646,ChannelSink,['ChannelSink'],False
services/channel/src/dcamera_channel_sink_impl.cpp,251,ReleaseSession,functionimpl,services/channel/src/dcamera_channel_sink_impl.cpp,3744,ChannelSink,['ChannelSink'],False
services/channel/include/dcamera_channel_sink_impl.h,245,ReleaseSession,functionproto,services/channel/include/dcamera_channel_sink_impl.h,3649,ChannelSink,['ChannelSink'],False
services/channel/src/dcamera_channel_sink_impl.cpp,251,SendData,functionimpl,services/channel/src/dcamera_channel_sink_impl.cpp,3745,ChannelSink,['ChannelSink'],False
services/channel/include/dcamera_channel_sink_impl.h,245,SendData,functionproto,services/channel/include/dcamera_channel_sink_impl.h,3650,ChannelSink,['ChannelSink'],False
services/cameraservice/cameraoperator/client/src/listener/dcamera_video_surface_listener_common.cpp,136,dcamera_video_surface_listener_common,file,services/cameraservice/cameraoperator/client/src/listener/dcamera_video_surface_listener_common.cpp,2100,utils,['utils'],False
services/cameraservice/cameraoperator/client/include/listener/dcamera_video_surface_listener.h,124,dcamera_video_surface_listener,file,services/cameraservice/cameraoperator/client/include/listener/dcamera_video_surface_listener.h,1957,utils,['utils'],False
services/cameraservice/cameraoperator/client/include/listener/dcamera_video_surface_listener.h,124,DCameraVideoSurfaceListener,functionproto,services/cameraservice/cameraoperator/client/include/listener/dcamera_video_surface_listener.h,1958,utils,['utils'],False
services/cameraservice/cameraoperator/client/include/listener/dcamera_video_surface_listener.h,124,OnBufferAvailable,functionproto,services/cameraservice/cameraoperator/client/include/listener/dcamera_video_surface_listener.h,1959,utils,['utils'],False
services/channel/src/dcamera_channel_sink_impl.cpp,251,ret,var,services/channel/src/dcamera_channel_sink_impl.cpp,3753,ChannelSink,['ChannelSink'],False
services/channel/src/dcamera_channel_sink_impl.cpp,251,camIndexs,var,services/channel/src/dcamera_channel_sink_impl.cpp,3748,ChannelSink,['ChannelSink'],False
services/channel/src/dcamera_channel_sink_impl.cpp,251,listener,var,services/channel/src/dcamera_channel_sink_impl.cpp,3749,ChannelSink,['ChannelSink'],False
services/channel/src/dcamera_channel_sink_impl.cpp,251,sessionFlag,var,services/channel/src/dcamera_channel_sink_impl.cpp,3754,ChannelSink,['ChannelSink'],False
services/channel/src/dcamera_channel_sink_impl.cpp,251,sessionMode,var,services/channel/src/dcamera_channel_sink_impl.cpp,3755,ChannelSink,['ChannelSink'],False
services/channel/src/dcamera_channel_sink_impl.cpp,251,myDevId,var,services/channel/src/dcamera_channel_sink_impl.cpp,3750,ChannelSink,['ChannelSink'],False
services/channel/src/dcamera_channel_sink_impl.cpp,251,peerDevId,var,services/channel/src/dcamera_channel_sink_impl.cpp,3751,ChannelSink,['ChannelSink'],False
services/channel/src/dcamera_channel_sink_impl.cpp,251,peerSessionName,var,services/channel/src/dcamera_channel_sink_impl.cpp,3752,ChannelSink,['ChannelSink'],False
services/channel/src/dcamera_channel_sink_impl.cpp,251,buffer,var,services/channel/src/dcamera_channel_sink_impl.cpp,3747,ChannelSink,['ChannelSink'],False
services/cameraservice/sourceservice/include/distributedcameramgr/dcameradata/dcamera_source_input.h,202,dcamera_source_input,file,services/cameraservice/sourceservice/include/distributedcameramgr/dcameradata/dcamera_source_input.h,2936,DistributedCameraSourceMgr,['DistributedCameraSourceMgr'],False
services/cameraservice/sourceservice/include/distributedcameramgr/dcameradata/dcamera_source_input.h,202,DCameraSourceInput,type,services/cameraservice/sourceservice/include/distributedcameramgr/dcameradata/dcamera_source_input.h,2952,DistributedCameraSourceMgr,['DistributedCameraSourceMgr'],False
services/data_process/src/pipeline_node/fpscontroller/fps_controller_process.cpp,273,fps_controller_process,file,services/data_process/src/pipeline_node/fpscontroller/fps_controller_process.cpp,4238,CameraDataProcessCommon,['CameraDataProcessCommon'],False
services/data_process/include/pipeline_node/fpscontroller/fps_controller_process.h,263,fps_controller_process,file,services/data_process/include/pipeline_node/fpscontroller/fps_controller_process.h,3994,CameraDataProcessCommon,['CameraDataProcessCommon'],False
services/data_process/src/pipeline_node/fpscontroller/fps_controller_process.cpp,273,~FpsControllerProcess,functionimpl,services/data_process/src/pipeline_node/fpscontroller/fps_controller_process.cpp,4249,CameraDataProcessCommon,['CameraDataProcessCommon'],False
services/data_process/include/pipeline_node/fpscontroller/fps_controller_process.h,263,~FpsControllerProcess,functionproto,services/data_process/include/pipeline_node/fpscontroller/fps_controller_process.h,4006,CameraDataProcessCommon,['CameraDataProcessCommon'],False
services/data_process/src/pipeline_node/fpscontroller/fps_controller_process.cpp,273,InitNode,functionimpl,services/data_process/src/pipeline_node/fpscontroller/fps_controller_process.cpp,4241,CameraDataProcessCommon,['CameraDataProcessCommon'],False
services/data_process/include/pipeline_node/fpscontroller/fps_controller_process.h,263,InitNode,functionproto,services/data_process/include/pipeline_node/fpscontroller/fps_controller_process.h,3998,CameraDataProcessCommon,['CameraDataProcessCommon'],False
services/data_process/include/pipeline_node/fpscontroller/fps_controller_process.h,263,ReleaseProcessNode,functionproto,services/data_process/include/pipeline_node/fpscontroller/fps_controller_process.h,4002,CameraDataProcessCommon,['CameraDataProcessCommon'],False
services/data_process/include/pipeline_node/fpscontroller/fps_controller_process.h,263,ProcessData,functionproto,services/data_process/include/pipeline_node/fpscontroller/fps_controller_process.h,4000,CameraDataProcessCommon,['CameraDataProcessCommon'],False
services/data_process/include/pipeline_node/fpscontroller/fps_controller_process.h,263,UpdateFPSControllerInfo,functionproto,services/data_process/include/pipeline_node/fpscontroller/fps_controller_process.h,4003,CameraDataProcessCommon,['CameraDataProcessCommon'],False
services/data_process/include/pipeline_node/fpscontroller/fps_controller_process.h,263,UpdateFrameRateCorrectionFactor,functionproto,services/data_process/include/pipeline_node/fpscontroller/fps_controller_process.h,4004,CameraDataProcessCommon,['CameraDataProcessCommon'],False
services/data_process/include/pipeline_node/fpscontroller/fps_controller_process.h,263,UpdateIncomingFrameTimes,functionproto,services/data_process/include/pipeline_node/fpscontroller/fps_controller_process.h,4005,CameraDataProcessCommon,['CameraDataProcessCommon'],False
services/data_process/include/pipeline_node/fpscontroller/fps_controller_process.h,263,CalculateFrameRate,functionproto,services/data_process/include/pipeline_node/fpscontroller/fps_controller_process.h,3996,CameraDataProcessCommon,['CameraDataProcessCommon'],False
services/data_process/include/pipeline_node/fpscontroller/fps_controller_process.h,263,IsDropFrame,functionproto,services/data_process/include/pipeline_node/fpscontroller/fps_controller_process.h,3999,CameraDataProcessCommon,['CameraDataProcessCommon'],False
services/data_process/include/pipeline_node/fpscontroller/fps_controller_process.h,263,ReduceFrameRateByUniformStrategy,functionproto,services/data_process/include/pipeline_node/fpscontroller/fps_controller_process.h,4001,CameraDataProcessCommon,['CameraDataProcessCommon'],False
services/data_process/include/pipeline_node/fpscontroller/fps_controller_process.h,263,FpsControllerDone,functionproto,services/data_process/include/pipeline_node/fpscontroller/fps_controller_process.h,3997,CameraDataProcessCommon,['CameraDataProcessCommon'],False
services/cameraservice/sourceservice/include/distributedcameramgr/dcameradata/dcamera_source_input_channel_listener.h,203,dcamera_source_input_channel_listener,file,services/cameraservice/sourceservice/include/distributedcameramgr/dcameradata/dcamera_source_input_channel_listener.h,2957,DistributedCameraSourceMgr,['DistributedCameraSourceMgr'],False
services/cameraservice/sourceservice/include/distributedcameramgr/dcameradata/dcamera_source_input_channel_listener.h,203,DCameraSourceInputChannelListener,functionproto,services/cameraservice/sourceservice/include/distributedcameramgr/dcameradata/dcamera_source_input_channel_listener.h,2958,DistributedCameraSourceMgr,['DistributedCameraSourceMgr'],False
services/cameraservice/sourceservice/include/distributedcameramgr/dcameradata/dcamera_source_input_channel_listener.h,203,~DCameraSourceInputChannelListener,functionproto,services/cameraservice/sourceservice/include/distributedcameramgr/dcameradata/dcamera_source_input_channel_listener.h,2962,DistributedCameraSourceMgr,['DistributedCameraSourceMgr'],False
services/cameraservice/sourceservice/include/distributedcameramgr/dcameradata/dcamera_source_input_channel_listener.h,203,OnSessionState,functionproto,services/cameraservice/sourceservice/include/distributedcameramgr/dcameradata/dcamera_source_input_channel_listener.h,2961,DistributedCameraSourceMgr,['DistributedCameraSourceMgr'],False
services/cameraservice/sourceservice/include/distributedcameramgr/dcameradata/dcamera_source_input_channel_listener.h,203,OnSessionError,functionproto,services/cameraservice/sourceservice/include/distributedcameramgr/dcameradata/dcamera_source_input_channel_listener.h,2960,DistributedCameraSourceMgr,['DistributedCameraSourceMgr'],False
services/cameraservice/sourceservice/include/distributedcameramgr/dcameradata/dcamera_source_input_channel_listener.h,203,OnDataReceived,functionproto,services/cameraservice/sourceservice/include/distributedcameramgr/dcameradata/dcamera_source_input_channel_listener.h,2959,DistributedCameraSourceMgr,['DistributedCameraSourceMgr'],False
services/cameraservice/cameraoperator/client/src/listener/dcamera_video_surface_listener.cpp,135,dcamera_video_surface_listener,file,services/cameraservice/cameraoperator/client/src/listener/dcamera_video_surface_listener.cpp,2084,utils,['utils'],False
services/cameraservice/cameraoperator/client/src/listener/dcamera_video_surface_listener.cpp,135,DCameraVideoSurfaceListener,functionimpl,services/cameraservice/cameraoperator/client/src/listener/dcamera_video_surface_listener.cpp,2085,utils,['utils'],False
services/cameraservice/cameraoperator/client/src/listener/dcamera_video_surface_listener.cpp,135,OnBufferAvailable,functionimpl,services/cameraservice/cameraoperator/client/src/listener/dcamera_video_surface_listener.cpp,2086,utils,['utils'],False
services/data_process/src/pipeline_node/colorspace_conversion/convert_nv12_to_nv21.cpp,272,sourceConfig,var,services/data_process/src/pipeline_node/colorspace_conversion/convert_nv12_to_nv21.cpp,4218,CameraDataProcessCommon,['CameraDataProcessCommon'],False
services/data_process/src/pipeline_node/colorspace_conversion/convert_nv12_to_nv21.cpp,272,targetConfig,var,services/data_process/src/pipeline_node/colorspace_conversion/convert_nv12_to_nv21.cpp,4229,CameraDataProcessCommon,['CameraDataProcessCommon'],False
services/data_process/src/pipeline_node/colorspace_conversion/convert_nv12_to_nv21.cpp,272,imgBuf,var,services/data_process/src/pipeline_node/colorspace_conversion/convert_nv12_to_nv21.cpp,4209,CameraDataProcessCommon,['CameraDataProcessCommon'],False
services/data_process/src/pipeline_node/colorspace_conversion/convert_nv12_to_nv21.cpp,272,findErr,var,services/data_process/src/pipeline_node/colorspace_conversion/convert_nv12_to_nv21.cpp,4207,CameraDataProcessCommon,['CameraDataProcessCommon'],False
services/data_process/src/pipeline_node/colorspace_conversion/convert_nv12_to_nv21.cpp,272,colorFormat,var,services/data_process/src/pipeline_node/colorspace_conversion/convert_nv12_to_nv21.cpp,4193,CameraDataProcessCommon,['CameraDataProcessCommon'],False
services/data_process/src/pipeline_node/colorspace_conversion/convert_nv12_to_nv21.cpp,272,imgInfo,var,services/data_process/src/pipeline_node/colorspace_conversion/convert_nv12_to_nv21.cpp,4210,CameraDataProcessCommon,['CameraDataProcessCommon'],False
services/data_process/src/pipeline_node/colorspace_conversion/convert_nv12_to_nv21.cpp,272,bytesPerPixel,var,services/data_process/src/pipeline_node/colorspace_conversion/convert_nv12_to_nv21.cpp,4192,CameraDataProcessCommon,['CameraDataProcessCommon'],False
services/data_process/src/pipeline_node/colorspace_conversion/convert_nv12_to_nv21.cpp,272,y2UvRatio,var,services/data_process/src/pipeline_node/colorspace_conversion/convert_nv12_to_nv21.cpp,4236,CameraDataProcessCommon,['CameraDataProcessCommon'],False
services/data_process/src/pipeline_node/colorspace_conversion/convert_nv12_to_nv21.cpp,272,expectedImgSize,var,services/data_process/src/pipeline_node/colorspace_conversion/convert_nv12_to_nv21.cpp,4206,CameraDataProcessCommon,['CameraDataProcessCommon'],False
services/data_process/src/pipeline_node/colorspace_conversion/convert_nv12_to_nv21.cpp,272,expectedChromaOffset,var,services/data_process/src/pipeline_node/colorspace_conversion/convert_nv12_to_nv21.cpp,4205,CameraDataProcessCommon,['CameraDataProcessCommon'],False
services/data_process/src/pipeline_node/colorspace_conversion/convert_nv12_to_nv21.cpp,272,srcImgInfo,var,services/data_process/src/pipeline_node/colorspace_conversion/convert_nv12_to_nv21.cpp,4222,CameraDataProcessCommon,['CameraDataProcessCommon'],False
services/data_process/src/pipeline_node/colorspace_conversion/convert_nv12_to_nv21.cpp,272,dstImgInfo,var,services/data_process/src/pipeline_node/colorspace_conversion/convert_nv12_to_nv21.cpp,4197,CameraDataProcessCommon,['CameraDataProcessCommon'],False
services/data_process/src/pipeline_node/colorspace_conversion/convert_nv12_to_nv21.cpp,272,x,var,services/data_process/src/pipeline_node/colorspace_conversion/convert_nv12_to_nv21.cpp,4234,CameraDataProcessCommon,['CameraDataProcessCommon'],False
services/data_process/src/pipeline_node/colorspace_conversion/convert_nv12_to_nv21.cpp,272,srcHalfWidth,var,services/data_process/src/pipeline_node/colorspace_conversion/convert_nv12_to_nv21.cpp,4221,CameraDataProcessCommon,['CameraDataProcessCommon'],False
services/data_process/src/pipeline_node/colorspace_conversion/convert_nv12_to_nv21.cpp,272,memoryOffset2,var,services/data_process/src/pipeline_node/colorspace_conversion/convert_nv12_to_nv21.cpp,4213,CameraDataProcessCommon,['CameraDataProcessCommon'],False
services/data_process/src/pipeline_node/colorspace_conversion/convert_nv12_to_nv21.cpp,272,dstUPlane,var,services/data_process/src/pipeline_node/colorspace_conversion/convert_nv12_to_nv21.cpp,4198,CameraDataProcessCommon,['CameraDataProcessCommon'],False
services/data_process/src/pipeline_node/colorspace_conversion/convert_nv12_to_nv21.cpp,272,srcUVPlane,var,services/data_process/src/pipeline_node/colorspace_conversion/convert_nv12_to_nv21.cpp,4225,CameraDataProcessCommon,['CameraDataProcessCommon'],False
services/data_process/src/pipeline_node/colorspace_conversion/convert_nv12_to_nv21.cpp,272,memoryOffset0,var,services/data_process/src/pipeline_node/colorspace_conversion/convert_nv12_to_nv21.cpp,4211,CameraDataProcessCommon,['CameraDataProcessCommon'],False
services/data_process/src/pipeline_node/colorspace_conversion/convert_nv12_to_nv21.cpp,272,memoryOffset1,var,services/data_process/src/pipeline_node/colorspace_conversion/convert_nv12_to_nv21.cpp,4212,CameraDataProcessCommon,['CameraDataProcessCommon'],False
services/data_process/src/pipeline_node/colorspace_conversion/convert_nv12_to_nv21.cpp,272,dstVPlane,var,services/data_process/src/pipeline_node/colorspace_conversion/convert_nv12_to_nv21.cpp,4202,CameraDataProcessCommon,['CameraDataProcessCommon'],False
services/data_process/src/pipeline_node/colorspace_conversion/convert_nv12_to_nv21.cpp,272,memoryOffset3,var,services/data_process/src/pipeline_node/colorspace_conversion/convert_nv12_to_nv21.cpp,4214,CameraDataProcessCommon,['CameraDataProcessCommon'],False
services/data_process/src/pipeline_node/colorspace_conversion/convert_nv12_to_nv21.cpp,272,perSeparatebytes,var,services/data_process/src/pipeline_node/colorspace_conversion/convert_nv12_to_nv21.cpp,4216,CameraDataProcessCommon,['CameraDataProcessCommon'],False
services/data_process/src/pipeline_node/colorspace_conversion/convert_nv12_to_nv21.cpp,272,ret,var,services/data_process/src/pipeline_node/colorspace_conversion/convert_nv12_to_nv21.cpp,4217,CameraDataProcessCommon,['CameraDataProcessCommon'],False
services/data_process/src/pipeline_node/colorspace_conversion/convert_nv12_to_nv21.cpp,272,srcUVStride,var,services/data_process/src/pipeline_node/colorspace_conversion/convert_nv12_to_nv21.cpp,4226,CameraDataProcessCommon,['CameraDataProcessCommon'],False
services/data_process/src/pipeline_node/colorspace_conversion/convert_nv12_to_nv21.cpp,272,dstUStride,var,services/data_process/src/pipeline_node/colorspace_conversion/convert_nv12_to_nv21.cpp,4199,CameraDataProcessCommon,['CameraDataProcessCommon'],False
services/data_process/src/pipeline_node/colorspace_conversion/convert_nv12_to_nv21.cpp,272,dstVStride,var,services/data_process/src/pipeline_node/colorspace_conversion/convert_nv12_to_nv21.cpp,4203,CameraDataProcessCommon,['CameraDataProcessCommon'],False
services/data_process/src/pipeline_node/colorspace_conversion/convert_nv12_to_nv21.cpp,272,width,var,services/data_process/src/pipeline_node/colorspace_conversion/convert_nv12_to_nv21.cpp,4233,CameraDataProcessCommon,['CameraDataProcessCommon'],False
services/data_process/src/pipeline_node/colorspace_conversion/convert_nv12_to_nv21.cpp,272,height,var,services/data_process/src/pipeline_node/colorspace_conversion/convert_nv12_to_nv21.cpp,4208,CameraDataProcessCommon,['CameraDataProcessCommon'],False
services/data_process/src/pipeline_node/colorspace_conversion/convert_nv12_to_nv21.cpp,272,y,var,services/data_process/src/pipeline_node/colorspace_conversion/convert_nv12_to_nv21.cpp,4235,CameraDataProcessCommon,['CameraDataProcessCommon'],False
services/data_process/src/pipeline_node/colorspace_conversion/convert_nv12_to_nv21.cpp,272,dstHalfWidth,var,services/data_process/src/pipeline_node/colorspace_conversion/convert_nv12_to_nv21.cpp,4196,CameraDataProcessCommon,['CameraDataProcessCommon'],False
services/data_process/src/pipeline_node/colorspace_conversion/convert_nv12_to_nv21.cpp,272,dstUVPlane,var,services/data_process/src/pipeline_node/colorspace_conversion/convert_nv12_to_nv21.cpp,4200,CameraDataProcessCommon,['CameraDataProcessCommon'],False
services/data_process/src/pipeline_node/colorspace_conversion/convert_nv12_to_nv21.cpp,272,srcUPlane,var,services/data_process/src/pipeline_node/colorspace_conversion/convert_nv12_to_nv21.cpp,4223,CameraDataProcessCommon,['CameraDataProcessCommon'],False
services/data_process/src/pipeline_node/colorspace_conversion/convert_nv12_to_nv21.cpp,272,srcVPlane,var,services/data_process/src/pipeline_node/colorspace_conversion/convert_nv12_to_nv21.cpp,4227,CameraDataProcessCommon,['CameraDataProcessCommon'],False
services/data_process/src/pipeline_node/colorspace_conversion/convert_nv12_to_nv21.cpp,272,perCombinebytes,var,services/data_process/src/pipeline_node/colorspace_conversion/convert_nv12_to_nv21.cpp,4215,CameraDataProcessCommon,['CameraDataProcessCommon'],False
services/data_process/src/pipeline_node/colorspace_conversion/convert_nv12_to_nv21.cpp,272,srcUStride,var,services/data_process/src/pipeline_node/colorspace_conversion/convert_nv12_to_nv21.cpp,4224,CameraDataProcessCommon,['CameraDataProcessCommon'],False
services/data_process/src/pipeline_node/colorspace_conversion/convert_nv12_to_nv21.cpp,272,srcVStride,var,services/data_process/src/pipeline_node/colorspace_conversion/convert_nv12_to_nv21.cpp,4228,CameraDataProcessCommon,['CameraDataProcessCommon'],False
services/data_process/src/pipeline_node/colorspace_conversion/convert_nv12_to_nv21.cpp,272,dstUVStride,var,services/data_process/src/pipeline_node/colorspace_conversion/convert_nv12_to_nv21.cpp,4201,CameraDataProcessCommon,['CameraDataProcessCommon'],False
services/data_process/src/pipeline_node/colorspace_conversion/convert_nv12_to_nv21.cpp,272,err,var,services/data_process/src/pipeline_node/colorspace_conversion/convert_nv12_to_nv21.cpp,4204,CameraDataProcessCommon,['CameraDataProcessCommon'],False
services/data_process/src/pipeline_node/colorspace_conversion/convert_nv12_to_nv21.cpp,272,totalCopyYPlaneSize,var,services/data_process/src/pipeline_node/colorspace_conversion/convert_nv12_to_nv21.cpp,4232,CameraDataProcessCommon,['CameraDataProcessCommon'],False
services/data_process/src/pipeline_node/colorspace_conversion/convert_nv12_to_nv21.cpp,272,yh,var,services/data_process/src/pipeline_node/colorspace_conversion/convert_nv12_to_nv21.cpp,4237,CameraDataProcessCommon,['CameraDataProcessCommon'],False
services/data_process/src/pipeline_node/colorspace_conversion/convert_nv12_to_nv21.cpp,272,dstDataOffset,var,services/data_process/src/pipeline_node/colorspace_conversion/convert_nv12_to_nv21.cpp,4195,CameraDataProcessCommon,['CameraDataProcessCommon'],False
services/data_process/src/pipeline_node/colorspace_conversion/convert_nv12_to_nv21.cpp,272,srcDataOffset,var,services/data_process/src/pipeline_node/colorspace_conversion/convert_nv12_to_nv21.cpp,4220,CameraDataProcessCommon,['CameraDataProcessCommon'],False
services/data_process/src/pipeline_node/colorspace_conversion/convert_nv12_to_nv21.cpp,272,tempImgInfo,var,services/data_process/src/pipeline_node/colorspace_conversion/convert_nv12_to_nv21.cpp,4230,CameraDataProcessCommon,['CameraDataProcessCommon'],False
services/data_process/src/pipeline_node/colorspace_conversion/convert_nv12_to_nv21.cpp,272,srcBuf,var,services/data_process/src/pipeline_node/colorspace_conversion/convert_nv12_to_nv21.cpp,4219,CameraDataProcessCommon,['CameraDataProcessCommon'],False
services/data_process/src/pipeline_node/colorspace_conversion/convert_nv12_to_nv21.cpp,272,timeStamp,var,services/data_process/src/pipeline_node/colorspace_conversion/convert_nv12_to_nv21.cpp,4231,CameraDataProcessCommon,['CameraDataProcessCommon'],False
services/data_process/src/pipeline_node/colorspace_conversion/convert_nv12_to_nv21.cpp,272,dstBufsize,var,services/data_process/src/pipeline_node/colorspace_conversion/convert_nv12_to_nv21.cpp,4194,CameraDataProcessCommon,['CameraDataProcessCommon'],False
common/include/utils/dcamera_index.h,77,dcamera_index,file,common/include/utils/dcamera_index.h,1471,utils,['utils'],False
services/cameraservice/base/include/dcamera_channel_info_cmd.h,101,dcamera_channel_info_cmd,file,services/cameraservice/base/include/dcamera_channel_info_cmd.h,1757,CameraServiceCommon,['CameraServiceCommon'],False
services/cameraservice/base/include/dcamera_event_cmd.h,102,dcamera_event_cmd,file,services/cameraservice/base/include/dcamera_event_cmd.h,1768,CameraServiceCommon,['CameraServiceCommon'],False
services/cameraservice/sinkservice/include/distributedcameramgr/eventbus/dcamera_photo_output_event.h,153,dcamera_photo_output_event,file,services/cameraservice/sinkservice/include/distributedcameramgr/eventbus/dcamera_photo_output_event.h,2360,DistributedCameraSinkMgr,['DistributedCameraSinkMgr'],False
services/cameraservice/sinkservice/include/distributedcameramgr/eventbus/dcamera_photo_output_event.h,153,DCameraPhotoOutputEvent,type,services/cameraservice/sinkservice/include/distributedcameramgr/eventbus/dcamera_photo_output_event.h,2363,DistributedCameraSinkMgr,['DistributedCameraSinkMgr'],False
services/cameraservice/base/include/dcamera_info_cmd.h,103,dcamera_info_cmd,file,services/cameraservice/base/include/dcamera_info_cmd.h,1774,CameraServiceCommon,['CameraServiceCommon'],False
services/cameraservice/base/include/dcamera_metadata_setting_cmd.h,104,dcamera_metadata_setting_cmd,file,services/cameraservice/base/include/dcamera_metadata_setting_cmd.h,1781,CameraServiceCommon,['CameraServiceCommon'],False
services/cameraservice/sinkservice/include/distributedcameramgr/eventbus/dcamera_video_output_event.h,155,DCameraVideoOutputEvent,type,services/cameraservice/sinkservice/include/distributedcameramgr/eventbus/dcamera_video_output_event.h,2373,DistributedCameraSinkMgr,['DistributedCameraSinkMgr'],False
services/data_process/include/utils/image_common_type.h,268,Videoformat,type,services/data_process/include/utils/image_common_type.h,4118,CameraDataProcessCommon,['CameraDataProcessCommon'],False
services/data_process/include/utils/image_common_type.h,268,GetVideoformat,functionproto,services/data_process/include/utils/image_common_type.h,4108,CameraDataProcessCommon,['CameraDataProcessCommon'],False
services/data_process/include/utils/image_common_type.h,268,GetWidth,functionproto,services/data_process/include/utils/image_common_type.h,4109,CameraDataProcessCommon,['CameraDataProcessCommon'],False
services/data_process/include/utils/image_common_type.h,268,GetHeight,functionproto,services/data_process/include/utils/image_common_type.h,4106,CameraDataProcessCommon,['CameraDataProcessCommon'],False
services/data_process/include/utils/image_common_type.h,268,NV12,var,services/data_process/include/utils/image_common_type.h,4122,CameraDataProcessCommon,['CameraDataProcessCommon'],False
services/data_process/include/utils/image_common_type.h,268,NV21,var,services/data_process/include/utils/image_common_type.h,4123,CameraDataProcessCommon,['CameraDataProcessCommon'],False
services/data_process/include/utils/image_common_type.h,268,YUVI420,var,services/data_process/include/utils/image_common_type.h,4126,CameraDataProcessCommon,['CameraDataProcessCommon'],False
services/cameraservice/sinkservice/include/distributedcameramgr/interface/icamera_sink_data_process.h,157,icamera_sink_data_process,file,services/cameraservice/sinkservice/include/distributedcameramgr/interface/icamera_sink_data_process.h,2377,DistributedCameraSinkMgr,['DistributedCameraSinkMgr'],False
services/cameraservice/sinkservice/include/distributedcameramgr/interface/icamera_sink_data_process.h,157,ICameraSinkDataProcess,type,services/cameraservice/sinkservice/include/distributedcameramgr/interface/icamera_sink_data_process.h,2378,DistributedCameraSinkMgr,['DistributedCameraSinkMgr'],False
services/cameraservice/base/include/dcamera_protocol.h,106,dcamera_protocol,file,services/cameraservice/base/include/dcamera_protocol.h,1794,CameraServiceCommon,['CameraServiceCommon'],False
camera_hdf/interfaces/hdi_ipc/client/device/dcamera_device_callback_stub.h,27,dcamera_device_callback_stub,file,camera_hdf/interfaces/hdi_ipc/client/device/dcamera_device_callback_stub.h,774,VirtualCameraHdf,['VirtualCameraHdf'],False
camera_hdf/interfaces/hdi_ipc/client/device/dcamera_device_callback.h,25,DCameraDeviceCallback,type,camera_hdf/interfaces/hdi_ipc/client/device/dcamera_device_callback.h,764,VirtualCameraHdf,['VirtualCameraHdf'],False
camera_hdf/interfaces/hdi_ipc/client/device/dcamera_device_callback_stub.h,27,DCameraDeviceCallbackStub,type,camera_hdf/interfaces/hdi_ipc/client/device/dcamera_device_callback_stub.h,776,VirtualCameraHdf,['VirtualCameraHdf'],False
camera_hdf/hdi_impl/src/dstream_operator/dcamera_steam.cpp,16,info,var,camera_hdf/hdi_impl/src/dstream_operator/dcamera_steam.cpp,501,VirtualCameraHdf,['VirtualCameraHdf'],False
camera_hdf/hdi_impl/src/dstream_operator/dcamera_steam.cpp,16,ret,var,camera_hdf/hdi_impl/src/dstream_operator/dcamera_steam.cpp,505,VirtualCameraHdf,['VirtualCameraHdf'],False
camera_hdf/hdi_impl/src/dstream_operator/dcamera_steam.cpp,16,producer,var,camera_hdf/hdi_impl/src/dstream_operator/dcamera_steam.cpp,504,VirtualCameraHdf,['VirtualCameraHdf'],False
camera_hdf/hdi_impl/src/dstream_operator/dcamera_steam.cpp,16,attribute,var,camera_hdf/hdi_impl/src/dstream_operator/dcamera_steam.cpp,493,VirtualCameraHdf,['VirtualCameraHdf'],False
camera_hdf/hdi_impl/src/dstream_operator/dcamera_steam.cpp,16,i,var,camera_hdf/hdi_impl/src/dstream_operator/dcamera_steam.cpp,500,VirtualCameraHdf,['VirtualCameraHdf'],False
camera_hdf/hdi_impl/src/dstream_operator/dcamera_steam.cpp,16,usage,var,camera_hdf/hdi_impl/src/dstream_operator/dcamera_steam.cpp,511,VirtualCameraHdf,['VirtualCameraHdf'],False
camera_hdf/hdi_impl/src/dstream_operator/dcamera_steam.cpp,16,fence,var,camera_hdf/hdi_impl/src/dstream_operator/dcamera_steam.cpp,498,VirtualCameraHdf,['VirtualCameraHdf'],False
camera_hdf/hdi_impl/src/dstream_operator/dcamera_steam.cpp,16,config,var,camera_hdf/hdi_impl/src/dstream_operator/dcamera_steam.cpp,497,VirtualCameraHdf,['VirtualCameraHdf'],False
camera_hdf/hdi_impl/src/dstream_operator/dcamera_steam.cpp,16,surfaceError,var,camera_hdf/hdi_impl/src/dstream_operator/dcamera_steam.cpp,509,VirtualCameraHdf,['VirtualCameraHdf'],False
camera_hdf/hdi_impl/src/dstream_operator/dcamera_steam.cpp,16,itr,var,camera_hdf/hdi_impl/src/dstream_operator/dcamera_steam.cpp,503,VirtualCameraHdf,['VirtualCameraHdf'],False
camera_hdf/hdi_impl/src/dstream_operator/dcamera_steam.cpp,16,bufferCfg,var,camera_hdf/hdi_impl/src/dstream_operator/dcamera_steam.cpp,496,VirtualCameraHdf,['VirtualCameraHdf'],False
camera_hdf/hdi_impl/src/dstream_operator/dcamera_steam.cpp,16,retCode,var,camera_hdf/hdi_impl/src/dstream_operator/dcamera_steam.cpp,506,VirtualCameraHdf,['VirtualCameraHdf'],False
camera_hdf/hdi_impl/src/dstream_operator/dcamera_steam.cpp,16,buffer,var,camera_hdf/hdi_impl/src/dstream_operator/dcamera_steam.cpp,495,VirtualCameraHdf,['VirtualCameraHdf'],False
camera_hdf/hdi_impl/src/dstream_operator/dcamera_steam.cpp,16,iter,var,camera_hdf/hdi_impl/src/dstream_operator/dcamera_steam.cpp,502,VirtualCameraHdf,['VirtualCameraHdf'],False
camera_hdf/hdi_impl/src/dstream_operator/dcamera_steam.cpp,16,bufCfg,var,camera_hdf/hdi_impl/src/dstream_operator/dcamera_steam.cpp,494,VirtualCameraHdf,['VirtualCameraHdf'],False
camera_hdf/hdi_impl/src/dstream_operator/dcamera_steam.cpp,16,surfaceBuffer,var,camera_hdf/hdi_impl/src/dstream_operator/dcamera_steam.cpp,508,VirtualCameraHdf,['VirtualCameraHdf'],False
camera_hdf/hdi_impl/src/dstream_operator/dcamera_steam.cpp,16,size,var,camera_hdf/hdi_impl/src/dstream_operator/dcamera_steam.cpp,507,VirtualCameraHdf,['VirtualCameraHdf'],False
camera_hdf/hdi_impl/src/dstream_operator/dcamera_steam.cpp,16,timeStamp,var,camera_hdf/hdi_impl/src/dstream_operator/dcamera_steam.cpp,510,VirtualCameraHdf,['VirtualCameraHdf'],False
camera_hdf/hdi_impl/src/dstream_operator/dcamera_steam.cpp,16,flushConf,var,camera_hdf/hdi_impl/src/dstream_operator/dcamera_steam.cpp,499,VirtualCameraHdf,['VirtualCameraHdf'],False
interfaces/inner_kits/native_cpp/camera_source/include/idistributed_camera_source.h,94,idistributed_camera_source,file,interfaces/inner_kits/native_cpp/camera_source/include/idistributed_camera_source.h,1664,DistributedCameraSourceMgr,['DistributedCameraSourceMgr'],False
camera_hdf/hdi_impl/include/utils/dcamera.h,10,GetCurrentLocalTimeStamp,functionproto,camera_hdf/hdi_impl/include/utils/dcamera.h,253,VirtualCameraHdf,['VirtualCameraHdf'],False
camera_hdf/hdi_impl/src/dstream_operator/dcamera_steam.cpp,16,dcamera_steam,file,camera_hdf/hdi_impl/src/dstream_operator/dcamera_steam.cpp,480,VirtualCameraHdf,['VirtualCameraHdf'],False
camera_hdf/hdi_impl/include/utils/dcamera.h,10,dcamera,file,camera_hdf/hdi_impl/include/utils/dcamera.h,252,VirtualCameraHdf,['VirtualCameraHdf'],False
services/cameraservice/base/include/dcamera_capture_info_cmd.h,100,dcamera_capture_info_cmd,file,services/cameraservice/base/include/dcamera_capture_info_cmd.h,1748,CameraServiceCommon,['CameraServiceCommon'],False
services/cameraservice/cameraoperator/client/src/listener/dcamera_video_surface_listener.cpp,135,surface,var,services/cameraservice/cameraoperator/client/src/listener/dcamera_video_surface_listener.cpp,2095,utils,['utils'],False
services/cameraservice/cameraoperator/client/src/listener/dcamera_video_surface_listener.cpp,135,callback,var,services/cameraservice/cameraoperator/client/src/listener/dcamera_video_surface_listener.cpp,2089,utils,['utils'],False
services/cameraservice/cameraoperator/client/src/listener/dcamera_video_surface_listener.cpp,135,flushFence,var,services/cameraservice/cameraoperator/client/src/listener/dcamera_video_surface_listener.cpp,2091,utils,['utils'],False
services/cameraservice/cameraoperator/client/src/listener/dcamera_video_surface_listener.cpp,135,timestamp,var,services/cameraservice/cameraoperator/client/src/listener/dcamera_video_surface_listener.cpp,2096,utils,['utils'],False
services/cameraservice/cameraoperator/client/src/listener/dcamera_video_surface_listener.cpp,135,damage,var,services/cameraservice/cameraoperator/client/src/listener/dcamera_video_surface_listener.cpp,2090,utils,['utils'],False
services/cameraservice/cameraoperator/client/src/listener/dcamera_video_surface_listener.cpp,135,address,var,services/cameraservice/cameraoperator/client/src/listener/dcamera_video_surface_listener.cpp,2087,utils,['utils'],False
services/cameraservice/cameraoperator/client/src/listener/dcamera_video_surface_listener.cpp,135,size,var,services/cameraservice/cameraoperator/client/src/listener/dcamera_video_surface_listener.cpp,2094,utils,['utils'],False
services/cameraservice/cameraoperator/client/src/listener/dcamera_video_surface_listener.cpp,135,width,var,services/cameraservice/cameraoperator/client/src/listener/dcamera_video_surface_listener.cpp,2098,utils,['utils'],False
services/cameraservice/cameraoperator/client/src/listener/dcamera_video_surface_listener.cpp,135,height,var,services/cameraservice/cameraoperator/client/src/listener/dcamera_video_surface_listener.cpp,2092,utils,['utils'],False
services/cameraservice/cameraoperator/client/src/listener/dcamera_video_surface_listener.cpp,135,bytesPerPixel,var,services/cameraservice/cameraoperator/client/src/listener/dcamera_video_surface_listener.cpp,2088,utils,['utils'],False
services/cameraservice/cameraoperator/client/src/listener/dcamera_video_surface_listener.cpp,135,y2UvRatio,var,services/cameraservice/cameraoperator/client/src/listener/dcamera_video_surface_listener.cpp,2099,utils,['utils'],False
services/cameraservice/cameraoperator/client/src/listener/dcamera_video_surface_listener.cpp,135,validImgSize,var,services/cameraservice/cameraoperator/client/src/listener/dcamera_video_surface_listener.cpp,2097,utils,['utils'],False
services/cameraservice/cameraoperator/client/src/listener/dcamera_video_surface_listener.cpp,135,ret,var,services/cameraservice/cameraoperator/client/src/listener/dcamera_video_surface_listener.cpp,2093,utils,['utils'],False
services/data_process/include/eventbus/dcamera_pipeline_event.h,256,dcamera_pipeline_event,file,services/data_process/include/eventbus/dcamera_pipeline_event.h,3913,CameraDataProcessCommon,['CameraDataProcessCommon'],False
services/data_process/include/interfaces/idata_process_pipeline.h,258,idata_process_pipeline,file,services/data_process/include/interfaces/idata_process_pipeline.h,3945,CameraDataProcessCommon,['CameraDataProcessCommon'],False
services/data_process/include/pipeline/dcamera_pipeline_sink.h,260,DCameraPipelineSink,type,services/data_process/include/pipeline/dcamera_pipeline_sink.h,3962,CameraDataPreProcess,['CameraDataPreProcess'],False
services/data_process/include/interfaces/idata_process_pipeline.h,258,IDataProcessPipeline,type,services/data_process/include/interfaces/idata_process_pipeline.h,3947,CameraDataProcessCommon,['CameraDataProcessCommon'],False
services/data_process/include/interfaces/data_process_listener.h,257,data_process_listener,file,services/data_process/include/interfaces/data_process_listener.h,3939,CameraDataProcessCommon,['CameraDataProcessCommon'],False
services/data_process/include/pipeline/dcamera_pipeline_sink.h,260,processListener_,var,services/data_process/include/pipeline/dcamera_pipeline_sink.h,3965,CameraDataPreProcess,['CameraDataPreProcess'],False
services/data_process/include/interfaces/data_process_listener.h,257,DataProcessListener,type,services/data_process/include/interfaces/data_process_listener.h,3942,CameraDataProcessCommon,['CameraDataProcessCommon'],False
services/data_process/include/pipeline/dcamera_pipeline_sink.h,260,OnError,functionproto,services/data_process/include/pipeline/dcamera_pipeline_sink.h,3958,CameraDataPreProcess,['CameraDataPreProcess'],False
services/data_process/include/interfaces/data_process_listener.h,257,DataProcessErrorType,type,services/data_process/include/interfaces/data_process_listener.h,3941,CameraDataProcessCommon,['CameraDataProcessCommon'],False
camera_hdf/hdi_impl/include/dstream_operator/doffline_stream_operator.h,7,operator =,functionimpl,camera_hdf/hdi_impl/include/dstream_operator/doffline_stream_operator.h,168,VirtualCameraHdf,['VirtualCameraHdf'],False
camera_hdf/hdi_impl/include/dstream_operator/doffline_stream_operator.h,7,DOfflineStreamOperator,functionimpl,camera_hdf/hdi_impl/include/dstream_operator/doffline_stream_operator.h,167,VirtualCameraHdf,['VirtualCameraHdf'],False
camera_hdf/interfaces/hdi_ipc/config/provider/dcamera_provider_config.cpp,51,DCameraProviderServiceDispatch,functionimpl,camera_hdf/interfaces/hdi_ipc/config/provider/dcamera_provider_config.cpp,1058,VirtualCameraHdf,['VirtualCameraHdf'],False
camera_hdf/interfaces/hdi_ipc/config/provider/dcamera_provider_config.cpp,51,HdfDCameraProviderConfigBind,functionimpl,camera_hdf/interfaces/hdi_ipc/config/provider/dcamera_provider_config.cpp,1059,VirtualCameraHdf,['VirtualCameraHdf'],False
camera_hdf/interfaces/hdi_ipc/config/provider/dcamera_provider_config.cpp,51,dcamera_provider_config,file,camera_hdf/interfaces/hdi_ipc/config/provider/dcamera_provider_config.cpp,1057,VirtualCameraHdf,['VirtualCameraHdf'],False
services/data_process/include/pipeline/dcamera_pipeline_sink.h,260,pipelineHead_,var,services/data_process/include/pipeline/dcamera_pipeline_sink.h,3964,CameraDataPreProcess,['CameraDataPreProcess'],False
services/data_process/include/pipeline/dcamera_pipeline_sink.h,260,pipNodeRanks_,var,services/data_process/include/pipeline/dcamera_pipeline_sink.h,3963,CameraDataPreProcess,['CameraDataPreProcess'],False
services/cameraservice/sourceservice/src/distributedcamera/distributed_camera_source_service.cpp,221,DistributedCameraSourceService,functionimpl,services/cameraservice/sourceservice/src/distributedcamera/distributed_camera_source_service.cpp,3143,DistributedCameraSourceMgr,['DistributedCameraSourceMgr'],False
services/cameraservice/sourceservice/src/distributedcamera/distributed_camera_source_service.cpp,221,saId,var,services/cameraservice/sourceservice/src/distributedcamera/distributed_camera_source_service.cpp,3165,DistributedCameraSourceMgr,['DistributedCameraSourceMgr'],False
services/cameraservice/sourceservice/src/distributedcamera/distributed_camera_source_service.cpp,221,runOnCreate,var,services/cameraservice/sourceservice/src/distributedcamera/distributed_camera_source_service.cpp,3164,DistributedCameraSourceMgr,['DistributedCameraSourceMgr'],False
services/cameraservice/sourceservice/src/distributedcamera/distributed_camera_source_service.cpp,221,Init,functionimpl,services/cameraservice/sourceservice/src/distributedcamera/distributed_camera_source_service.cpp,3144,DistributedCameraSourceMgr,['DistributedCameraSourceMgr'],False
services/cameraservice/sourceservice/src/distributedcamera/distributed_camera_source_service.cpp,221,ret,var,services/cameraservice/sourceservice/src/distributedcamera/distributed_camera_source_service.cpp,3163,DistributedCameraSourceMgr,['DistributedCameraSourceMgr'],False
services/cameraservice/sourceservice/src/distributedcamera/distributed_camera_source_service.cpp,221,InitSource,functionimpl,services/cameraservice/sourceservice/src/distributedcamera/distributed_camera_source_service.cpp,3145,DistributedCameraSourceMgr,['DistributedCameraSourceMgr'],False
services/cameraservice/sourceservice/src/distributedcamera/distributed_camera_source_service.cpp,221,params,var,services/cameraservice/sourceservice/src/distributedcamera/distributed_camera_source_service.cpp,3161,DistributedCameraSourceMgr,['DistributedCameraSourceMgr'],False
services/cameraservice/sourceservice/src/distributedcamera/distributed_camera_source_service.cpp,221,callback,var,services/cameraservice/sourceservice/src/distributedcamera/distributed_camera_source_service.cpp,3153,DistributedCameraSourceMgr,['DistributedCameraSourceMgr'],False
services/cameraservice/sourceservice/src/distributedcamera/distributed_camera_source_service.cpp,221,ReleaseSource,functionimpl,services/cameraservice/sourceservice/src/distributedcamera/distributed_camera_source_service.cpp,3150,DistributedCameraSourceMgr,['DistributedCameraSourceMgr'],False
services/cameraservice/sourceservice/src/distributedcamera/distributed_camera_source_service.cpp,221,RegisterDistributedHardware,functionimpl,services/cameraservice/sourceservice/src/distributedcamera/distributed_camera_source_service.cpp,3149,DistributedCameraSourceMgr,['DistributedCameraSourceMgr'],False
services/cameraservice/sourceservice/src/distributedcamera/distributed_camera_source_service.cpp,221,devId,var,services/cameraservice/sourceservice/src/distributedcamera/distributed_camera_source_service.cpp,3156,DistributedCameraSourceMgr,['DistributedCameraSourceMgr'],False
services/cameraservice/sourceservice/src/distributedcamera/distributed_camera_source_service.cpp,221,dhId,var,services/cameraservice/sourceservice/src/distributedcamera/distributed_camera_source_service.cpp,3157,DistributedCameraSourceMgr,['DistributedCameraSourceMgr'],False
services/cameraservice/sourceservice/src/distributedcamera/distributed_camera_source_service.cpp,221,param,var,services/cameraservice/sourceservice/src/distributedcamera/distributed_camera_source_service.cpp,3160,DistributedCameraSourceMgr,['DistributedCameraSourceMgr'],False
services/cameraservice/sourceservice/src/distributedcamera/distributed_camera_source_service.cpp,221,camIndex,var,services/cameraservice/sourceservice/src/distributedcamera/distributed_camera_source_service.cpp,3154,DistributedCameraSourceMgr,['DistributedCameraSourceMgr'],False
services/cameraservice/sourceservice/src/distributedcamera/distributed_camera_source_service.cpp,221,iter,var,services/cameraservice/sourceservice/src/distributedcamera/distributed_camera_source_service.cpp,3159,DistributedCameraSourceMgr,['DistributedCameraSourceMgr'],False
services/cameraservice/sourceservice/src/distributedcamera/distributed_camera_source_service.cpp,221,reqId,var,services/cameraservice/sourceservice/src/distributedcamera/distributed_camera_source_service.cpp,3162,DistributedCameraSourceMgr,['DistributedCameraSourceMgr'],False
services/cameraservice/sourceservice/src/distributedcamera/distributed_camera_source_service.cpp,221,UnregisterDistributedHardware,functionimpl,services/cameraservice/sourceservice/src/distributedcamera/distributed_camera_source_service.cpp,3152,DistributedCameraSourceMgr,['DistributedCameraSourceMgr'],False
services/cameraservice/sourceservice/src/distributedcamera/distributed_camera_source_service.cpp,221,DCameraNotify,functionimpl,services/cameraservice/sourceservice/src/distributedcamera/distributed_camera_source_service.cpp,3142,DistributedCameraSourceMgr,['DistributedCameraSourceMgr'],False
services/cameraservice/sourceservice/src/distributedcamera/distributed_camera_source_service.cpp,221,events,var,services/cameraservice/sourceservice/src/distributedcamera/distributed_camera_source_service.cpp,3158,DistributedCameraSourceMgr,['DistributedCameraSourceMgr'],False
services/cameraservice/sourceservice/include/distributedcameramgr/dcamerastate/dcamera_source_opened_state.h,214,memberFuncMap_,var,services/cameraservice/sourceservice/include/distributedcameramgr/dcamerastate/dcamera_source_opened_state.h,3088,DistributedCameraSourceMgr,['DistributedCameraSourceMgr'],False
services/cameraservice/sourceservice/include/distributedcameramgr/dcamerastate/dcamera_source_opened_state.h,214,DCameraFunc,alias,services/cameraservice/sourceservice/include/distributedcameramgr/dcamerastate/dcamera_source_opened_state.h,3074,DistributedCameraSourceMgr,['DistributedCameraSourceMgr'],False
services/cameraservice/sourceservice/include/distributedcamera/distributed_camera_source_stub.h,195,distributed_camera_source_stub,file,services/cameraservice/sourceservice/include/distributedcamera/distributed_camera_source_stub.h,2804,DistributedCameraSourceMgr,['DistributedCameraSourceMgr'],False
services/cameraservice/sourceservice/include/distributedcameramgr/dcamerastate/dcamera_source_opened_state.h,214,dcamera_source_opened_state,file,services/cameraservice/sourceservice/include/distributedcameramgr/dcamerastate/dcamera_source_opened_state.h,3075,DistributedCameraSourceMgr,['DistributedCameraSourceMgr'],False
services/cameraservice/sourceservice/include/distributedcameramgr/dcamerastate/dcamera_source_opened_state.h,214,GetStateType,functionproto,services/cameraservice/sourceservice/include/distributedcameramgr/dcamerastate/dcamera_source_opened_state.h,3086,DistributedCameraSourceMgr,['DistributedCameraSourceMgr'],False
services/cameraservice/sourceservice/include/distributedcameramgr/dcamerastate/dcamera_source_opened_state.h,214,DCameraSourceOpenedState,type,services/cameraservice/sourceservice/include/distributedcameramgr/dcamerastate/dcamera_source_opened_state.h,3087,DistributedCameraSourceMgr,['DistributedCameraSourceMgr'],False
camera_hdf/interfaces/hdi_ipc/client/provider/dcamera_provider_proxy.cpp,48,EnableDCameraDevice,functionimpl,camera_hdf/interfaces/hdi_ipc/client/provider/dcamera_provider_proxy.cpp,1011,VirtualCameraHdf,['VirtualCameraHdf'],False
camera_hdf/interfaces/hdi_ipc/client/provider/dcamera_provider_proxy.cpp,48,DisableDCameraDevice,functionimpl,camera_hdf/interfaces/hdi_ipc/client/provider/dcamera_provider_proxy.cpp,1010,VirtualCameraHdf,['VirtualCameraHdf'],False
camera_hdf/interfaces/hdi_ipc/client/provider/dcamera_provider_proxy.cpp,48,AcquireBuffer,functionimpl,camera_hdf/interfaces/hdi_ipc/client/provider/dcamera_provider_proxy.cpp,1007,VirtualCameraHdf,['VirtualCameraHdf'],False
camera_hdf/interfaces/hdi_ipc/client/provider/dcamera_provider_proxy.cpp,48,ShutterBuffer,functionimpl,camera_hdf/interfaces/hdi_ipc/client/provider/dcamera_provider_proxy.cpp,1015,VirtualCameraHdf,['VirtualCameraHdf'],False
camera_hdf/interfaces/hdi_ipc/client/provider/dcamera_provider_proxy.cpp,48,OnSettingsResult,functionimpl,camera_hdf/interfaces/hdi_ipc/client/provider/dcamera_provider_proxy.cpp,1014,VirtualCameraHdf,['VirtualCameraHdf'],False
camera_hdf/interfaces/hdi_ipc/client/provider/dcamera_provider_proxy.cpp,48,Notify,functionimpl,camera_hdf/interfaces/hdi_ipc/client/provider/dcamera_provider_proxy.cpp,1013,VirtualCameraHdf,['VirtualCameraHdf'],False
services/cameraservice/base/src/dcamera_event_cmd.cpp,110,dcamera_event_cmd,file,services/cameraservice/base/src/dcamera_event_cmd.cpp,1843,CameraServiceCommon,['CameraServiceCommon'],False
services/cameraservice/base/src/dcamera_event_cmd.cpp,110,Unmarshal,functionimpl,services/cameraservice/base/src/dcamera_event_cmd.cpp,1845,CameraServiceCommon,['CameraServiceCommon'],False
services/cameraservice/base/src/dcamera_event_cmd.cpp,110,Marshal,functionimpl,services/cameraservice/base/src/dcamera_event_cmd.cpp,1844,CameraServiceCommon,['CameraServiceCommon'],False
services/cameraservice/base/include/dcamera_event_cmd.h,102,Marshal,functionproto,services/cameraservice/base/include/dcamera_event_cmd.h,1769,CameraServiceCommon,['CameraServiceCommon'],False
services/cameraservice/base/include/dcamera_event_cmd.h,102,Unmarshal,functionproto,services/cameraservice/base/include/dcamera_event_cmd.h,1770,CameraServiceCommon,['CameraServiceCommon'],False
services/data_process/src/pipeline_node/multimedia_codec/decode_data_process_common.cpp,275,ReleaseProcessNode,functionimpl,services/data_process/src/pipeline_node/multimedia_codec/decode_data_process_common.cpp,4384,CameraDataProcessCommon,['CameraDataProcessCommon'],False
services/data_process/src/pipeline_node/multimedia_codec/decode_data_process_common.cpp,275,FeedDecoderInputBuffer,functionimpl,services/data_process/src/pipeline_node/multimedia_codec/decode_data_process_common.cpp,4363,CameraDataProcessCommon,['CameraDataProcessCommon'],False
services/data_process/src/pipeline_node/multimedia_codec/decode_data_process_common.cpp,275,CopyDecodedImage,functionimpl,services/data_process/src/pipeline_node/multimedia_codec/decode_data_process_common.cpp,4360,CameraDataProcessCommon,['CameraDataProcessCommon'],False
services/data_process/src/pipeline_node/multimedia_codec/decode_data_process_common.cpp,275,PostOutputDataBuffers,functionimpl,services/data_process/src/pipeline_node/multimedia_codec/decode_data_process_common.cpp,4382,CameraDataProcessCommon,['CameraDataProcessCommon'],False
common/include/utils/dcamera_utils_tools.h,78,GetLocalDeviceNetworkId,functionproto,common/include/utils/dcamera_utils_tools.h,1482,utils,['utils'],False
services/data_process/src/pipeline_node/multimedia_codec/decode_data_process_common.cpp,275,GetDecoderTimeStamp,functionimpl,services/data_process/src/pipeline_node/multimedia_codec/decode_data_process_common.cpp,4366,CameraDataProcessCommon,['CameraDataProcessCommon'],False
common/include/utils/dcamera_utils_tools.h,78,GetNowTimeStampUs,functionproto,common/include/utils/dcamera_utils_tools.h,1484,utils,['utils'],False
services/data_process/src/pipeline_node/multimedia_codec/decode_data_process_common.cpp,275,decode_data_process_common,file,services/data_process/src/pipeline_node/multimedia_codec/decode_data_process_common.cpp,4358,CameraDataProcessCommon,['CameraDataProcessCommon'],False
services/data_process/src/pipeline_node/multimedia_codec/encode_data_process.cpp,277,GetEncoderTimeStamp,functionimpl,services/data_process/src/pipeline_node/multimedia_codec/encode_data_process.cpp,4456,CameraDataProcessCommon,['CameraDataProcessCommon'],False
common/src/utils/dcamera_utils_tools.cpp,80,GetNowTimeStampUs,functionimpl,common/src/utils/dcamera_utils_tools.cpp,1511,utils,['utils'],False
services/cameraservice/base/src/dcamera_metadata_setting_cmd.cpp,112,Unmarshal,functionimpl,services/cameraservice/base/src/dcamera_metadata_setting_cmd.cpp,1865,CameraServiceCommon,['CameraServiceCommon'],False
camera_hdf/interfaces/include/types.h,73,_DCSettingsType,type,camera_hdf/interfaces/include/types.h,1385,VirtualCameraHdf,['VirtualCameraHdf'],False
services/cameraservice/sourceservice/include/distributedcameramgr/dcamera_source_dev.h,196,stateMachine_,var,services/cameraservice/sourceservice/include/distributedcameramgr/dcamera_source_dev.h,2854,DistributedCameraSourceMgr,['DistributedCameraSourceMgr'],False
services/cameraservice/sourceservice/include/distributedcameramgr/dcamerastate/dcamera_source_state_machine.h,218,DCameraSourceStateMachine,type,services/cameraservice/sourceservice/include/distributedcameramgr/dcamerastate/dcamera_source_state_machine.h,3114,DistributedCameraSourceMgr,['DistributedCameraSourceMgr'],False
services/cameraservice/base/src/dcamera_metadata_setting_cmd.cpp,112,dcamera_metadata_setting_cmd,file,services/cameraservice/base/src/dcamera_metadata_setting_cmd.cpp,1863,CameraServiceCommon,['CameraServiceCommon'],False
services/cameraservice/sinkservice/include/distributedcameramgr/dcamera_sink_output.h,150,dcamera_sink_output,file,services/cameraservice/sinkservice/include/distributedcameramgr/dcamera_sink_output.h,2323,DistributedCameraSinkMgr,['DistributedCameraSinkMgr'],False
services/cameraservice/sinkservice/include/distributedcameramgr/dcamera_sink_output.h,150,channels_,var,services/cameraservice/sinkservice/include/distributedcameramgr/dcamera_sink_output.h,2339,DistributedCameraSinkMgr,['DistributedCameraSinkMgr'],False
services/data_process/include/pipeline_node/multimedia_codec/decode_video_callback.h,265,decode_video_callback,file,services/data_process/include/pipeline_node/multimedia_codec/decode_video_callback.h,4058,CameraDataProcessCommon,['CameraDataProcessCommon'],False
services/data_process/include/pipeline_node/multimedia_codec/decode_video_callback.h,265,decodeVideoNode_,var,services/data_process/include/pipeline_node/multimedia_codec/decode_video_callback.h,4066,CameraDataProcessCommon,['CameraDataProcessCommon'],False
services/cameraservice/sourceservice/include/distributedcameramgr/dcamerainterface/icamera_state_listener.h,210,icamera_state_listener,file,services/cameraservice/sourceservice/include/distributedcameramgr/dcamerainterface/icamera_state_listener.h,3031,DistributedCameraSourceMgr,['DistributedCameraSourceMgr'],False
services/cameraservice/sourceservice/include/distributedcameramgr/dcamera_source_dev.h,196,stateListener_,var,services/cameraservice/sourceservice/include/distributedcameramgr/dcamera_source_dev.h,2853,DistributedCameraSourceMgr,['DistributedCameraSourceMgr'],False
services/cameraservice/sourceservice/include/distributedcameramgr/dcamerainterface/icamera_state_listener.h,210,ICameraStateListener,type,services/cameraservice/sourceservice/include/distributedcameramgr/dcamerainterface/icamera_state_listener.h,3032,DistributedCameraSourceMgr,['DistributedCameraSourceMgr'],False
services/data_process/include/pipeline_node/multimedia_codec/decode_video_callback.h,265,DecodeVideoCallback,functionimpl,services/data_process/include/pipeline_node/multimedia_codec/decode_video_callback.h,4059,CameraDataProcessCommon,['CameraDataProcessCommon'],False
services/data_process/include/pipeline_node/multimedia_codec/decode_video_callback.h,265,decodeVideoNode,var,services/data_process/include/pipeline_node/multimedia_codec/decode_video_callback.h,4065,CameraDataProcessCommon,['CameraDataProcessCommon'],False
camera_hdf/hdi_impl/test/dcamera_hdi_sample.cpp,23,main,functionimpl,camera_hdf/hdi_impl/test/dcamera_hdi_sample.cpp,750,VirtualCameraHdf,['VirtualCameraHdf'],False
camera_hdf/hdi_impl/test/dcamera_hdi_sample.cpp,23,param,var,camera_hdf/hdi_impl/test/dcamera_hdi_sample.cpp,754,VirtualCameraHdf,['VirtualCameraHdf'],False
camera_hdf/hdi_impl/test/dcamera_hdi_sample.cpp,23,TEST_ATTR,var,camera_hdf/hdi_impl/test/dcamera_hdi_sample.cpp,751,VirtualCameraHdf,['VirtualCameraHdf'],False
camera_hdf/hdi_impl/test/dcamera_hdi_sample.cpp,23,sourceSA,var,camera_hdf/hdi_impl/test/dcamera_hdi_sample.cpp,757,VirtualCameraHdf,['VirtualCameraHdf'],False
camera_hdf/hdi_impl/test/dcamera_hdi_sample.cpp,23,ret,var,camera_hdf/hdi_impl/test/dcamera_hdi_sample.cpp,755,VirtualCameraHdf,['VirtualCameraHdf'],False
camera_hdf/hdi_impl/test/dcamera_hdi_sample.cpp,23,TEST_DEV_ID,var,camera_hdf/hdi_impl/test/dcamera_hdi_sample.cpp,753,VirtualCameraHdf,['VirtualCameraHdf'],False
camera_hdf/hdi_impl/test/dcamera_hdi_sample.cpp,23,TEST_CAM_ID,var,camera_hdf/hdi_impl/test/dcamera_hdi_sample.cpp,752,VirtualCameraHdf,['VirtualCameraHdf'],False
camera_hdf/hdi_impl/test/dcamera_hdi_sample.cpp,23,sleepSeconds,var,camera_hdf/hdi_impl/test/dcamera_hdi_sample.cpp,756,VirtualCameraHdf,['VirtualCameraHdf'],False
camera_hdf/hdi_impl/test/dcamera_hdi_sample.cpp,23,dcamera_hdi_sample,file,camera_hdf/hdi_impl/test/dcamera_hdi_sample.cpp,749,VirtualCameraHdf,['VirtualCameraHdf'],False
camera_hdf/hdi_impl/test/common.h,22,common,file,camera_hdf/hdi_impl/test/common.h,716,VirtualCameraHdf,['VirtualCameraHdf'],False
interfaces/inner_kits/native_cpp/camera_sink/include/idistributed_camera_sink.h,84,,type,interfaces/inner_kits/native_cpp/camera_sink/include/idistributed_camera_sink.h,1567,DistributedCameraSinkMgr,['DistributedCameraSinkMgr'],False
camera_hdf/interfaces/hdi_ipc/config/provider/dcamera_provider_config.cpp,51,HdfDCameraProviderService,type,camera_hdf/interfaces/hdi_ipc/config/provider/dcamera_provider_config.cpp,1062,VirtualCameraHdf,['VirtualCameraHdf'],False
camera_hdf/interfaces/hdi_ipc/config/provider/dcamera_provider_config.cpp,51,HdfDCameraProviderConfigInit,functionimpl,camera_hdf/interfaces/hdi_ipc/config/provider/dcamera_provider_config.cpp,1060,VirtualCameraHdf,['VirtualCameraHdf'],False
camera_hdf/interfaces/hdi_ipc/config/provider/dcamera_provider_config.cpp,51,HdfDCameraProviderConfigRelease,functionimpl,camera_hdf/interfaces/hdi_ipc/config/provider/dcamera_provider_config.cpp,1061,VirtualCameraHdf,['VirtualCameraHdf'],False
camera_hdf/interfaces/hdi_ipc/config/provider/dcamera_provider_config.cpp,51,client,var,camera_hdf/interfaces/hdi_ipc/config/provider/dcamera_provider_config.cpp,1063,VirtualCameraHdf,['VirtualCameraHdf'],False
camera_hdf/interfaces/hdi_ipc/config/provider/dcamera_provider_config.cpp,51,service,var,camera_hdf/interfaces/hdi_ipc/config/provider/dcamera_provider_config.cpp,1068,VirtualCameraHdf,['VirtualCameraHdf'],False
camera_hdf/interfaces/hdi_ipc/config/provider/dcamera_provider_config.cpp,51,cmdId,var,camera_hdf/interfaces/hdi_ipc/config/provider/dcamera_provider_config.cpp,1064,VirtualCameraHdf,['VirtualCameraHdf'],False
camera_hdf/interfaces/hdi_ipc/config/provider/dcamera_provider_config.cpp,51,data,var,camera_hdf/interfaces/hdi_ipc/config/provider/dcamera_provider_config.cpp,1065,VirtualCameraHdf,['VirtualCameraHdf'],False
camera_hdf/interfaces/hdi_ipc/config/provider/dcamera_provider_config.cpp,51,reply,var,camera_hdf/interfaces/hdi_ipc/config/provider/dcamera_provider_config.cpp,1067,VirtualCameraHdf,['VirtualCameraHdf'],False
camera_hdf/interfaces/hdi_ipc/config/provider/dcamera_provider_config.cpp,51,deviceObject,var,camera_hdf/interfaces/hdi_ipc/config/provider/dcamera_provider_config.cpp,1066,VirtualCameraHdf,['VirtualCameraHdf'],False
services/channel/src/dcamera_channel_source_impl.cpp,252,OpenSession,functionimpl,services/channel/src/dcamera_channel_source_impl.cpp,3760,ChannelSource,['ChannelSource'],False
services/channel/src/dcamera_channel_source_impl.cpp,252,iter,var,services/channel/src/dcamera_channel_source_impl.cpp,3766,ChannelSource,['ChannelSource'],False
services/channel/src/dcamera_channel_source_impl.cpp,252,retOpen,var,services/channel/src/dcamera_channel_source_impl.cpp,3772,ChannelSource,['ChannelSource'],False
services/channel/src/dcamera_channel_source_impl.cpp,252,ret,var,services/channel/src/dcamera_channel_source_impl.cpp,3771,ChannelSource,['ChannelSource'],False
services/channel/src/dcamera_channel_source_impl.cpp,252,CloseSession,functionimpl,services/channel/src/dcamera_channel_source_impl.cpp,3757,ChannelSource,['ChannelSource'],False
services/channel/src/dcamera_channel_source_impl.cpp,252,camIndexs,var,services/channel/src/dcamera_channel_source_impl.cpp,3765,ChannelSource,['ChannelSource'],False
services/channel/src/dcamera_channel_source_impl.cpp,252,listener,var,services/channel/src/dcamera_channel_source_impl.cpp,3767,ChannelSource,['ChannelSource'],False
services/channel/src/dcamera_channel_source_impl.cpp,252,sessionFlag,var,services/channel/src/dcamera_channel_source_impl.cpp,3775,ChannelSource,['ChannelSource'],False
services/channel/src/dcamera_channel_source_impl.cpp,252,sessionMode,var,services/channel/src/dcamera_channel_source_impl.cpp,3776,ChannelSource,['ChannelSource'],False
services/channel/src/dcamera_channel_source_impl.cpp,252,myDevId,var,services/channel/src/dcamera_channel_source_impl.cpp,3768,ChannelSource,['ChannelSource'],False
services/channel/src/dcamera_channel_source_impl.cpp,252,peerDevId,var,services/channel/src/dcamera_channel_source_impl.cpp,3769,ChannelSource,['ChannelSource'],False
services/channel/src/dcamera_channel_source_impl.cpp,252,peerSessionName,var,services/channel/src/dcamera_channel_source_impl.cpp,3770,ChannelSource,['ChannelSource'],False
services/channel/src/dcamera_channel_source_impl.cpp,252,ReleaseSession,functionimpl,services/channel/src/dcamera_channel_source_impl.cpp,3761,ChannelSource,['ChannelSource'],False
services/channel/src/dcamera_channel_source_impl.cpp,252,sessKey,var,services/channel/src/dcamera_channel_source_impl.cpp,3774,ChannelSource,['ChannelSource'],False
services/channel/src/dcamera_channel_source_impl.cpp,252,SendData,functionimpl,services/channel/src/dcamera_channel_source_impl.cpp,3762,ChannelSource,['ChannelSource'],False
services/channel/src/dcamera_channel_source_impl.cpp,252,buffer,var,services/channel/src/dcamera_channel_source_impl.cpp,3764,ChannelSource,['ChannelSource'],False
services/channel/src/dcamera_channel_source_impl.cpp,252,retSend,var,services/channel/src/dcamera_channel_source_impl.cpp,3773,ChannelSource,['ChannelSource'],False
camera_hdf/interfaces/hdi_ipc/ipc_data_utils.h,52,EncodeDCameraSettings,functionimpl,camera_hdf/interfaces/hdi_ipc/ipc_data_utils.h,1074,VirtualCameraHdf,['VirtualCameraHdf'],False
camera_hdf/interfaces/hdi_ipc/ipc_data_utils.h,52,EncodeDCameraHDFEvent,functionimpl,camera_hdf/interfaces/hdi_ipc/ipc_data_utils.h,1073,VirtualCameraHdf,['VirtualCameraHdf'],False
camera_hdf/interfaces/hdi_ipc/client/provider/dcamera_provider_proxy.cpp,48,dcamera_provider_proxy,file,camera_hdf/interfaces/hdi_ipc/client/provider/dcamera_provider_proxy.cpp,1006,VirtualCameraHdf,['VirtualCameraHdf'],False
camera_hdf/interfaces/hdi_ipc/ipc_data_utils.h,52,ipc_data_utils,file,camera_hdf/interfaces/hdi_ipc/ipc_data_utils.h,1069,VirtualCameraHdf,['VirtualCameraHdf'],False
camera_hdf/hdi_impl/src/dstream_operator/dstream_operator.cpp,19,InitOutputConfigurations,functionimpl,camera_hdf/hdi_impl/src/dstream_operator/dstream_operator.cpp,589,VirtualCameraHdf,['VirtualCameraHdf'],False
camera_hdf/hdi_impl/include/utils/constants.h,9,PREVIEW,var,camera_hdf/hdi_impl/include/utils/constants.h,241,VirtualCameraHdf,['VirtualCameraHdf'],False
camera_hdf/hdi_impl/include/utils/constants.h,9,VIDEO,var,camera_hdf/hdi_impl/include/utils/constants.h,244,VirtualCameraHdf,['VirtualCameraHdf'],False
camera_hdf/hdi_impl/include/utils/constants.h,9,PHOTO,var,camera_hdf/hdi_impl/include/utils/constants.h,240,VirtualCameraHdf,['VirtualCameraHdf'],False
camera_hdf/hdi_impl/include/utils/constants.h,9,DCResolution,type,camera_hdf/hdi_impl/include/utils/constants.h,218,VirtualCameraHdf,['VirtualCameraHdf'],False
camera_hdf/hdi_impl/include/utils/constants.h,9,STAR_SEPARATOR,var,camera_hdf/hdi_impl/include/utils/constants.h,243,VirtualCameraHdf,['VirtualCameraHdf'],False
camera_hdf/hdi_impl/include/utils/constants.h,9,SIZE_FMT_LEN,var,camera_hdf/hdi_impl/include/utils/constants.h,242,VirtualCameraHdf,['VirtualCameraHdf'],False
camera_hdf/hdi_impl/include/utils/constants.h,9,MAX_SUPPORT_PHOTO_WIDTH,var,camera_hdf/hdi_impl/include/utils/constants.h,236,VirtualCameraHdf,['VirtualCameraHdf'],False
camera_hdf/hdi_impl/include/utils/constants.h,9,MAX_SUPPORT_PHOTO_HEIGHT,var,camera_hdf/hdi_impl/include/utils/constants.h,235,VirtualCameraHdf,['VirtualCameraHdf'],False
camera_hdf/hdi_impl/include/utils/constants.h,9,MAX_SUPPORT_PREVIEW_WIDTH,var,camera_hdf/hdi_impl/include/utils/constants.h,238,VirtualCameraHdf,['VirtualCameraHdf'],False
camera_hdf/hdi_impl/include/utils/constants.h,9,MAX_SUPPORT_PREVIEW_HEIGHT,var,camera_hdf/hdi_impl/include/utils/constants.h,237,VirtualCameraHdf,['VirtualCameraHdf'],False
camera_hdf/hdi_impl/src/dstream_operator/dstream_operator.cpp,19,ChooseSuitableFormat,functionimpl,camera_hdf/hdi_impl/src/dstream_operator/dstream_operator.cpp,580,VirtualCameraHdf,['VirtualCameraHdf'],False
camera_hdf/hdi_impl/src/dstream_operator/dstream_operator.cpp,19,ChooseSuitableResolution,functionimpl,camera_hdf/hdi_impl/src/dstream_operator/dstream_operator.cpp,581,VirtualCameraHdf,['VirtualCameraHdf'],False
camera_hdf/hdi_impl/src/dstream_operator/dstream_operator.cpp,19,ConvertDCEncodeType,functionimpl,camera_hdf/hdi_impl/src/dstream_operator/dstream_operator.cpp,583,VirtualCameraHdf,['VirtualCameraHdf'],False
camera_hdf/hdi_impl/include/utils/constants.h,9,ENCODE_TYPE_STR_H264,var,camera_hdf/hdi_impl/include/utils/constants.h,229,VirtualCameraHdf,['VirtualCameraHdf'],False
camera_hdf/hdi_impl/include/utils/constants.h,9,ENCODE_TYPE_STR_H265,var,camera_hdf/hdi_impl/include/utils/constants.h,230,VirtualCameraHdf,['VirtualCameraHdf'],False
camera_hdf/hdi_impl/include/utils/constants.h,9,ENCODE_TYPE_STR_JPEG,var,camera_hdf/hdi_impl/include/utils/constants.h,231,VirtualCameraHdf,['VirtualCameraHdf'],False
camera_hdf/hdi_impl/src/dstream_operator/dstream_operator.cpp,19,dstream_operator,file,camera_hdf/hdi_impl/src/dstream_operator/dstream_operator.cpp,571,VirtualCameraHdf,['VirtualCameraHdf'],False
camera_hdf/hdi_impl/include/dstream_operator/dstream_operator.h,8,dstream_operator,file,camera_hdf/hdi_impl/include/dstream_operator/dstream_operator.h,173,VirtualCameraHdf,['VirtualCameraHdf'],False
camera_hdf/hdi_impl/src/dstream_operator/dstream_operator.cpp,19,DStreamOperator,functionimpl,camera_hdf/hdi_impl/src/dstream_operator/dstream_operator.cpp,586,VirtualCameraHdf,['VirtualCameraHdf'],False
camera_hdf/hdi_impl/include/dstream_operator/dstream_operator.h,8,DStreamOperator,functionimpl,camera_hdf/hdi_impl/include/dstream_operator/dstream_operator.h,174,VirtualCameraHdf,['VirtualCameraHdf'],False
camera_hdf/hdi_impl/src/dstream_operator/dstream_operator.cpp,19,IsStreamsSupported,functionimpl,camera_hdf/hdi_impl/src/dstream_operator/dstream_operator.cpp,591,VirtualCameraHdf,['VirtualCameraHdf'],False
camera_hdf/hdi_impl/include/dstream_operator/dstream_operator.h,8,IsStreamsSupported,functionproto,camera_hdf/hdi_impl/include/dstream_operator/dstream_operator.h,194,VirtualCameraHdf,['VirtualCameraHdf'],False
camera_hdf/hdi_impl/src/dstream_operator/dstream_operator.cpp,19,CreateStreams,functionimpl,camera_hdf/hdi_impl/src/dstream_operator/dstream_operator.cpp,585,VirtualCameraHdf,['VirtualCameraHdf'],False
camera_hdf/hdi_impl/include/dstream_operator/dstream_operator.h,8,CreateStreams,functionproto,camera_hdf/hdi_impl/include/dstream_operator/dstream_operator.h,189,VirtualCameraHdf,['VirtualCameraHdf'],False
camera_hdf/hdi_impl/src/dstream_operator/dstream_operator.cpp,19,ReleaseStreams,functionimpl,camera_hdf/hdi_impl/src/dstream_operator/dstream_operator.cpp,594,VirtualCameraHdf,['VirtualCameraHdf'],False
camera_hdf/hdi_impl/include/dstream_operator/dstream_operator.h,8,ReleaseStreams,functionproto,camera_hdf/hdi_impl/include/dstream_operator/dstream_operator.h,197,VirtualCameraHdf,['VirtualCameraHdf'],False
camera_hdf/hdi_impl/src/dstream_operator/dstream_operator.cpp,19,CommitStreams,functionimpl,camera_hdf/hdi_impl/src/dstream_operator/dstream_operator.cpp,582,VirtualCameraHdf,['VirtualCameraHdf'],False
camera_hdf/hdi_impl/include/dstream_operator/dstream_operator.h,8,CommitStreams,functionproto,camera_hdf/hdi_impl/include/dstream_operator/dstream_operator.h,186,VirtualCameraHdf,['VirtualCameraHdf'],False
camera_hdf/hdi_impl/src/dstream_operator/dstream_operator.cpp,19,GetStreamAttributes,functionimpl,camera_hdf/hdi_impl/src/dstream_operator/dstream_operator.cpp,588,VirtualCameraHdf,['VirtualCameraHdf'],False
camera_hdf/hdi_impl/include/dstream_operator/dstream_operator.h,8,GetStreamAttributes,functionproto,camera_hdf/hdi_impl/include/dstream_operator/dstream_operator.h,191,VirtualCameraHdf,['VirtualCameraHdf'],False
camera_hdf/hdi_impl/src/dstream_operator/dstream_operator.cpp,19,AttachBufferQueue,functionimpl,camera_hdf/hdi_impl/src/dstream_operator/dstream_operator.cpp,573,VirtualCameraHdf,['VirtualCameraHdf'],False
camera_hdf/hdi_impl/include/dstream_operator/dstream_operator.h,8,AttachBufferQueue,functionproto,camera_hdf/hdi_impl/include/dstream_operator/dstream_operator.h,177,VirtualCameraHdf,['VirtualCameraHdf'],False
camera_hdf/hdi_impl/src/dstream_operator/dstream_operator.cpp,19,DetachBufferQueue,functionimpl,camera_hdf/hdi_impl/src/dstream_operator/dstream_operator.cpp,587,VirtualCameraHdf,['VirtualCameraHdf'],False
camera_hdf/hdi_impl/include/dstream_operator/dstream_operator.h,8,DetachBufferQueue,functionproto,camera_hdf/hdi_impl/include/dstream_operator/dstream_operator.h,190,VirtualCameraHdf,['VirtualCameraHdf'],False
camera_hdf/hdi_impl/src/dstream_operator/dstream_operator.cpp,19,Capture,functionimpl,camera_hdf/hdi_impl/src/dstream_operator/dstream_operator.cpp,576,VirtualCameraHdf,['VirtualCameraHdf'],False
camera_hdf/hdi_impl/include/dstream_operator/dstream_operator.h,8,Capture,functionproto,camera_hdf/hdi_impl/include/dstream_operator/dstream_operator.h,180,VirtualCameraHdf,['VirtualCameraHdf'],False
camera_hdf/hdi_impl/src/dstream_operator/dstream_operator.cpp,19,CancelCapture,functionimpl,camera_hdf/hdi_impl/src/dstream_operator/dstream_operator.cpp,575,VirtualCameraHdf,['VirtualCameraHdf'],False
camera_hdf/hdi_impl/include/dstream_operator/dstream_operator.h,8,CancelCapture,functionproto,camera_hdf/hdi_impl/include/dstream_operator/dstream_operator.h,179,VirtualCameraHdf,['VirtualCameraHdf'],False
camera_hdf/hdi_impl/src/dstream_operator/dstream_operator.cpp,19,ChangeToOfflineStream,functionimpl,camera_hdf/hdi_impl/src/dstream_operator/dstream_operator.cpp,577,VirtualCameraHdf,['VirtualCameraHdf'],False
camera_hdf/hdi_impl/include/dstream_operator/dstream_operator.h,8,ChangeToOfflineStream,functionproto,camera_hdf/hdi_impl/include/dstream_operator/dstream_operator.h,181,VirtualCameraHdf,['VirtualCameraHdf'],False
camera_hdf/hdi_impl/include/dstream_operator/dstream_operator.h,8,InitOutputConfigurations,functionproto,camera_hdf/hdi_impl/include/dstream_operator/dstream_operator.h,192,VirtualCameraHdf,['VirtualCameraHdf'],False
camera_hdf/hdi_impl/src/dstream_operator/dstream_operator.cpp,19,AcquireBuffer,functionimpl,camera_hdf/hdi_impl/src/dstream_operator/dstream_operator.cpp,572,VirtualCameraHdf,['VirtualCameraHdf'],False
camera_hdf/hdi_impl/include/dstream_operator/dstream_operator.h,8,AcquireBuffer,functionproto,camera_hdf/hdi_impl/include/dstream_operator/dstream_operator.h,176,VirtualCameraHdf,['VirtualCameraHdf'],False
camera_hdf/hdi_impl/src/dstream_operator/dstream_operator.cpp,19,ShutterBuffer,functionimpl,camera_hdf/hdi_impl/src/dstream_operator/dstream_operator.cpp,598,VirtualCameraHdf,['VirtualCameraHdf'],False
camera_hdf/hdi_impl/include/dstream_operator/dstream_operator.h,8,ShutterBuffer,functionproto,camera_hdf/hdi_impl/include/dstream_operator/dstream_operator.h,201,VirtualCameraHdf,['VirtualCameraHdf'],False
camera_hdf/hdi_impl/src/dstream_operator/dstream_operator.cpp,19,SetCallBack,functionimpl,camera_hdf/hdi_impl/src/dstream_operator/dstream_operator.cpp,595,VirtualCameraHdf,['VirtualCameraHdf'],False
camera_hdf/hdi_impl/include/dstream_operator/dstream_operator.h,8,SetCallBack,functionproto,camera_hdf/hdi_impl/include/dstream_operator/dstream_operator.h,198,VirtualCameraHdf,['VirtualCameraHdf'],False
camera_hdf/hdi_impl/src/dstream_operator/dstream_operator.cpp,19,SetDeviceCallback,functionimpl,camera_hdf/hdi_impl/src/dstream_operator/dstream_operator.cpp,597,VirtualCameraHdf,['VirtualCameraHdf'],False
camera_hdf/hdi_impl/include/dstream_operator/dstream_operator.h,8,SetDeviceCallback,functionproto,camera_hdf/hdi_impl/include/dstream_operator/dstream_operator.h,200,VirtualCameraHdf,['VirtualCameraHdf'],False
camera_hdf/hdi_impl/src/dstream_operator/dstream_operator.cpp,19,SnapShotStreamOnCaptureEnded,functionimpl,camera_hdf/hdi_impl/src/dstream_operator/dstream_operator.cpp,599,VirtualCameraHdf,['VirtualCameraHdf'],False
camera_hdf/hdi_impl/include/dstream_operator/dstream_operator.h,8,SnapShotStreamOnCaptureEnded,functionproto,camera_hdf/hdi_impl/include/dstream_operator/dstream_operator.h,202,VirtualCameraHdf,['VirtualCameraHdf'],False
camera_hdf/hdi_impl/src/dstream_operator/dstream_operator.cpp,19,Release,functionimpl,camera_hdf/hdi_impl/src/dstream_operator/dstream_operator.cpp,593,VirtualCameraHdf,['VirtualCameraHdf'],False
camera_hdf/hdi_impl/include/dstream_operator/dstream_operator.h,8,Release,functionproto,camera_hdf/hdi_impl/include/dstream_operator/dstream_operator.h,196,VirtualCameraHdf,['VirtualCameraHdf'],False
camera_hdf/hdi_impl/src/dstream_operator/dstream_operator.cpp,19,IsCapturing,functionimpl,camera_hdf/hdi_impl/src/dstream_operator/dstream_operator.cpp,590,VirtualCameraHdf,['VirtualCameraHdf'],False
camera_hdf/hdi_impl/include/dstream_operator/dstream_operator.h,8,IsCapturing,functionproto,camera_hdf/hdi_impl/include/dstream_operator/dstream_operator.h,193,VirtualCameraHdf,['VirtualCameraHdf'],False
camera_hdf/hdi_impl/src/dstream_operator/dstream_operator.cpp,19,SetCapturing,functionimpl,camera_hdf/hdi_impl/src/dstream_operator/dstream_operator.cpp,596,VirtualCameraHdf,['VirtualCameraHdf'],False
camera_hdf/hdi_impl/include/dstream_operator/dstream_operator.h,8,SetCapturing,functionproto,camera_hdf/hdi_impl/include/dstream_operator/dstream_operator.h,199,VirtualCameraHdf,['VirtualCameraHdf'],False
camera_hdf/hdi_impl/src/dstream_operator/dstream_operator.cpp,19,ConvertStreamInfo,functionimpl,camera_hdf/hdi_impl/src/dstream_operator/dstream_operator.cpp,584,VirtualCameraHdf,['VirtualCameraHdf'],False
camera_hdf/hdi_impl/include/dstream_operator/dstream_operator.h,8,ConvertStreamInfo,functionproto,camera_hdf/hdi_impl/include/dstream_operator/dstream_operator.h,188,VirtualCameraHdf,['VirtualCameraHdf'],False
camera_hdf/hdi_impl/src/dstream_operator/dstream_operator.cpp,19,NegotiateSuitableCaptureInfo,functionimpl,camera_hdf/hdi_impl/src/dstream_operator/dstream_operator.cpp,592,VirtualCameraHdf,['VirtualCameraHdf'],False
camera_hdf/hdi_impl/include/dstream_operator/dstream_operator.h,8,NegotiateSuitableCaptureInfo,functionproto,camera_hdf/hdi_impl/include/dstream_operator/dstream_operator.h,195,VirtualCameraHdf,['VirtualCameraHdf'],False
camera_hdf/hdi_impl/src/dstream_operator/dstream_operator.cpp,19,BuildSuitableCaptureInfo,functionimpl,camera_hdf/hdi_impl/src/dstream_operator/dstream_operator.cpp,574,VirtualCameraHdf,['VirtualCameraHdf'],False
camera_hdf/hdi_impl/include/dstream_operator/dstream_operator.h,8,BuildSuitableCaptureInfo,functionproto,camera_hdf/hdi_impl/include/dstream_operator/dstream_operator.h,178,VirtualCameraHdf,['VirtualCameraHdf'],False
camera_hdf/hdi_impl/include/dstream_operator/dstream_operator.h,8,ChooseSuitableFormat,functionproto,camera_hdf/hdi_impl/include/dstream_operator/dstream_operator.h,184,VirtualCameraHdf,['VirtualCameraHdf'],False
camera_hdf/hdi_impl/include/dstream_operator/dstream_operator.h,8,ChooseSuitableResolution,functionproto,camera_hdf/hdi_impl/include/dstream_operator/dstream_operator.h,185,VirtualCameraHdf,['VirtualCameraHdf'],False
camera_hdf/hdi_impl/src/dstream_operator/dstream_operator.cpp,19,ChooseSuitableDataSpace,functionimpl,camera_hdf/hdi_impl/src/dstream_operator/dstream_operator.cpp,578,VirtualCameraHdf,['VirtualCameraHdf'],False
camera_hdf/hdi_impl/include/dstream_operator/dstream_operator.h,8,ChooseSuitableDataSpace,functionproto,camera_hdf/hdi_impl/include/dstream_operator/dstream_operator.h,182,VirtualCameraHdf,['VirtualCameraHdf'],False
camera_hdf/hdi_impl/src/dstream_operator/dstream_operator.cpp,19,ChooseSuitableEncodeType,functionimpl,camera_hdf/hdi_impl/src/dstream_operator/dstream_operator.cpp,579,VirtualCameraHdf,['VirtualCameraHdf'],False
camera_hdf/hdi_impl/include/dstream_operator/dstream_operator.h,8,ChooseSuitableEncodeType,functionproto,camera_hdf/hdi_impl/include/dstream_operator/dstream_operator.h,183,VirtualCameraHdf,['VirtualCameraHdf'],False
camera_hdf/hdi_impl/include/dstream_operator/dstream_operator.h,8,ConvertDCEncodeType,functionproto,camera_hdf/hdi_impl/include/dstream_operator/dstream_operator.h,187,VirtualCameraHdf,['VirtualCameraHdf'],False
services/data_process/include/utils/image_common_type.h,268,PipelineType,type,services/data_process/include/utils/image_common_type.h,4115,CameraDataProcessCommon,['CameraDataProcessCommon'],False
interfaces/inner_kits/native_cpp/camera_sink/include/dcamera_sink_handler_ipc.h,82,dcamera_sink_handler_ipc,file,interfaces/inner_kits/native_cpp/camera_sink/include/dcamera_sink_handler_ipc.h,1541,DistributedCameraSinkMgr,['DistributedCameraSinkMgr'],False
interfaces/inner_kits/native_cpp/camera_sink/include/dcamera_sink_handler_ipc.h,82,GetSinkLocalDHMS,functionproto,interfaces/inner_kits/native_cpp/camera_sink/include/dcamera_sink_handler_ipc.h,1544,DistributedCameraSinkMgr,['DistributedCameraSinkMgr'],False
interfaces/inner_kits/native_cpp/camera_sink/include/dcamera_sink_handler_ipc.h,82,localSink_,var,interfaces/inner_kits/native_cpp/camera_sink/include/dcamera_sink_handler_ipc.h,1551,DistributedCameraSinkMgr,['DistributedCameraSinkMgr'],False
interfaces/inner_kits/native_cpp/camera_sink/include/dcamera_sink_handler_ipc.h,82,sinkLocalRecipient_,var,interfaces/inner_kits/native_cpp/camera_sink/include/dcamera_sink_handler_ipc.h,1552,DistributedCameraSinkMgr,['DistributedCameraSinkMgr'],False
interfaces/inner_kits/native_cpp/camera_sink/include/dcamera_sink_handler_ipc.h,82,SinkLocalRecipient,type,interfaces/inner_kits/native_cpp/camera_sink/include/dcamera_sink_handler_ipc.h,1550,DistributedCameraSinkMgr,['DistributedCameraSinkMgr'],False
camera_hdf/interfaces/include/types.h,73,DCStreamInfo,alias,camera_hdf/interfaces/include/types.h,1372,VirtualCameraHdf,['VirtualCameraHdf'],False
services/data_process/src/pipeline_node/multimedia_codec/encode_data_process.cpp,277,GetEncoderOutputBuffer,functionimpl,services/data_process/src/pipeline_node/multimedia_codec/encode_data_process.cpp,4455,CameraDataProcessCommon,['CameraDataProcessCommon'],False
services/cameraservice/sinkservice/include/distributedcameramgr/dcamera_sink_data_process.h,148,OnEvent,functionproto,services/cameraservice/sinkservice/include/distributedcameramgr/dcamera_sink_data_process.h,2300,DistributedCameraSinkMgr,['DistributedCameraSinkMgr'],False
services/data_process/src/pipeline_node/multimedia_codec/encode_data_process.cpp,277,encode_data_process,file,services/data_process/src/pipeline_node/multimedia_codec/encode_data_process.cpp,4451,CameraDataProcessCommon,['CameraDataProcessCommon'],False
camera_hdf/hdi_impl/include/dstream_operator/dbuffer_manager.h,4,operator =,functionimpl,camera_hdf/hdi_impl/include/dstream_operator/dbuffer_manager.h,98,VirtualCameraHdf,['VirtualCameraHdf'],False
camera_hdf/hdi_impl/include/dstream_operator/dbuffer_manager.h,4,DBufferManager,functionimpl,camera_hdf/hdi_impl/include/dstream_operator/dbuffer_manager.h,97,VirtualCameraHdf,['VirtualCameraHdf'],False
camera_hdf/interfaces/hdi_ipc/client/provider/dcamera_provider_proxy.cpp,48,DC_PROVIDER_HDI_SERVER_NAME,var,camera_hdf/interfaces/hdi_ipc/client/provider/dcamera_provider_proxy.cpp,1016,VirtualCameraHdf,['VirtualCameraHdf'],False
camera_hdf/interfaces/hdi_ipc/client/provider/dcamera_provider_proxy.cpp,48,data,var,camera_hdf/interfaces/hdi_ipc/client/provider/dcamera_provider_proxy.cpp,1020,VirtualCameraHdf,['VirtualCameraHdf'],False
camera_hdf/interfaces/hdi_ipc/client/provider/dcamera_provider_proxy.cpp,48,dhBase,var,camera_hdf/interfaces/hdi_ipc/client/provider/dcamera_provider_proxy.cpp,1021,VirtualCameraHdf,['VirtualCameraHdf'],False
camera_hdf/interfaces/hdi_ipc/client/provider/dcamera_provider_proxy.cpp,48,abilityInfo,var,camera_hdf/interfaces/hdi_ipc/client/provider/dcamera_provider_proxy.cpp,1017,VirtualCameraHdf,['VirtualCameraHdf'],False
camera_hdf/interfaces/hdi_ipc/client/provider/dcamera_provider_proxy.cpp,48,callback,var,camera_hdf/interfaces/hdi_ipc/client/provider/dcamera_provider_proxy.cpp,1019,VirtualCameraHdf,['VirtualCameraHdf'],False
camera_hdf/interfaces/hdi_ipc/client/provider/dcamera_provider_proxy.cpp,48,nullFlag,var,camera_hdf/interfaces/hdi_ipc/client/provider/dcamera_provider_proxy.cpp,1023,VirtualCameraHdf,['VirtualCameraHdf'],False
camera_hdf/interfaces/hdi_ipc/client/provider/dcamera_provider_proxy.cpp,48,reply,var,camera_hdf/interfaces/hdi_ipc/client/provider/dcamera_provider_proxy.cpp,1025,VirtualCameraHdf,['VirtualCameraHdf'],False
camera_hdf/interfaces/hdi_ipc/client/provider/dcamera_provider_proxy.cpp,48,option,var,camera_hdf/interfaces/hdi_ipc/client/provider/dcamera_provider_proxy.cpp,1024,VirtualCameraHdf,['VirtualCameraHdf'],False
camera_hdf/interfaces/hdi_ipc/client/provider/dcamera_provider_proxy.cpp,48,ret,var,camera_hdf/interfaces/hdi_ipc/client/provider/dcamera_provider_proxy.cpp,1027,VirtualCameraHdf,['VirtualCameraHdf'],False
camera_hdf/interfaces/hdi_ipc/client/provider/dcamera_provider_proxy.cpp,48,streamId,var,camera_hdf/interfaces/hdi_ipc/client/provider/dcamera_provider_proxy.cpp,1030,VirtualCameraHdf,['VirtualCameraHdf'],False
camera_hdf/interfaces/hdi_ipc/client/provider/dcamera_provider_proxy.cpp,48,retCode,var,camera_hdf/interfaces/hdi_ipc/client/provider/dcamera_provider_proxy.cpp,1028,VirtualCameraHdf,['VirtualCameraHdf'],False
camera_hdf/interfaces/hdi_ipc/client/provider/dcamera_provider_proxy.cpp,48,buffer,var,camera_hdf/interfaces/hdi_ipc/client/provider/dcamera_provider_proxy.cpp,1018,VirtualCameraHdf,['VirtualCameraHdf'],False
camera_hdf/interfaces/hdi_ipc/client/provider/dcamera_provider_proxy.cpp,48,retHandle,var,camera_hdf/interfaces/hdi_ipc/client/provider/dcamera_provider_proxy.cpp,1029,VirtualCameraHdf,['VirtualCameraHdf'],False
camera_hdf/interfaces/hdi_ipc/client/provider/dcamera_provider_proxy.cpp,48,result,var,camera_hdf/interfaces/hdi_ipc/client/provider/dcamera_provider_proxy.cpp,1026,VirtualCameraHdf,['VirtualCameraHdf'],False
camera_hdf/interfaces/hdi_ipc/client/provider/dcamera_provider_proxy.cpp,48,event,var,camera_hdf/interfaces/hdi_ipc/client/provider/dcamera_provider_proxy.cpp,1022,VirtualCameraHdf,['VirtualCameraHdf'],False
camera_hdf/interfaces/hdi_ipc/client/provider/dcamera_provider_proxy.cpp,48,DCameraMemoryMap,functionimpl,camera_hdf/interfaces/hdi_ipc/client/provider/dcamera_provider_proxy.cpp,1008,VirtualCameraHdf,['VirtualCameraHdf'],False
camera_hdf/interfaces/hdi_ipc/client/provider/dcamera_provider_proxy.cpp,48,virAddr,var,camera_hdf/interfaces/hdi_ipc/client/provider/dcamera_provider_proxy.cpp,1031,VirtualCameraHdf,['VirtualCameraHdf'],False
camera_hdf/interfaces/hdi_ipc/client/provider/dcamera_provider_proxy.cpp,48,DCameraMemoryUnmap,functionimpl,camera_hdf/interfaces/hdi_ipc/client/provider/dcamera_provider_proxy.cpp,1009,VirtualCameraHdf,['VirtualCameraHdf'],False
services/cameraservice/base/src/dcamera_event_cmd.cpp,110,rootValue,var,services/cameraservice/base/src/dcamera_event_cmd.cpp,1851,CameraServiceCommon,['CameraServiceCommon'],False
services/cameraservice/base/src/dcamera_event_cmd.cpp,110,event,var,services/cameraservice/base/src/dcamera_event_cmd.cpp,1847,CameraServiceCommon,['CameraServiceCommon'],False
services/cameraservice/base/src/dcamera_event_cmd.cpp,110,jsonStr,var,services/cameraservice/base/src/dcamera_event_cmd.cpp,1849,CameraServiceCommon,['CameraServiceCommon'],False
services/cameraservice/base/src/dcamera_event_cmd.cpp,110,readerBuilder,var,services/cameraservice/base/src/dcamera_event_cmd.cpp,1850,CameraServiceCommon,['CameraServiceCommon'],False
services/cameraservice/base/src/dcamera_event_cmd.cpp,110,jsonReader,var,services/cameraservice/base/src/dcamera_event_cmd.cpp,1848,CameraServiceCommon,['CameraServiceCommon'],False
services/cameraservice/base/src/dcamera_event_cmd.cpp,110,errs,var,services/cameraservice/base/src/dcamera_event_cmd.cpp,1846,CameraServiceCommon,['CameraServiceCommon'],False
services/cameraservice/base/src/dcamera_event_cmd.cpp,110,valueJson,var,services/cameraservice/base/src/dcamera_event_cmd.cpp,1852,CameraServiceCommon,['CameraServiceCommon'],False
camera_hdf/interfaces/hdi_ipc/client/provider/dcamera_provider_proxy.h,49,DCameraProviderProxy,type,camera_hdf/interfaces/hdi_ipc/client/provider/dcamera_provider_proxy.h,1042,VirtualCameraHdf,['VirtualCameraHdf'],False
camera_hdf/interfaces/hdi_ipc/client/provider/dcamera_provider_proxy.h,49,DCameraMemoryMap,functionproto,camera_hdf/interfaces/hdi_ipc/client/provider/dcamera_provider_proxy.h,1035,VirtualCameraHdf,['VirtualCameraHdf'],False
camera_hdf/interfaces/hdi_ipc/client/provider/dcamera_provider_proxy.h,49,DCameraMemoryUnmap,functionproto,camera_hdf/interfaces/hdi_ipc/client/provider/dcamera_provider_proxy.h,1036,VirtualCameraHdf,['VirtualCameraHdf'],False
camera_hdf/hdi_impl/include/dstream_operator/dbuffer_manager.h,4,AcquireBuffer,functionproto,camera_hdf/hdi_impl/include/dstream_operator/dbuffer_manager.h,99,VirtualCameraHdf,['VirtualCameraHdf'],False
camera_hdf/hdi_impl/include/dstream_operator/dbuffer_manager.h,4,idleList_,var,camera_hdf/hdi_impl/include/dstream_operator/dbuffer_manager.h,109,VirtualCameraHdf,['VirtualCameraHdf'],False
camera_hdf/hdi_impl/include/dstream_operator/dbuffer_manager.h,4,busyList_,var,camera_hdf/hdi_impl/include/dstream_operator/dbuffer_manager.h,108,VirtualCameraHdf,['VirtualCameraHdf'],False
camera_hdf/hdi_impl/include/utils/constants.h,9,constants,file,camera_hdf/hdi_impl/include/utils/constants.h,214,VirtualCameraHdf,['VirtualCameraHdf'],False
camera_hdf/hdi_impl/include/dstream_operator/dbuffer_manager.h,4,AddBuffer,functionproto,camera_hdf/hdi_impl/include/dstream_operator/dbuffer_manager.h,100,VirtualCameraHdf,['VirtualCameraHdf'],False
camera_hdf/hdi_impl/include/utils/constants.h,9,RetCode,alias,camera_hdf/hdi_impl/include/utils/constants.h,213,VirtualCameraHdf,['VirtualCameraHdf'],False
camera_hdf/hdi_impl/include/dstream_operator/dbuffer_manager.h,4,RemoveBuffer,functionproto,camera_hdf/hdi_impl/include/dstream_operator/dbuffer_manager.h,105,VirtualCameraHdf,['VirtualCameraHdf'],False
camera_hdf/hdi_impl/include/dstream_operator/dbuffer_manager.h,4,SurfaceBufferToDImageBuffer,functionproto,camera_hdf/hdi_impl/include/dstream_operator/dbuffer_manager.h,106,VirtualCameraHdf,['VirtualCameraHdf'],False
camera_hdf/hdi_impl/include/dstream_operator/dbuffer_manager.h,4,DImageBufferToDCameraBuffer,functionproto,camera_hdf/hdi_impl/include/dstream_operator/dbuffer_manager.h,102,VirtualCameraHdf,['VirtualCameraHdf'],False
camera_hdf/hdi_impl/include/dstream_operator/dimage_buffer.h,6,operator ==,functionproto,camera_hdf/hdi_impl/include/dstream_operator/dimage_buffer.h,163,VirtualCameraHdf,['VirtualCameraHdf'],False
camera_hdf/hdi_impl/include/dstream_operator/dimage_buffer.h,6,DImageBuffer,functionimpl,camera_hdf/hdi_impl/include/dstream_operator/dimage_buffer.h,129,VirtualCameraHdf,['VirtualCameraHdf'],False
services/cameraservice/sourceservice/include/distributedcameramgr/dcamera_source_event.h,197,dcamera_source_event,file,services/cameraservice/sourceservice/include/distributedcameramgr/dcamera_source_event.h,2856,DistributedCameraSourceMgr,['DistributedCameraSourceMgr'],False
services/cameraservice/sourceservice/include/distributedcameramgr/dcamera_source_event.h,197,DCameraSourceEvent,functionimpl,services/cameraservice/sourceservice/include/distributedcameramgr/dcamera_source_event.h,2858,DistributedCameraSourceMgr,['DistributedCameraSourceMgr'],False
services/cameraservice/sourceservice/include/distributedcameramgr/dcamera_source_event.h,197,GetDCameraIndex,functionproto,services/cameraservice/sourceservice/include/distributedcameramgr/dcamera_source_event.h,2862,DistributedCameraSourceMgr,['DistributedCameraSourceMgr'],False
interfaces/inner_kits/native_cpp/camera_source/include/callback/dcamera_source_callback_stub.h,89,memberFuncMap_,var,interfaces/inner_kits/native_cpp/camera_source/include/callback/dcamera_source_callback_stub.h,1630,DistributedCameraSourceMgr,['DistributedCameraSourceMgr'],False
interfaces/inner_kits/native_cpp/camera_source/include/callback/dcamera_source_callback_stub.h,89,DCameraFunc,alias,interfaces/inner_kits/native_cpp/camera_source/include/callback/dcamera_source_callback_stub.h,1622,DistributedCameraSourceMgr,['DistributedCameraSourceMgr'],False
services/cameraservice/sourceservice/include/distributedcameramgr/dcameradata/dcamera_stream_data_process_producer.h,206,DCameraStreamDataProcessProducer,type,services/cameraservice/sourceservice/include/distributedcameramgr/dcameradata/dcamera_stream_data_process_producer.h,3003,DistributedCameraSourceMgr,['DistributedCameraSourceMgr'],False
services/cameraservice/sourceservice/include/distributedcameramgr/dcameradata/dcamera_stream_data_process_producer.h,206,,type,services/cameraservice/sourceservice/include/distributedcameramgr/dcameradata/dcamera_stream_data_process_producer.h,3002,DistributedCameraSourceMgr,['DistributedCameraSourceMgr'],False
services/cameraservice/sinkservice/include/distributedcamera/distributed_camera_sink_stub.h,143,memberFuncMap_,var,services/cameraservice/sinkservice/include/distributedcamera/distributed_camera_sink_stub.h,2246,DistributedCameraSinkMgr,['DistributedCameraSinkMgr'],False
services/cameraservice/sinkservice/include/distributedcamera/distributed_camera_sink_stub.h,143,DCameraFunc,alias,services/cameraservice/sinkservice/include/distributedcamera/distributed_camera_sink_stub.h,2231,DistributedCameraSinkMgr,['DistributedCameraSinkMgr'],False
services/data_process/include/interfaces/data_process_listener.h,257,OnError,functionproto,services/data_process/include/interfaces/data_process_listener.h,3940,CameraDataProcessCommon,['CameraDataProcessCommon'],False
interfaces/inner_kits/native_cpp/camera_source/include/dcamera_source_handler_ipc.h,92,sourceLocalRecipient_,var,interfaces/inner_kits/native_cpp/camera_source/include/dcamera_source_handler_ipc.h,1654,DistributedCameraSourceMgr,['DistributedCameraSourceMgr'],False
interfaces/inner_kits/native_cpp/camera_source/include/dcamera_source_handler_ipc.h,92,SourceLocalRecipient,type,interfaces/inner_kits/native_cpp/camera_source/include/dcamera_source_handler_ipc.h,1652,DistributedCameraSourceMgr,['DistributedCameraSourceMgr'],False
interfaces/inner_kits/native_cpp/camera_source/include/idistributed_camera_source.h,94,IDistributedCameraSource,type,interfaces/inner_kits/native_cpp/camera_source/include/idistributed_camera_source.h,1666,DistributedCameraSourceMgr,['DistributedCameraSourceMgr'],False
camera_hdf/hdi_impl/include/dcamera_provider/dcamera_provider.h,3,GetInstance,functionproto,camera_hdf/hdi_impl/include/dcamera_provider/dcamera_provider.h,83,VirtualCameraHdf,['VirtualCameraHdf'],False
camera_hdf/hdi_impl/include/dcamera_provider/dcamera_provider.h,3,dcamera_provider,file,camera_hdf/hdi_impl/include/dcamera_provider/dcamera_provider.h,73,VirtualCameraHdf,['VirtualCameraHdf'],False
camera_hdf/hdi_impl/include/dcamera_provider/dcamera_provider.h,3,DCameraProvider,type,camera_hdf/hdi_impl/include/dcamera_provider/dcamera_provider.h,94,VirtualCameraHdf,['VirtualCameraHdf'],False
camera_hdf/hdi_impl/include/dstream_operator/dcamera_steam.h,5,DCameraStream,type,camera_hdf/hdi_impl/include/dstream_operator/dcamera_steam.h,125,VirtualCameraHdf,['VirtualCameraHdf'],False
camera_hdf/hdi_impl/include/dstream_operator/dbuffer_manager.h,4,PixelFormatToDCameraFormat,functionproto,camera_hdf/hdi_impl/include/dstream_operator/dbuffer_manager.h,104,VirtualCameraHdf,['VirtualCameraHdf'],False
services/cameraservice/base/include/dcamera_metadata_setting_cmd.h,104,value_,var,services/cameraservice/base/include/dcamera_metadata_setting_cmd.h,1785,CameraServiceCommon,['CameraServiceCommon'],False
common/include/constants/distributed_camera_constants.h,74,DCAMERA_PRODUCER_FPS_DEFAULT,var,common/include/constants/distributed_camera_constants.h,1433,utils,['utils'],False
camera_hdf/interfaces/include/types.h,73,DCEncodeType,alias,camera_hdf/interfaces/include/types.h,1371,VirtualCameraHdf,['VirtualCameraHdf'],False
camera_hdf/interfaces/include/types.h,73,_DCStreamType,type,camera_hdf/interfaces/include/types.h,1387,VirtualCameraHdf,['VirtualCameraHdf'],False
services/cameraservice/sourceservice/src/distributedcamera/dcamera_service_state_listener.cpp,219,dcamera_service_state_listener,file,services/cameraservice/sourceservice/src/distributedcamera/dcamera_service_state_listener.cpp,3116,DistributedCameraSourceMgr,['DistributedCameraSourceMgr'],False
services/cameraservice/sourceservice/src/distributedcamera/dcamera_service_state_listener.cpp,219,OnRegisterNotify,functionimpl,services/cameraservice/sourceservice/src/distributedcamera/dcamera_service_state_listener.cpp,3118,DistributedCameraSourceMgr,['DistributedCameraSourceMgr'],False
services/cameraservice/sourceservice/src/distributedcamera/dcamera_service_state_listener.cpp,219,OnUnregisterNotify,functionimpl,services/cameraservice/sourceservice/src/distributedcamera/dcamera_service_state_listener.cpp,3119,DistributedCameraSourceMgr,['DistributedCameraSourceMgr'],False
services/cameraservice/sourceservice/include/distributedcamera/distributed_camera_source_stub.h,195,memberFuncMap_,var,services/cameraservice/sourceservice/include/distributedcamera/distributed_camera_source_stub.h,2814,DistributedCameraSourceMgr,['DistributedCameraSourceMgr'],False
services/cameraservice/sourceservice/include/distributedcamera/distributed_camera_source_stub.h,195,DCameraFunc,alias,services/cameraservice/sourceservice/include/distributedcamera/distributed_camera_source_stub.h,2803,DistributedCameraSourceMgr,['DistributedCameraSourceMgr'],False
services/data_process/include/eventbus/dcamera_codec_event.h,255,GetAction,functionimpl,services/data_process/include/eventbus/dcamera_codec_event.h,3893,CameraDataProcessCommon,['CameraDataProcessCommon'],False
services/data_process/include/eventbus/dcamera_codec_event.h,255,VideoCodecAction,type,services/data_process/include/eventbus/dcamera_codec_event.h,3901,CameraDataProcessCommon,['CameraDataProcessCommon'],False
services/data_process/include/eventbus/dcamera_codec_event.h,255,CodecPacket,functionimpl,services/data_process/include/eventbus/dcamera_codec_event.h,3891,CameraDataProcessCommon,['CameraDataProcessCommon'],False
services/data_process/include/eventbus/dcamera_codec_event.h,255,videoCodec,var,services/data_process/include/eventbus/dcamera_codec_event.h,3911,CameraDataProcessCommon,['CameraDataProcessCommon'],False
services/data_process/include/eventbus/dcamera_codec_event.h,255,multiDataBuffers,var,services/data_process/include/eventbus/dcamera_codec_event.h,3907,CameraDataProcessCommon,['CameraDataProcessCommon'],False
services/data_process/include/eventbus/dcamera_codec_event.h,255,SetVideoCodecType,functionimpl,services/data_process/include/eventbus/dcamera_codec_event.h,3898,CameraDataProcessCommon,['CameraDataProcessCommon'],False
services/data_process/include/eventbus/dcamera_codec_event.h,255,videoCodec_,var,services/data_process/include/eventbus/dcamera_codec_event.h,3912,CameraDataProcessCommon,['CameraDataProcessCommon'],False
services/data_process/include/eventbus/dcamera_codec_event.h,255,GetVideoCodecType,functionimpl,services/data_process/include/eventbus/dcamera_codec_event.h,3896,CameraDataProcessCommon,['CameraDataProcessCommon'],False
services/data_process/include/eventbus/dcamera_codec_event.h,255,SetDataBuffers,functionimpl,services/data_process/include/eventbus/dcamera_codec_event.h,3897,CameraDataProcessCommon,['CameraDataProcessCommon'],False
services/data_process/include/eventbus/dcamera_codec_event.h,255,multiDataBuffers_,var,services/data_process/include/eventbus/dcamera_codec_event.h,3908,CameraDataProcessCommon,['CameraDataProcessCommon'],False
services/data_process/include/eventbus/dcamera_codec_event.h,255,GetDataBuffers,functionimpl,services/data_process/include/eventbus/dcamera_codec_event.h,3895,CameraDataProcessCommon,['CameraDataProcessCommon'],False
services/data_process/include/eventbus/dcamera_codec_event.h,255,DCameraCodecEvent,functionimpl,services/data_process/include/eventbus/dcamera_codec_event.h,3892,CameraDataProcessCommon,['CameraDataProcessCommon'],False
services/data_process/include/eventbus/dcamera_codec_event.h,255,sender,var,services/data_process/include/eventbus/dcamera_codec_event.h,3910,CameraDataProcessCommon,['CameraDataProcessCommon'],False
services/data_process/include/eventbus/dcamera_codec_event.h,255,codecPacket,var,services/data_process/include/eventbus/dcamera_codec_event.h,3905,CameraDataProcessCommon,['CameraDataProcessCommon'],False
services/data_process/include/eventbus/dcamera_codec_event.h,255,NO_ACTION,var,services/data_process/include/eventbus/dcamera_codec_event.h,3903,CameraDataProcessCommon,['CameraDataProcessCommon'],False
services/data_process/include/eventbus/dcamera_codec_event.h,255,otherAction,var,services/data_process/include/eventbus/dcamera_codec_event.h,3909,CameraDataProcessCommon,['CameraDataProcessCommon'],False
services/data_process/include/eventbus/dcamera_codec_event.h,255,GetCodecPacket,functionimpl,services/data_process/include/eventbus/dcamera_codec_event.h,3894,CameraDataProcessCommon,['CameraDataProcessCommon'],False
services/data_process/include/eventbus/dcamera_codec_event.h,255,CodecPacket,type,services/data_process/include/eventbus/dcamera_codec_event.h,3899,CameraDataProcessCommon,['CameraDataProcessCommon'],False
services/data_process/include/eventbus/dcamera_codec_event.h,255,codecPacket_,var,services/data_process/include/eventbus/dcamera_codec_event.h,3906,CameraDataProcessCommon,['CameraDataProcessCommon'],False
services/data_process/include/eventbus/dcamera_codec_event.h,255,action_,var,services/data_process/include/eventbus/dcamera_codec_event.h,3904,CameraDataProcessCommon,['CameraDataProcessCommon'],False
services/cameraservice/sinkservice/include/distributedcameramgr/callback/dcamera_sink_output_result_callback.h,145,output_,var,services/cameraservice/sinkservice/include/distributedcameramgr/callback/dcamera_sink_output_result_callback.h,2258,DistributedCameraSinkMgr,['DistributedCameraSinkMgr'],False
services/cameraservice/sourceservice/include/distributedcameramgr/dcameradata/dcamera_source_input.h,202,channels_,var,services/cameraservice/sourceservice/include/distributedcameramgr/dcameradata/dcamera_source_input.h,2954,DistributedCameraSourceMgr,['DistributedCameraSourceMgr'],False
services/cameraservice/sourceservice/include/distributedcameramgr/dcameradata/dcamera_source_input.h,202,listeners_,var,services/cameraservice/sourceservice/include/distributedcameramgr/dcameradata/dcamera_source_input.h,2956,DistributedCameraSourceMgr,['DistributedCameraSourceMgr'],False
services/cameraservice/sourceservice/include/distributedcameramgr/dcameradata/dcamera_source_input.h,202,dataProcess_,var,services/cameraservice/sourceservice/include/distributedcameramgr/dcameradata/dcamera_source_input.h,2955,DistributedCameraSourceMgr,['DistributedCameraSourceMgr'],False
services/cameraservice/sourceservice/include/distributedcameramgr/dcameradata/dcamera_source_input.h,202,channelState_,var,services/cameraservice/sourceservice/include/distributedcameramgr/dcameradata/dcamera_source_input.h,2953,DistributedCameraSourceMgr,['DistributedCameraSourceMgr'],False
services/cameraservice/sourceservice/include/distributedcameramgr/dcameradata/dcamera_source_input.h,202,OnSessionState,functionproto,services/cameraservice/sourceservice/include/distributedcameramgr/dcameradata/dcamera_source_input.h,2943,DistributedCameraSourceMgr,['DistributedCameraSourceMgr'],False
services/cameraservice/sourceservice/include/distributedcameramgr/dcameradata/dcamera_source_input.h,202,OnSessionError,functionproto,services/cameraservice/sourceservice/include/distributedcameramgr/dcameradata/dcamera_source_input.h,2942,DistributedCameraSourceMgr,['DistributedCameraSourceMgr'],False
services/cameraservice/sourceservice/include/distributedcameramgr/dcameradata/dcamera_source_input.h,202,OnDataReceived,functionproto,services/cameraservice/sourceservice/include/distributedcameramgr/dcameradata/dcamera_source_input.h,2941,DistributedCameraSourceMgr,['DistributedCameraSourceMgr'],False
services/cameraservice/base/include/dcamera_channel_info_cmd.h,101,DCameraChannelDetail,functionimpl,services/cameraservice/base/include/dcamera_channel_info_cmd.h,1758,CameraServiceCommon,['CameraServiceCommon'],False
services/cameraservice/base/include/dcamera_channel_info_cmd.h,101,dataSessionFlag,var,services/cameraservice/base/include/dcamera_channel_info_cmd.h,1764,CameraServiceCommon,['CameraServiceCommon'],False
services/cameraservice/base/include/dcamera_channel_info_cmd.h,101,streamType,var,services/cameraservice/base/include/dcamera_channel_info_cmd.h,1766,CameraServiceCommon,['CameraServiceCommon'],False
services/cameraservice/base/include/dcamera_channel_info_cmd.h,101,detail_,var,services/cameraservice/base/include/dcamera_channel_info_cmd.h,1765,CameraServiceCommon,['CameraServiceCommon'],False
services/cameraservice/base/include/dcamera_channel_info_cmd.h,101,DCameraChannelDetail,type,services/cameraservice/base/include/dcamera_channel_info_cmd.h,1761,CameraServiceCommon,['CameraServiceCommon'],False
services/cameraservice/base/include/dcamera_channel_info_cmd.h,101,value_,var,services/cameraservice/base/include/dcamera_channel_info_cmd.h,1767,CameraServiceCommon,['CameraServiceCommon'],False
services/cameraservice/base/include/dcamera_channel_info_cmd.h,101,DCameraChannelInfo,type,services/cameraservice/base/include/dcamera_channel_info_cmd.h,1762,CameraServiceCommon,['CameraServiceCommon'],False
services/cameraservice/cameraoperator/handler/src/dcamera_handler.cpp,139,CreateDHItem,functionimpl,services/cameraservice/cameraoperator/handler/src/dcamera_handler.cpp,2145,utils,['utils'],False
common/include/utils/dcamera_utils_tools.h,78,Base64Encode,functionproto,common/include/utils/dcamera_utils_tools.h,1481,utils,['utils'],False
services/cameraservice/cameraoperator/handler/src/dcamera_handler.cpp,139,dcamera_handler,file,services/cameraservice/cameraoperator/handler/src/dcamera_handler.cpp,2143,utils,['utils'],False
services/data_process/include/eventbus/dcamera_pipeline_event.h,256,GetPipelineType,functionimpl,services/data_process/include/eventbus/dcamera_pipeline_event.h,3919,CameraDataProcessCommon,['CameraDataProcessCommon'],False
services/data_process/include/eventbus/dcamera_pipeline_event.h,256,PipelineConfig,functionimpl,services/data_process/include/eventbus/dcamera_pipeline_event.h,3920,CameraDataProcessCommon,['CameraDataProcessCommon'],False
services/data_process/include/utils/image_common_type.h,268,VIDEO,var,services/data_process/include/utils/image_common_type.h,4125,CameraDataProcessCommon,['CameraDataProcessCommon'],False
services/data_process/include/eventbus/dcamera_pipeline_event.h,256,SetPipelineType,functionimpl,services/data_process/include/eventbus/dcamera_pipeline_event.h,3923,CameraDataProcessCommon,['CameraDataProcessCommon'],False
services/data_process/include/eventbus/dcamera_pipeline_event.h,256,PipelineConfig,type,services/data_process/include/eventbus/dcamera_pipeline_event.h,3926,CameraDataProcessCommon,['CameraDataProcessCommon'],False
services/cameraservice/cameraoperator/handler/src/dcamera_handler.cpp,139,IsValid,functionimpl,services/cameraservice/cameraoperator/handler/src/dcamera_handler.cpp,2151,utils,['utils'],False
services/cameraservice/sourceservice/include/distributedcameramgr/dcameradata/dcamera_stream_data_process_pipeline_listener.h,205,dcamera_stream_data_process_pipeline_listener,file,services/cameraservice/sourceservice/include/distributedcameramgr/dcameradata/dcamera_stream_data_process_pipeline_listener.h,2987,DistributedCameraSourceMgr,['DistributedCameraSourceMgr'],False
services/cameraservice/sourceservice/include/distributedcameramgr/dcameradata/dcamera_stream_data_process_pipeline_listener.h,205,DCameraStreamDataProcessPipelineListener,type,services/cameraservice/sourceservice/include/distributedcameramgr/dcameradata/dcamera_stream_data_process_pipeline_listener.h,2992,DistributedCameraSourceMgr,['DistributedCameraSourceMgr'],False
services/cameraservice/sourceservice/include/distributedcameramgr/dcameradata/dcamera_stream_data_process_pipeline_listener.h,205,OnError,functionproto,services/cameraservice/sourceservice/include/distributedcameramgr/dcameradata/dcamera_stream_data_process_pipeline_listener.h,2989,DistributedCameraSourceMgr,['DistributedCameraSourceMgr'],False
services/cameraservice/cameraoperator/handler/src/dcamera_handler.cpp,139,GetCameras,functionimpl,services/cameraservice/cameraoperator/handler/src/dcamera_handler.cpp,2147,utils,['utils'],False
common/include/constants/distributed_camera_constants.h,74,CAMERA_ID_PREFIX,var,common/include/constants/distributed_camera_constants.h,1419,utils,['utils'],False
common/include/constants/distributed_camera_constants.h,74,CAMERA_PROTOCOL_VERSION_KEY,var,common/include/constants/distributed_camera_constants.h,1425,utils,['utils'],False
common/include/constants/distributed_camera_constants.h,74,CAMERA_PROTOCOL_VERSION_VALUE,var,common/include/constants/distributed_camera_constants.h,1426,utils,['utils'],False
common/include/constants/distributed_camera_constants.h,74,CAMERA_POSITION_KEY,var,common/include/constants/distributed_camera_constants.h,1423,utils,['utils'],False
common/include/constants/distributed_camera_constants.h,74,CAMERA_CODEC_TYPE_KEY,var,common/include/constants/distributed_camera_constants.h,1414,utils,['utils'],False
common/include/constants/distributed_camera_constants.h,74,CAMERA_FORMAT_VIDEO,var,common/include/constants/distributed_camera_constants.h,1418,utils,['utils'],False
common/include/constants/distributed_camera_constants.h,74,CAMERA_FORMAT_PREVIEW,var,common/include/constants/distributed_camera_constants.h,1417,utils,['utils'],False
common/include/constants/distributed_camera_constants.h,74,CAMERA_FORMAT_PHOTO,var,common/include/constants/distributed_camera_constants.h,1416,utils,['utils'],False
common/include/constants/distributed_camera_constants.h,74,CAMERA_FORMAT_KEY,var,common/include/constants/distributed_camera_constants.h,1415,utils,['utils'],False
common/include/constants/distributed_camera_constants.h,74,CAMERA_RESOLUTION_KEY,var,common/include/constants/distributed_camera_constants.h,1427,utils,['utils'],False
common/include/constants/distributed_camera_constants.h,74,CAMERA_METADATA_KEY,var,common/include/constants/distributed_camera_constants.h,1420,utils,['utils'],False
services/cameraservice/cameraoperator/handler/src/dcamera_handler.cpp,139,GetCameraPosition,functionimpl,services/cameraservice/cameraoperator/handler/src/dcamera_handler.cpp,2146,utils,['utils'],False
common/include/constants/distributed_camera_constants.h,74,CAMERA_POSITION_BACK,var,common/include/constants/distributed_camera_constants.h,1421,utils,['utils'],False
common/include/constants/distributed_camera_constants.h,74,CAMERA_POSITION_FRONT,var,common/include/constants/distributed_camera_constants.h,1422,utils,['utils'],False
common/include/constants/distributed_camera_constants.h,74,CAMERA_POSITION_UNSPECIFIED,var,common/include/constants/distributed_camera_constants.h,1424,utils,['utils'],False
common/include/constants/distributed_camera_constants.h,74,RESOLUTION_MIN_WIDTH,var,common/include/constants/distributed_camera_constants.h,1445,utils,['utils'],False
common/include/constants/distributed_camera_constants.h,74,RESOLUTION_MIN_HEIGHT,var,common/include/constants/distributed_camera_constants.h,1444,utils,['utils'],False
common/include/constants/distributed_camera_constants.h,74,RESOLUTION_MAX_WIDTH_CONTINUOUS,var,common/include/constants/distributed_camera_constants.h,1442,utils,['utils'],False
common/include/constants/distributed_camera_constants.h,74,RESOLUTION_MAX_HEIGHT_CONTINUOUS,var,common/include/constants/distributed_camera_constants.h,1440,utils,['utils'],False
common/include/constants/distributed_camera_constants.h,74,RESOLUTION_MAX_WIDTH_SNAPSHOT,var,common/include/constants/distributed_camera_constants.h,1443,utils,['utils'],False
common/include/constants/distributed_camera_constants.h,74,RESOLUTION_MAX_HEIGHT_SNAPSHOT,var,common/include/constants/distributed_camera_constants.h,1441,utils,['utils'],False
camera_hdf/hdi_impl/include/dcamera_host/dcamera_host.h,2,dcamera_host,file,camera_hdf/hdi_impl/include/dcamera_host/dcamera_host.h,53,VirtualCameraHdf,['VirtualCameraHdf'],False
camera_hdf/hdi_impl/include/dcamera_host/dcamera_host.h,2,DCameraHost,type,camera_hdf/hdi_impl/include/dcamera_host/dcamera_host.h,69,VirtualCameraHdf,['VirtualCameraHdf'],False
common/src/utils/dcamera_utils_tools.cpp,80,Base64Encode,functionimpl,common/src/utils/dcamera_utils_tools.cpp,1508,utils,['utils'],False
services/cameraservice/sinkservice/include/distributedcameramgr/dcamera_sink_service_ipc.h,151,sourceRemoteRecipient_,var,services/cameraservice/sinkservice/include/distributedcameramgr/dcamera_sink_service_ipc.h,2355,DistributedCameraSinkMgr,['DistributedCameraSinkMgr'],False
services/cameraservice/sinkservice/include/distributedcameramgr/dcamera_sink_service_ipc.h,151,SourceRemoteRecipient,type,services/cameraservice/sinkservice/include/distributedcameramgr/dcamera_sink_service_ipc.h,2353,DistributedCameraSinkMgr,['DistributedCameraSinkMgr'],False
services/cameraservice/sourceservice/include/distributedcamera/distributed_camera_source_service.h,194,distributed_camera_source_service,file,services/cameraservice/sourceservice/include/distributedcamera/distributed_camera_source_service.h,2788,DistributedCameraSourceMgr,['DistributedCameraSourceMgr'],False
services/cameraservice/sourceservice/include/distributedcamera/distributed_camera_source_service.h,194,DistributedCameraSourceService,type,services/cameraservice/sourceservice/include/distributedcamera/distributed_camera_source_service.h,2800,DistributedCameraSourceMgr,['DistributedCameraSourceMgr'],False
services/cameraservice/sourceservice/include/distributedcamera/distributed_camera_source_stub.h,195,DistributedCameraSourceStub,type,services/cameraservice/sourceservice/include/distributedcamera/distributed_camera_source_stub.h,2813,DistributedCameraSourceMgr,['DistributedCameraSourceMgr'],False
services/cameraservice/sourceservice/include/distributedcameramgr/dcamerainterface/icamera_source_data_process.h,209,icamera_source_data_process,file,services/cameraservice/sourceservice/include/distributedcameramgr/dcamerainterface/icamera_source_data_process.h,3018,DistributedCameraSourceMgr,['DistributedCameraSourceMgr'],False
services/cameraservice/sinkservice/include/distributedcameramgr/dcamera_sink_data_process.h,148,captureInfo_,var,services/cameraservice/sinkservice/include/distributedcameramgr/dcamera_sink_data_process.h,2305,DistributedCameraSinkMgr,['DistributedCameraSinkMgr'],False
services/cameraservice/base/include/dcamera_capture_info_cmd.h,100,DCameraCaptureInfo,type,services/cameraservice/base/include/dcamera_capture_info_cmd.h,1753,CameraServiceCommon,['CameraServiceCommon'],False
common/include/constants/distributed_camera_constants.h,74,DISTRIBUTED_HARDWARE_CAMERA_SOURCE_SA_ID,var,common/include/constants/distributed_camera_constants.h,1439,utils,['utils'],False
services/cameraservice/sourceservice/include/distributedcamera/distributed_camera_source_service.h,194,camerasMap_,var,services/cameraservice/sourceservice/include/distributedcamera/distributed_camera_source_service.h,2802,DistributedCameraSourceMgr,['DistributedCameraSourceMgr'],False
services/cameraservice/sourceservice/include/distributedcameramgr/dcamera_source_dev.h,196,DCameraSourceDev,type,services/cameraservice/sourceservice/include/distributedcameramgr/dcamera_source_dev.h,2846,DistributedCameraSourceMgr,['DistributedCameraSourceMgr'],False
services/cameraservice/sourceservice/include/distributedcameramgr/dcamerainterface/icamera_source_data_process.h,209,DCameraStreamConfig,functionimpl,services/cameraservice/sourceservice/include/distributedcameramgr/dcamerainterface/icamera_source_data_process.h,3019,DistributedCameraSourceMgr,['DistributedCameraSourceMgr'],False
services/cameraservice/sourceservice/include/distributedcameramgr/dcamerainterface/icamera_source_data_process.h,209,width,var,services/cameraservice/sourceservice/include/distributedcameramgr/dcamerainterface/icamera_source_data_process.h,3030,DistributedCameraSourceMgr,['DistributedCameraSourceMgr'],False
services/cameraservice/sourceservice/include/distributedcameramgr/dcamerainterface/icamera_source_data_process.h,209,height,var,services/cameraservice/sourceservice/include/distributedcameramgr/dcamerainterface/icamera_source_data_process.h,3027,DistributedCameraSourceMgr,['DistributedCameraSourceMgr'],False
services/cameraservice/sourceservice/include/distributedcameramgr/dcamerainterface/icamera_source_data_process.h,209,format,var,services/cameraservice/sourceservice/include/distributedcameramgr/dcamerainterface/icamera_source_data_process.h,3026,DistributedCameraSourceMgr,['DistributedCameraSourceMgr'],False
services/cameraservice/sourceservice/include/distributedcameramgr/dcamerainterface/icamera_source_data_process.h,209,dataspace,var,services/cameraservice/sourceservice/include/distributedcameramgr/dcamerainterface/icamera_source_data_process.h,3024,DistributedCameraSourceMgr,['DistributedCameraSourceMgr'],False
services/cameraservice/sourceservice/include/distributedcameramgr/dcamerainterface/icamera_source_data_process.h,209,encodeType,var,services/cameraservice/sourceservice/include/distributedcameramgr/dcamerainterface/icamera_source_data_process.h,3025,DistributedCameraSourceMgr,['DistributedCameraSourceMgr'],False
services/cameraservice/sourceservice/include/distributedcameramgr/dcamerainterface/icamera_source_data_process.h,209,streamType,var,services/cameraservice/sourceservice/include/distributedcameramgr/dcamerainterface/icamera_source_data_process.h,3029,DistributedCameraSourceMgr,['DistributedCameraSourceMgr'],False
services/cameraservice/sourceservice/include/distributedcameramgr/dcamerainterface/icamera_source_data_process.h,209,operator ==,functionimpl,services/cameraservice/sourceservice/include/distributedcameramgr/dcamerainterface/icamera_source_data_process.h,3021,DistributedCameraSourceMgr,['DistributedCameraSourceMgr'],False
services/cameraservice/sourceservice/include/distributedcameramgr/dcamerainterface/icamera_source_data_process.h,209,others,var,services/cameraservice/sourceservice/include/distributedcameramgr/dcamerainterface/icamera_source_data_process.h,3028,DistributedCameraSourceMgr,['DistributedCameraSourceMgr'],False
services/cameraservice/sourceservice/include/distributedcameramgr/dcamerainterface/icamera_source_data_process.h,209,operator <,functionimpl,services/cameraservice/sourceservice/include/distributedcameramgr/dcamerainterface/icamera_source_data_process.h,3020,DistributedCameraSourceMgr,['DistributedCameraSourceMgr'],False
services/cameraservice/base/include/dcamera_event_cmd.h,102,value_,var,services/cameraservice/base/include/dcamera_event_cmd.h,1773,CameraServiceCommon,['CameraServiceCommon'],False
services/cameraservice/sinkservice/include/distributedcameramgr/dcamera_sink_controller.h,147,channel_,var,services/cameraservice/sinkservice/include/distributedcameramgr/dcamera_sink_controller.h,2290,DistributedCameraSinkMgr,['DistributedCameraSinkMgr'],False
interfaces/inner_kits/native_cpp/camera_source/include/callback/dcamera_source_callback_stub.h,89,dcamera_source_callback_stub,file,interfaces/inner_kits/native_cpp/camera_source/include/callback/dcamera_source_callback_stub.h,1623,DistributedCameraSourceMgr,['DistributedCameraSourceMgr'],False
interfaces/inner_kits/native_cpp/camera_source/include/callback/idcamera_source_callback.h,90,idcamera_source_callback,file,interfaces/inner_kits/native_cpp/camera_source/include/callback/idcamera_source_callback.h,1631,DistributedCameraSourceMgr,['DistributedCameraSourceMgr'],False
services/data_process/include/eventbus/dcamera_pipeline_event.h,256,GetAction,functionimpl,services/data_process/include/eventbus/dcamera_pipeline_event.h,3915,CameraDataProcessCommon,['CameraDataProcessCommon'],False
services/data_process/include/eventbus/dcamera_pipeline_event.h,256,PipelineAction,type,services/data_process/include/eventbus/dcamera_pipeline_event.h,3925,CameraDataProcessCommon,['CameraDataProcessCommon'],False
services/data_process/include/eventbus/dcamera_pipeline_event.h,256,pipelineType,var,services/data_process/include/eventbus/dcamera_pipeline_event.h,3936,CameraDataProcessCommon,['CameraDataProcessCommon'],False
services/data_process/include/eventbus/dcamera_pipeline_event.h,256,pipelineOwner,var,services/data_process/include/eventbus/dcamera_pipeline_event.h,3934,CameraDataProcessCommon,['CameraDataProcessCommon'],False
services/data_process/include/eventbus/dcamera_pipeline_event.h,256,multiDataBuffers,var,services/data_process/include/eventbus/dcamera_pipeline_event.h,3929,CameraDataProcessCommon,['CameraDataProcessCommon'],False
services/data_process/include/eventbus/dcamera_pipeline_event.h,256,pipelineType_,var,services/data_process/include/eventbus/dcamera_pipeline_event.h,3937,CameraDataProcessCommon,['CameraDataProcessCommon'],False
services/data_process/include/eventbus/dcamera_pipeline_event.h,256,SetPipelineOwner,functionimpl,services/data_process/include/eventbus/dcamera_pipeline_event.h,3922,CameraDataProcessCommon,['CameraDataProcessCommon'],False
services/data_process/include/eventbus/dcamera_pipeline_event.h,256,pipelineOwner_,var,services/data_process/include/eventbus/dcamera_pipeline_event.h,3935,CameraDataProcessCommon,['CameraDataProcessCommon'],False
services/data_process/include/eventbus/dcamera_pipeline_event.h,256,GetPipelineOwner,functionimpl,services/data_process/include/eventbus/dcamera_pipeline_event.h,3918,CameraDataProcessCommon,['CameraDataProcessCommon'],False
services/data_process/include/eventbus/dcamera_pipeline_event.h,256,SetDataBuffers,functionimpl,services/data_process/include/eventbus/dcamera_pipeline_event.h,3921,CameraDataProcessCommon,['CameraDataProcessCommon'],False
services/data_process/include/eventbus/dcamera_pipeline_event.h,256,multiDataBuffers_,var,services/data_process/include/eventbus/dcamera_pipeline_event.h,3930,CameraDataProcessCommon,['CameraDataProcessCommon'],False
services/data_process/include/eventbus/dcamera_pipeline_event.h,256,GetDataBuffers,functionimpl,services/data_process/include/eventbus/dcamera_pipeline_event.h,3916,CameraDataProcessCommon,['CameraDataProcessCommon'],False
services/data_process/include/eventbus/dcamera_pipeline_event.h,256,DCameraPipelineEvent,functionimpl,services/data_process/include/eventbus/dcamera_pipeline_event.h,3914,CameraDataProcessCommon,['CameraDataProcessCommon'],False
services/data_process/include/eventbus/dcamera_pipeline_event.h,256,sender,var,services/data_process/include/eventbus/dcamera_pipeline_event.h,3938,CameraDataProcessCommon,['CameraDataProcessCommon'],False
services/data_process/include/eventbus/dcamera_pipeline_event.h,256,pipelineConfig,var,services/data_process/include/eventbus/dcamera_pipeline_event.h,3932,CameraDataProcessCommon,['CameraDataProcessCommon'],False
services/data_process/include/eventbus/dcamera_pipeline_event.h,256,NO_ACTION,var,services/data_process/include/eventbus/dcamera_pipeline_event.h,3927,CameraDataProcessCommon,['CameraDataProcessCommon'],False
services/data_process/include/eventbus/dcamera_pipeline_event.h,256,otherAction,var,services/data_process/include/eventbus/dcamera_pipeline_event.h,3931,CameraDataProcessCommon,['CameraDataProcessCommon'],False
services/data_process/include/eventbus/dcamera_pipeline_event.h,256,GetPipelineConfig,functionimpl,services/data_process/include/eventbus/dcamera_pipeline_event.h,3917,CameraDataProcessCommon,['CameraDataProcessCommon'],False
services/data_process/include/eventbus/dcamera_pipeline_event.h,256,pipelineConfig_,var,services/data_process/include/eventbus/dcamera_pipeline_event.h,3933,CameraDataProcessCommon,['CameraDataProcessCommon'],False
services/data_process/include/eventbus/dcamera_pipeline_event.h,256,action_,var,services/data_process/include/eventbus/dcamera_pipeline_event.h,3928,CameraDataProcessCommon,['CameraDataProcessCommon'],False
services/data_process/include/eventbus/dcamera_pipeline_event.h,256,DCameraPipelineEvent,type,services/data_process/include/eventbus/dcamera_pipeline_event.h,3924,CameraDataProcessCommon,['CameraDataProcessCommon'],False
interfaces/inner_kits/native_cpp/camera_source/include/dcamera_source_handler_ipc.h,92,dcamera_source_handler_ipc,file,interfaces/inner_kits/native_cpp/camera_source/include/dcamera_source_handler_ipc.h,1643,DistributedCameraSourceMgr,['DistributedCameraSourceMgr'],False
interfaces/inner_kits/native_cpp/camera_source/include/dcamera_source_handler_ipc.h,92,GetSourceLocalDHMS,functionproto,interfaces/inner_kits/native_cpp/camera_source/include/dcamera_source_handler_ipc.h,1646,DistributedCameraSourceMgr,['DistributedCameraSourceMgr'],False
interfaces/inner_kits/native_cpp/camera_source/include/dcamera_source_handler_ipc.h,92,localSource_,var,interfaces/inner_kits/native_cpp/camera_source/include/dcamera_source_handler_ipc.h,1653,DistributedCameraSourceMgr,['DistributedCameraSourceMgr'],False
services/cameraservice/sourceservice/include/distributedcameramgr/dcamerainterface/icamera_source_data_process.h,209,DCameraStreamConfig,type,services/cameraservice/sourceservice/include/distributedcameramgr/dcamerainterface/icamera_source_data_process.h,3022,DistributedCameraSourceMgr,['DistributedCameraSourceMgr'],False
camera_hdf/interfaces/include/types.h,73,_DCEncodeType,type,camera_hdf/interfaces/include/types.h,1384,VirtualCameraHdf,['VirtualCameraHdf'],False
camera_hdf/interfaces/hdi_ipc/client/host/dcamera_host_callback.h,31,dcamera_host_callback,file,camera_hdf/interfaces/hdi_ipc/client/host/dcamera_host_callback.h,813,VirtualCameraHdf,['VirtualCameraHdf'],False
camera_hdf/interfaces/hdi_ipc/client/host/dcamera_host_callback_stub.h,33,dcamera_host_callback_stub,file,camera_hdf/interfaces/hdi_ipc/client/host/dcamera_host_callback_stub.h,827,VirtualCameraHdf,['VirtualCameraHdf'],False
camera_hdf/interfaces/hdi_ipc/client/host/dcamera_host_callback.h,31,DCameraHostCallback,type,camera_hdf/interfaces/hdi_ipc/client/host/dcamera_host_callback.h,817,VirtualCameraHdf,['VirtualCameraHdf'],False
camera_hdf/interfaces/hdi_ipc/client/host/dcamera_host_callback_stub.h,33,DCameraHostCallbackStub,type,camera_hdf/interfaces/hdi_ipc/client/host/dcamera_host_callback_stub.h,829,VirtualCameraHdf,['VirtualCameraHdf'],False
services/cameraservice/sinkservice/include/distributedcameramgr/dcamera_sink_dev.h,149,controller_,var,services/cameraservice/sinkservice/include/distributedcameramgr/dcamera_sink_dev.h,2322,DistributedCameraSinkMgr,['DistributedCameraSinkMgr'],False
services/data_process/include/pipeline/dcamera_pipeline_sink.h,260,CreateDataProcessPipeline,functionproto,services/data_process/include/pipeline/dcamera_pipeline_sink.h,3954,CameraDataPreProcess,['CameraDataPreProcess'],False
services/data_process/include/pipeline/dcamera_pipeline_sink.h,260,IsInRange,functionproto,services/data_process/include/pipeline/dcamera_pipeline_sink.h,3957,CameraDataPreProcess,['CameraDataPreProcess'],False
services/data_process/include/pipeline/dcamera_pipeline_sink.h,260,InitDCameraPipNodes,functionproto,services/data_process/include/pipeline/dcamera_pipeline_sink.h,3956,CameraDataPreProcess,['CameraDataPreProcess'],False
services/data_process/include/utils/image_common_type.h,268,VideoCodecType,type,services/data_process/include/utils/image_common_type.h,4116,CameraDataProcessCommon,['CameraDataProcessCommon'],False
services/data_process/include/utils/image_common_type.h,268,NO_CODEC,var,services/data_process/include/utils/image_common_type.h,4121,CameraDataProcessCommon,['CameraDataProcessCommon'],False
common/src/utils/dcamera_utils_tools.cpp,80,GetLocalDeviceNetworkId,functionimpl,common/src/utils/dcamera_utils_tools.cpp,1509,utils,['utils'],False
services/cameraservice/sourceservice/include/distributedcameramgr/dcamerastate/dcamera_source_init_state.h,213,dcamera_source_init_state,file,services/cameraservice/sourceservice/include/distributedcameramgr/dcamerastate/dcamera_source_init_state.h,3066,DistributedCameraSourceMgr,['DistributedCameraSourceMgr'],False
services/cameraservice/sourceservice/include/distributedcameramgr/dcamerastate/dcamera_source_init_state.h,213,GetStateType,functionproto,services/cameraservice/sourceservice/include/distributedcameramgr/dcamerastate/dcamera_source_init_state.h,3071,DistributedCameraSourceMgr,['DistributedCameraSourceMgr'],False
services/cameraservice/sourceservice/include/distributedcameramgr/dcamerastate/dcamera_source_init_state.h,213,DCameraSourceInitState,type,services/cameraservice/sourceservice/include/distributedcameramgr/dcamerastate/dcamera_source_init_state.h,3072,DistributedCameraSourceMgr,['DistributedCameraSourceMgr'],False
common/include/constants/distributed_camera_constants.h,74,,type,common/include/constants/distributed_camera_constants.h,1413,utils,['utils'],False
services/cameraservice/sourceservice/include/distributedcameramgr/dcamerastate/dcamera_source_init_state.h,213,memberFuncMap_,var,services/cameraservice/sourceservice/include/distributedcameramgr/dcamerastate/dcamera_source_init_state.h,3073,DistributedCameraSourceMgr,['DistributedCameraSourceMgr'],False
services/cameraservice/sourceservice/include/distributedcameramgr/dcamerastate/dcamera_source_init_state.h,213,DCameraFunc,alias,services/cameraservice/sourceservice/include/distributedcameramgr/dcamerastate/dcamera_source_init_state.h,3065,DistributedCameraSourceMgr,['DistributedCameraSourceMgr'],False
services/cameraservice/sourceservice/include/distributedcamera/distributed_camera_source_service.h,194,callbackProxy_,var,services/cameraservice/sourceservice/include/distributedcamera/distributed_camera_source_service.h,2801,DistributedCameraSourceMgr,['DistributedCameraSourceMgr'],False
interfaces/inner_kits/native_cpp/camera_source/include/callback/idcamera_source_callback.h,90,IDCameraSourceCallback,type,interfaces/inner_kits/native_cpp/camera_source/include/callback/idcamera_source_callback.h,1633,DistributedCameraSourceMgr,['DistributedCameraSourceMgr'],False
services/cameraservice/sourceservice/include/distributedcameramgr/dcamerahdf/dcamera_provider_callback_impl.h,207,dcamera_provider_callback_impl,file,services/cameraservice/sourceservice/include/distributedcameramgr/dcamerahdf/dcamera_provider_callback_impl.h,3005,DistributedCameraSourceMgr,['DistributedCameraSourceMgr'],False
camera_hdf/interfaces/hdi_ipc/client/provider/dcamera_provider_callback.h,45,dcamera_provider_callback,file,camera_hdf/interfaces/hdi_ipc/client/provider/dcamera_provider_callback.h,967,VirtualCameraHdf,['VirtualCameraHdf'],False
services/cameraservice/sourceservice/include/distributedcameramgr/dcamerahdf/dcamera_provider_callback_impl.h,207,DCameraProviderCallbackImpl,type,services/cameraservice/sourceservice/include/distributedcameramgr/dcamerahdf/dcamera_provider_callback_impl.h,3015,DistributedCameraSourceMgr,['DistributedCameraSourceMgr'],False
camera_hdf/interfaces/hdi_ipc/client/provider/dcamera_provider_callback.h,45,DCameraProviderCallback,type,camera_hdf/interfaces/hdi_ipc/client/provider/dcamera_provider_callback.h,975,VirtualCameraHdf,['VirtualCameraHdf'],False
services/cameraservice/cameraoperator/client/src/dcamera_client_common.cpp,132,DCameraClient,functionimpl,services/cameraservice/cameraoperator/client/src/dcamera_client_common.cpp,2042,utils,['utils'],False
services/cameraservice/cameraoperator/client/src/dcamera_client_common.cpp,132,dhId,var,services/cameraservice/cameraoperator/client/src/dcamera_client_common.cpp,2056,utils,['utils'],False
services/cameraservice/cameraoperator/client/src/dcamera_client_common.cpp,132,Init,functionimpl,services/cameraservice/cameraoperator/client/src/dcamera_client_common.cpp,2043,utils,['utils'],False
services/cameraservice/cameraoperator/client/src/dcamera_client_common.cpp,132,info,var,services/cameraservice/cameraoperator/client/src/dcamera_client_common.cpp,2057,utils,['utils'],False
services/cameraservice/cameraoperator/client/src/dcamera_client_common.cpp,132,UpdateSettings,functionimpl,services/cameraservice/cameraoperator/client/src/dcamera_client_common.cpp,2052,utils,['utils'],False
services/cameraservice/cameraoperator/client/src/dcamera_client_common.cpp,132,settings,var,services/cameraservice/cameraoperator/client/src/dcamera_client_common.cpp,2061,utils,['utils'],False
services/cameraservice/cameraoperator/client/src/dcamera_client_common.cpp,132,setting,var,services/cameraservice/cameraoperator/client/src/dcamera_client_common.cpp,2060,utils,['utils'],False
services/cameraservice/cameraoperator/client/src/dcamera_client_common.cpp,132,metadataStr,var,services/cameraservice/cameraoperator/client/src/dcamera_client_common.cpp,2058,utils,['utils'],False
services/cameraservice/cameraoperator/client/src/dcamera_client_common.cpp,132,ret,var,services/cameraservice/cameraoperator/client/src/dcamera_client_common.cpp,2059,utils,['utils'],False
services/cameraservice/cameraoperator/client/src/dcamera_client_common.cpp,132,StartCapture,functionimpl,services/cameraservice/cameraoperator/client/src/dcamera_client_common.cpp,2046,utils,['utils'],False
services/cameraservice/cameraoperator/client/src/dcamera_client_common.cpp,132,captureInfos,var,services/cameraservice/cameraoperator/client/src/dcamera_client_common.cpp,2055,utils,['utils'],False
services/cameraservice/cameraoperator/client/src/dcamera_client_common.cpp,132,StopCapture,functionimpl,services/cameraservice/cameraoperator/client/src/dcamera_client_common.cpp,2050,utils,['utils'],False
services/cameraservice/cameraoperator/client/src/dcamera_client_common.cpp,132,SetStateCallback,functionimpl,services/cameraservice/cameraoperator/client/src/dcamera_client_common.cpp,2045,utils,['utils'],False
services/cameraservice/cameraoperator/client/src/dcamera_client_common.cpp,132,callback,var,services/cameraservice/cameraoperator/client/src/dcamera_client_common.cpp,2054,utils,['utils'],False
services/cameraservice/cameraoperator/client/src/dcamera_client_common.cpp,132,SetResultCallback,functionimpl,services/cameraservice/cameraoperator/client/src/dcamera_client_common.cpp,2044,utils,['utils'],False
services/cameraservice/cameraoperator/client/src/dcamera_client_common.cpp,132,ConfigCaptureSession,functionimpl,services/cameraservice/cameraoperator/client/src/dcamera_client_common.cpp,2037,utils,['utils'],False
services/cameraservice/cameraoperator/client/src/dcamera_client_common.cpp,132,ConfigCaptureSessionInner,functionimpl,services/cameraservice/cameraoperator/client/src/dcamera_client_common.cpp,2038,utils,['utils'],False
services/cameraservice/cameraoperator/client/src/dcamera_client_common.cpp,132,CreateCaptureOutput,functionimpl,services/cameraservice/cameraoperator/client/src/dcamera_client_common.cpp,2039,utils,['utils'],False
services/cameraservice/cameraoperator/client/src/dcamera_client_common.cpp,132,CreatePhotoOutput,functionimpl,services/cameraservice/cameraoperator/client/src/dcamera_client_common.cpp,2040,utils,['utils'],False
services/cameraservice/cameraoperator/client/src/dcamera_client_common.cpp,132,CreateVideoOutput,functionimpl,services/cameraservice/cameraoperator/client/src/dcamera_client_common.cpp,2041,utils,['utils'],False
services/cameraservice/cameraoperator/client/src/dcamera_client_common.cpp,132,StartCaptureInner,functionimpl,services/cameraservice/cameraoperator/client/src/dcamera_client_common.cpp,2047,utils,['utils'],False
services/cameraservice/cameraoperator/client/src/dcamera_client_common.cpp,132,StartPhotoOutput,functionimpl,services/cameraservice/cameraoperator/client/src/dcamera_client_common.cpp,2048,utils,['utils'],False
services/cameraservice/cameraoperator/client/src/dcamera_client_common.cpp,132,StartVideoOutput,functionimpl,services/cameraservice/cameraoperator/client/src/dcamera_client_common.cpp,2049,utils,['utils'],False
services/data_process/include/utils/image_common_type.h,268,GetVideoCodecType,functionproto,services/data_process/include/utils/image_common_type.h,4107,CameraDataProcessCommon,['CameraDataProcessCommon'],False
services/data_process/include/utils/image_common_type.h,268,VideoConfigParams,functionimpl,services/data_process/include/utils/image_common_type.h,4104,CameraDataProcessCommon,['CameraDataProcessCommon'],False
services/data_process/include/utils/image_common_type.h,268,videoCodec,var,services/data_process/include/utils/image_common_type.h,4130,CameraDataProcessCommon,['CameraDataProcessCommon'],False
services/data_process/include/utils/image_common_type.h,268,pixelFormat,var,services/data_process/include/utils/image_common_type.h,4129,CameraDataProcessCommon,['CameraDataProcessCommon'],False
services/data_process/include/utils/image_common_type.h,268,frameRate,var,services/data_process/include/utils/image_common_type.h,4127,CameraDataProcessCommon,['CameraDataProcessCommon'],False
services/data_process/include/utils/image_common_type.h,268,width,var,services/data_process/include/utils/image_common_type.h,4131,CameraDataProcessCommon,['CameraDataProcessCommon'],False
services/data_process/include/utils/image_common_type.h,268,height,var,services/data_process/include/utils/image_common_type.h,4128,CameraDataProcessCommon,['CameraDataProcessCommon'],False
services/data_process/include/utils/image_common_type.h,268,SetVideoCodecType,functionproto,services/data_process/include/utils/image_common_type.h,4111,CameraDataProcessCommon,['CameraDataProcessCommon'],False
services/data_process/include/utils/image_common_type.h,268,SetVideoformat,functionproto,services/data_process/include/utils/image_common_type.h,4112,CameraDataProcessCommon,['CameraDataProcessCommon'],False
services/cameraservice/sourceservice/include/distributedcameramgr/dcamera_source_dev.h,196,OnEvent,functionproto,services/cameraservice/sourceservice/include/distributedcameramgr/dcamera_source_dev.h,2837,DistributedCameraSourceMgr,['DistributedCameraSourceMgr'],False
services/cameraservice/sourceservice/include/distributedcameramgr/dcamera_source_dev.h,196,NotifyResult,functionproto,services/cameraservice/sourceservice/include/distributedcameramgr/dcamera_source_dev.h,2835,DistributedCameraSourceMgr,['DistributedCameraSourceMgr'],False
services/cameraservice/sourceservice/include/distributedcameramgr/dcamera_source_dev.h,196,NotifyRegisterResult,functionproto,services/cameraservice/sourceservice/include/distributedcameramgr/dcamera_source_dev.h,2834,DistributedCameraSourceMgr,['DistributedCameraSourceMgr'],False
services/cameraservice/sourceservice/include/distributedcameramgr/dcamera_source_dev.h,196,NotifyUnregisterResult,functionproto,services/cameraservice/sourceservice/include/distributedcameramgr/dcamera_source_dev.h,2836,DistributedCameraSourceMgr,['DistributedCameraSourceMgr'],False
services/cameraservice/sourceservice/include/distributedcameramgr/dcamera_source_dev.h,196,NotifyHalResult,functionproto,services/cameraservice/sourceservice/include/distributedcameramgr/dcamera_source_dev.h,2833,DistributedCameraSourceMgr,['DistributedCameraSourceMgr'],False
services/cameraservice/sourceservice/include/distributedcameramgr/dcamera_source_dev.h,196,memberFuncMap_,var,services/cameraservice/sourceservice/include/distributedcameramgr/dcamera_source_dev.h,2852,DistributedCameraSourceMgr,['DistributedCameraSourceMgr'],False
services/cameraservice/sourceservice/include/distributedcameramgr/dcamera_source_dev.h,196,DCameraNotifyFunc,alias,services/cameraservice/sourceservice/include/distributedcameramgr/dcamera_source_dev.h,2815,DistributedCameraSourceMgr,['DistributedCameraSourceMgr'],False
services/cameraservice/sourceservice/src/distributedcamera/distributed_camera_source_service.cpp,221,distributed_camera_source_service,file,services/cameraservice/sourceservice/src/distributedcamera/distributed_camera_source_service.cpp,3141,DistributedCameraSourceMgr,['DistributedCameraSourceMgr'],False
services/cameraservice/sourceservice/include/distributedcamera/distributed_camera_source_service.h,194,DistributedCameraSourceService,functionproto,services/cameraservice/sourceservice/include/distributedcamera/distributed_camera_source_service.h,2790,DistributedCameraSourceMgr,['DistributedCameraSourceMgr'],False
services/cameraservice/sourceservice/src/distributedcamera/distributed_camera_source_service.cpp,221,OnStart,functionimpl,services/cameraservice/sourceservice/src/distributedcamera/distributed_camera_source_service.cpp,3147,DistributedCameraSourceMgr,['DistributedCameraSourceMgr'],False
services/cameraservice/sourceservice/include/distributedcamera/distributed_camera_source_service.h,194,OnStart,functionproto,services/cameraservice/sourceservice/include/distributedcamera/distributed_camera_source_service.h,2794,DistributedCameraSourceMgr,['DistributedCameraSourceMgr'],False
services/cameraservice/sourceservice/include/distributedcamera/distributed_camera_source_service.h,194,Init,functionproto,services/cameraservice/sourceservice/include/distributedcamera/distributed_camera_source_service.h,2791,DistributedCameraSourceMgr,['DistributedCameraSourceMgr'],False
services/cameraservice/sourceservice/src/distributedcamera/distributed_camera_source_service.cpp,221,OnStop,functionimpl,services/cameraservice/sourceservice/src/distributedcamera/distributed_camera_source_service.cpp,3148,DistributedCameraSourceMgr,['DistributedCameraSourceMgr'],False
services/cameraservice/sourceservice/include/distributedcamera/distributed_camera_source_service.h,194,OnStop,functionproto,services/cameraservice/sourceservice/include/distributedcamera/distributed_camera_source_service.h,2795,DistributedCameraSourceMgr,['DistributedCameraSourceMgr'],False
services/cameraservice/sourceservice/include/distributedcamera/distributed_camera_source_service.h,194,InitSource,functionproto,services/cameraservice/sourceservice/include/distributedcamera/distributed_camera_source_service.h,2792,DistributedCameraSourceMgr,['DistributedCameraSourceMgr'],False
services/cameraservice/sourceservice/include/distributedcamera/distributed_camera_source_service.h,194,ReleaseSource,functionproto,services/cameraservice/sourceservice/include/distributedcamera/distributed_camera_source_service.h,2797,DistributedCameraSourceMgr,['DistributedCameraSourceMgr'],False
services/cameraservice/sourceservice/include/distributedcamera/distributed_camera_source_service.h,194,RegisterDistributedHardware,functionproto,services/cameraservice/sourceservice/include/distributedcamera/distributed_camera_source_service.h,2796,DistributedCameraSourceMgr,['DistributedCameraSourceMgr'],False
services/cameraservice/sourceservice/include/distributedcamera/distributed_camera_source_service.h,194,UnregisterDistributedHardware,functionproto,services/cameraservice/sourceservice/include/distributedcamera/distributed_camera_source_service.h,2799,DistributedCameraSourceMgr,['DistributedCameraSourceMgr'],False
services/cameraservice/sourceservice/include/distributedcamera/distributed_camera_source_service.h,194,DCameraNotify,functionproto,services/cameraservice/sourceservice/include/distributedcamera/distributed_camera_source_service.h,2789,DistributedCameraSourceMgr,['DistributedCameraSourceMgr'],False
services/cameraservice/sourceservice/src/distributedcamera/distributed_camera_source_service.cpp,221,LoadDCameraHDF,functionimpl,services/cameraservice/sourceservice/src/distributedcamera/distributed_camera_source_service.cpp,3146,DistributedCameraSourceMgr,['DistributedCameraSourceMgr'],False
services/cameraservice/sourceservice/include/distributedcamera/distributed_camera_source_service.h,194,LoadDCameraHDF,functionproto,services/cameraservice/sourceservice/include/distributedcamera/distributed_camera_source_service.h,2793,DistributedCameraSourceMgr,['DistributedCameraSourceMgr'],False
services/cameraservice/sourceservice/src/distributedcamera/distributed_camera_source_service.cpp,221,UnLoadCameraHDF,functionimpl,services/cameraservice/sourceservice/src/distributedcamera/distributed_camera_source_service.cpp,3151,DistributedCameraSourceMgr,['DistributedCameraSourceMgr'],False
services/cameraservice/sourceservice/include/distributedcamera/distributed_camera_source_service.h,194,UnLoadCameraHDF,functionproto,services/cameraservice/sourceservice/include/distributedcamera/distributed_camera_source_service.h,2798,DistributedCameraSourceMgr,['DistributedCameraSourceMgr'],False
services/cameraservice/sourceservice/include/distributedcamera/dcamera_service_state_listener.h,192,dcamera_service_state_listener,file,services/cameraservice/sourceservice/include/distributedcamera/dcamera_service_state_listener.h,2774,DistributedCameraSourceMgr,['DistributedCameraSourceMgr'],False
services/cameraservice/sourceservice/include/distributedcamera/dcamera_service_state_listener.h,192,DCameraServiceStateListener,type,services/cameraservice/sourceservice/include/distributedcamera/dcamera_service_state_listener.h,2779,DistributedCameraSourceMgr,['DistributedCameraSourceMgr'],False
services/cameraservice/sinkservice/include/distributedcameramgr/listener/dcamera_sink_output_channel_listener.h,161,DCameraSinkOutputChannelListener,functionproto,services/cameraservice/sinkservice/include/distributedcameramgr/listener/dcamera_sink_output_channel_listener.h,2395,DistributedCameraSinkMgr,['DistributedCameraSinkMgr'],False
services/cameraservice/sinkservice/include/distributedcameramgr/listener/dcamera_sink_output_channel_listener.h,161,DCameraSinkOutputChannelListener,type,services/cameraservice/sinkservice/include/distributedcameramgr/listener/dcamera_sink_output_channel_listener.h,2399,DistributedCameraSinkMgr,['DistributedCameraSinkMgr'],False
services/cameraservice/base/include/dcamera_capture_info_cmd.h,100,value_,var,services/cameraservice/base/include/dcamera_capture_info_cmd.h,1756,CameraServiceCommon,['CameraServiceCommon'],False
services/cameraservice/base/include/dcamera_open_info_cmd.h,105,dcamera_open_info_cmd,file,services/cameraservice/base/include/dcamera_open_info_cmd.h,1786,CameraServiceCommon,['CameraServiceCommon'],False
services/cameraservice/base/src/dcamera_open_info_cmd.cpp,113,Unmarshal,functionimpl,services/cameraservice/base/src/dcamera_open_info_cmd.cpp,1878,CameraServiceCommon,['CameraServiceCommon'],False
services/cameraservice/base/include/dcamera_open_info_cmd.h,105,DCameraOpenInfo,type,services/cameraservice/base/include/dcamera_open_info_cmd.h,1790,CameraServiceCommon,['CameraServiceCommon'],False
services/cameraservice/base/src/dcamera_open_info_cmd.cpp,113,Marshal,functionimpl,services/cameraservice/base/src/dcamera_open_info_cmd.cpp,1877,CameraServiceCommon,['CameraServiceCommon'],False
services/cameraservice/base/include/dcamera_open_info_cmd.h,105,Marshal,functionproto,services/cameraservice/base/include/dcamera_open_info_cmd.h,1788,CameraServiceCommon,['CameraServiceCommon'],False
services/cameraservice/base/include/dcamera_open_info_cmd.h,105,Unmarshal,functionproto,services/cameraservice/base/include/dcamera_open_info_cmd.h,1789,CameraServiceCommon,['CameraServiceCommon'],False
services/cameraservice/cameraoperator/client/include/callback/dcamera_preview_callback.h,118,dcamera_preview_callback,file,services/cameraservice/cameraoperator/client/include/callback/dcamera_preview_callback.h,1906,utils,['utils'],False
services/cameraservice/cameraoperator/client/include/callback/dcamera_preview_callback.h,118,callback_,var,services/cameraservice/cameraoperator/client/include/callback/dcamera_preview_callback.h,1912,utils,['utils'],False
services/cameraservice/sourceservice/include/distributedcameramgr/dcamerastate/dcamera_source_state_factory.h,217,dcamera_source_state_factory,file,services/cameraservice/sourceservice/include/distributedcameramgr/dcamerastate/dcamera_source_state_factory.h,3107,DistributedCameraSourceMgr,['DistributedCameraSourceMgr'],False
services/cameraservice/sourceservice/include/distributedcameramgr/dcamerastate/dcamera_source_state_factory.h,217,CreateState,functionproto,services/cameraservice/sourceservice/include/distributedcameramgr/dcamerastate/dcamera_source_state_factory.h,3108,DistributedCameraSourceMgr,['DistributedCameraSourceMgr'],False
common/src/utils/dcamera_utils_tools.cpp,80,Base64Decode,functionimpl,common/src/utils/dcamera_utils_tools.cpp,1507,utils,['utils'],False
services/data_process/include/pipeline_node/fpscontroller/fps_controller_process.h,263,callbackPipelineSource_,var,services/data_process/include/pipeline_node/fpscontroller/fps_controller_process.h,4010,CameraDataProcessCommon,['CameraDataProcessCommon'],False
services/cameraservice/cameraoperator/client/include/icamera_operator.h,122,ICameraOperator,type,services/cameraservice/cameraoperator/client/include/icamera_operator.h,1949,utils,['utils'],False
services/cameraservice/sourceservice/include/distributedcameramgr/dcameradata/dcamera_stream_data_process.h,204,dcamera_stream_data_process,file,services/cameraservice/sourceservice/include/distributedcameramgr/dcameradata/dcamera_stream_data_process.h,2964,DistributedCameraSourceMgr,['DistributedCameraSourceMgr'],False
services/cameraservice/sourceservice/include/distributedcameramgr/dcameradata/dcamera_stream_data_process.h,204,srcConfig_,var,services/cameraservice/sourceservice/include/distributedcameramgr/dcameradata/dcamera_stream_data_process.h,2986,DistributedCameraSourceMgr,['DistributedCameraSourceMgr'],False
services/cameraservice/sourceservice/include/distributedcameramgr/dcameradata/dcamera_stream_data_process.h,204,dstConfig_,var,services/cameraservice/sourceservice/include/distributedcameramgr/dcameradata/dcamera_stream_data_process.h,2982,DistributedCameraSourceMgr,['DistributedCameraSourceMgr'],False
services/cameraservice/sourceservice/include/distributedcameramgr/dcamera_source_service_ipc.h,198,dcamera_source_service_ipc,file,services/cameraservice/sourceservice/include/distributedcameramgr/dcamera_source_service_ipc.h,2883,DistributedCameraSourceMgr,['DistributedCameraSourceMgr'],False
services/cameraservice/sourceservice/include/distributedcameramgr/dcameradata/dcamera_stream_data_process_producer.h,206,dcamera_stream_data_process_producer,file,services/cameraservice/sourceservice/include/distributedcameramgr/dcameradata/dcamera_stream_data_process_producer.h,2993,DistributedCameraSourceMgr,['DistributedCameraSourceMgr'],False
services/cameraservice/sourceservice/include/distributedcameramgr/dcameradata/dcamera_stream_data_process.h,204,producers_,var,services/cameraservice/sourceservice/include/distributedcameramgr/dcameradata/dcamera_stream_data_process.h,2985,DistributedCameraSourceMgr,['DistributedCameraSourceMgr'],False
services/cameraservice/sourceservice/src/distributedcamera/distributed_camera_source_service.cpp,221,camerasMap_,var,services/cameraservice/sourceservice/src/distributedcamera/distributed_camera_source_service.cpp,3155,DistributedCameraSourceMgr,['DistributedCameraSourceMgr'],False
camera_hdf/hdi_impl/include/utils/constants.h,9,DCResolution,functionimpl,camera_hdf/hdi_impl/include/utils/constants.h,215,VirtualCameraHdf,['VirtualCameraHdf'],False
camera_hdf/hdi_impl/include/utils/constants.h,9,width,var,camera_hdf/hdi_impl/include/utils/constants.h,250,VirtualCameraHdf,['VirtualCameraHdf'],False
camera_hdf/hdi_impl/include/utils/constants.h,9,height,var,camera_hdf/hdi_impl/include/utils/constants.h,248,VirtualCameraHdf,['VirtualCameraHdf'],False
camera_hdf/hdi_impl/include/utils/constants.h,9,operator ==,functionimpl,camera_hdf/hdi_impl/include/utils/constants.h,217,VirtualCameraHdf,['VirtualCameraHdf'],False
camera_hdf/hdi_impl/include/utils/constants.h,9,others,var,camera_hdf/hdi_impl/include/utils/constants.h,249,VirtualCameraHdf,['VirtualCameraHdf'],False
camera_hdf/hdi_impl/include/utils/constants.h,9,operator <,functionimpl,camera_hdf/hdi_impl/include/utils/constants.h,216,VirtualCameraHdf,['VirtualCameraHdf'],False
camera_hdf/hdi_impl/include/utils/constants.h,9,DCameraBufferUsage,type,camera_hdf/hdi_impl/include/utils/constants.h,219,VirtualCameraHdf,['VirtualCameraHdf'],False
camera_hdf/hdi_impl/include/utils/constants.h,9,_DCSceneType,type,camera_hdf/hdi_impl/include/utils/constants.h,221,VirtualCameraHdf,['VirtualCameraHdf'],False
camera_hdf/hdi_impl/include/utils/constants.h,9,Ret,type,camera_hdf/hdi_impl/include/utils/constants.h,220,VirtualCameraHdf,['VirtualCameraHdf'],False
camera_hdf/interfaces/hdi_ipc/client/device/dcamera_device_callback_stub.cpp,26,dcamera_device_callback_stub,file,camera_hdf/interfaces/hdi_ipc/client/device/dcamera_device_callback_stub.cpp,765,VirtualCameraHdf,['VirtualCameraHdf'],False
camera_hdf/interfaces/hdi_ipc/client/device/dcamera_device_callback_stub.cpp,26,OnRemoteRequest,functionimpl,camera_hdf/interfaces/hdi_ipc/client/device/dcamera_device_callback_stub.cpp,766,VirtualCameraHdf,['VirtualCameraHdf'],False
camera_hdf/interfaces/hdi_ipc/client/device/dcamera_device_callback_stub.cpp,26,code,var,camera_hdf/interfaces/hdi_ipc/client/device/dcamera_device_callback_stub.cpp,767,VirtualCameraHdf,['VirtualCameraHdf'],False
camera_hdf/interfaces/hdi_ipc/client/device/dcamera_device_callback_stub.cpp,26,data,var,camera_hdf/interfaces/hdi_ipc/client/device/dcamera_device_callback_stub.cpp,768,VirtualCameraHdf,['VirtualCameraHdf'],False
camera_hdf/interfaces/hdi_ipc/client/device/dcamera_device_callback_stub.cpp,26,type,var,camera_hdf/interfaces/hdi_ipc/client/device/dcamera_device_callback_stub.cpp,773,VirtualCameraHdf,['VirtualCameraHdf'],False
camera_hdf/interfaces/hdi_ipc/client/device/dcamera_device_callback_stub.cpp,26,errorMsg,var,camera_hdf/interfaces/hdi_ipc/client/device/dcamera_device_callback_stub.cpp,769,VirtualCameraHdf,['VirtualCameraHdf'],False
camera_hdf/interfaces/hdi_ipc/client/device/dcamera_device_callback_stub.cpp,26,timestamp,var,camera_hdf/interfaces/hdi_ipc/client/device/dcamera_device_callback_stub.cpp,772,VirtualCameraHdf,['VirtualCameraHdf'],False
camera_hdf/interfaces/hdi_ipc/client/device/dcamera_device_callback_stub.cpp,26,reply,var,camera_hdf/interfaces/hdi_ipc/client/device/dcamera_device_callback_stub.cpp,771,VirtualCameraHdf,['VirtualCameraHdf'],False
camera_hdf/interfaces/hdi_ipc/client/device/dcamera_device_callback_stub.cpp,26,option,var,camera_hdf/interfaces/hdi_ipc/client/device/dcamera_device_callback_stub.cpp,770,VirtualCameraHdf,['VirtualCameraHdf'],False
camera_hdf/interfaces/hdi_ipc/client/device/dcamera_device_callback_stub.h,27,OnRemoteRequest,functionproto,camera_hdf/interfaces/hdi_ipc/client/device/dcamera_device_callback_stub.h,775,VirtualCameraHdf,['VirtualCameraHdf'],False
services/data_process/include/pipeline_node/fpscontroller/fps_controller_process.h,263,FpsControllerProcess,type,services/data_process/include/pipeline_node/fpscontroller/fps_controller_process.h,4007,CameraDataProcessCommon,['CameraDataProcessCommon'],False
services/cameraservice/sinkservice/include/distributedcameramgr/listener/dcamera_sink_data_process_listener.h,160,DCameraSinkDataProcessListener,type,services/cameraservice/sinkservice/include/distributedcameramgr/listener/dcamera_sink_data_process_listener.h,2392,DistributedCameraSinkMgr,['DistributedCameraSinkMgr'],False
services/cameraservice/sinkservice/include/distributedcameramgr/callback/dcamera_sink_controller_state_callback.h,144,DCameraSinkControllerStateCallback,functionproto,services/cameraservice/sinkservice/include/distributedcameramgr/callback/dcamera_sink_controller_state_callback.h,2248,DistributedCameraSinkMgr,['DistributedCameraSinkMgr'],False
services/cameraservice/sinkservice/include/distributedcameramgr/callback/dcamera_sink_controller_state_callback.h,144,OnStateChanged,functionproto,services/cameraservice/sinkservice/include/distributedcameramgr/callback/dcamera_sink_controller_state_callback.h,2250,DistributedCameraSinkMgr,['DistributedCameraSinkMgr'],False
services/cameraservice/sinkservice/include/distributedcameramgr/callback/dcamera_sink_controller_state_callback.h,144,OnMetadataResult,functionproto,services/cameraservice/sinkservice/include/distributedcameramgr/callback/dcamera_sink_controller_state_callback.h,2249,DistributedCameraSinkMgr,['DistributedCameraSinkMgr'],False
interfaces/inner_kits/native_cpp/camera_sink/src/dcamera_sink_handler.cpp,85,dcamera_sink_handler,file,interfaces/inner_kits/native_cpp/camera_sink/src/dcamera_sink_handler.cpp,1569,DistributedCameraSinkMgr,['DistributedCameraSinkMgr'],False
services/cameraservice/cameraoperator/client/src/dcamera_client_common.cpp,132,dcamera_client_common,file,services/cameraservice/cameraoperator/client/src/dcamera_client_common.cpp,2036,utils,['utils'],False
services/cameraservice/cameraoperator/client/include/callback/dcamera_photo_callback.h,117,dcamera_photo_callback,file,services/cameraservice/cameraoperator/client/include/callback/dcamera_photo_callback.h,1898,utils,['utils'],False
services/cameraservice/cameraoperator/client/include/callback/dcamera_photo_callback.h,117,DCameraPhotoCallback,type,services/cameraservice/cameraoperator/client/include/callback/dcamera_photo_callback.h,1904,utils,['utils'],False
services/cameraservice/cameraoperator/client/include/callback/dcamera_manager_callback.h,116,dcamera_manager_callback,file,services/cameraservice/cameraoperator/client/include/callback/dcamera_manager_callback.h,1894,utils,['utils'],False
camera_hdf/hdi_impl/include/dcamera_device/dmetadata_processor.h,1,InitDCameraAbility,functionproto,camera_hdf/hdi_impl/include/dcamera_device/dmetadata_processor.h,40,VirtualCameraHdf,['VirtualCameraHdf'],False
camera_hdf/hdi_impl/include/dcamera_device/dmetadata_processor.h,1,GetDCameraAbility,functionproto,camera_hdf/hdi_impl/include/dcamera_device/dmetadata_processor.h,36,VirtualCameraHdf,['VirtualCameraHdf'],False
camera_hdf/hdi_impl/include/dcamera_device/dmetadata_processor.h,1,SetMetadataResultMode,functionproto,camera_hdf/hdi_impl/include/dcamera_device/dmetadata_processor.h,47,VirtualCameraHdf,['VirtualCameraHdf'],False
camera_hdf/hdi_impl/include/dcamera_device/dmetadata_processor.h,1,GetEnabledMetadataResults,functionproto,camera_hdf/hdi_impl/include/dcamera_device/dmetadata_processor.h,39,VirtualCameraHdf,['VirtualCameraHdf'],False
camera_hdf/hdi_impl/include/dcamera_device/dmetadata_processor.h,1,EnableMetadataResult,functionproto,camera_hdf/hdi_impl/include/dcamera_device/dmetadata_processor.h,35,VirtualCameraHdf,['VirtualCameraHdf'],False
camera_hdf/hdi_impl/include/dcamera_device/dmetadata_processor.h,1,DisableMetadataResult,functionproto,camera_hdf/hdi_impl/include/dcamera_device/dmetadata_processor.h,34,VirtualCameraHdf,['VirtualCameraHdf'],False
camera_hdf/hdi_impl/include/dcamera_device/dmetadata_processor.h,1,ResetEnableResults,functionproto,camera_hdf/hdi_impl/include/dcamera_device/dmetadata_processor.h,44,VirtualCameraHdf,['VirtualCameraHdf'],False
camera_hdf/hdi_impl/include/dcamera_device/dmetadata_processor.h,1,SaveResultMetadata,functionproto,camera_hdf/hdi_impl/include/dcamera_device/dmetadata_processor.h,46,VirtualCameraHdf,['VirtualCameraHdf'],False
camera_hdf/hdi_impl/include/dcamera_device/dmetadata_processor.h,1,UpdateResultMetadata,functionproto,camera_hdf/hdi_impl/include/dcamera_device/dmetadata_processor.h,49,VirtualCameraHdf,['VirtualCameraHdf'],False
camera_hdf/hdi_impl/include/dcamera_device/dmetadata_processor.h,1,InitDCameraDefaultAbilityKeys,functionproto,camera_hdf/hdi_impl/include/dcamera_device/dmetadata_processor.h,41,VirtualCameraHdf,['VirtualCameraHdf'],False
camera_hdf/hdi_impl/include/dcamera_device/dmetadata_processor.h,1,InitDCameraOutputAbilityKeys,functionproto,camera_hdf/hdi_impl/include/dcamera_device/dmetadata_processor.h,42,VirtualCameraHdf,['VirtualCameraHdf'],False
camera_hdf/hdi_impl/include/dcamera_device/dmetadata_processor.h,1,AddAbilityEntry,functionproto,camera_hdf/hdi_impl/include/dcamera_device/dmetadata_processor.h,32,VirtualCameraHdf,['VirtualCameraHdf'],False
camera_hdf/hdi_impl/include/dcamera_device/dmetadata_processor.h,1,UpdateAbilityEntry,functionproto,camera_hdf/hdi_impl/include/dcamera_device/dmetadata_processor.h,48,VirtualCameraHdf,['VirtualCameraHdf'],False
services/cameraservice/cameraoperator/client/include/callback/dcamera_session_callback.h,119,dcamera_session_callback,file,services/cameraservice/cameraoperator/client/include/callback/dcamera_session_callback.h,1913,utils,['utils'],False
services/cameraservice/cameraoperator/client/include/callback/dcamera_session_callback.h,119,DCameraSessionCallback,type,services/cameraservice/cameraoperator/client/include/callback/dcamera_session_callback.h,1916,utils,['utils'],False
common/include/constants/distributed_camera_constants.h,74,DCAMERA_PRODUCER_ONE_MINUTE_MS,var,common/include/constants/distributed_camera_constants.h,1434,utils,['utils'],False
services/cameraservice/cameraoperator/client/include/callback/dcamera_preview_callback.h,118,DCameraPreviewCallback,type,services/cameraservice/cameraoperator/client/include/callback/dcamera_preview_callback.h,1911,utils,['utils'],False
camera_hdf/interfaces/include/types.h,73,DCameraBuffer,alias,camera_hdf/interfaces/include/types.h,1375,VirtualCameraHdf,['VirtualCameraHdf'],False
services/cameraservice/cameraoperator/client/include/callback/dcamera_input_callback.h,115,dcamera_input_callback,file,services/cameraservice/cameraoperator/client/include/callback/dcamera_input_callback.h,1889,utils,['utils'],False
services/cameraservice/cameraoperator/client/include/callback/dcamera_input_callback.h,115,DCameraInputCallback,type,services/cameraservice/cameraoperator/client/include/callback/dcamera_input_callback.h,1892,utils,['utils'],False
services/channel/include/icamera_channel_listener.h,250,DCameraChannelState,alias,services/channel/include/icamera_channel_listener.h,3735,ChannelCommon,['ChannelCommon'],False
services/cameraservice/cameraoperator/handler/src/dcamera_handler.cpp,139,Initialize,functionimpl,services/cameraservice/cameraoperator/handler/src/dcamera_handler.cpp,2149,utils,['utils'],False
services/cameraservice/cameraoperator/client/include/callback/dcamera_manager_callback.h,116,DCameraManagerCallback,type,services/cameraservice/cameraoperator/client/include/callback/dcamera_manager_callback.h,1897,utils,['utils'],False
services/data_process/include/pipeline_node/fpscontroller/fps_controller_process.h,263,FpsControllerProcess,functionimpl,services/data_process/include/pipeline_node/fpscontroller/fps_controller_process.h,3995,CameraDataProcessCommon,['CameraDataProcessCommon'],False
services/cameraservice/sinkservice/include/distributedcameramgr/dcamera_sink_data_process.h,148,GetPipelineCodecType,functionproto,services/cameraservice/sinkservice/include/distributedcameramgr/dcamera_sink_data_process.h,2297,DistributedCameraSinkMgr,['DistributedCameraSinkMgr'],False
services/data_process/include/pipeline_node/fpscontroller/fps_controller_process.h,263,INCOME_FRAME_TIME_HISTORY_WINDOWS_SIZE,var,services/data_process/include/pipeline_node/fpscontroller/fps_controller_process.h,4008,CameraDataProcessCommon,['CameraDataProcessCommon'],False
services/data_process/include/pipeline_node/fpscontroller/fps_controller_process.h,263,sourceConfig,var,services/data_process/include/pipeline_node/fpscontroller/fps_controller_process.h,4011,CameraDataProcessCommon,['CameraDataProcessCommon'],False
services/data_process/include/pipeline_node/fpscontroller/fps_controller_process.h,263,targetConfig,var,services/data_process/include/pipeline_node/fpscontroller/fps_controller_process.h,4012,CameraDataProcessCommon,['CameraDataProcessCommon'],False
services/data_process/include/pipeline_node/fpscontroller/fps_controller_process.h,263,callbackPipSource,var,services/data_process/include/pipeline_node/fpscontroller/fps_controller_process.h,4009,CameraDataProcessCommon,['CameraDataProcessCommon'],False
interfaces/inner_kits/native_cpp/camera_sink/src/dcamera_sink_handler.cpp,85,InitSink,functionimpl,interfaces/inner_kits/native_cpp/camera_sink/src/dcamera_sink_handler.cpp,1571,DistributedCameraSinkMgr,['DistributedCameraSinkMgr'],False
interfaces/inner_kits/native_cpp/camera_sink/src/dcamera_sink_handler.cpp,85,ReleaseSink,functionimpl,interfaces/inner_kits/native_cpp/camera_sink/src/dcamera_sink_handler.cpp,1572,DistributedCameraSinkMgr,['DistributedCameraSinkMgr'],False
interfaces/inner_kits/native_cpp/camera_sink/src/dcamera_sink_handler.cpp,85,SubscribeLocalHardware,functionimpl,interfaces/inner_kits/native_cpp/camera_sink/src/dcamera_sink_handler.cpp,1573,DistributedCameraSinkMgr,['DistributedCameraSinkMgr'],False
interfaces/inner_kits/native_cpp/camera_sink/src/dcamera_sink_handler.cpp,85,UnsubscribeLocalHardware,functionimpl,interfaces/inner_kits/native_cpp/camera_sink/src/dcamera_sink_handler.cpp,1574,DistributedCameraSinkMgr,['DistributedCameraSinkMgr'],False
camera_hdf/hdi_impl/src/dcamera_host/dcamera_host.cpp,13,GetInstance,functionimpl,camera_hdf/hdi_impl/src/dcamera_host/dcamera_host.cpp,402,VirtualCameraHdf,['VirtualCameraHdf'],False
services/cameraservice/sourceservice/include/distributedcameramgr/dcameracontrol/dcamera_source_controller.h,199,DCameraSourceController,functionproto,services/cameraservice/sourceservice/include/distributedcameramgr/dcameracontrol/dcamera_source_controller.h,2900,DistributedCameraSourceMgr,['DistributedCameraSourceMgr'],False
services/cameraservice/sourceservice/include/distributedcameramgr/dcameracontrol/dcamera_source_controller.h,199,~DCameraSourceController,functionproto,services/cameraservice/sourceservice/include/distributedcameramgr/dcameracontrol/dcamera_source_controller.h,2912,DistributedCameraSourceMgr,['DistributedCameraSourceMgr'],False
services/cameraservice/sourceservice/include/distributedcameramgr/dcameracontrol/dcamera_source_controller.h,199,StartCapture,functionproto,services/cameraservice/sourceservice/include/distributedcameramgr/dcameracontrol/dcamera_source_controller.h,2908,DistributedCameraSourceMgr,['DistributedCameraSourceMgr'],False
services/cameraservice/sourceservice/include/distributedcameramgr/dcameracontrol/dcamera_source_controller.h,199,StopCapture,functionproto,services/cameraservice/sourceservice/include/distributedcameramgr/dcameracontrol/dcamera_source_controller.h,2909,DistributedCameraSourceMgr,['DistributedCameraSourceMgr'],False
services/cameraservice/sourceservice/include/distributedcameramgr/dcameracontrol/dcamera_source_controller.h,199,ChannelNeg,functionproto,services/cameraservice/sourceservice/include/distributedcameramgr/dcameracontrol/dcamera_source_controller.h,2897,DistributedCameraSourceMgr,['DistributedCameraSourceMgr'],False
services/cameraservice/sourceservice/include/distributedcameramgr/dcameracontrol/dcamera_source_controller.h,199,DCameraNotify,functionproto,services/cameraservice/sourceservice/include/distributedcameramgr/dcameracontrol/dcamera_source_controller.h,2899,DistributedCameraSourceMgr,['DistributedCameraSourceMgr'],False
services/cameraservice/sourceservice/include/distributedcameramgr/dcameracontrol/dcamera_source_controller.h,199,UpdateSettings,functionproto,services/cameraservice/sourceservice/include/distributedcameramgr/dcameracontrol/dcamera_source_controller.h,2911,DistributedCameraSourceMgr,['DistributedCameraSourceMgr'],False
services/cameraservice/sourceservice/include/distributedcameramgr/dcameracontrol/dcamera_source_controller.h,199,GetCameraInfo,functionproto,services/cameraservice/sourceservice/include/distributedcameramgr/dcameracontrol/dcamera_source_controller.h,2901,DistributedCameraSourceMgr,['DistributedCameraSourceMgr'],False
services/cameraservice/sourceservice/include/distributedcameramgr/dcameracontrol/dcamera_source_controller.h,199,OpenChannel,functionproto,services/cameraservice/sourceservice/include/distributedcameramgr/dcameracontrol/dcamera_source_controller.h,2907,DistributedCameraSourceMgr,['DistributedCameraSourceMgr'],False
services/cameraservice/sourceservice/include/distributedcameramgr/dcameracontrol/dcamera_source_controller.h,199,CloseChannel,functionproto,services/cameraservice/sourceservice/include/distributedcameramgr/dcameracontrol/dcamera_source_controller.h,2898,DistributedCameraSourceMgr,['DistributedCameraSourceMgr'],False
services/cameraservice/sourceservice/include/distributedcameramgr/dcameracontrol/dcamera_source_controller.h,199,Init,functionproto,services/cameraservice/sourceservice/include/distributedcameramgr/dcameracontrol/dcamera_source_controller.h,2903,DistributedCameraSourceMgr,['DistributedCameraSourceMgr'],False
services/cameraservice/sourceservice/include/distributedcameramgr/dcameracontrol/dcamera_source_controller.h,199,UnInit,functionproto,services/cameraservice/sourceservice/include/distributedcameramgr/dcameracontrol/dcamera_source_controller.h,2910,DistributedCameraSourceMgr,['DistributedCameraSourceMgr'],False
services/cameraservice/sourceservice/include/distributedcameramgr/dcameracontrol/dcamera_source_controller.h,199,OnSessionState,functionproto,services/cameraservice/sourceservice/include/distributedcameramgr/dcameracontrol/dcamera_source_controller.h,2906,DistributedCameraSourceMgr,['DistributedCameraSourceMgr'],False
services/cameraservice/sourceservice/include/distributedcameramgr/dcameracontrol/dcamera_source_controller.h,199,OnSessionError,functionproto,services/cameraservice/sourceservice/include/distributedcameramgr/dcameracontrol/dcamera_source_controller.h,2905,DistributedCameraSourceMgr,['DistributedCameraSourceMgr'],False
services/cameraservice/sourceservice/include/distributedcameramgr/dcameracontrol/dcamera_source_controller.h,199,OnDataReceived,functionproto,services/cameraservice/sourceservice/include/distributedcameramgr/dcameracontrol/dcamera_source_controller.h,2904,DistributedCameraSourceMgr,['DistributedCameraSourceMgr'],False
services/cameraservice/sourceservice/include/distributedcameramgr/dcameracontrol/dcamera_source_controller.h,199,HandleMetaDataResult,functionproto,services/cameraservice/sourceservice/include/distributedcameramgr/dcameracontrol/dcamera_source_controller.h,2902,DistributedCameraSourceMgr,['DistributedCameraSourceMgr'],False
interfaces/inner_kits/native_cpp/camera_sink/src/dcamera_sink_handler.cpp,85,params,var,interfaces/inner_kits/native_cpp/camera_sink/src/dcamera_sink_handler.cpp,1578,DistributedCameraSinkMgr,['DistributedCameraSinkMgr'],False
interfaces/inner_kits/native_cpp/camera_sink/src/dcamera_sink_handler.cpp,85,ret,var,interfaces/inner_kits/native_cpp/camera_sink/src/dcamera_sink_handler.cpp,1579,DistributedCameraSinkMgr,['DistributedCameraSinkMgr'],False
interfaces/inner_kits/native_cpp/camera_sink/src/dcamera_sink_handler.cpp,85,dhId,var,interfaces/inner_kits/native_cpp/camera_sink/src/dcamera_sink_handler.cpp,1576,DistributedCameraSinkMgr,['DistributedCameraSinkMgr'],False
interfaces/inner_kits/native_cpp/camera_sink/src/dcamera_sink_handler.cpp,85,parameters,var,interfaces/inner_kits/native_cpp/camera_sink/src/dcamera_sink_handler.cpp,1577,DistributedCameraSinkMgr,['DistributedCameraSinkMgr'],False
interfaces/inner_kits/native_cpp/camera_sink/include/dcamera_sink_handler.h,81,dcamera_sink_handler,file,interfaces/inner_kits/native_cpp/camera_sink/include/dcamera_sink_handler.h,1534,DistributedCameraSinkMgr,['DistributedCameraSinkMgr'],False
interfaces/inner_kits/native_cpp/camera_sink/src/dcamera_sink_handler.cpp,85,~DCameraSinkHandler,functionimpl,interfaces/inner_kits/native_cpp/camera_sink/src/dcamera_sink_handler.cpp,1575,DistributedCameraSinkMgr,['DistributedCameraSinkMgr'],False
interfaces/inner_kits/native_cpp/camera_sink/include/dcamera_sink_handler.h,81,~DCameraSinkHandler,functionproto,interfaces/inner_kits/native_cpp/camera_sink/include/dcamera_sink_handler.h,1540,DistributedCameraSinkMgr,['DistributedCameraSinkMgr'],False
interfaces/inner_kits/native_cpp/camera_sink/include/dcamera_sink_handler.h,81,InitSink,functionproto,interfaces/inner_kits/native_cpp/camera_sink/include/dcamera_sink_handler.h,1536,DistributedCameraSinkMgr,['DistributedCameraSinkMgr'],False
interfaces/inner_kits/native_cpp/camera_sink/include/dcamera_sink_handler.h,81,ReleaseSink,functionproto,interfaces/inner_kits/native_cpp/camera_sink/include/dcamera_sink_handler.h,1537,DistributedCameraSinkMgr,['DistributedCameraSinkMgr'],False
interfaces/inner_kits/native_cpp/camera_sink/include/dcamera_sink_handler.h,81,SubscribeLocalHardware,functionproto,interfaces/inner_kits/native_cpp/camera_sink/include/dcamera_sink_handler.h,1538,DistributedCameraSinkMgr,['DistributedCameraSinkMgr'],False
interfaces/inner_kits/native_cpp/camera_sink/include/dcamera_sink_handler.h,81,UnsubscribeLocalHardware,functionproto,interfaces/inner_kits/native_cpp/camera_sink/include/dcamera_sink_handler.h,1539,DistributedCameraSinkMgr,['DistributedCameraSinkMgr'],False
interfaces/inner_kits/native_cpp/camera_sink/src/dcamera_sink_handler.cpp,85,GetSinkHardwareHandler,functionimpl,interfaces/inner_kits/native_cpp/camera_sink/src/dcamera_sink_handler.cpp,1570,DistributedCameraSinkMgr,['DistributedCameraSinkMgr'],False
interfaces/inner_kits/native_cpp/camera_sink/include/dcamera_sink_handler.h,81,GetSinkHardwareHandler,functionproto,interfaces/inner_kits/native_cpp/camera_sink/include/dcamera_sink_handler.h,1535,DistributedCameraSinkMgr,['DistributedCameraSinkMgr'],False
services/cameraservice/cameraoperator/client/include/listener/dcamera_video_surface_listener.h,124,DCameraVideoSurfaceListener,type,services/cameraservice/cameraoperator/client/include/listener/dcamera_video_surface_listener.h,1960,utils,['utils'],False
services/cameraservice/cameraoperator/client/include/listener/dcamera_photo_surface_listener.h,123,DCameraPhotoSurfaceListener,type,services/cameraservice/cameraoperator/client/include/listener/dcamera_photo_surface_listener.h,1955,utils,['utils'],False
services/cameraservice/cameraoperator/client/include/callback/dcamera_video_callback.h,120,dcamera_video_callback,file,services/cameraservice/cameraoperator/client/include/callback/dcamera_video_callback.h,1918,utils,['utils'],False
services/cameraservice/sourceservice/include/distributedcameramgr/dcamerahdf/dcamera_provider_callback_impl.h,207,OpenSession,functionproto,services/cameraservice/sourceservice/include/distributedcameramgr/dcamerahdf/dcamera_provider_callback_impl.h,3009,DistributedCameraSourceMgr,['DistributedCameraSourceMgr'],False
services/cameraservice/sourceservice/include/distributedcameramgr/dcamerahdf/dcamera_provider_callback_impl.h,207,CloseSession,functionproto,services/cameraservice/sourceservice/include/distributedcameramgr/dcamerahdf/dcamera_provider_callback_impl.h,3006,DistributedCameraSourceMgr,['DistributedCameraSourceMgr'],False
services/cameraservice/sourceservice/include/distributedcameramgr/dcamerahdf/dcamera_provider_callback_impl.h,207,ConfigureStreams,functionproto,services/cameraservice/sourceservice/include/distributedcameramgr/dcamerahdf/dcamera_provider_callback_impl.h,3007,DistributedCameraSourceMgr,['DistributedCameraSourceMgr'],False
services/cameraservice/sourceservice/include/distributedcameramgr/dcamerahdf/dcamera_provider_callback_impl.h,207,ReleaseStreams,functionproto,services/cameraservice/sourceservice/include/distributedcameramgr/dcamerahdf/dcamera_provider_callback_impl.h,3010,DistributedCameraSourceMgr,['DistributedCameraSourceMgr'],False
services/cameraservice/sourceservice/include/distributedcameramgr/dcamerahdf/dcamera_provider_callback_impl.h,207,StartCapture,functionproto,services/cameraservice/sourceservice/include/distributedcameramgr/dcamerahdf/dcamera_provider_callback_impl.h,3011,DistributedCameraSourceMgr,['DistributedCameraSourceMgr'],False
services/cameraservice/sourceservice/include/distributedcameramgr/dcamerahdf/dcamera_provider_callback_impl.h,207,StopCapture,functionproto,services/cameraservice/sourceservice/include/distributedcameramgr/dcamerahdf/dcamera_provider_callback_impl.h,3012,DistributedCameraSourceMgr,['DistributedCameraSourceMgr'],False
services/cameraservice/sourceservice/include/distributedcameramgr/dcamerahdf/dcamera_provider_callback_impl.h,207,UpdateSettings,functionproto,services/cameraservice/sourceservice/include/distributedcameramgr/dcamerahdf/dcamera_provider_callback_impl.h,3013,DistributedCameraSourceMgr,['DistributedCameraSourceMgr'],False
services/cameraservice/cameraoperator/client/include/dcamera_client.h,121,dcamera_client,file,services/cameraservice/cameraoperator/client/include/dcamera_client.h,1925,utils,['utils'],False
services/cameraservice/cameraoperator/client/include/dcamera_client.h,121,DCameraClient,functionproto,services/cameraservice/cameraoperator/client/include/dcamera_client.h,1931,utils,['utils'],False
services/cameraservice/cameraoperator/client/src/dcamera_client_common.cpp,132,~DCameraClient,functionimpl,services/cameraservice/cameraoperator/client/src/dcamera_client_common.cpp,2053,utils,['utils'],False
services/cameraservice/cameraoperator/client/include/dcamera_client.h,121,~DCameraClient,functionproto,services/cameraservice/cameraoperator/client/include/dcamera_client.h,1942,utils,['utils'],False
services/cameraservice/cameraoperator/client/include/dcamera_client.h,121,Init,functionproto,services/cameraservice/cameraoperator/client/include/dcamera_client.h,1932,utils,['utils'],False
services/cameraservice/cameraoperator/client/src/dcamera_client_common.cpp,132,UnInit,functionimpl,services/cameraservice/cameraoperator/client/src/dcamera_client_common.cpp,2051,utils,['utils'],False
services/cameraservice/cameraoperator/client/include/dcamera_client.h,121,UnInit,functionproto,services/cameraservice/cameraoperator/client/include/dcamera_client.h,1940,utils,['utils'],False
services/cameraservice/cameraoperator/client/include/dcamera_client.h,121,UpdateSettings,functionproto,services/cameraservice/cameraoperator/client/include/dcamera_client.h,1941,utils,['utils'],False
services/cameraservice/cameraoperator/client/include/dcamera_client.h,121,StartCapture,functionproto,services/cameraservice/cameraoperator/client/include/dcamera_client.h,1935,utils,['utils'],False
services/cameraservice/cameraoperator/client/include/dcamera_client.h,121,StopCapture,functionproto,services/cameraservice/cameraoperator/client/include/dcamera_client.h,1939,utils,['utils'],False
services/cameraservice/cameraoperator/client/include/dcamera_client.h,121,SetStateCallback,functionproto,services/cameraservice/cameraoperator/client/include/dcamera_client.h,1934,utils,['utils'],False
services/cameraservice/cameraoperator/client/include/dcamera_client.h,121,SetResultCallback,functionproto,services/cameraservice/cameraoperator/client/include/dcamera_client.h,1933,utils,['utils'],False
services/cameraservice/cameraoperator/client/include/dcamera_client.h,121,ConfigCaptureSession,functionproto,services/cameraservice/cameraoperator/client/include/dcamera_client.h,1926,utils,['utils'],False
services/cameraservice/cameraoperator/client/include/dcamera_client.h,121,ConfigCaptureSessionInner,functionproto,services/cameraservice/cameraoperator/client/include/dcamera_client.h,1927,utils,['utils'],False
services/cameraservice/cameraoperator/client/include/dcamera_client.h,121,CreateCaptureOutput,functionproto,services/cameraservice/cameraoperator/client/include/dcamera_client.h,1928,utils,['utils'],False
services/cameraservice/cameraoperator/client/include/dcamera_client.h,121,CreatePhotoOutput,functionproto,services/cameraservice/cameraoperator/client/include/dcamera_client.h,1929,utils,['utils'],False
services/cameraservice/cameraoperator/client/include/dcamera_client.h,121,CreateVideoOutput,functionproto,services/cameraservice/cameraoperator/client/include/dcamera_client.h,1930,utils,['utils'],False
services/cameraservice/cameraoperator/client/include/dcamera_client.h,121,StartCaptureInner,functionproto,services/cameraservice/cameraoperator/client/include/dcamera_client.h,1936,utils,['utils'],False
services/cameraservice/cameraoperator/client/include/dcamera_client.h,121,StartPhotoOutput,functionproto,services/cameraservice/cameraoperator/client/include/dcamera_client.h,1937,utils,['utils'],False
services/cameraservice/cameraoperator/client/include/dcamera_client.h,121,StartVideoOutput,functionproto,services/cameraservice/cameraoperator/client/include/dcamera_client.h,1938,utils,['utils'],False
services/cameraservice/sourceservice/include/distributedcameramgr/dcamera_source_service_ipc.h,198,GetSinkRemoteDHMS,functionproto,services/cameraservice/sourceservice/include/distributedcameramgr/dcamera_source_service_ipc.h,2887,DistributedCameraSourceMgr,['DistributedCameraSourceMgr'],False
services/cameraservice/sourceservice/include/distributedcameramgr/dcamera_source_service_ipc.h,198,remoteSinks_,var,services/cameraservice/sourceservice/include/distributedcameramgr/dcamera_source_service_ipc.h,2894,DistributedCameraSourceMgr,['DistributedCameraSourceMgr'],False
common/include/constants/distributed_camera_constants.h,74,CAMERA_SURFACE_FORMAT,var,common/include/constants/distributed_camera_constants.h,1428,utils,['utils'],False
common/include/utils/dcamera_utils_tools.h,78,Base64Decode,functionproto,common/include/utils/dcamera_utils_tools.h,1480,utils,['utils'],False
camera_hdf/interfaces/hdi_ipc/client/host/dcamera_host_proxy.h,35,DCameraHostProxy,functionimpl,camera_hdf/interfaces/hdi_ipc/client/host/dcamera_host_proxy.h,852,VirtualCameraHdf,['VirtualCameraHdf'],False
camera_hdf/interfaces/hdi_ipc/client/host/dcamera_host_proxy.h,35,impl,var,camera_hdf/interfaces/hdi_ipc/client/host/dcamera_host_proxy.h,859,VirtualCameraHdf,['VirtualCameraHdf'],False
camera_hdf/interfaces/hdi_ipc/client/host/dcamera_host_proxy.h,35,delegator_,var,camera_hdf/interfaces/hdi_ipc/client/host/dcamera_host_proxy.h,858,VirtualCameraHdf,['VirtualCameraHdf'],False
services/channel/src/dcamera_softbus_adapter.cpp,253,dcamera_softbus_adapter,file,services/channel/src/dcamera_softbus_adapter.cpp,3777,ChannelCommon,['ChannelCommon'],False
services/channel/src/dcamera_softbus_adapter.cpp,253,OnSourceBytesReceived,functionimpl,services/channel/src/dcamera_softbus_adapter.cpp,3801,ChannelCommon,['ChannelCommon'],False
common/include/constants/distributed_camera_constants.h,74,DCAMERA_MAX_RECV_DATA_LEN,var,common/include/constants/distributed_camera_constants.h,1431,utils,['utils'],False
services/channel/src/dcamera_softbus_adapter.cpp,253,OnSourceStreamReceived,functionimpl,services/channel/src/dcamera_softbus_adapter.cpp,3805,ChannelCommon,['ChannelCommon'],False
services/channel/src/dcamera_softbus_adapter.cpp,253,OnSinkBytesReceived,functionimpl,services/channel/src/dcamera_softbus_adapter.cpp,3796,ChannelCommon,['ChannelCommon'],False
services/channel/src/dcamera_softbus_adapter.cpp,253,OnSinkStreamReceived,functionimpl,services/channel/src/dcamera_softbus_adapter.cpp,3800,ChannelCommon,['ChannelCommon'],False
services/cameraservice/sourceservice/include/distributedcameramgr/dcameradata/dcamera_stream_data_process_producer.h,206,DCameraStreamDataProcessProducer,functionproto,services/cameraservice/sourceservice/include/distributedcameramgr/dcameradata/dcamera_stream_data_process_producer.h,2994,DistributedCameraSourceMgr,['DistributedCameraSourceMgr'],False
services/cameraservice/sourceservice/include/distributedcameramgr/dcameradata/dcamera_stream_data_process_producer.h,206,~DCameraStreamDataProcessProducer,functionproto,services/cameraservice/sourceservice/include/distributedcameramgr/dcameradata/dcamera_stream_data_process_producer.h,3001,DistributedCameraSourceMgr,['DistributedCameraSourceMgr'],False
services/cameraservice/sourceservice/include/distributedcameramgr/dcameradata/dcamera_stream_data_process_producer.h,206,Start,functionproto,services/cameraservice/sourceservice/include/distributedcameramgr/dcameradata/dcamera_stream_data_process_producer.h,2999,DistributedCameraSourceMgr,['DistributedCameraSourceMgr'],False
services/cameraservice/sourceservice/include/distributedcameramgr/dcameradata/dcamera_stream_data_process_producer.h,206,Stop,functionproto,services/cameraservice/sourceservice/include/distributedcameramgr/dcameradata/dcamera_stream_data_process_producer.h,3000,DistributedCameraSourceMgr,['DistributedCameraSourceMgr'],False
services/cameraservice/sourceservice/include/distributedcameramgr/dcameradata/dcamera_stream_data_process_producer.h,206,FeedStream,functionproto,services/cameraservice/sourceservice/include/distributedcameramgr/dcameradata/dcamera_stream_data_process_producer.h,2995,DistributedCameraSourceMgr,['DistributedCameraSourceMgr'],False
services/cameraservice/sourceservice/include/distributedcameramgr/dcameradata/dcamera_stream_data_process_producer.h,206,LooperContinue,functionproto,services/cameraservice/sourceservice/include/distributedcameramgr/dcameradata/dcamera_stream_data_process_producer.h,2997,DistributedCameraSourceMgr,['DistributedCameraSourceMgr'],False
services/cameraservice/sourceservice/include/distributedcameramgr/dcameradata/dcamera_stream_data_process_producer.h,206,LooperSnapShot,functionproto,services/cameraservice/sourceservice/include/distributedcameramgr/dcameradata/dcamera_stream_data_process_producer.h,2998,DistributedCameraSourceMgr,['DistributedCameraSourceMgr'],False
services/cameraservice/sourceservice/include/distributedcameramgr/dcameradata/dcamera_stream_data_process_producer.h,206,FeedStreamToDriver,functionproto,services/cameraservice/sourceservice/include/distributedcameramgr/dcameradata/dcamera_stream_data_process_producer.h,2996,DistributedCameraSourceMgr,['DistributedCameraSourceMgr'],False
camera_hdf/hdi_impl/include/dcamera_device/dmetadata_processor.h,1,dmetadata_processor,file,camera_hdf/hdi_impl/include/dcamera_device/dmetadata_processor.h,29,VirtualCameraHdf,['VirtualCameraHdf'],False
camera_hdf/hdi_impl/include/dstream_operator/dstream_operator.h,8,dMetadataProcessor_,var,camera_hdf/hdi_impl/include/dstream_operator/dstream_operator.h,205,VirtualCameraHdf,['VirtualCameraHdf'],False
camera_hdf/hdi_impl/include/dcamera_device/dmetadata_processor.h,1,DMetadataProcessor,type,camera_hdf/hdi_impl/include/dcamera_device/dmetadata_processor.h,50,VirtualCameraHdf,['VirtualCameraHdf'],False
services/cameraservice/base/src/dcamera_info_cmd.cpp,111,Marshal,functionimpl,services/cameraservice/base/src/dcamera_info_cmd.cpp,1854,CameraServiceCommon,['CameraServiceCommon'],False
services/cameraservice/base/src/dcamera_info_cmd.cpp,111,rootValue,var,services/cameraservice/base/src/dcamera_info_cmd.cpp,1861,CameraServiceCommon,['CameraServiceCommon'],False
services/cameraservice/base/src/dcamera_info_cmd.cpp,111,info,var,services/cameraservice/base/src/dcamera_info_cmd.cpp,1857,CameraServiceCommon,['CameraServiceCommon'],False
services/cameraservice/base/src/dcamera_info_cmd.cpp,111,jsonStr,var,services/cameraservice/base/src/dcamera_info_cmd.cpp,1859,CameraServiceCommon,['CameraServiceCommon'],False
services/cameraservice/base/src/dcamera_info_cmd.cpp,111,Unmarshal,functionimpl,services/cameraservice/base/src/dcamera_info_cmd.cpp,1855,CameraServiceCommon,['CameraServiceCommon'],False
services/cameraservice/base/src/dcamera_info_cmd.cpp,111,readerBuilder,var,services/cameraservice/base/src/dcamera_info_cmd.cpp,1860,CameraServiceCommon,['CameraServiceCommon'],False
services/cameraservice/base/src/dcamera_info_cmd.cpp,111,jsonReader,var,services/cameraservice/base/src/dcamera_info_cmd.cpp,1858,CameraServiceCommon,['CameraServiceCommon'],False
services/cameraservice/base/src/dcamera_info_cmd.cpp,111,errs,var,services/cameraservice/base/src/dcamera_info_cmd.cpp,1856,CameraServiceCommon,['CameraServiceCommon'],False
services/cameraservice/base/src/dcamera_info_cmd.cpp,111,valueJson,var,services/cameraservice/base/src/dcamera_info_cmd.cpp,1862,CameraServiceCommon,['CameraServiceCommon'],False
camera_hdf/hdi_impl/include/dstream_operator/dstream_operator.h,8,halStreamMap_,var,camera_hdf/hdi_impl/include/dstream_operator/dstream_operator.h,211,VirtualCameraHdf,['VirtualCameraHdf'],False
services/cameraservice/cameraoperator/client/include/icamera_operator.h,122,ResultCallback,type,services/cameraservice/cameraoperator/client/include/icamera_operator.h,1950,utils,['utils'],False
camera_hdf/interfaces/include/idistributed_camera_provider_callback.h,72,,type,camera_hdf/interfaces/include/idistributed_camera_provider_callback.h,1368,VirtualCameraHdf,['VirtualCameraHdf'],False
camera_hdf/interfaces/include/idistributed_camera_provider_callback.h,72,idistributed_camera_provider_callback,file,camera_hdf/interfaces/include/idistributed_camera_provider_callback.h,1360,VirtualCameraHdf,['VirtualCameraHdf'],False
camera_hdf/interfaces/include/idistributed_camera_provider_callback.h,72,OpenSession,functionproto,camera_hdf/interfaces/include/idistributed_camera_provider_callback.h,1363,VirtualCameraHdf,['VirtualCameraHdf'],False
camera_hdf/interfaces/include/idistributed_camera_provider_callback.h,72,CloseSession,functionproto,camera_hdf/interfaces/include/idistributed_camera_provider_callback.h,1361,VirtualCameraHdf,['VirtualCameraHdf'],False
camera_hdf/interfaces/include/idistributed_camera_provider_callback.h,72,ConfigureStreams,functionproto,camera_hdf/interfaces/include/idistributed_camera_provider_callback.h,1362,VirtualCameraHdf,['VirtualCameraHdf'],False
camera_hdf/interfaces/include/idistributed_camera_provider_callback.h,72,ReleaseStreams,functionproto,camera_hdf/interfaces/include/idistributed_camera_provider_callback.h,1364,VirtualCameraHdf,['VirtualCameraHdf'],False
camera_hdf/interfaces/include/idistributed_camera_provider_callback.h,72,StartCapture,functionproto,camera_hdf/interfaces/include/idistributed_camera_provider_callback.h,1365,VirtualCameraHdf,['VirtualCameraHdf'],False
camera_hdf/interfaces/include/idistributed_camera_provider_callback.h,72,StopCapture,functionproto,camera_hdf/interfaces/include/idistributed_camera_provider_callback.h,1366,VirtualCameraHdf,['VirtualCameraHdf'],False
camera_hdf/interfaces/include/idistributed_camera_provider_callback.h,72,UpdateSettings,functionproto,camera_hdf/interfaces/include/idistributed_camera_provider_callback.h,1367,VirtualCameraHdf,['VirtualCameraHdf'],False
services/cameraservice/cameraoperator/client/include/dcamera_client.h,121,DCameraClient,type,services/cameraservice/cameraoperator/client/include/dcamera_client.h,1943,utils,['utils'],False
services/channel/include/dcamera_channel_source_impl.h,246,dcamera_channel_source_impl,file,services/channel/include/dcamera_channel_source_impl.h,3656,ChannelSource,['ChannelSource'],False
services/channel/src/dcamera_channel_source_impl.cpp,252,DCameraChannelSourceImpl,functionimpl,services/channel/src/dcamera_channel_source_impl.cpp,3759,ChannelSource,['ChannelSource'],False
services/channel/include/dcamera_channel_source_impl.h,246,DCameraChannelSourceImpl,functionproto,services/channel/include/dcamera_channel_source_impl.h,3659,ChannelSource,['ChannelSource'],False
services/channel/src/dcamera_channel_source_impl.cpp,252,~DCameraChannelSourceImpl,functionimpl,services/channel/src/dcamera_channel_source_impl.cpp,3763,ChannelSource,['ChannelSource'],False
services/channel/include/dcamera_channel_source_impl.h,246,~DCameraChannelSourceImpl,functionproto,services/channel/include/dcamera_channel_source_impl.h,3663,ChannelSource,['ChannelSource'],False
services/channel/include/dcamera_channel_source_impl.h,246,OpenSession,functionproto,services/channel/include/dcamera_channel_source_impl.h,3660,ChannelSource,['ChannelSource'],False
services/channel/include/dcamera_channel_source_impl.h,246,CloseSession,functionproto,services/channel/include/dcamera_channel_source_impl.h,3657,ChannelSource,['ChannelSource'],False
services/channel/include/dcamera_channel_source_impl.h,246,CreateSession,functionproto,services/channel/include/dcamera_channel_source_impl.h,3658,ChannelSource,['ChannelSource'],False
services/channel/include/dcamera_channel_source_impl.h,246,ReleaseSession,functionproto,services/channel/include/dcamera_channel_source_impl.h,3661,ChannelSource,['ChannelSource'],False
services/channel/include/dcamera_channel_source_impl.h,246,SendData,functionproto,services/channel/include/dcamera_channel_source_impl.h,3662,ChannelSource,['ChannelSource'],False
camera_hdf/interfaces/hdi_ipc/ipc_data_utils.h,52,EncodeStreamInfo,functionimpl,camera_hdf/interfaces/hdi_ipc/ipc_data_utils.h,1075,VirtualCameraHdf,['VirtualCameraHdf'],False
camera_hdf/interfaces/hdi_ipc/ipc_data_utils.h,52,bRet,var,camera_hdf/interfaces/hdi_ipc/ipc_data_utils.h,1076,VirtualCameraHdf,['VirtualCameraHdf'],False
camera_hdf/interfaces/hdi_ipc/ipc_data_utils.h,52,parcel,var,camera_hdf/interfaces/hdi_ipc/ipc_data_utils.h,1081,VirtualCameraHdf,['VirtualCameraHdf'],False
camera_hdf/interfaces/hdi_ipc/ipc_data_utils.h,52,pInfo,var,camera_hdf/interfaces/hdi_ipc/ipc_data_utils.h,1079,VirtualCameraHdf,['VirtualCameraHdf'],False
camera_hdf/interfaces/hdi_ipc/ipc_data_utils.h,52,bufferQueueFlag,var,camera_hdf/interfaces/hdi_ipc/ipc_data_utils.h,1077,VirtualCameraHdf,['VirtualCameraHdf'],False
camera_hdf/interfaces/hdi_ipc/ipc_data_utils.h,52,DecodeStreamInfo,functionimpl,camera_hdf/interfaces/hdi_ipc/ipc_data_utils.h,1072,VirtualCameraHdf,['VirtualCameraHdf'],False
camera_hdf/interfaces/hdi_ipc/ipc_data_utils.h,52,pSettings,var,camera_hdf/interfaces/hdi_ipc/ipc_data_utils.h,1080,VirtualCameraHdf,['VirtualCameraHdf'],False
camera_hdf/interfaces/hdi_ipc/ipc_data_utils.h,52,DecodeDCameraSettings,functionimpl,camera_hdf/interfaces/hdi_ipc/ipc_data_utils.h,1071,VirtualCameraHdf,['VirtualCameraHdf'],False
camera_hdf/interfaces/hdi_ipc/ipc_data_utils.h,52,pEvent,var,camera_hdf/interfaces/hdi_ipc/ipc_data_utils.h,1078,VirtualCameraHdf,['VirtualCameraHdf'],False
camera_hdf/interfaces/hdi_ipc/ipc_data_utils.h,52,DecodeDCameraHDFEvent,functionimpl,camera_hdf/interfaces/hdi_ipc/ipc_data_utils.h,1070,VirtualCameraHdf,['VirtualCameraHdf'],False
camera_hdf/hdi_impl/include/dstream_operator/dstream_operator.h,8,operator =,functionimpl,camera_hdf/hdi_impl/include/dstream_operator/dstream_operator.h,175,VirtualCameraHdf,['VirtualCameraHdf'],False
camera_hdf/hdi_impl/include/dstream_operator/dstream_operator.h,8,DStreamOperator,type,camera_hdf/hdi_impl/include/dstream_operator/dstream_operator.h,203,VirtualCameraHdf,['VirtualCameraHdf'],False
camera_hdf/hdi_impl/include/dstream_operator/dstream_operator.h,8,dcSupportedFormatMap_,var,camera_hdf/hdi_impl/include/dstream_operator/dstream_operator.h,208,VirtualCameraHdf,['VirtualCameraHdf'],False
camera_hdf/hdi_impl/include/utils/constants.h,9,DCSceneType,alias,camera_hdf/hdi_impl/include/utils/constants.h,212,VirtualCameraHdf,['VirtualCameraHdf'],False
camera_hdf/hdi_impl/include/dstream_operator/dstream_operator.h,8,dcSupportedResolutionMap_,var,camera_hdf/hdi_impl/include/dstream_operator/dstream_operator.h,209,VirtualCameraHdf,['VirtualCameraHdf'],False
services/cameraservice/cameraoperator/client/src/listener/dcamera_photo_surface_listener_common.cpp,134,dcamera_photo_surface_listener_common,file,services/cameraservice/cameraoperator/client/src/listener/dcamera_photo_surface_listener_common.cpp,2073,utils,['utils'],False
services/cameraservice/cameraoperator/client/include/listener/dcamera_photo_surface_listener.h,123,dcamera_photo_surface_listener,file,services/cameraservice/cameraoperator/client/include/listener/dcamera_photo_surface_listener.h,1952,utils,['utils'],False
services/cameraservice/cameraoperator/client/src/listener/dcamera_photo_surface_listener_common.cpp,134,DCameraPhotoSurfaceListener,functionimpl,services/cameraservice/cameraoperator/client/src/listener/dcamera_photo_surface_listener_common.cpp,2074,utils,['utils'],False
services/cameraservice/cameraoperator/client/include/listener/dcamera_photo_surface_listener.h,123,DCameraPhotoSurfaceListener,functionproto,services/cameraservice/cameraoperator/client/include/listener/dcamera_photo_surface_listener.h,1953,utils,['utils'],False
services/cameraservice/cameraoperator/client/src/listener/dcamera_photo_surface_listener_common.cpp,134,OnBufferAvailable,functionimpl,services/cameraservice/cameraoperator/client/src/listener/dcamera_photo_surface_listener_common.cpp,2075,utils,['utils'],False
services/cameraservice/cameraoperator/client/include/listener/dcamera_photo_surface_listener.h,123,OnBufferAvailable,functionproto,services/cameraservice/cameraoperator/client/include/listener/dcamera_photo_surface_listener.h,1954,utils,['utils'],False
services/cameraservice/sourceservice/include/distributedcameramgr/dcameradata/dcamera_source_data_process.h,201,dcamera_source_data_process,file,services/cameraservice/sourceservice/include/distributedcameramgr/dcameradata/dcamera_source_data_process.h,2925,DistributedCameraSourceMgr,['DistributedCameraSourceMgr'],False
services/cameraservice/sourceservice/include/distributedcameramgr/dcameradata/dcamera_source_data_process.h,201,streamProcess_,var,services/cameraservice/sourceservice/include/distributedcameramgr/dcameradata/dcamera_source_data_process.h,2935,DistributedCameraSourceMgr,['DistributedCameraSourceMgr'],False
services/cameraservice/sourceservice/include/distributedcameramgr/dcameradata/dcamera_stream_data_process.h,204,DCameraStreamDataProcess,type,services/cameraservice/sourceservice/include/distributedcameramgr/dcameradata/dcamera_stream_data_process.h,2981,DistributedCameraSourceMgr,['DistributedCameraSourceMgr'],False
services/cameraservice/sourceservice/include/distributedcameramgr/dcameradata/dcamera_stream_data_process.h,204,DCameraStreamDataProcess,functionproto,services/cameraservice/sourceservice/include/distributedcameramgr/dcameradata/dcamera_stream_data_process.h,2967,DistributedCameraSourceMgr,['DistributedCameraSourceMgr'],False
services/cameraservice/sourceservice/include/distributedcameramgr/dcameradata/dcamera_stream_data_process.h,204,~DCameraStreamDataProcess,functionproto,services/cameraservice/sourceservice/include/distributedcameramgr/dcameradata/dcamera_stream_data_process.h,2980,DistributedCameraSourceMgr,['DistributedCameraSourceMgr'],False
services/cameraservice/sourceservice/include/distributedcameramgr/dcameradata/dcamera_stream_data_process.h,204,FeedStream,functionproto,services/cameraservice/sourceservice/include/distributedcameramgr/dcameradata/dcamera_stream_data_process.h,2969,DistributedCameraSourceMgr,['DistributedCameraSourceMgr'],False
services/cameraservice/sourceservice/include/distributedcameramgr/dcameradata/dcamera_stream_data_process.h,204,ConfigStreams,functionproto,services/cameraservice/sourceservice/include/distributedcameramgr/dcameradata/dcamera_stream_data_process.h,2965,DistributedCameraSourceMgr,['DistributedCameraSourceMgr'],False
services/cameraservice/sourceservice/include/distributedcameramgr/dcameradata/dcamera_stream_data_process.h,204,ReleaseStreams,functionproto,services/cameraservice/sourceservice/include/distributedcameramgr/dcameradata/dcamera_stream_data_process.h,2977,DistributedCameraSourceMgr,['DistributedCameraSourceMgr'],False
services/cameraservice/sourceservice/include/distributedcameramgr/dcameradata/dcamera_stream_data_process.h,204,StartCapture,functionproto,services/cameraservice/sourceservice/include/distributedcameramgr/dcameradata/dcamera_stream_data_process.h,2978,DistributedCameraSourceMgr,['DistributedCameraSourceMgr'],False
services/cameraservice/sourceservice/include/distributedcameramgr/dcameradata/dcamera_stream_data_process.h,204,StopCapture,functionproto,services/cameraservice/sourceservice/include/distributedcameramgr/dcameradata/dcamera_stream_data_process.h,2979,DistributedCameraSourceMgr,['DistributedCameraSourceMgr'],False
services/cameraservice/sourceservice/include/distributedcameramgr/dcameradata/dcamera_stream_data_process.h,204,GetAllStreamIds,functionproto,services/cameraservice/sourceservice/include/distributedcameramgr/dcameradata/dcamera_stream_data_process.h,2972,DistributedCameraSourceMgr,['DistributedCameraSourceMgr'],False
services/cameraservice/sourceservice/include/distributedcameramgr/dcameradata/dcamera_stream_data_process.h,204,FeedStreamToSnapShot,functionproto,services/cameraservice/sourceservice/include/distributedcameramgr/dcameradata/dcamera_stream_data_process.h,2971,DistributedCameraSourceMgr,['DistributedCameraSourceMgr'],False
services/cameraservice/sourceservice/include/distributedcameramgr/dcameradata/dcamera_stream_data_process.h,204,FeedStreamToContinue,functionproto,services/cameraservice/sourceservice/include/distributedcameramgr/dcameradata/dcamera_stream_data_process.h,2970,DistributedCameraSourceMgr,['DistributedCameraSourceMgr'],False
services/cameraservice/sourceservice/include/distributedcameramgr/dcameradata/dcamera_stream_data_process.h,204,OnProcessedVideoBuffer,functionproto,services/cameraservice/sourceservice/include/distributedcameramgr/dcameradata/dcamera_stream_data_process.h,2976,DistributedCameraSourceMgr,['DistributedCameraSourceMgr'],False
services/cameraservice/sourceservice/include/distributedcameramgr/dcameradata/dcamera_stream_data_process.h,204,OnError,functionproto,services/cameraservice/sourceservice/include/distributedcameramgr/dcameradata/dcamera_stream_data_process.h,2975,DistributedCameraSourceMgr,['DistributedCameraSourceMgr'],False
services/cameraservice/sourceservice/include/distributedcameramgr/dcameradata/dcamera_stream_data_process.h,204,CreatePipeline,functionproto,services/cameraservice/sourceservice/include/distributedcameramgr/dcameradata/dcamera_stream_data_process.h,2966,DistributedCameraSourceMgr,['DistributedCameraSourceMgr'],False
services/cameraservice/sourceservice/include/distributedcameramgr/dcameradata/dcamera_stream_data_process.h,204,DestroyPipeline,functionproto,services/cameraservice/sourceservice/include/distributedcameramgr/dcameradata/dcamera_stream_data_process.h,2968,DistributedCameraSourceMgr,['DistributedCameraSourceMgr'],False
services/cameraservice/sourceservice/include/distributedcameramgr/dcameradata/dcamera_stream_data_process.h,204,GetPipelineCodecType,functionproto,services/cameraservice/sourceservice/include/distributedcameramgr/dcameradata/dcamera_stream_data_process.h,2973,DistributedCameraSourceMgr,['DistributedCameraSourceMgr'],False
services/cameraservice/sourceservice/include/distributedcameramgr/dcameradata/dcamera_stream_data_process.h,204,GetPipelineFormat,functionproto,services/cameraservice/sourceservice/include/distributedcameramgr/dcameradata/dcamera_stream_data_process.h,2974,DistributedCameraSourceMgr,['DistributedCameraSourceMgr'],False
services/data_process/include/pipeline_node/multimedia_codec/encode_data_process.h,266,encode_data_process,file,services/data_process/include/pipeline_node/multimedia_codec/encode_data_process.h,4067,CameraDataProcessCommon,['CameraDataProcessCommon'],False
services/data_process/include/pipeline_node/multimedia_codec/encode_data_process.h,266,GetSourceConfig,functionproto,services/data_process/include/pipeline_node/multimedia_codec/encode_data_process.h,4074,CameraDataProcessCommon,['CameraDataProcessCommon'],False
services/data_process/include/pipeline_node/multimedia_codec/encode_data_process.h,266,GetTargetConfig,functionproto,services/data_process/include/pipeline_node/multimedia_codec/encode_data_process.h,4075,CameraDataProcessCommon,['CameraDataProcessCommon'],False
services/data_process/include/pipeline_node/multimedia_codec/encode_data_process.h,266,EncodeDataProcess,functionimpl,services/data_process/include/pipeline_node/multimedia_codec/encode_data_process.h,4068,CameraDataProcessCommon,['CameraDataProcessCommon'],False
services/data_process/include/pipeline_node/multimedia_codec/encode_data_process.h,266,IsInEncoderRange,functionproto,services/data_process/include/pipeline_node/multimedia_codec/encode_data_process.h,4081,CameraDataProcessCommon,['CameraDataProcessCommon'],False
services/data_process/include/pipeline_node/multimedia_codec/encode_data_process.h,266,IsConvertible,functionproto,services/data_process/include/pipeline_node/multimedia_codec/encode_data_process.h,4080,CameraDataProcessCommon,['CameraDataProcessCommon'],False
services/data_process/include/pipeline_node/multimedia_codec/encode_data_process.h,266,EncodeDataProcess,type,services/data_process/include/pipeline_node/multimedia_codec/encode_data_process.h,4089,CameraDataProcessCommon,['CameraDataProcessCommon'],False
services/data_process/include/pipeline_node/multimedia_codec/encode_data_process.h,266,sourceConfig,var,services/data_process/include/pipeline_node/multimedia_codec/encode_data_process.h,4092,CameraDataProcessCommon,['CameraDataProcessCommon'],False
services/data_process/include/pipeline_node/multimedia_codec/encode_data_process.h,266,targetConfig,var,services/data_process/include/pipeline_node/multimedia_codec/encode_data_process.h,4093,CameraDataProcessCommon,['CameraDataProcessCommon'],False
services/data_process/include/pipeline_node/multimedia_codec/encode_data_process.h,266,callbackPipSink,var,services/data_process/include/pipeline_node/multimedia_codec/encode_data_process.h,4090,CameraDataProcessCommon,['CameraDataProcessCommon'],False
services/cameraservice/sourceservice/src/distributedcamera/dcamera_service_state_listener.cpp,219,DCameraServiceStateListener,functionimpl,services/cameraservice/sourceservice/src/distributedcamera/dcamera_service_state_listener.cpp,3117,DistributedCameraSourceMgr,['DistributedCameraSourceMgr'],False
services/cameraservice/sourceservice/src/distributedcamera/dcamera_service_state_listener.cpp,219,callback,var,services/cameraservice/sourceservice/src/distributedcamera/dcamera_service_state_listener.cpp,3121,DistributedCameraSourceMgr,['DistributedCameraSourceMgr'],False
services/cameraservice/sourceservice/src/distributedcamera/dcamera_service_state_listener.cpp,219,devId,var,services/cameraservice/sourceservice/src/distributedcamera/dcamera_service_state_listener.cpp,3124,DistributedCameraSourceMgr,['DistributedCameraSourceMgr'],False
services/cameraservice/sourceservice/src/distributedcamera/dcamera_service_state_listener.cpp,219,dhId,var,services/cameraservice/sourceservice/src/distributedcamera/dcamera_service_state_listener.cpp,3125,DistributedCameraSourceMgr,['DistributedCameraSourceMgr'],False
services/cameraservice/sourceservice/src/distributedcamera/dcamera_service_state_listener.cpp,219,status,var,services/cameraservice/sourceservice/src/distributedcamera/dcamera_service_state_listener.cpp,3128,DistributedCameraSourceMgr,['DistributedCameraSourceMgr'],False
services/cameraservice/sourceservice/src/distributedcamera/dcamera_service_state_listener.cpp,219,reqId,var,services/cameraservice/sourceservice/src/distributedcamera/dcamera_service_state_listener.cpp,3126,DistributedCameraSourceMgr,['DistributedCameraSourceMgr'],False
services/cameraservice/sourceservice/src/distributedcamera/dcamera_service_state_listener.cpp,219,data,var,services/cameraservice/sourceservice/src/distributedcamera/dcamera_service_state_listener.cpp,3123,DistributedCameraSourceMgr,['DistributedCameraSourceMgr'],False
services/cameraservice/sourceservice/src/distributedcamera/dcamera_service_state_listener.cpp,219,ret,var,services/cameraservice/sourceservice/src/distributedcamera/dcamera_service_state_listener.cpp,3127,DistributedCameraSourceMgr,['DistributedCameraSourceMgr'],False
services/cameraservice/sourceservice/src/distributedcamera/dcamera_service_state_listener.cpp,219,camIndex,var,services/cameraservice/sourceservice/src/distributedcamera/dcamera_service_state_listener.cpp,3122,DistributedCameraSourceMgr,['DistributedCameraSourceMgr'],False
services/data_process/include/pipeline_node/multimedia_codec/encode_data_process.h,266,callbackPipelineSink_,var,services/data_process/include/pipeline_node/multimedia_codec/encode_data_process.h,4091,CameraDataProcessCommon,['CameraDataProcessCommon'],False
services/cameraservice/sinkservice/include/distributedcameramgr/listener/dcamera_sink_output_channel_listener.h,161,dcamera_sink_output_channel_listener,file,services/cameraservice/sinkservice/include/distributedcameramgr/listener/dcamera_sink_output_channel_listener.h,2394,DistributedCameraSinkMgr,['DistributedCameraSinkMgr'],False
services/cameraservice/sinkservice/include/distributedcameramgr/listener/dcamera_sink_output_channel_listener.h,161,output_,var,services/cameraservice/sinkservice/include/distributedcameramgr/listener/dcamera_sink_output_channel_listener.h,2400,DistributedCameraSinkMgr,['DistributedCameraSinkMgr'],False
services/cameraservice/sourceservice/include/distributedcameramgr/dcameradata/dcamera_source_data_process.h,201,DCameraSourceDataProcess,type,services/cameraservice/sourceservice/include/distributedcameramgr/dcameradata/dcamera_source_data_process.h,2934,DistributedCameraSourceMgr,['DistributedCameraSourceMgr'],False
services/cameraservice/sourceservice/include/distributedcameramgr/dcamerainterface/icamera_source_data_process.h,209,ICameraSourceDataProcess,type,services/cameraservice/sourceservice/include/distributedcameramgr/dcamerainterface/icamera_source_data_process.h,3023,DistributedCameraSourceMgr,['DistributedCameraSourceMgr'],False
services/cameraservice/cameraoperator/client/src/listener/dcamera_photo_surface_listener_common.cpp,134,surface,var,services/cameraservice/cameraoperator/client/src/listener/dcamera_photo_surface_listener_common.cpp,2082,utils,['utils'],False
services/cameraservice/cameraoperator/client/src/listener/dcamera_photo_surface_listener_common.cpp,134,callback,var,services/cameraservice/cameraoperator/client/src/listener/dcamera_photo_surface_listener_common.cpp,2077,utils,['utils'],False
services/cameraservice/cameraoperator/client/src/listener/dcamera_photo_surface_listener_common.cpp,134,flushFence,var,services/cameraservice/cameraoperator/client/src/listener/dcamera_photo_surface_listener_common.cpp,2079,utils,['utils'],False
services/cameraservice/cameraoperator/client/src/listener/dcamera_photo_surface_listener_common.cpp,134,timestamp,var,services/cameraservice/cameraoperator/client/src/listener/dcamera_photo_surface_listener_common.cpp,2083,utils,['utils'],False
services/cameraservice/cameraoperator/client/src/listener/dcamera_photo_surface_listener_common.cpp,134,damage,var,services/cameraservice/cameraoperator/client/src/listener/dcamera_photo_surface_listener_common.cpp,2078,utils,['utils'],False
services/cameraservice/cameraoperator/client/src/listener/dcamera_photo_surface_listener_common.cpp,134,size,var,services/cameraservice/cameraoperator/client/src/listener/dcamera_photo_surface_listener_common.cpp,2081,utils,['utils'],False
services/cameraservice/cameraoperator/client/src/listener/dcamera_photo_surface_listener_common.cpp,134,address,var,services/cameraservice/cameraoperator/client/src/listener/dcamera_photo_surface_listener_common.cpp,2076,utils,['utils'],False
services/cameraservice/cameraoperator/client/src/listener/dcamera_photo_surface_listener_common.cpp,134,ret,var,services/cameraservice/cameraoperator/client/src/listener/dcamera_photo_surface_listener_common.cpp,2080,utils,['utils'],False
camera_hdf/hdi_impl/include/dstream_operator/dstream_operator.h,8,dhBase_,var,camera_hdf/hdi_impl/include/dstream_operator/dstream_operator.h,210,VirtualCameraHdf,['VirtualCameraHdf'],False
camera_hdf/hdi_impl/include/dstream_operator/dstream_operator.h,8,dcSupportedCodecType_,var,camera_hdf/hdi_impl/include/dstream_operator/dstream_operator.h,207,VirtualCameraHdf,['VirtualCameraHdf'],False
camera_hdf/hdi_impl/include/dstream_operator/dstream_operator.h,8,dcStreamInfoMap_,var,camera_hdf/hdi_impl/include/dstream_operator/dstream_operator.h,206,VirtualCameraHdf,['VirtualCameraHdf'],False
camera_hdf/hdi_impl/include/dstream_operator/dstream_operator.h,8,cachedDCaptureInfoList_,var,camera_hdf/hdi_impl/include/dstream_operator/dstream_operator.h,204,VirtualCameraHdf,['VirtualCameraHdf'],False
services/cameraservice/base/src/dcamera_info_cmd.cpp,111,dcamera_info_cmd,file,services/cameraservice/base/src/dcamera_info_cmd.cpp,1853,CameraServiceCommon,['CameraServiceCommon'],False
services/cameraservice/base/include/dcamera_event_cmd.h,102,DCameraEventCmd,type,services/cameraservice/base/include/dcamera_event_cmd.h,1772,CameraServiceCommon,['CameraServiceCommon'],False
services/cameraservice/sinkservice/include/distributedcameramgr/dcamera_sink_access_control.h,146,dcamera_sink_access_control,file,services/cameraservice/sinkservice/include/distributedcameramgr/dcamera_sink_access_control.h,2259,DistributedCameraSinkMgr,['DistributedCameraSinkMgr'],False
camera_hdf/hdi_impl/include/dcamera_host/dcamera_host.h,2,AddDCameraDevice,functionproto,camera_hdf/hdi_impl/include/dcamera_host/dcamera_host.h,56,VirtualCameraHdf,['VirtualCameraHdf'],False
camera_hdf/hdi_impl/include/dcamera_host/dcamera_host.h,2,RemoveDCameraDevice,functionproto,camera_hdf/hdi_impl/include/dcamera_host/dcamera_host.h,65,VirtualCameraHdf,['VirtualCameraHdf'],False
camera_hdf/hdi_impl/include/dcamera_host/dcamera_host.h,2,dhBaseHashDCamIdMap_,var,camera_hdf/hdi_impl/include/dcamera_host/dcamera_host.h,71,VirtualCameraHdf,['VirtualCameraHdf'],False
services/cameraservice/sinkservice/include/distributedcameramgr/dcamera_sink_service_ipc.h,151,dcamera_sink_service_ipc,file,services/cameraservice/sinkservice/include/distributedcameramgr/dcamera_sink_service_ipc.h,2343,DistributedCameraSinkMgr,['DistributedCameraSinkMgr'],False
services/channel/include/icamera_channel_listener.h,250,,type,services/channel/include/icamera_channel_listener.h,3737,ChannelCommon,['ChannelCommon'],False
services/cameraservice/sinkservice/include/distributedcameramgr/dcamera_sink_dev.h,149,DCameraSinkDev,type,services/cameraservice/sinkservice/include/distributedcameramgr/dcamera_sink_dev.h,2320,DistributedCameraSinkMgr,['DistributedCameraSinkMgr'],False
services/cameraservice/base/src/dcamera_open_info_cmd.cpp,113,rootValue,var,services/cameraservice/base/src/dcamera_open_info_cmd.cpp,1884,CameraServiceCommon,['CameraServiceCommon'],False
services/cameraservice/base/src/dcamera_open_info_cmd.cpp,113,openInfo,var,services/cameraservice/base/src/dcamera_open_info_cmd.cpp,1882,CameraServiceCommon,['CameraServiceCommon'],False
services/cameraservice/base/src/dcamera_open_info_cmd.cpp,113,jsonStr,var,services/cameraservice/base/src/dcamera_open_info_cmd.cpp,1881,CameraServiceCommon,['CameraServiceCommon'],False
services/cameraservice/base/src/dcamera_open_info_cmd.cpp,113,readerBuilder,var,services/cameraservice/base/src/dcamera_open_info_cmd.cpp,1883,CameraServiceCommon,['CameraServiceCommon'],False
services/cameraservice/base/src/dcamera_open_info_cmd.cpp,113,jsonReader,var,services/cameraservice/base/src/dcamera_open_info_cmd.cpp,1880,CameraServiceCommon,['CameraServiceCommon'],False
services/cameraservice/base/src/dcamera_open_info_cmd.cpp,113,errs,var,services/cameraservice/base/src/dcamera_open_info_cmd.cpp,1879,CameraServiceCommon,['CameraServiceCommon'],False
services/cameraservice/base/src/dcamera_open_info_cmd.cpp,113,valueJson,var,services/cameraservice/base/src/dcamera_open_info_cmd.cpp,1885,CameraServiceCommon,['CameraServiceCommon'],False
services/cameraservice/sinkservice/include/distributedcameramgr/eventbus/dcamera_frame_trigger_event.h,152,GetParam,functionproto,services/cameraservice/sinkservice/include/distributedcameramgr/eventbus/dcamera_frame_trigger_event.h,2358,DistributedCameraSinkMgr,['DistributedCameraSinkMgr'],False
services/cameraservice/sinkservice/include/distributedcameramgr/eventbus/dcamera_frame_trigger_event.h,152,DCameraFrameTriggerEvent,type,services/cameraservice/sinkservice/include/distributedcameramgr/eventbus/dcamera_frame_trigger_event.h,2359,DistributedCameraSinkMgr,['DistributedCameraSinkMgr'],False
services/cameraservice/cameraoperator/client/src/callback/dcamera_preview_callback.cpp,128,dcamera_preview_callback,file,services/cameraservice/cameraoperator/client/src/callback/dcamera_preview_callback.cpp,1986,utils,['utils'],False
services/cameraservice/sinkservice/include/distributedcameramgr/eventbus/dcamera_post_authorization_event.h,154,GetParam,functionproto,services/cameraservice/sinkservice/include/distributedcameramgr/eventbus/dcamera_post_authorization_event.h,2367,DistributedCameraSinkMgr,['DistributedCameraSinkMgr'],False
services/cameraservice/sinkservice/include/distributedcameramgr/eventbus/dcamera_post_authorization_event.h,154,DCameraPostAuthorizationEvent,type,services/cameraservice/sinkservice/include/distributedcameramgr/eventbus/dcamera_post_authorization_event.h,2368,DistributedCameraSinkMgr,['DistributedCameraSinkMgr'],False
services/cameraservice/cameraoperator/client/include/callback/dcamera_input_callback.h,115,callback_,var,services/cameraservice/cameraoperator/client/include/callback/dcamera_input_callback.h,1893,utils,['utils'],False
interfaces/inner_kits/native_cpp/camera_source/src/dcamera_source_handler_ipc.cpp,98,GetSourceLocalDHMS,functionimpl,interfaces/inner_kits/native_cpp/camera_source/src/dcamera_source_handler_ipc.cpp,1721,DistributedCameraSourceMgr,['DistributedCameraSourceMgr'],False
interfaces/inner_kits/native_cpp/camera_source/src/dcamera_source_handler_ipc.cpp,98,Init,functionimpl,interfaces/inner_kits/native_cpp/camera_source/src/dcamera_source_handler_ipc.cpp,1722,DistributedCameraSourceMgr,['DistributedCameraSourceMgr'],False
interfaces/inner_kits/native_cpp/camera_source/src/dcamera_source_handler_ipc.cpp,98,dcamera_source_handler_ipc,file,interfaces/inner_kits/native_cpp/camera_source/src/dcamera_source_handler_ipc.cpp,1718,DistributedCameraSourceMgr,['DistributedCameraSourceMgr'],False
interfaces/inner_kits/native_cpp/camera_source/src/dcamera_source_handler_ipc.cpp,98,DCameraSourceHandlerIpc,functionimpl,interfaces/inner_kits/native_cpp/camera_source/src/dcamera_source_handler_ipc.cpp,1719,DistributedCameraSourceMgr,['DistributedCameraSourceMgr'],False
interfaces/inner_kits/native_cpp/camera_source/include/dcamera_source_handler_ipc.h,92,DCameraSourceHandlerIpc,functionproto,interfaces/inner_kits/native_cpp/camera_source/include/dcamera_source_handler_ipc.h,1644,DistributedCameraSourceMgr,['DistributedCameraSourceMgr'],False
interfaces/inner_kits/native_cpp/camera_source/src/dcamera_source_handler_ipc.cpp,98,~DCameraSourceHandlerIpc,functionimpl,interfaces/inner_kits/native_cpp/camera_source/src/dcamera_source_handler_ipc.cpp,1726,DistributedCameraSourceMgr,['DistributedCameraSourceMgr'],False
interfaces/inner_kits/native_cpp/camera_source/include/dcamera_source_handler_ipc.h,92,~DCameraSourceHandlerIpc,functionproto,interfaces/inner_kits/native_cpp/camera_source/include/dcamera_source_handler_ipc.h,1651,DistributedCameraSourceMgr,['DistributedCameraSourceMgr'],False
interfaces/inner_kits/native_cpp/camera_source/include/dcamera_source_handler_ipc.h,92,Init,functionproto,interfaces/inner_kits/native_cpp/camera_source/include/dcamera_source_handler_ipc.h,1647,DistributedCameraSourceMgr,['DistributedCameraSourceMgr'],False
interfaces/inner_kits/native_cpp/camera_source/src/dcamera_source_handler_ipc.cpp,98,UnInit,functionimpl,interfaces/inner_kits/native_cpp/camera_source/src/dcamera_source_handler_ipc.cpp,1725,DistributedCameraSourceMgr,['DistributedCameraSourceMgr'],False
interfaces/inner_kits/native_cpp/camera_source/include/dcamera_source_handler_ipc.h,92,UnInit,functionproto,interfaces/inner_kits/native_cpp/camera_source/include/dcamera_source_handler_ipc.h,1650,DistributedCameraSourceMgr,['DistributedCameraSourceMgr'],False
interfaces/inner_kits/native_cpp/camera_source/src/dcamera_source_handler_ipc.cpp,98,DeleteSourceLocalDhms,functionimpl,interfaces/inner_kits/native_cpp/camera_source/src/dcamera_source_handler_ipc.cpp,1720,DistributedCameraSourceMgr,['DistributedCameraSourceMgr'],False
interfaces/inner_kits/native_cpp/camera_source/include/dcamera_source_handler_ipc.h,92,DeleteSourceLocalDhms,functionproto,interfaces/inner_kits/native_cpp/camera_source/include/dcamera_source_handler_ipc.h,1645,DistributedCameraSourceMgr,['DistributedCameraSourceMgr'],False
interfaces/inner_kits/native_cpp/camera_source/src/dcamera_source_handler_ipc.cpp,98,OnRemoteDied,functionimpl,interfaces/inner_kits/native_cpp/camera_source/src/dcamera_source_handler_ipc.cpp,1723,DistributedCameraSourceMgr,['DistributedCameraSourceMgr'],False
interfaces/inner_kits/native_cpp/camera_source/include/dcamera_source_handler_ipc.h,92,OnRemoteDied,functionproto,interfaces/inner_kits/native_cpp/camera_source/include/dcamera_source_handler_ipc.h,1648,DistributedCameraSourceMgr,['DistributedCameraSourceMgr'],False
interfaces/inner_kits/native_cpp/camera_source/src/dcamera_source_handler_ipc.cpp,98,OnSourceLocalDmsDied,functionimpl,interfaces/inner_kits/native_cpp/camera_source/src/dcamera_source_handler_ipc.cpp,1724,DistributedCameraSourceMgr,['DistributedCameraSourceMgr'],False
interfaces/inner_kits/native_cpp/camera_source/include/dcamera_source_handler_ipc.h,92,OnSourceLocalDmsDied,functionproto,interfaces/inner_kits/native_cpp/camera_source/include/dcamera_source_handler_ipc.h,1649,DistributedCameraSourceMgr,['DistributedCameraSourceMgr'],False
interfaces/inner_kits/native_cpp/camera_source/src/dcamera_source_handler_ipc.cpp,98,runner,var,interfaces/inner_kits/native_cpp/camera_source/src/dcamera_source_handler_ipc.cpp,1730,DistributedCameraSourceMgr,['DistributedCameraSourceMgr'],False
interfaces/inner_kits/native_cpp/camera_source/src/dcamera_source_handler_ipc.cpp,98,ret,var,interfaces/inner_kits/native_cpp/camera_source/src/dcamera_source_handler_ipc.cpp,1729,DistributedCameraSourceMgr,['DistributedCameraSourceMgr'],False
interfaces/inner_kits/native_cpp/camera_source/src/dcamera_source_handler_ipc.cpp,98,remote,var,interfaces/inner_kits/native_cpp/camera_source/src/dcamera_source_handler_ipc.cpp,1727,DistributedCameraSourceMgr,['DistributedCameraSourceMgr'],False
interfaces/inner_kits/native_cpp/camera_source/src/dcamera_source_handler_ipc.cpp,98,remoteDmsDiedFunc,var,interfaces/inner_kits/native_cpp/camera_source/src/dcamera_source_handler_ipc.cpp,1728,DistributedCameraSourceMgr,['DistributedCameraSourceMgr'],False
services/cameraservice/cameraoperator/client/src/callback/dcamera_video_callback.cpp,130,DCameraVideoCallback,functionimpl,services/cameraservice/cameraoperator/client/src/callback/dcamera_video_callback.cpp,2000,utils,['utils'],False
services/cameraservice/cameraoperator/client/include/callback/dcamera_video_callback.h,120,DCameraVideoCallback,functionproto,services/cameraservice/cameraoperator/client/include/callback/dcamera_video_callback.h,1919,utils,['utils'],False
services/cameraservice/cameraoperator/client/src/callback/dcamera_video_callback.cpp,130,OnFrameStarted,functionimpl,services/cameraservice/cameraoperator/client/src/callback/dcamera_video_callback.cpp,2003,utils,['utils'],False
services/cameraservice/cameraoperator/client/include/callback/dcamera_video_callback.h,120,OnFrameStarted,functionproto,services/cameraservice/cameraoperator/client/include/callback/dcamera_video_callback.h,1922,utils,['utils'],False
services/cameraservice/cameraoperator/client/src/callback/dcamera_video_callback.cpp,130,OnFrameEnded,functionimpl,services/cameraservice/cameraoperator/client/src/callback/dcamera_video_callback.cpp,2002,utils,['utils'],False
services/cameraservice/cameraoperator/client/include/callback/dcamera_video_callback.h,120,OnFrameEnded,functionproto,services/cameraservice/cameraoperator/client/include/callback/dcamera_video_callback.h,1921,utils,['utils'],False
services/cameraservice/cameraoperator/client/src/callback/dcamera_video_callback.cpp,130,OnError,functionimpl,services/cameraservice/cameraoperator/client/src/callback/dcamera_video_callback.cpp,2001,utils,['utils'],False
services/cameraservice/cameraoperator/client/include/callback/dcamera_video_callback.h,120,OnError,functionproto,services/cameraservice/cameraoperator/client/include/callback/dcamera_video_callback.h,1920,utils,['utils'],False
services/cameraservice/cameraoperator/client/src/dcamera_client.cpp,131,dcamera_client,file,services/cameraservice/cameraoperator/client/src/dcamera_client.cpp,2007,utils,['utils'],False
camera_hdf/interfaces/include/types.h,73,_DCStreamInfo,type,camera_hdf/interfaces/include/types.h,1386,VirtualCameraHdf,['VirtualCameraHdf'],False
camera_hdf/interfaces/include/types.h,73,CAMERA_OFFLINE,var,camera_hdf/interfaces/include/types.h,1391,VirtualCameraHdf,['VirtualCameraHdf'],False
camera_hdf/interfaces/include/types.h,73,SNAPSHOT_FRAME,var,camera_hdf/interfaces/include/types.h,1404,VirtualCameraHdf,['VirtualCameraHdf'],False
camera_hdf/interfaces/include/types.h,73,CONTINUOUS_FRAME,var,camera_hdf/interfaces/include/types.h,1392,VirtualCameraHdf,['VirtualCameraHdf'],False
camera_hdf/interfaces/include/types.h,73,UPDATE_METADATA,var,camera_hdf/interfaces/include/types.h,1406,VirtualCameraHdf,['VirtualCameraHdf'],False
camera_hdf/interfaces/include/types.h,73,ENCODE_TYPE_H265,var,camera_hdf/interfaces/include/types.h,1397,VirtualCameraHdf,['VirtualCameraHdf'],False
camera_hdf/interfaces/include/types.h,73,ENCODE_TYPE_H264,var,camera_hdf/interfaces/include/types.h,1396,VirtualCameraHdf,['VirtualCameraHdf'],False
camera_hdf/interfaces/include/types.h,73,ENCODE_TYPE_NULL,var,camera_hdf/interfaces/include/types.h,1399,VirtualCameraHdf,['VirtualCameraHdf'],False
camera_hdf/interfaces/include/types.h,73,ENCODE_TYPE_JPEG,var,camera_hdf/interfaces/include/types.h,1398,VirtualCameraHdf,['VirtualCameraHdf'],False
services/cameraservice/sinkservice/include/distributedcameramgr/dcamera_sink_controller.h,147,DCameraSinkController,functionproto,services/cameraservice/sinkservice/include/distributedcameramgr/dcamera_sink_controller.h,2270,DistributedCameraSinkMgr,['DistributedCameraSinkMgr'],False
services/cameraservice/sinkservice/include/distributedcameramgr/dcamera_sink_controller.h,147,~DCameraSinkController,functionproto,services/cameraservice/sinkservice/include/distributedcameramgr/dcamera_sink_controller.h,2287,DistributedCameraSinkMgr,['DistributedCameraSinkMgr'],False
services/cameraservice/sinkservice/include/distributedcameramgr/dcamera_sink_controller.h,147,StartCapture,functionproto,services/cameraservice/sinkservice/include/distributedcameramgr/dcamera_sink_controller.h,2282,DistributedCameraSinkMgr,['DistributedCameraSinkMgr'],False
services/cameraservice/sinkservice/include/distributedcameramgr/dcamera_sink_controller.h,147,StopCapture,functionproto,services/cameraservice/sinkservice/include/distributedcameramgr/dcamera_sink_controller.h,2284,DistributedCameraSinkMgr,['DistributedCameraSinkMgr'],False
services/cameraservice/sinkservice/include/distributedcameramgr/dcamera_sink_controller.h,147,ChannelNeg,functionproto,services/cameraservice/sinkservice/include/distributedcameramgr/dcamera_sink_controller.h,2266,DistributedCameraSinkMgr,['DistributedCameraSinkMgr'],False
services/cameraservice/sinkservice/include/distributedcameramgr/dcamera_sink_controller.h,147,DCameraNotify,functionproto,services/cameraservice/sinkservice/include/distributedcameramgr/dcamera_sink_controller.h,2268,DistributedCameraSinkMgr,['DistributedCameraSinkMgr'],False
services/cameraservice/sinkservice/include/distributedcameramgr/dcamera_sink_controller.h,147,UpdateSettings,functionproto,services/cameraservice/sinkservice/include/distributedcameramgr/dcamera_sink_controller.h,2286,DistributedCameraSinkMgr,['DistributedCameraSinkMgr'],False
services/cameraservice/sinkservice/include/distributedcameramgr/dcamera_sink_controller.h,147,GetCameraInfo,functionproto,services/cameraservice/sinkservice/include/distributedcameramgr/dcamera_sink_controller.h,2271,DistributedCameraSinkMgr,['DistributedCameraSinkMgr'],False
services/cameraservice/sinkservice/include/distributedcameramgr/dcamera_sink_controller.h,147,OpenChannel,functionproto,services/cameraservice/sinkservice/include/distributedcameramgr/dcamera_sink_controller.h,2280,DistributedCameraSinkMgr,['DistributedCameraSinkMgr'],False
services/cameraservice/sinkservice/include/distributedcameramgr/dcamera_sink_controller.h,147,CloseChannel,functionproto,services/cameraservice/sinkservice/include/distributedcameramgr/dcamera_sink_controller.h,2267,DistributedCameraSinkMgr,['DistributedCameraSinkMgr'],False
services/cameraservice/sinkservice/include/distributedcameramgr/dcamera_sink_controller.h,147,Init,functionproto,services/cameraservice/sinkservice/include/distributedcameramgr/dcamera_sink_controller.h,2273,DistributedCameraSinkMgr,['DistributedCameraSinkMgr'],False
services/cameraservice/sinkservice/include/distributedcameramgr/dcamera_sink_controller.h,147,UnInit,functionproto,services/cameraservice/sinkservice/include/distributedcameramgr/dcamera_sink_controller.h,2285,DistributedCameraSinkMgr,['DistributedCameraSinkMgr'],False
services/cameraservice/sinkservice/include/distributedcameramgr/dcamera_sink_controller.h,147,OnEvent,functionproto,services/cameraservice/sinkservice/include/distributedcameramgr/dcamera_sink_controller.h,2275,DistributedCameraSinkMgr,['DistributedCameraSinkMgr'],False
services/cameraservice/sinkservice/include/distributedcameramgr/dcamera_sink_controller.h,147,OnStateChanged,functionproto,services/cameraservice/sinkservice/include/distributedcameramgr/dcamera_sink_controller.h,2279,DistributedCameraSinkMgr,['DistributedCameraSinkMgr'],False
services/cameraservice/sinkservice/include/distributedcameramgr/dcamera_sink_controller.h,147,OnMetadataResult,functionproto,services/cameraservice/sinkservice/include/distributedcameramgr/dcamera_sink_controller.h,2276,DistributedCameraSinkMgr,['DistributedCameraSinkMgr'],False
services/cameraservice/sinkservice/include/distributedcameramgr/dcamera_sink_controller.h,147,OnSessionState,functionproto,services/cameraservice/sinkservice/include/distributedcameramgr/dcamera_sink_controller.h,2278,DistributedCameraSinkMgr,['DistributedCameraSinkMgr'],False
services/cameraservice/sinkservice/include/distributedcameramgr/dcamera_sink_controller.h,147,OnSessionError,functionproto,services/cameraservice/sinkservice/include/distributedcameramgr/dcamera_sink_controller.h,2277,DistributedCameraSinkMgr,['DistributedCameraSinkMgr'],False
services/cameraservice/sinkservice/include/distributedcameramgr/dcamera_sink_controller.h,147,OnDataReceived,functionproto,services/cameraservice/sinkservice/include/distributedcameramgr/dcamera_sink_controller.h,2274,DistributedCameraSinkMgr,['DistributedCameraSinkMgr'],False
services/cameraservice/sinkservice/include/distributedcameramgr/dcamera_sink_controller.h,147,PostAuthorization,functionproto,services/cameraservice/sinkservice/include/distributedcameramgr/dcamera_sink_controller.h,2281,DistributedCameraSinkMgr,['DistributedCameraSinkMgr'],False
services/cameraservice/sinkservice/include/distributedcameramgr/dcamera_sink_controller.h,147,StartCaptureInner,functionproto,services/cameraservice/sinkservice/include/distributedcameramgr/dcamera_sink_controller.h,2283,DistributedCameraSinkMgr,['DistributedCameraSinkMgr'],False
services/cameraservice/sinkservice/include/distributedcameramgr/dcamera_sink_controller.h,147,DCameraNotifyInner,functionproto,services/cameraservice/sinkservice/include/distributedcameramgr/dcamera_sink_controller.h,2269,DistributedCameraSinkMgr,['DistributedCameraSinkMgr'],False
services/cameraservice/sinkservice/include/distributedcameramgr/dcamera_sink_controller.h,147,HandleReceivedData,functionproto,services/cameraservice/sinkservice/include/distributedcameramgr/dcamera_sink_controller.h,2272,DistributedCameraSinkMgr,['DistributedCameraSinkMgr'],False
services/channel/include/dcamera_channel_source_impl.h,246,camIndexs_,var,services/channel/include/dcamera_channel_source_impl.h,3665,ChannelSource,['ChannelSource'],False
services/cameraservice/cameraoperator/client/src/callback/dcamera_video_callback.cpp,130,callback,var,services/cameraservice/cameraoperator/client/src/callback/dcamera_video_callback.cpp,2004,utils,['utils'],False
services/cameraservice/cameraoperator/client/src/callback/dcamera_video_callback.cpp,130,frameCount,var,services/cameraservice/cameraoperator/client/src/callback/dcamera_video_callback.cpp,2006,utils,['utils'],False
services/cameraservice/cameraoperator/client/src/callback/dcamera_video_callback.cpp,130,errorCode,var,services/cameraservice/cameraoperator/client/src/callback/dcamera_video_callback.cpp,2005,utils,['utils'],False
services/cameraservice/base/include/dcamera_channel_info_cmd.h,101,Marshal,functionproto,services/cameraservice/base/include/dcamera_channel_info_cmd.h,1759,CameraServiceCommon,['CameraServiceCommon'],False
services/cameraservice/base/include/dcamera_channel_info_cmd.h,101,DCameraChannelInfoCmd,type,services/cameraservice/base/include/dcamera_channel_info_cmd.h,1763,CameraServiceCommon,['CameraServiceCommon'],False
services/cameraservice/base/include/dcamera_capture_info_cmd.h,100,Marshal,functionproto,services/cameraservice/base/include/dcamera_capture_info_cmd.h,1749,CameraServiceCommon,['CameraServiceCommon'],False
services/cameraservice/base/include/dcamera_capture_info_cmd.h,100,DCameraCaptureInfoCmd,type,services/cameraservice/base/include/dcamera_capture_info_cmd.h,1754,CameraServiceCommon,['CameraServiceCommon'],False
camera_hdf/interfaces/hdi_ipc/client/operator/dstream_operator_callback.h,39,dstream_operator_callback,file,camera_hdf/interfaces/hdi_ipc/client/operator/dstream_operator_callback.h,882,VirtualCameraHdf,['VirtualCameraHdf'],False
camera_hdf/interfaces/hdi_ipc/client/operator/dstream_operator_callback_stub.h,41,dstream_operator_callback_stub,file,camera_hdf/interfaces/hdi_ipc/client/operator/dstream_operator_callback_stub.h,904,VirtualCameraHdf,['VirtualCameraHdf'],False
camera_hdf/interfaces/hdi_ipc/client/operator/dstream_operator_callback.h,39,DStreamOperatorCallback,type,camera_hdf/interfaces/hdi_ipc/client/operator/dstream_operator_callback.h,887,VirtualCameraHdf,['VirtualCameraHdf'],False
camera_hdf/interfaces/hdi_ipc/client/operator/dstream_operator_callback_stub.h,41,DStreamOperatorCallbackStub,type,camera_hdf/interfaces/hdi_ipc/client/operator/dstream_operator_callback_stub.h,910,VirtualCameraHdf,['VirtualCameraHdf'],False
services/cameraservice/base/include/dcamera_open_info_cmd.h,105,DCameraOpenInfoCmd,type,services/cameraservice/base/include/dcamera_open_info_cmd.h,1791,CameraServiceCommon,['CameraServiceCommon'],False
services/cameraservice/base/include/dcamera_protocol.h,106,DCAMERA_PROTOCOL_TYPE_OPERATION,var,services/cameraservice/base/include/dcamera_protocol.h,1803,CameraServiceCommon,['CameraServiceCommon'],False
services/cameraservice/base/include/dcamera_protocol.h,106,DCAMERA_PROTOCOL_CMD_CAPTURE,var,services/cameraservice/base/include/dcamera_protocol.h,1795,CameraServiceCommon,['CameraServiceCommon'],False
services/cameraservice/base/include/dcamera_protocol.h,106,DCAMERA_PROTOCOL_TYPE_MESSAGE,var,services/cameraservice/base/include/dcamera_protocol.h,1802,CameraServiceCommon,['CameraServiceCommon'],False
services/cameraservice/base/include/dcamera_protocol.h,106,DCAMERA_PROTOCOL_CMD_CHAN_NEG,var,services/cameraservice/base/include/dcamera_protocol.h,1796,CameraServiceCommon,['CameraServiceCommon'],False
services/cameraservice/base/include/dcamera_protocol.h,106,DCAMERA_PROTOCOL_CMD_UPDATE_METADATA,var,services/cameraservice/base/include/dcamera_protocol.h,1801,CameraServiceCommon,['CameraServiceCommon'],False
services/cameraservice/base/include/dcamera_protocol.h,106,DCAMERA_PROTOCOL_CMD_OPEN_CHANNEL,var,services/cameraservice/base/include/dcamera_protocol.h,1799,CameraServiceCommon,['CameraServiceCommon'],False
services/cameraservice/base/include/dcamera_protocol.h,106,DCAMERA_PROTOCOL_CMD_METADATA_RESULT,var,services/cameraservice/base/include/dcamera_protocol.h,1798,CameraServiceCommon,['CameraServiceCommon'],False
services/cameraservice/base/include/dcamera_info_cmd.h,103,Unmarshal,functionproto,services/cameraservice/base/include/dcamera_info_cmd.h,1776,CameraServiceCommon,['CameraServiceCommon'],False
services/cameraservice/base/include/dcamera_info_cmd.h,103,DCameraInfoCmd,type,services/cameraservice/base/include/dcamera_info_cmd.h,1779,CameraServiceCommon,['CameraServiceCommon'],False
camera_hdf/hdi_impl/src/dstream_operator/dbuffer_manager.cpp,15,dbuffer_manager,file,camera_hdf/hdi_impl/src/dstream_operator/dbuffer_manager.cpp,458,VirtualCameraHdf,['VirtualCameraHdf'],False
services/cameraservice/base/include/dcamera_metadata_setting_cmd.h,104,Marshal,functionproto,services/cameraservice/base/include/dcamera_metadata_setting_cmd.h,1782,CameraServiceCommon,['CameraServiceCommon'],False
services/cameraservice/base/include/dcamera_metadata_setting_cmd.h,104,Unmarshal,functionproto,services/cameraservice/base/include/dcamera_metadata_setting_cmd.h,1783,CameraServiceCommon,['CameraServiceCommon'],False
services/cameraservice/base/include/dcamera_metadata_setting_cmd.h,104,DCameraMetadataSettingCmd,type,services/cameraservice/base/include/dcamera_metadata_setting_cmd.h,1784,CameraServiceCommon,['CameraServiceCommon'],False
services/cameraservice/sourceservice/include/distributedcameramgr/dcamerastate/dcamera_source_regist_state.h,215,dcamera_source_regist_state,file,services/cameraservice/sourceservice/include/distributedcameramgr/dcamerastate/dcamera_source_regist_state.h,3090,DistributedCameraSourceMgr,['DistributedCameraSourceMgr'],False
services/cameraservice/sourceservice/include/distributedcameramgr/dcamerastate/dcamera_source_regist_state.h,215,DCameraSourceRegistState,functionproto,services/cameraservice/sourceservice/include/distributedcameramgr/dcamerastate/dcamera_source_regist_state.h,3091,DistributedCameraSourceMgr,['DistributedCameraSourceMgr'],False
services/cameraservice/sourceservice/include/distributedcameramgr/dcamerastate/dcamera_source_regist_state.h,215,Execute,functionproto,services/cameraservice/sourceservice/include/distributedcameramgr/dcamerastate/dcamera_source_regist_state.h,3097,DistributedCameraSourceMgr,['DistributedCameraSourceMgr'],False
services/cameraservice/sourceservice/include/distributedcameramgr/dcamerastate/dcamera_source_regist_state.h,215,GetStateType,functionproto,services/cameraservice/sourceservice/include/distributedcameramgr/dcamerastate/dcamera_source_regist_state.h,3098,DistributedCameraSourceMgr,['DistributedCameraSourceMgr'],False
services/cameraservice/sourceservice/include/distributedcameramgr/dcamerastate/dcamera_source_regist_state.h,215,DoRegisterTask,functionproto,services/cameraservice/sourceservice/include/distributedcameramgr/dcamerastate/dcamera_source_regist_state.h,3095,DistributedCameraSourceMgr,['DistributedCameraSourceMgr'],False
services/cameraservice/sourceservice/include/distributedcameramgr/dcamerastate/dcamera_source_regist_state.h,215,DoUnregisterTask,functionproto,services/cameraservice/sourceservice/include/distributedcameramgr/dcamerastate/dcamera_source_regist_state.h,3096,DistributedCameraSourceMgr,['DistributedCameraSourceMgr'],False
services/cameraservice/sourceservice/include/distributedcameramgr/dcamerastate/dcamera_source_regist_state.h,215,DoOpenTask,functionproto,services/cameraservice/sourceservice/include/distributedcameramgr/dcamerastate/dcamera_source_regist_state.h,3094,DistributedCameraSourceMgr,['DistributedCameraSourceMgr'],False
services/cameraservice/sourceservice/include/distributedcameramgr/dcamerastate/dcamera_source_regist_state.h,215,DoCloseTask,functionproto,services/cameraservice/sourceservice/include/distributedcameramgr/dcamerastate/dcamera_source_regist_state.h,3092,DistributedCameraSourceMgr,['DistributedCameraSourceMgr'],False
services/cameraservice/sourceservice/include/distributedcameramgr/dcamerastate/dcamera_source_regist_state.h,215,DoEventNofityTask,functionproto,services/cameraservice/sourceservice/include/distributedcameramgr/dcamerastate/dcamera_source_regist_state.h,3093,DistributedCameraSourceMgr,['DistributedCameraSourceMgr'],False
services/cameraservice/base/src/dcamera_channel_info_cmd.cpp,109,Marshal,functionimpl,services/cameraservice/base/src/dcamera_channel_info_cmd.cpp,1828,CameraServiceCommon,['CameraServiceCommon'],False
camera_hdf/interfaces/hdi_ipc/client/operator/dstream_operator_proxy.cpp,42,IsStreamsSupported,functionimpl,camera_hdf/interfaces/hdi_ipc/client/operator/dstream_operator_proxy.cpp,920,VirtualCameraHdf,['VirtualCameraHdf'],False
camera_hdf/interfaces/hdi_ipc/client/operator/dstream_operator_proxy.cpp,42,CreateStreams,functionimpl,camera_hdf/interfaces/hdi_ipc/client/operator/dstream_operator_proxy.cpp,917,VirtualCameraHdf,['VirtualCameraHdf'],False
camera_hdf/interfaces/hdi_ipc/client/operator/dstream_operator_proxy.cpp,42,dstream_operator_proxy,file,camera_hdf/interfaces/hdi_ipc/client/operator/dstream_operator_proxy.cpp,911,VirtualCameraHdf,['VirtualCameraHdf'],False
services/cameraservice/base/src/dcamera_capture_info_cmd.cpp,108,Marshal,functionimpl,services/cameraservice/base/src/dcamera_capture_info_cmd.cpp,1807,CameraServiceCommon,['CameraServiceCommon'],False
services/data_process/src/utils/image_common_type.cpp,280,SetVideoCodecType,functionimpl,services/data_process/src/utils/image_common_type.cpp,4569,CameraDataProcessCommon,['CameraDataProcessCommon'],False
services/data_process/src/utils/image_common_type.cpp,280,videoCodec,var,services/data_process/src/utils/image_common_type.cpp,4575,CameraDataProcessCommon,['CameraDataProcessCommon'],False
services/data_process/src/utils/image_common_type.cpp,280,SetVideoformat,functionimpl,services/data_process/src/utils/image_common_type.cpp,4570,CameraDataProcessCommon,['CameraDataProcessCommon'],False
services/data_process/src/utils/image_common_type.cpp,280,pixelFormat,var,services/data_process/src/utils/image_common_type.cpp,4574,CameraDataProcessCommon,['CameraDataProcessCommon'],False
services/data_process/src/utils/image_common_type.cpp,280,SetFrameRate,functionimpl,services/data_process/src/utils/image_common_type.cpp,4568,CameraDataProcessCommon,['CameraDataProcessCommon'],False
services/data_process/src/utils/image_common_type.cpp,280,frameRate,var,services/data_process/src/utils/image_common_type.cpp,4572,CameraDataProcessCommon,['CameraDataProcessCommon'],False
services/data_process/src/utils/image_common_type.cpp,280,SetWidthAndHeight,functionimpl,services/data_process/src/utils/image_common_type.cpp,4571,CameraDataProcessCommon,['CameraDataProcessCommon'],False
services/data_process/src/utils/image_common_type.cpp,280,width,var,services/data_process/src/utils/image_common_type.cpp,4576,CameraDataProcessCommon,['CameraDataProcessCommon'],False
services/data_process/src/utils/image_common_type.cpp,280,height,var,services/data_process/src/utils/image_common_type.cpp,4573,CameraDataProcessCommon,['CameraDataProcessCommon'],False
services/cameraservice/base/src/dcamera_metadata_setting_cmd.cpp,112,Marshal,functionimpl,services/cameraservice/base/src/dcamera_metadata_setting_cmd.cpp,1864,CameraServiceCommon,['CameraServiceCommon'],False
common/include/constants/distributed_camera_constants.h,74,CONTINUE_SESSION_FLAG,var,common/include/constants/distributed_camera_constants.h,1429,utils,['utils'],False
common/include/constants/distributed_camera_constants.h,74,SNAP_SHOT_SESSION_FLAG,var,common/include/constants/distributed_camera_constants.h,1446,utils,['utils'],False
interfaces/inner_kits/native_cpp/camera_source/include/callback/dcamera_source_callback.h,88,dcamera_source_callback,file,interfaces/inner_kits/native_cpp/camera_source/include/callback/dcamera_source_callback.h,1613,DistributedCameraSourceMgr,['DistributedCameraSourceMgr'],False
interfaces/inner_kits/native_cpp/camera_source/include/callback/dcamera_source_callback.h,88,DCameraSourceCallback,type,interfaces/inner_kits/native_cpp/camera_source/include/callback/dcamera_source_callback.h,1621,DistributedCameraSourceMgr,['DistributedCameraSourceMgr'],False
interfaces/inner_kits/native_cpp/camera_source/include/callback/dcamera_source_callback_stub.h,89,DCameraSourceCallbackStub,type,interfaces/inner_kits/native_cpp/camera_source/include/callback/dcamera_source_callback_stub.h,1629,DistributedCameraSourceMgr,['DistributedCameraSourceMgr'],False
camera_hdf/hdi_impl/src/dcamera_device/dmetadata_processor.cpp,12,InitDCameraAbility,functionimpl,camera_hdf/hdi_impl/src/dcamera_device/dmetadata_processor.cpp,309,VirtualCameraHdf,['VirtualCameraHdf'],False
services/data_process/src/utils/image_common_type.cpp,280,image_common_type,file,services/data_process/src/utils/image_common_type.cpp,4562,CameraDataProcessCommon,['CameraDataProcessCommon'],False
services/data_process/src/utils/image_common_type.cpp,280,GetVideoCodecType,functionimpl,services/data_process/src/utils/image_common_type.cpp,4565,CameraDataProcessCommon,['CameraDataProcessCommon'],False
services/data_process/src/utils/image_common_type.cpp,280,GetVideoformat,functionimpl,services/data_process/src/utils/image_common_type.cpp,4566,CameraDataProcessCommon,['CameraDataProcessCommon'],False
services/data_process/include/utils/image_common_type.h,268,SetFrameRate,functionproto,services/data_process/include/utils/image_common_type.h,4110,CameraDataProcessCommon,['CameraDataProcessCommon'],False
services/data_process/include/utils/image_common_type.h,268,SetWidthAndHeight,functionproto,services/data_process/include/utils/image_common_type.h,4113,CameraDataProcessCommon,['CameraDataProcessCommon'],False
services/data_process/src/utils/image_common_type.cpp,280,GetFrameRate,functionimpl,services/data_process/src/utils/image_common_type.cpp,4563,CameraDataProcessCommon,['CameraDataProcessCommon'],False
services/data_process/include/utils/image_common_type.h,268,GetFrameRate,functionproto,services/data_process/include/utils/image_common_type.h,4105,CameraDataProcessCommon,['CameraDataProcessCommon'],False
services/data_process/src/utils/image_common_type.cpp,280,GetWidth,functionimpl,services/data_process/src/utils/image_common_type.cpp,4567,CameraDataProcessCommon,['CameraDataProcessCommon'],False
services/data_process/src/utils/image_common_type.cpp,280,GetHeight,functionimpl,services/data_process/src/utils/image_common_type.cpp,4564,CameraDataProcessCommon,['CameraDataProcessCommon'],False
services/cameraservice/sourceservice/include/distributedcameramgr/dcamerahdf/dcamera_provider_callback_impl.h,207,DCameraProviderCallbackImpl,functionproto,services/cameraservice/sourceservice/include/distributedcameramgr/dcamerahdf/dcamera_provider_callback_impl.h,3008,DistributedCameraSourceMgr,['DistributedCameraSourceMgr'],False
services/cameraservice/sourceservice/include/distributedcameramgr/dcamerahdf/dcamera_provider_callback_impl.h,207,~DCameraProviderCallbackImpl,functionproto,services/cameraservice/sourceservice/include/distributedcameramgr/dcamerahdf/dcamera_provider_callback_impl.h,3014,DistributedCameraSourceMgr,['DistributedCameraSourceMgr'],False
interfaces/inner_kits/native_cpp/camera_source/include/dcamera_source_handler.h,91,dcamera_source_handler,file,interfaces/inner_kits/native_cpp/camera_source/include/dcamera_source_handler.h,1634,DistributedCameraSourceMgr,['DistributedCameraSourceMgr'],False
interfaces/inner_kits/native_cpp/camera_source/include/dcamera_source_handler.h,91,callback_,var,interfaces/inner_kits/native_cpp/camera_source/include/dcamera_source_handler.h,1642,DistributedCameraSourceMgr,['DistributedCameraSourceMgr'],False
camera_hdf/interfaces/hdi_ipc/client/operator/dstream_operator_proxy.h,43,dstream_operator_proxy,file,camera_hdf/interfaces/hdi_ipc/client/operator/dstream_operator_proxy.h,945,VirtualCameraHdf,['VirtualCameraHdf'],False
camera_hdf/interfaces/hdi_ipc/client/operator/dstream_operator_proxy.h,43,IsStreamsSupported,functionproto,camera_hdf/interfaces/hdi_ipc/client/operator/dstream_operator_proxy.h,955,VirtualCameraHdf,['VirtualCameraHdf'],False
camera_hdf/interfaces/hdi_ipc/client/operator/dstream_operator_proxy.h,43,CreateStreams,functionproto,camera_hdf/interfaces/hdi_ipc/client/operator/dstream_operator_proxy.h,952,VirtualCameraHdf,['VirtualCameraHdf'],False
camera_hdf/interfaces/hdi_ipc/client/operator/dstream_operator_proxy.cpp,42,ReleaseStreams,functionimpl,camera_hdf/interfaces/hdi_ipc/client/operator/dstream_operator_proxy.cpp,921,VirtualCameraHdf,['VirtualCameraHdf'],False
camera_hdf/interfaces/hdi_ipc/client/operator/dstream_operator_proxy.h,43,ReleaseStreams,functionproto,camera_hdf/interfaces/hdi_ipc/client/operator/dstream_operator_proxy.h,956,VirtualCameraHdf,['VirtualCameraHdf'],False
camera_hdf/interfaces/hdi_ipc/client/operator/dstream_operator_proxy.cpp,42,CommitStreams,functionimpl,camera_hdf/interfaces/hdi_ipc/client/operator/dstream_operator_proxy.cpp,916,VirtualCameraHdf,['VirtualCameraHdf'],False
camera_hdf/interfaces/hdi_ipc/client/operator/dstream_operator_proxy.h,43,CommitStreams,functionproto,camera_hdf/interfaces/hdi_ipc/client/operator/dstream_operator_proxy.h,951,VirtualCameraHdf,['VirtualCameraHdf'],False
camera_hdf/interfaces/hdi_ipc/client/operator/dstream_operator_proxy.cpp,42,GetStreamAttributes,functionimpl,camera_hdf/interfaces/hdi_ipc/client/operator/dstream_operator_proxy.cpp,919,VirtualCameraHdf,['VirtualCameraHdf'],False
camera_hdf/interfaces/hdi_ipc/client/operator/dstream_operator_proxy.h,43,GetStreamAttributes,functionproto,camera_hdf/interfaces/hdi_ipc/client/operator/dstream_operator_proxy.h,954,VirtualCameraHdf,['VirtualCameraHdf'],False
camera_hdf/interfaces/hdi_ipc/client/operator/dstream_operator_proxy.cpp,42,AttachBufferQueue,functionimpl,camera_hdf/interfaces/hdi_ipc/client/operator/dstream_operator_proxy.cpp,912,VirtualCameraHdf,['VirtualCameraHdf'],False
camera_hdf/interfaces/hdi_ipc/client/operator/dstream_operator_proxy.h,43,AttachBufferQueue,functionproto,camera_hdf/interfaces/hdi_ipc/client/operator/dstream_operator_proxy.h,947,VirtualCameraHdf,['VirtualCameraHdf'],False
camera_hdf/interfaces/hdi_ipc/client/operator/dstream_operator_proxy.cpp,42,DetachBufferQueue,functionimpl,camera_hdf/interfaces/hdi_ipc/client/operator/dstream_operator_proxy.cpp,918,VirtualCameraHdf,['VirtualCameraHdf'],False
camera_hdf/interfaces/hdi_ipc/client/operator/dstream_operator_proxy.h,43,DetachBufferQueue,functionproto,camera_hdf/interfaces/hdi_ipc/client/operator/dstream_operator_proxy.h,953,VirtualCameraHdf,['VirtualCameraHdf'],False
camera_hdf/interfaces/hdi_ipc/client/operator/dstream_operator_proxy.cpp,42,Capture,functionimpl,camera_hdf/interfaces/hdi_ipc/client/operator/dstream_operator_proxy.cpp,914,VirtualCameraHdf,['VirtualCameraHdf'],False
camera_hdf/interfaces/hdi_ipc/client/operator/dstream_operator_proxy.h,43,Capture,functionproto,camera_hdf/interfaces/hdi_ipc/client/operator/dstream_operator_proxy.h,949,VirtualCameraHdf,['VirtualCameraHdf'],False
camera_hdf/interfaces/hdi_ipc/client/operator/dstream_operator_proxy.cpp,42,CancelCapture,functionimpl,camera_hdf/interfaces/hdi_ipc/client/operator/dstream_operator_proxy.cpp,913,VirtualCameraHdf,['VirtualCameraHdf'],False
camera_hdf/interfaces/hdi_ipc/client/operator/dstream_operator_proxy.h,43,CancelCapture,functionproto,camera_hdf/interfaces/hdi_ipc/client/operator/dstream_operator_proxy.h,948,VirtualCameraHdf,['VirtualCameraHdf'],False
camera_hdf/interfaces/hdi_ipc/client/operator/dstream_operator_proxy.cpp,42,ChangeToOfflineStream,functionimpl,camera_hdf/interfaces/hdi_ipc/client/operator/dstream_operator_proxy.cpp,915,VirtualCameraHdf,['VirtualCameraHdf'],False
camera_hdf/interfaces/hdi_ipc/client/operator/dstream_operator_proxy.h,43,ChangeToOfflineStream,functionproto,camera_hdf/interfaces/hdi_ipc/client/operator/dstream_operator_proxy.h,950,VirtualCameraHdf,['VirtualCameraHdf'],False
camera_hdf/interfaces/hdi_ipc/client/operator/dstream_operator_proxy.cpp,42,data,var,camera_hdf/interfaces/hdi_ipc/client/operator/dstream_operator_proxy.cpp,928,VirtualCameraHdf,['VirtualCameraHdf'],False
camera_hdf/interfaces/hdi_ipc/client/operator/dstream_operator_proxy.cpp,42,mode,var,camera_hdf/interfaces/hdi_ipc/client/operator/dstream_operator_proxy.cpp,932,VirtualCameraHdf,['VirtualCameraHdf'],False
camera_hdf/interfaces/hdi_ipc/client/operator/dstream_operator_proxy.cpp,42,modeSetting,var,camera_hdf/interfaces/hdi_ipc/client/operator/dstream_operator_proxy.cpp,933,VirtualCameraHdf,['VirtualCameraHdf'],False
camera_hdf/interfaces/hdi_ipc/client/operator/dstream_operator_proxy.cpp,42,nullFlag,var,camera_hdf/interfaces/hdi_ipc/client/operator/dstream_operator_proxy.cpp,934,VirtualCameraHdf,['VirtualCameraHdf'],False
camera_hdf/interfaces/hdi_ipc/client/operator/dstream_operator_proxy.cpp,42,info,var,camera_hdf/interfaces/hdi_ipc/client/operator/dstream_operator_proxy.cpp,930,VirtualCameraHdf,['VirtualCameraHdf'],False
camera_hdf/interfaces/hdi_ipc/client/operator/dstream_operator_proxy.cpp,42,count,var,camera_hdf/interfaces/hdi_ipc/client/operator/dstream_operator_proxy.cpp,927,VirtualCameraHdf,['VirtualCameraHdf'],False
camera_hdf/interfaces/hdi_ipc/client/operator/dstream_operator_proxy.cpp,42,i,var,camera_hdf/interfaces/hdi_ipc/client/operator/dstream_operator_proxy.cpp,929,VirtualCameraHdf,['VirtualCameraHdf'],False
camera_hdf/interfaces/hdi_ipc/client/operator/dstream_operator_proxy.cpp,42,ret,var,camera_hdf/interfaces/hdi_ipc/client/operator/dstream_operator_proxy.cpp,939,VirtualCameraHdf,['VirtualCameraHdf'],False
camera_hdf/interfaces/hdi_ipc/client/operator/dstream_operator_proxy.cpp,42,reply,var,camera_hdf/interfaces/hdi_ipc/client/operator/dstream_operator_proxy.cpp,938,VirtualCameraHdf,['VirtualCameraHdf'],False
camera_hdf/interfaces/hdi_ipc/client/operator/dstream_operator_proxy.cpp,42,option,var,camera_hdf/interfaces/hdi_ipc/client/operator/dstream_operator_proxy.cpp,936,VirtualCameraHdf,['VirtualCameraHdf'],False
camera_hdf/interfaces/hdi_ipc/client/operator/dstream_operator_proxy.cpp,42,type,var,camera_hdf/interfaces/hdi_ipc/client/operator/dstream_operator_proxy.cpp,944,VirtualCameraHdf,['VirtualCameraHdf'],False
camera_hdf/interfaces/hdi_ipc/client/operator/dstream_operator_proxy.cpp,42,retCode,var,camera_hdf/interfaces/hdi_ipc/client/operator/dstream_operator_proxy.cpp,940,VirtualCameraHdf,['VirtualCameraHdf'],False
camera_hdf/interfaces/hdi_ipc/client/operator/dstream_operator_proxy.cpp,42,streamInfos,var,camera_hdf/interfaces/hdi_ipc/client/operator/dstream_operator_proxy.cpp,943,VirtualCameraHdf,['VirtualCameraHdf'],False
camera_hdf/interfaces/hdi_ipc/client/operator/dstream_operator_proxy.cpp,42,bRet,var,camera_hdf/interfaces/hdi_ipc/client/operator/dstream_operator_proxy.cpp,923,VirtualCameraHdf,['VirtualCameraHdf'],False
camera_hdf/interfaces/hdi_ipc/client/operator/dstream_operator_proxy.cpp,42,streamIds,var,camera_hdf/interfaces/hdi_ipc/client/operator/dstream_operator_proxy.cpp,942,VirtualCameraHdf,['VirtualCameraHdf'],False
camera_hdf/interfaces/hdi_ipc/client/operator/dstream_operator_proxy.cpp,42,buffer,var,camera_hdf/interfaces/hdi_ipc/client/operator/dstream_operator_proxy.cpp,924,VirtualCameraHdf,['VirtualCameraHdf'],False
camera_hdf/interfaces/hdi_ipc/client/operator/dstream_operator_proxy.cpp,42,attributes,var,camera_hdf/interfaces/hdi_ipc/client/operator/dstream_operator_proxy.cpp,922,VirtualCameraHdf,['VirtualCameraHdf'],False
camera_hdf/interfaces/hdi_ipc/client/operator/dstream_operator_proxy.cpp,42,producer,var,camera_hdf/interfaces/hdi_ipc/client/operator/dstream_operator_proxy.cpp,937,VirtualCameraHdf,['VirtualCameraHdf'],False
camera_hdf/interfaces/hdi_ipc/client/operator/dstream_operator_proxy.cpp,42,streamId,var,camera_hdf/interfaces/hdi_ipc/client/operator/dstream_operator_proxy.cpp,941,VirtualCameraHdf,['VirtualCameraHdf'],False
camera_hdf/interfaces/hdi_ipc/client/operator/dstream_operator_proxy.cpp,42,captureId,var,camera_hdf/interfaces/hdi_ipc/client/operator/dstream_operator_proxy.cpp,926,VirtualCameraHdf,['VirtualCameraHdf'],False
camera_hdf/interfaces/hdi_ipc/client/operator/dstream_operator_proxy.cpp,42,isStreaming,var,camera_hdf/interfaces/hdi_ipc/client/operator/dstream_operator_proxy.cpp,931,VirtualCameraHdf,['VirtualCameraHdf'],False
camera_hdf/interfaces/hdi_ipc/client/operator/dstream_operator_proxy.cpp,42,callback,var,camera_hdf/interfaces/hdi_ipc/client/operator/dstream_operator_proxy.cpp,925,VirtualCameraHdf,['VirtualCameraHdf'],False
camera_hdf/interfaces/hdi_ipc/client/operator/dstream_operator_proxy.cpp,42,offlineOperator,var,camera_hdf/interfaces/hdi_ipc/client/operator/dstream_operator_proxy.cpp,935,VirtualCameraHdf,['VirtualCameraHdf'],False
services/cameraservice/sourceservice/include/distributedcameramgr/dcamera_source_service_ipc.h,198,SinkRemoteRecipient,type,services/cameraservice/sourceservice/include/distributedcameramgr/dcamera_source_service_ipc.h,2893,DistributedCameraSourceMgr,['DistributedCameraSourceMgr'],False
services/cameraservice/sourceservice/include/distributedcameramgr/dcamera_source_service_ipc.h,198,DCameraSourceServiceIpc,functionproto,services/cameraservice/sourceservice/include/distributedcameramgr/dcamera_source_service_ipc.h,2885,DistributedCameraSourceMgr,['DistributedCameraSourceMgr'],False
services/cameraservice/sourceservice/include/distributedcameramgr/dcamera_source_service_ipc.h,198,~DCameraSourceServiceIpc,functionproto,services/cameraservice/sourceservice/include/distributedcameramgr/dcamera_source_service_ipc.h,2892,DistributedCameraSourceMgr,['DistributedCameraSourceMgr'],False
services/cameraservice/sourceservice/include/distributedcameramgr/dcamera_source_service_ipc.h,198,Init,functionproto,services/cameraservice/sourceservice/include/distributedcameramgr/dcamera_source_service_ipc.h,2888,DistributedCameraSourceMgr,['DistributedCameraSourceMgr'],False
services/cameraservice/sourceservice/include/distributedcameramgr/dcamera_source_service_ipc.h,198,UnInit,functionproto,services/cameraservice/sourceservice/include/distributedcameramgr/dcamera_source_service_ipc.h,2891,DistributedCameraSourceMgr,['DistributedCameraSourceMgr'],False
services/cameraservice/sourceservice/include/distributedcameramgr/dcamera_source_service_ipc.h,198,DeleteSinkRemoteDhms,functionproto,services/cameraservice/sourceservice/include/distributedcameramgr/dcamera_source_service_ipc.h,2886,DistributedCameraSourceMgr,['DistributedCameraSourceMgr'],False
services/cameraservice/sourceservice/include/distributedcameramgr/dcamera_source_service_ipc.h,198,ClearSinkRemoteDhms,functionproto,services/cameraservice/sourceservice/include/distributedcameramgr/dcamera_source_service_ipc.h,2884,DistributedCameraSourceMgr,['DistributedCameraSourceMgr'],False
services/cameraservice/sourceservice/include/distributedcameramgr/dcamera_source_service_ipc.h,198,OnRemoteDied,functionproto,services/cameraservice/sourceservice/include/distributedcameramgr/dcamera_source_service_ipc.h,2889,DistributedCameraSourceMgr,['DistributedCameraSourceMgr'],False
services/cameraservice/sourceservice/include/distributedcameramgr/dcamera_source_service_ipc.h,198,OnSinkRemoteDmsDied,functionproto,services/cameraservice/sourceservice/include/distributedcameramgr/dcamera_source_service_ipc.h,2890,DistributedCameraSourceMgr,['DistributedCameraSourceMgr'],False
services/cameraservice/cameraoperator/client/src/dcamera_client.cpp,131,~DCameraClient,functionimpl,services/cameraservice/cameraoperator/client/src/dcamera_client.cpp,2024,utils,['utils'],False
services/cameraservice/cameraoperator/client/src/dcamera_client.cpp,131,UnInit,functionimpl,services/cameraservice/cameraoperator/client/src/dcamera_client.cpp,2022,utils,['utils'],False
services/cameraservice/cameraoperator/client/include/callback/dcamera_video_callback.h,120,DCameraVideoCallback,type,services/cameraservice/cameraoperator/client/include/callback/dcamera_video_callback.h,1923,utils,['utils'],False
services/data_process/include/utils/image_common_type.h,268,CODEC_H264,var,services/data_process/include/utils/image_common_type.h,4119,CameraDataProcessCommon,['CameraDataProcessCommon'],False
services/data_process/include/utils/image_common_type.h,268,CODEC_H265,var,services/data_process/include/utils/image_common_type.h,4120,CameraDataProcessCommon,['CameraDataProcessCommon'],False
camera_hdf/hdi_impl/src/dcamera_device/dmetadata_processor.cpp,12,InitDCameraDefaultAbilityKeys,functionimpl,camera_hdf/hdi_impl/src/dcamera_device/dmetadata_processor.cpp,310,VirtualCameraHdf,['VirtualCameraHdf'],False
camera_hdf/hdi_impl/src/dcamera_device/dmetadata_processor.cpp,12,InitDCameraOutputAbilityKeys,functionimpl,camera_hdf/hdi_impl/src/dcamera_device/dmetadata_processor.cpp,311,VirtualCameraHdf,['VirtualCameraHdf'],False
camera_hdf/hdi_impl/src/dcamera_device/dmetadata_processor.cpp,12,AddAbilityEntry,functionimpl,camera_hdf/hdi_impl/src/dcamera_device/dmetadata_processor.cpp,301,VirtualCameraHdf,['VirtualCameraHdf'],False
camera_hdf/hdi_impl/src/dcamera_device/dmetadata_processor.cpp,12,UpdateAbilityEntry,functionimpl,camera_hdf/hdi_impl/src/dcamera_device/dmetadata_processor.cpp,317,VirtualCameraHdf,['VirtualCameraHdf'],False
camera_hdf/hdi_impl/src/dcamera_device/dmetadata_processor.cpp,12,GetDCameraAbility,functionimpl,camera_hdf/hdi_impl/src/dcamera_device/dmetadata_processor.cpp,305,VirtualCameraHdf,['VirtualCameraHdf'],False
camera_hdf/hdi_impl/src/dcamera_device/dmetadata_processor.cpp,12,SetMetadataResultMode,functionimpl,camera_hdf/hdi_impl/src/dcamera_device/dmetadata_processor.cpp,316,VirtualCameraHdf,['VirtualCameraHdf'],False
camera_hdf/hdi_impl/src/dcamera_device/dmetadata_processor.cpp,12,GetEnabledMetadataResults,functionimpl,camera_hdf/hdi_impl/src/dcamera_device/dmetadata_processor.cpp,308,VirtualCameraHdf,['VirtualCameraHdf'],False
camera_hdf/hdi_impl/src/dcamera_device/dmetadata_processor.cpp,12,EnableMetadataResult,functionimpl,camera_hdf/hdi_impl/src/dcamera_device/dmetadata_processor.cpp,304,VirtualCameraHdf,['VirtualCameraHdf'],False
camera_hdf/hdi_impl/src/dcamera_device/dmetadata_processor.cpp,12,DisableMetadataResult,functionimpl,camera_hdf/hdi_impl/src/dcamera_device/dmetadata_processor.cpp,303,VirtualCameraHdf,['VirtualCameraHdf'],False
camera_hdf/hdi_impl/src/dcamera_device/dmetadata_processor.cpp,12,ResetEnableResults,functionimpl,camera_hdf/hdi_impl/src/dcamera_device/dmetadata_processor.cpp,313,VirtualCameraHdf,['VirtualCameraHdf'],False
camera_hdf/hdi_impl/src/dcamera_device/dmetadata_processor.cpp,12,UpdateResultMetadata,functionimpl,camera_hdf/hdi_impl/src/dcamera_device/dmetadata_processor.cpp,318,VirtualCameraHdf,['VirtualCameraHdf'],False
camera_hdf/hdi_impl/src/dcamera_device/dmetadata_processor.cpp,12,SaveResultMetadata,functionimpl,camera_hdf/hdi_impl/src/dcamera_device/dmetadata_processor.cpp,315,VirtualCameraHdf,['VirtualCameraHdf'],False
services/cameraservice/sinkservice/include/distributedcameramgr/dcamera_sink_access_control.h,146,IsSensitiveSrcAccess,functionproto,services/cameraservice/sinkservice/include/distributedcameramgr/dcamera_sink_access_control.h,2261,DistributedCameraSinkMgr,['DistributedCameraSinkMgr'],False
services/cameraservice/sinkservice/include/distributedcameramgr/dcamera_sink_access_control.h,146,NotifySensitiveSrc,functionproto,services/cameraservice/sinkservice/include/distributedcameramgr/dcamera_sink_access_control.h,2262,DistributedCameraSinkMgr,['DistributedCameraSinkMgr'],False
services/cameraservice/sinkservice/include/distributedcameramgr/dcamera_sink_access_control.h,146,TriggerFrame,functionproto,services/cameraservice/sinkservice/include/distributedcameramgr/dcamera_sink_access_control.h,2263,DistributedCameraSinkMgr,['DistributedCameraSinkMgr'],False
services/cameraservice/sinkservice/include/distributedcameramgr/dcamera_sink_access_control.h,146,GetAccessControlType,functionproto,services/cameraservice/sinkservice/include/distributedcameramgr/dcamera_sink_access_control.h,2260,DistributedCameraSinkMgr,['DistributedCameraSinkMgr'],False
camera_hdf/hdi_impl/src/dcamera_device/dmetadata_processor.cpp,12,dmetadata_processor,file,camera_hdf/hdi_impl/src/dcamera_device/dmetadata_processor.cpp,300,VirtualCameraHdf,['VirtualCameraHdf'],False
services/cameraservice/sourceservice/src/distributedcamera/distributed_camera_source_stub.cpp,222,distributed_camera_source_stub,file,services/cameraservice/sourceservice/src/distributedcamera/distributed_camera_source_stub.cpp,3166,DistributedCameraSourceMgr,['DistributedCameraSourceMgr'],False
services/cameraservice/sourceservice/include/distributedcamera/distributed_camera_source_stub.h,195,DistributedCameraSourceStub,functionproto,services/cameraservice/sourceservice/include/distributedcamera/distributed_camera_source_stub.h,2806,DistributedCameraSourceMgr,['DistributedCameraSourceMgr'],False
services/cameraservice/sourceservice/src/distributedcamera/distributed_camera_source_stub.cpp,222,~DistributedCameraSourceStub,functionimpl,services/cameraservice/sourceservice/src/distributedcamera/distributed_camera_source_stub.cpp,3174,DistributedCameraSourceMgr,['DistributedCameraSourceMgr'],False
services/cameraservice/sourceservice/include/distributedcamera/distributed_camera_source_stub.h,195,~DistributedCameraSourceStub,functionproto,services/cameraservice/sourceservice/include/distributedcamera/distributed_camera_source_stub.h,2812,DistributedCameraSourceMgr,['DistributedCameraSourceMgr'],False
services/cameraservice/sourceservice/include/distributedcamera/distributed_camera_source_stub.h,195,OnRemoteRequest,functionproto,services/cameraservice/sourceservice/include/distributedcamera/distributed_camera_source_stub.h,2808,DistributedCameraSourceMgr,['DistributedCameraSourceMgr'],False
services/cameraservice/sourceservice/include/distributedcamera/distributed_camera_source_stub.h,195,InitSourceInner,functionproto,services/cameraservice/sourceservice/include/distributedcamera/distributed_camera_source_stub.h,2807,DistributedCameraSourceMgr,['DistributedCameraSourceMgr'],False
services/cameraservice/sourceservice/include/distributedcamera/distributed_camera_source_stub.h,195,ReleaseSourceInner,functionproto,services/cameraservice/sourceservice/include/distributedcamera/distributed_camera_source_stub.h,2810,DistributedCameraSourceMgr,['DistributedCameraSourceMgr'],False
services/cameraservice/sourceservice/include/distributedcamera/distributed_camera_source_stub.h,195,RegisterDistributedHardwareInner,functionproto,services/cameraservice/sourceservice/include/distributedcamera/distributed_camera_source_stub.h,2809,DistributedCameraSourceMgr,['DistributedCameraSourceMgr'],False
services/cameraservice/sourceservice/include/distributedcamera/distributed_camera_source_stub.h,195,UnregisterDistributedHardwareInner,functionproto,services/cameraservice/sourceservice/include/distributedcamera/distributed_camera_source_stub.h,2811,DistributedCameraSourceMgr,['DistributedCameraSourceMgr'],False
services/cameraservice/sourceservice/include/distributedcamera/distributed_camera_source_stub.h,195,DCameraNotifyInner,functionproto,services/cameraservice/sourceservice/include/distributedcamera/distributed_camera_source_stub.h,2805,DistributedCameraSourceMgr,['DistributedCameraSourceMgr'],False
camera_hdf/interfaces/hdi_ipc/client/host/dcamera_host_proxy.h,35,dcamera_host_proxy,file,camera_hdf/interfaces/hdi_ipc/client/host/dcamera_host_proxy.h,851,VirtualCameraHdf,['VirtualCameraHdf'],False
camera_hdf/hdi_impl/test/common.h,22,streamOperatorCallback,var,camera_hdf/hdi_impl/test/common.h,748,VirtualCameraHdf,['VirtualCameraHdf'],False
services/cameraservice/cameraoperator/client/include/callback/dcamera_photo_callback.h,117,callback_,var,services/cameraservice/cameraoperator/client/include/callback/dcamera_photo_callback.h,1905,utils,['utils'],False
common/include/constants/distributed_camera_errno.h,75,DistributedCameraErrno,type,common/include/constants/distributed_camera_errno.h,1453,utils,['utils'],False
services/cameraservice/sourceservice/include/distributedcamera/dcamera_source_callback_proxy.h,193,DCameraSourceCallbackProxy,type,services/cameraservice/sourceservice/include/distributedcamera/dcamera_source_callback_proxy.h,2785,DistributedCameraSourceMgr,['DistributedCameraSourceMgr'],False
services/cameraservice/sinkservice/include/distributedcameramgr/dcamera_sink_access_control.h,146,DCameraSinkAccessControl,type,services/cameraservice/sinkservice/include/distributedcameramgr/dcamera_sink_access_control.h,2264,DistributedCameraSinkMgr,['DistributedCameraSinkMgr'],False
camera_hdf/interfaces/hdi_ipc/client/device/dcamera_device_proxy.h,29,DCameraDeviceProxy,functionimpl,camera_hdf/interfaces/hdi_ipc/client/device/dcamera_device_proxy.h,799,VirtualCameraHdf,['VirtualCameraHdf'],False
camera_hdf/interfaces/hdi_ipc/client/device/dcamera_device_proxy.h,29,impl,var,camera_hdf/interfaces/hdi_ipc/client/device/dcamera_device_proxy.h,808,VirtualCameraHdf,['VirtualCameraHdf'],False
camera_hdf/interfaces/hdi_ipc/client/device/dcamera_device_proxy.h,29,delegator_,var,camera_hdf/interfaces/hdi_ipc/client/device/dcamera_device_proxy.h,807,VirtualCameraHdf,['VirtualCameraHdf'],False
services/cameraservice/sourceservice/include/distributedcameramgr/dcamerastate/dcamera_source_opened_state.h,214,DCameraSourceOpenedState,functionproto,services/cameraservice/sourceservice/include/distributedcameramgr/dcamerastate/dcamera_source_opened_state.h,3076,DistributedCameraSourceMgr,['DistributedCameraSourceMgr'],False
services/cameraservice/sourceservice/include/distributedcameramgr/dcamerastate/dcamera_source_opened_state.h,214,Execute,functionproto,services/cameraservice/sourceservice/include/distributedcameramgr/dcamerastate/dcamera_source_opened_state.h,3085,DistributedCameraSourceMgr,['DistributedCameraSourceMgr'],False
services/cameraservice/sourceservice/include/distributedcameramgr/dcamerastate/dcamera_source_opened_state.h,214,DoRegisterTask,functionproto,services/cameraservice/sourceservice/include/distributedcameramgr/dcamerastate/dcamera_source_opened_state.h,3081,DistributedCameraSourceMgr,['DistributedCameraSourceMgr'],False
services/cameraservice/sourceservice/include/distributedcameramgr/dcamerastate/dcamera_source_opened_state.h,214,DoUnregisterTask,functionproto,services/cameraservice/sourceservice/include/distributedcameramgr/dcamerastate/dcamera_source_opened_state.h,3083,DistributedCameraSourceMgr,['DistributedCameraSourceMgr'],False
services/cameraservice/sourceservice/include/distributedcameramgr/dcamerastate/dcamera_source_opened_state.h,214,DoConfigStreamsTask,functionproto,services/cameraservice/sourceservice/include/distributedcameramgr/dcamerastate/dcamera_source_opened_state.h,3078,DistributedCameraSourceMgr,['DistributedCameraSourceMgr'],False
services/cameraservice/sourceservice/include/distributedcameramgr/dcamerastate/dcamera_source_opened_state.h,214,DoReleaseStreamsTask,functionproto,services/cameraservice/sourceservice/include/distributedcameramgr/dcamerastate/dcamera_source_opened_state.h,3082,DistributedCameraSourceMgr,['DistributedCameraSourceMgr'],False
services/cameraservice/sourceservice/include/distributedcameramgr/dcamerastate/dcamera_source_opened_state.h,214,DoUpdateSettingsTask,functionproto,services/cameraservice/sourceservice/include/distributedcameramgr/dcamerastate/dcamera_source_opened_state.h,3084,DistributedCameraSourceMgr,['DistributedCameraSourceMgr'],False
services/cameraservice/sourceservice/include/distributedcameramgr/dcamerastate/dcamera_source_opened_state.h,214,DoOpenTask,functionproto,services/cameraservice/sourceservice/include/distributedcameramgr/dcamerastate/dcamera_source_opened_state.h,3080,DistributedCameraSourceMgr,['DistributedCameraSourceMgr'],False
services/cameraservice/sourceservice/include/distributedcameramgr/dcamerastate/dcamera_source_opened_state.h,214,DoCloseTask,functionproto,services/cameraservice/sourceservice/include/distributedcameramgr/dcamerastate/dcamera_source_opened_state.h,3077,DistributedCameraSourceMgr,['DistributedCameraSourceMgr'],False
services/cameraservice/sourceservice/include/distributedcameramgr/dcamerastate/dcamera_source_opened_state.h,214,DoEventNofityTask,functionproto,services/cameraservice/sourceservice/include/distributedcameramgr/dcamerastate/dcamera_source_opened_state.h,3079,DistributedCameraSourceMgr,['DistributedCameraSourceMgr'],False
camera_hdf/interfaces/hdi_ipc/client/host/dcamera_host_callback_stub.cpp,32,dcamera_host_callback_stub,file,camera_hdf/interfaces/hdi_ipc/client/host/dcamera_host_callback_stub.cpp,818,VirtualCameraHdf,['VirtualCameraHdf'],False
camera_hdf/interfaces/hdi_ipc/client/host/dcamera_host_callback_stub.cpp,32,OnRemoteRequest,functionimpl,camera_hdf/interfaces/hdi_ipc/client/host/dcamera_host_callback_stub.cpp,819,VirtualCameraHdf,['VirtualCameraHdf'],False
camera_hdf/interfaces/hdi_ipc/client/host/dcamera_host_callback_stub.h,33,OnRemoteRequest,functionproto,camera_hdf/interfaces/hdi_ipc/client/host/dcamera_host_callback_stub.h,828,VirtualCameraHdf,['VirtualCameraHdf'],False
camera_hdf/interfaces/hdi_ipc/client/host/dcamera_host_callback_stub.cpp,32,code,var,camera_hdf/interfaces/hdi_ipc/client/host/dcamera_host_callback_stub.cpp,821,VirtualCameraHdf,['VirtualCameraHdf'],False
camera_hdf/interfaces/hdi_ipc/client/host/dcamera_host_callback_stub.cpp,32,data,var,camera_hdf/interfaces/hdi_ipc/client/host/dcamera_host_callback_stub.cpp,822,VirtualCameraHdf,['VirtualCameraHdf'],False
camera_hdf/interfaces/hdi_ipc/client/host/dcamera_host_callback_stub.cpp,32,cameraId,var,camera_hdf/interfaces/hdi_ipc/client/host/dcamera_host_callback_stub.cpp,820,VirtualCameraHdf,['VirtualCameraHdf'],False
camera_hdf/interfaces/hdi_ipc/client/host/dcamera_host_callback_stub.cpp,32,status,var,camera_hdf/interfaces/hdi_ipc/client/host/dcamera_host_callback_stub.cpp,826,VirtualCameraHdf,['VirtualCameraHdf'],False
camera_hdf/interfaces/hdi_ipc/client/host/dcamera_host_callback_stub.cpp,32,event,var,camera_hdf/interfaces/hdi_ipc/client/host/dcamera_host_callback_stub.cpp,823,VirtualCameraHdf,['VirtualCameraHdf'],False
camera_hdf/interfaces/hdi_ipc/client/host/dcamera_host_callback_stub.cpp,32,reply,var,camera_hdf/interfaces/hdi_ipc/client/host/dcamera_host_callback_stub.cpp,825,VirtualCameraHdf,['VirtualCameraHdf'],False
camera_hdf/interfaces/hdi_ipc/client/host/dcamera_host_callback_stub.cpp,32,option,var,camera_hdf/interfaces/hdi_ipc/client/host/dcamera_host_callback_stub.cpp,824,VirtualCameraHdf,['VirtualCameraHdf'],False
camera_hdf/hdi_impl/test/common.h,22,consumerMap_,var,camera_hdf/hdi_impl/test/common.h,737,VirtualCameraHdf,['VirtualCameraHdf'],False
camera_hdf/hdi_impl/test/common.h,22,StreamConsumer,type,camera_hdf/hdi_impl/test/common.h,735,VirtualCameraHdf,['VirtualCameraHdf'],False
camera_hdf/hdi_impl/test/common.h,22,TakeSnapshot,functionimpl,camera_hdf/hdi_impl/test/common.h,719,VirtualCameraHdf,['VirtualCameraHdf'],False
camera_hdf/hdi_impl/test/common.h,22,shotCount_,var,camera_hdf/hdi_impl/test/common.h,746,VirtualCameraHdf,['VirtualCameraHdf'],False
camera_hdf/hdi_impl/test/common.h,22,WaitSnapshotEnd,functionimpl,camera_hdf/hdi_impl/test/common.h,720,VirtualCameraHdf,['VirtualCameraHdf'],False
camera_hdf/hdi_impl/test/common.h,22,l_,var,camera_hdf/hdi_impl/test/common.h,744,VirtualCameraHdf,['VirtualCameraHdf'],False
camera_hdf/hdi_impl/test/common.h,22,cv_,var,camera_hdf/hdi_impl/test/common.h,739,VirtualCameraHdf,['VirtualCameraHdf'],False
camera_hdf/hdi_impl/test/common.h,22,~StreamConsumer,functionimpl,camera_hdf/hdi_impl/test/common.h,721,VirtualCameraHdf,['VirtualCameraHdf'],False
camera_hdf/hdi_impl/test/common.h,22,running_,var,camera_hdf/hdi_impl/test/common.h,745,VirtualCameraHdf,['VirtualCameraHdf'],False
camera_hdf/hdi_impl/test/common.h,22,consumerThread_,var,camera_hdf/hdi_impl/test/common.h,738,VirtualCameraHdf,['VirtualCameraHdf'],False
camera_hdf/hdi_impl/test/common.h,22,OnRegisterResult,functionimpl,camera_hdf/hdi_impl/test/common.h,717,VirtualCameraHdf,['VirtualCameraHdf'],False
camera_hdf/hdi_impl/test/common.h,22,devId,var,camera_hdf/hdi_impl/test/common.h,740,VirtualCameraHdf,['VirtualCameraHdf'],False
camera_hdf/hdi_impl/test/common.h,22,dhId,var,camera_hdf/hdi_impl/test/common.h,742,VirtualCameraHdf,['VirtualCameraHdf'],False
camera_hdf/hdi_impl/test/common.h,22,status,var,camera_hdf/hdi_impl/test/common.h,747,VirtualCameraHdf,['VirtualCameraHdf'],False
camera_hdf/hdi_impl/test/common.h,22,OnUnregisterResult,functionimpl,camera_hdf/hdi_impl/test/common.h,718,VirtualCameraHdf,['VirtualCameraHdf'],False
services/cameraservice/sourceservice/include/distributedcameramgr/dcamerastate/dcamera_source_capture_state.h,211,dcamera_source_capture_state,file,services/cameraservice/sourceservice/include/distributedcameramgr/dcamerastate/dcamera_source_capture_state.h,3034,DistributedCameraSourceMgr,['DistributedCameraSourceMgr'],False
services/cameraservice/sourceservice/include/distributedcameramgr/dcamerastate/dcamera_source_capture_state.h,211,DCameraSourceCaptureState,functionproto,services/cameraservice/sourceservice/include/distributedcameramgr/dcamerastate/dcamera_source_capture_state.h,3035,DistributedCameraSourceMgr,['DistributedCameraSourceMgr'],False
services/cameraservice/sourceservice/include/distributedcameramgr/dcamerastate/dcamera_source_capture_state.h,211,Execute,functionproto,services/cameraservice/sourceservice/include/distributedcameramgr/dcamerastate/dcamera_source_capture_state.h,3044,DistributedCameraSourceMgr,['DistributedCameraSourceMgr'],False
services/cameraservice/sourceservice/include/distributedcameramgr/dcamerastate/dcamera_source_capture_state.h,211,GetStateType,functionproto,services/cameraservice/sourceservice/include/distributedcameramgr/dcamerastate/dcamera_source_capture_state.h,3045,DistributedCameraSourceMgr,['DistributedCameraSourceMgr'],False
services/cameraservice/sourceservice/include/distributedcameramgr/dcamerastate/dcamera_source_capture_state.h,211,DoRegisterTask,functionproto,services/cameraservice/sourceservice/include/distributedcameramgr/dcamerastate/dcamera_source_capture_state.h,3039,DistributedCameraSourceMgr,['DistributedCameraSourceMgr'],False
services/cameraservice/sourceservice/include/distributedcameramgr/dcamerastate/dcamera_source_capture_state.h,211,DoUnregisterTask,functionproto,services/cameraservice/sourceservice/include/distributedcameramgr/dcamerastate/dcamera_source_capture_state.h,3042,DistributedCameraSourceMgr,['DistributedCameraSourceMgr'],False
services/cameraservice/sourceservice/include/distributedcameramgr/dcamerastate/dcamera_source_capture_state.h,211,DoOpenTask,functionproto,services/cameraservice/sourceservice/include/distributedcameramgr/dcamerastate/dcamera_source_capture_state.h,3038,DistributedCameraSourceMgr,['DistributedCameraSourceMgr'],False
services/cameraservice/sourceservice/include/distributedcameramgr/dcamerastate/dcamera_source_capture_state.h,211,DoCloseTask,functionproto,services/cameraservice/sourceservice/include/distributedcameramgr/dcamerastate/dcamera_source_capture_state.h,3036,DistributedCameraSourceMgr,['DistributedCameraSourceMgr'],False
services/cameraservice/sourceservice/include/distributedcameramgr/dcamerastate/dcamera_source_capture_state.h,211,DoStartCaptureTask,functionproto,services/cameraservice/sourceservice/include/distributedcameramgr/dcamerastate/dcamera_source_capture_state.h,3040,DistributedCameraSourceMgr,['DistributedCameraSourceMgr'],False
services/cameraservice/sourceservice/include/distributedcameramgr/dcamerastate/dcamera_source_capture_state.h,211,DoStopCaptureTask,functionproto,services/cameraservice/sourceservice/include/distributedcameramgr/dcamerastate/dcamera_source_capture_state.h,3041,DistributedCameraSourceMgr,['DistributedCameraSourceMgr'],False
services/cameraservice/sourceservice/include/distributedcameramgr/dcamerastate/dcamera_source_capture_state.h,211,DoUpdateSettingsTask,functionproto,services/cameraservice/sourceservice/include/distributedcameramgr/dcamerastate/dcamera_source_capture_state.h,3043,DistributedCameraSourceMgr,['DistributedCameraSourceMgr'],False
services/cameraservice/sourceservice/include/distributedcameramgr/dcamerastate/dcamera_source_capture_state.h,211,DoEventNofityTask,functionproto,services/cameraservice/sourceservice/include/distributedcameramgr/dcamerastate/dcamera_source_capture_state.h,3037,DistributedCameraSourceMgr,['DistributedCameraSourceMgr'],False
camera_hdf/hdi_impl/src/utils/dcamera.cpp,20,MapToExternalRetCode,functionimpl,camera_hdf/hdi_impl/src/utils/dcamera.cpp,660,VirtualCameraHdf,['VirtualCameraHdf'],False
camera_hdf/hdi_impl/src/utils/dcamera.cpp,20,SplitString,functionimpl,camera_hdf/hdi_impl/src/utils/dcamera.cpp,662,VirtualCameraHdf,['VirtualCameraHdf'],False
services/cameraservice/sinkservice/include/distributedcameramgr/eventbus/dcamera_photo_output_event.h,153,GetParam,functionproto,services/cameraservice/sinkservice/include/distributedcameramgr/eventbus/dcamera_photo_output_event.h,2362,DistributedCameraSinkMgr,['DistributedCameraSinkMgr'],False
services/cameraservice/sourceservice/include/distributedcameramgr/dcamera_source_event.h,197,GetCaptureInfos,functionproto,services/cameraservice/sourceservice/include/distributedcameramgr/dcamera_source_event.h,2861,DistributedCameraSourceMgr,['DistributedCameraSourceMgr'],False
services/cameraservice/sourceservice/include/distributedcameramgr/dcamera_source_event.h,197,GetStreamIds,functionproto,services/cameraservice/sourceservice/include/distributedcameramgr/dcamera_source_event.h,2865,DistributedCameraSourceMgr,['DistributedCameraSourceMgr'],False
services/cameraservice/sourceservice/include/distributedcameramgr/dcameradata/dcamera_source_input_channel_listener.h,203,DCameraSourceInputChannelListener,type,services/cameraservice/sourceservice/include/distributedcameramgr/dcameradata/dcamera_source_input_channel_listener.h,2963,DistributedCameraSourceMgr,['DistributedCameraSourceMgr'],False
services/cameraservice/sinkservice/include/distributedcameramgr/dcamera_sink_data_process.h,148,DCameraSinkDataProcess,functionproto,services/cameraservice/sinkservice/include/distributedcameramgr/dcamera_sink_data_process.h,2294,DistributedCameraSinkMgr,['DistributedCameraSinkMgr'],False
services/cameraservice/sinkservice/include/distributedcameramgr/dcamera_sink_data_process.h,148,StartCapture,functionproto,services/cameraservice/sinkservice/include/distributedcameramgr/dcamera_sink_data_process.h,2302,DistributedCameraSinkMgr,['DistributedCameraSinkMgr'],False
services/cameraservice/sinkservice/include/distributedcameramgr/dcamera_sink_data_process.h,148,StopCapture,functionproto,services/cameraservice/sinkservice/include/distributedcameramgr/dcamera_sink_data_process.h,2303,DistributedCameraSinkMgr,['DistributedCameraSinkMgr'],False
services/cameraservice/sinkservice/include/distributedcameramgr/dcamera_sink_data_process.h,148,FeedStream,functionproto,services/cameraservice/sinkservice/include/distributedcameramgr/dcamera_sink_data_process.h,2295,DistributedCameraSinkMgr,['DistributedCameraSinkMgr'],False
services/cameraservice/sinkservice/include/distributedcameramgr/dcamera_sink_data_process.h,148,OnProcessedVideoBuffer,functionproto,services/cameraservice/sinkservice/include/distributedcameramgr/dcamera_sink_data_process.h,2301,DistributedCameraSinkMgr,['DistributedCameraSinkMgr'],False
services/cameraservice/sinkservice/include/distributedcameramgr/dcamera_sink_data_process.h,148,OnError,functionproto,services/cameraservice/sinkservice/include/distributedcameramgr/dcamera_sink_data_process.h,2299,DistributedCameraSinkMgr,['DistributedCameraSinkMgr'],False
services/cameraservice/sinkservice/include/distributedcameramgr/dcamera_sink_data_process.h,148,FeedStreamInner,functionproto,services/cameraservice/sinkservice/include/distributedcameramgr/dcamera_sink_data_process.h,2296,DistributedCameraSinkMgr,['DistributedCameraSinkMgr'],False
services/cameraservice/sinkservice/include/distributedcameramgr/dcamera_sink_data_process.h,148,GetPipelineFormat,functionproto,services/cameraservice/sinkservice/include/distributedcameramgr/dcamera_sink_data_process.h,2298,DistributedCameraSinkMgr,['DistributedCameraSinkMgr'],False
camera_hdf/interfaces/hdi_ipc/client/provider/dcamera_provider_callback.h,45,OpenSession,functionproto,camera_hdf/interfaces/hdi_ipc/client/provider/dcamera_provider_callback.h,970,VirtualCameraHdf,['VirtualCameraHdf'],False
camera_hdf/interfaces/hdi_ipc/client/provider/dcamera_provider_callback.h,45,CloseSession,functionproto,camera_hdf/interfaces/hdi_ipc/client/provider/dcamera_provider_callback.h,968,VirtualCameraHdf,['VirtualCameraHdf'],False
camera_hdf/interfaces/hdi_ipc/client/provider/dcamera_provider_callback.h,45,ConfigureStreams,functionproto,camera_hdf/interfaces/hdi_ipc/client/provider/dcamera_provider_callback.h,969,VirtualCameraHdf,['VirtualCameraHdf'],False
camera_hdf/interfaces/hdi_ipc/client/provider/dcamera_provider_callback.h,45,ReleaseStreams,functionproto,camera_hdf/interfaces/hdi_ipc/client/provider/dcamera_provider_callback.h,971,VirtualCameraHdf,['VirtualCameraHdf'],False
camera_hdf/interfaces/hdi_ipc/client/provider/dcamera_provider_callback.h,45,StartCapture,functionproto,camera_hdf/interfaces/hdi_ipc/client/provider/dcamera_provider_callback.h,972,VirtualCameraHdf,['VirtualCameraHdf'],False
camera_hdf/interfaces/hdi_ipc/client/provider/dcamera_provider_callback.h,45,StopCapture,functionproto,camera_hdf/interfaces/hdi_ipc/client/provider/dcamera_provider_callback.h,973,VirtualCameraHdf,['VirtualCameraHdf'],False
camera_hdf/interfaces/hdi_ipc/client/provider/dcamera_provider_callback.h,45,UpdateSettings,functionproto,camera_hdf/interfaces/hdi_ipc/client/provider/dcamera_provider_callback.h,974,VirtualCameraHdf,['VirtualCameraHdf'],False
services/cameraservice/sinkservice/include/distributedcamera/distributed_camera_sink_service.h,142,distributed_camera_sink_service,file,services/cameraservice/sinkservice/include/distributedcamera/distributed_camera_sink_service.h,2215,DistributedCameraSinkMgr,['DistributedCameraSinkMgr'],False
services/cameraservice/sinkservice/include/distributedcamera/distributed_camera_sink_service.h,142,DistributedCameraSinkService,type,services/cameraservice/sinkservice/include/distributedcamera/distributed_camera_sink_service.h,2229,DistributedCameraSinkMgr,['DistributedCameraSinkMgr'],False
services/cameraservice/sourceservice/include/distributedcameramgr/dcamerastate/dcamera_source_config_stream_state.h,212,dcamera_source_config_stream_state,file,services/cameraservice/sourceservice/include/distributedcameramgr/dcamerastate/dcamera_source_config_stream_state.h,3049,DistributedCameraSourceMgr,['DistributedCameraSourceMgr'],False
services/cameraservice/sourceservice/include/distributedcameramgr/dcamerastate/dcamera_source_config_stream_state.h,212,DCameraSourceConfigStreamState,functionproto,services/cameraservice/sourceservice/include/distributedcameramgr/dcamerastate/dcamera_source_config_stream_state.h,3050,DistributedCameraSourceMgr,['DistributedCameraSourceMgr'],False
services/cameraservice/sourceservice/include/distributedcameramgr/dcamerastate/dcamera_source_config_stream_state.h,212,GetStateType,functionproto,services/cameraservice/sourceservice/include/distributedcameramgr/dcamerastate/dcamera_source_config_stream_state.h,3062,DistributedCameraSourceMgr,['DistributedCameraSourceMgr'],False
camera_hdf/hdi_impl/test/common.h,22,hostCallback,var,camera_hdf/hdi_impl/test/common.h,743,VirtualCameraHdf,['VirtualCameraHdf'],False
camera_hdf/hdi_impl/include/dstream_operator/dcamera_steam.h,5,InitDCameraStream,functionproto,camera_hdf/hdi_impl/include/dstream_operator/dcamera_steam.h,121,VirtualCameraHdf,['VirtualCameraHdf'],False
camera_hdf/hdi_impl/include/dstream_operator/dcamera_steam.h,5,GetDCameraStreamInfo,functionproto,camera_hdf/hdi_impl/include/dstream_operator/dcamera_steam.h,117,VirtualCameraHdf,['VirtualCameraHdf'],False
camera_hdf/hdi_impl/include/dstream_operator/dcamera_steam.h,5,SetDCameraBufferQueue,functionproto,camera_hdf/hdi_impl/include/dstream_operator/dcamera_steam.h,124,VirtualCameraHdf,['VirtualCameraHdf'],False
camera_hdf/hdi_impl/include/dstream_operator/dcamera_steam.h,5,ReleaseDCameraBufferQueue,functionproto,camera_hdf/hdi_impl/include/dstream_operator/dcamera_steam.h,122,VirtualCameraHdf,['VirtualCameraHdf'],False
camera_hdf/hdi_impl/include/dstream_operator/dcamera_steam.h,5,GetDCameraStreamAttribute,functionproto,camera_hdf/hdi_impl/include/dstream_operator/dcamera_steam.h,116,VirtualCameraHdf,['VirtualCameraHdf'],False
camera_hdf/hdi_impl/include/dstream_operator/dcamera_steam.h,5,GetDCameraBuffer,functionproto,camera_hdf/hdi_impl/include/dstream_operator/dcamera_steam.h,115,VirtualCameraHdf,['VirtualCameraHdf'],False
camera_hdf/hdi_impl/include/dstream_operator/dcamera_steam.h,5,ReturnDCameraBuffer,functionproto,camera_hdf/hdi_impl/include/dstream_operator/dcamera_steam.h,123,VirtualCameraHdf,['VirtualCameraHdf'],False
camera_hdf/hdi_impl/include/dstream_operator/dcamera_steam.h,5,FlushDCameraBuffer,functionproto,camera_hdf/hdi_impl/include/dstream_operator/dcamera_steam.h,114,VirtualCameraHdf,['VirtualCameraHdf'],False
camera_hdf/hdi_impl/include/dstream_operator/dcamera_steam.h,5,FinishCommitStream,functionproto,camera_hdf/hdi_impl/include/dstream_operator/dcamera_steam.h,113,VirtualCameraHdf,['VirtualCameraHdf'],False
camera_hdf/hdi_impl/include/dstream_operator/dcamera_steam.h,5,InitDCameraBufferManager,functionproto,camera_hdf/hdi_impl/include/dstream_operator/dcamera_steam.h,120,VirtualCameraHdf,['VirtualCameraHdf'],False
camera_hdf/hdi_impl/include/dstream_operator/dcamera_steam.h,5,GetNextRequest,functionproto,camera_hdf/hdi_impl/include/dstream_operator/dcamera_steam.h,118,VirtualCameraHdf,['VirtualCameraHdf'],False
camera_hdf/hdi_impl/include/utils/dcamera.h,10,MapToExternalRetCode,functionproto,camera_hdf/hdi_impl/include/utils/dcamera.h,254,VirtualCameraHdf,['VirtualCameraHdf'],False
camera_hdf/hdi_impl/include/utils/dcamera.h,10,SplitString,functionproto,camera_hdf/hdi_impl/include/utils/dcamera.h,256,VirtualCameraHdf,['VirtualCameraHdf'],False
services/cameraservice/sourceservice/include/distributedcameramgr/dcamera_source_dev.h,196,DCameraSourceDev,functionproto,services/cameraservice/sourceservice/include/distributedcameramgr/dcamera_source_dev.h,2820,DistributedCameraSourceMgr,['DistributedCameraSourceMgr'],False
services/cameraservice/sourceservice/include/distributedcameramgr/dcamera_source_dev.h,196,~DCameraSourceDev,functionproto,services/cameraservice/sourceservice/include/distributedcameramgr/dcamera_source_dev.h,2845,DistributedCameraSourceMgr,['DistributedCameraSourceMgr'],False
services/cameraservice/sourceservice/include/distributedcameramgr/dcamera_source_dev.h,196,InitDCameraSourceDev,functionproto,services/cameraservice/sourceservice/include/distributedcameramgr/dcamera_source_dev.h,2832,DistributedCameraSourceMgr,['DistributedCameraSourceMgr'],False
services/cameraservice/sourceservice/include/distributedcameramgr/dcamera_source_dev.h,196,RegisterDistributedHardware,functionproto,services/cameraservice/sourceservice/include/distributedcameramgr/dcamera_source_dev.h,2839,DistributedCameraSourceMgr,['DistributedCameraSourceMgr'],False
services/cameraservice/sourceservice/include/distributedcameramgr/dcamera_source_dev.h,196,UnRegisterDistributedHardware,functionproto,services/cameraservice/sourceservice/include/distributedcameramgr/dcamera_source_dev.h,2843,DistributedCameraSourceMgr,['DistributedCameraSourceMgr'],False
services/cameraservice/sourceservice/include/distributedcameramgr/dcamera_source_dev.h,196,DCameraNotify,functionproto,services/cameraservice/sourceservice/include/distributedcameramgr/dcamera_source_dev.h,2819,DistributedCameraSourceMgr,['DistributedCameraSourceMgr'],False
services/cameraservice/sourceservice/include/distributedcameramgr/dcamera_source_dev.h,196,OpenSession,functionproto,services/cameraservice/sourceservice/include/distributedcameramgr/dcamera_source_dev.h,2838,DistributedCameraSourceMgr,['DistributedCameraSourceMgr'],False
services/cameraservice/sourceservice/include/distributedcameramgr/dcamera_source_dev.h,196,CloseSession,functionproto,services/cameraservice/sourceservice/include/distributedcameramgr/dcamera_source_dev.h,2817,DistributedCameraSourceMgr,['DistributedCameraSourceMgr'],False
services/cameraservice/sourceservice/include/distributedcameramgr/dcamera_source_dev.h,196,ConfigStreams,functionproto,services/cameraservice/sourceservice/include/distributedcameramgr/dcamera_source_dev.h,2818,DistributedCameraSourceMgr,['DistributedCameraSourceMgr'],False
services/cameraservice/sourceservice/include/distributedcameramgr/dcamera_source_dev.h,196,ReleaseStreams,functionproto,services/cameraservice/sourceservice/include/distributedcameramgr/dcamera_source_dev.h,2840,DistributedCameraSourceMgr,['DistributedCameraSourceMgr'],False
services/cameraservice/sourceservice/include/distributedcameramgr/dcamera_source_dev.h,196,StartCapture,functionproto,services/cameraservice/sourceservice/include/distributedcameramgr/dcamera_source_dev.h,2841,DistributedCameraSourceMgr,['DistributedCameraSourceMgr'],False
services/cameraservice/sourceservice/include/distributedcameramgr/dcamera_source_dev.h,196,StopCapture,functionproto,services/cameraservice/sourceservice/include/distributedcameramgr/dcamera_source_dev.h,2842,DistributedCameraSourceMgr,['DistributedCameraSourceMgr'],False
services/cameraservice/sourceservice/include/distributedcameramgr/dcamera_source_dev.h,196,UpdateCameraSettings,functionproto,services/cameraservice/sourceservice/include/distributedcameramgr/dcamera_source_dev.h,2844,DistributedCameraSourceMgr,['DistributedCameraSourceMgr'],False
services/cameraservice/sourceservice/include/distributedcameramgr/dcamera_source_dev.h,196,ExecuteRegister,functionproto,services/cameraservice/sourceservice/include/distributedcameramgr/dcamera_source_dev.h,2825,DistributedCameraSourceMgr,['DistributedCameraSourceMgr'],False
services/cameraservice/sourceservice/include/distributedcameramgr/dcamera_source_dev.h,196,ExecuteUnRegister,functionproto,services/cameraservice/sourceservice/include/distributedcameramgr/dcamera_source_dev.h,2830,DistributedCameraSourceMgr,['DistributedCameraSourceMgr'],False
services/cameraservice/sourceservice/include/distributedcameramgr/dcamera_source_dev.h,196,ExecuteOpenCamera,functionproto,services/cameraservice/sourceservice/include/distributedcameramgr/dcamera_source_dev.h,2824,DistributedCameraSourceMgr,['DistributedCameraSourceMgr'],False
services/cameraservice/sourceservice/include/distributedcameramgr/dcamera_source_dev.h,196,ExecuteCloseCamera,functionproto,services/cameraservice/sourceservice/include/distributedcameramgr/dcamera_source_dev.h,2822,DistributedCameraSourceMgr,['DistributedCameraSourceMgr'],False
services/cameraservice/sourceservice/include/distributedcameramgr/dcamera_source_dev.h,196,ExecuteConfigStreams,functionproto,services/cameraservice/sourceservice/include/distributedcameramgr/dcamera_source_dev.h,2823,DistributedCameraSourceMgr,['DistributedCameraSourceMgr'],False
services/cameraservice/sourceservice/include/distributedcameramgr/dcamera_source_dev.h,196,ExecuteReleaseStreams,functionproto,services/cameraservice/sourceservice/include/distributedcameramgr/dcamera_source_dev.h,2827,DistributedCameraSourceMgr,['DistributedCameraSourceMgr'],False
services/cameraservice/sourceservice/include/distributedcameramgr/dcamera_source_dev.h,196,ExecuteReleaseAllStreams,functionproto,services/cameraservice/sourceservice/include/distributedcameramgr/dcamera_source_dev.h,2826,DistributedCameraSourceMgr,['DistributedCameraSourceMgr'],False
services/cameraservice/sourceservice/include/distributedcameramgr/dcamera_source_dev.h,196,ExecuteStartCapture,functionproto,services/cameraservice/sourceservice/include/distributedcameramgr/dcamera_source_dev.h,2828,DistributedCameraSourceMgr,['DistributedCameraSourceMgr'],False
services/cameraservice/sourceservice/include/distributedcameramgr/dcamera_source_dev.h,196,ExecuteStopCapture,functionproto,services/cameraservice/sourceservice/include/distributedcameramgr/dcamera_source_dev.h,2829,DistributedCameraSourceMgr,['DistributedCameraSourceMgr'],False
services/cameraservice/sourceservice/include/distributedcameramgr/dcamera_source_dev.h,196,ExecuteUpdateSettings,functionproto,services/cameraservice/sourceservice/include/distributedcameramgr/dcamera_source_dev.h,2831,DistributedCameraSourceMgr,['DistributedCameraSourceMgr'],False
services/cameraservice/sourceservice/include/distributedcameramgr/dcamera_source_dev.h,196,ExecuteCameraEventNotify,functionproto,services/cameraservice/sourceservice/include/distributedcameramgr/dcamera_source_dev.h,2821,DistributedCameraSourceMgr,['DistributedCameraSourceMgr'],False
camera_hdf/hdi_impl/test/common.h,22,deviceCallback,var,camera_hdf/hdi_impl/test/common.h,741,VirtualCameraHdf,['VirtualCameraHdf'],False
camera_hdf/hdi_impl/src/dstream_operator/dstream_operator.cpp,19,dMetadataProcessor,var,camera_hdf/hdi_impl/src/dstream_operator/dstream_operator.cpp,610,VirtualCameraHdf,['VirtualCameraHdf'],False
camera_hdf/hdi_impl/src/dstream_operator/dstream_operator.cpp,19,mode,var,camera_hdf/hdi_impl/src/dstream_operator/dstream_operator.cpp,629,VirtualCameraHdf,['VirtualCameraHdf'],False
camera_hdf/hdi_impl/src/dstream_operator/dstream_operator.cpp,19,type,var,camera_hdf/hdi_impl/src/dstream_operator/dstream_operator.cpp,655,VirtualCameraHdf,['VirtualCameraHdf'],False
camera_hdf/hdi_impl/src/dstream_operator/dstream_operator.cpp,19,modeSetting,var,camera_hdf/hdi_impl/src/dstream_operator/dstream_operator.cpp,630,VirtualCameraHdf,['VirtualCameraHdf'],False
camera_hdf/hdi_impl/src/dstream_operator/dstream_operator.cpp,19,info,var,camera_hdf/hdi_impl/src/dstream_operator/dstream_operator.cpp,622,VirtualCameraHdf,['VirtualCameraHdf'],False
camera_hdf/hdi_impl/src/dstream_operator/dstream_operator.cpp,19,it,var,camera_hdf/hdi_impl/src/dstream_operator/dstream_operator.cpp,626,VirtualCameraHdf,['VirtualCameraHdf'],False
camera_hdf/hdi_impl/src/dstream_operator/dstream_operator.cpp,19,id,var,camera_hdf/hdi_impl/src/dstream_operator/dstream_operator.cpp,621,VirtualCameraHdf,['VirtualCameraHdf'],False
camera_hdf/hdi_impl/src/dstream_operator/dstream_operator.cpp,19,streamInfos,var,camera_hdf/hdi_impl/src/dstream_operator/dstream_operator.cpp,653,VirtualCameraHdf,['VirtualCameraHdf'],False
camera_hdf/hdi_impl/src/dstream_operator/dstream_operator.cpp,19,ret,var,camera_hdf/hdi_impl/src/dstream_operator/dstream_operator.cpp,641,VirtualCameraHdf,['VirtualCameraHdf'],False
camera_hdf/hdi_impl/src/dstream_operator/dstream_operator.cpp,19,streamIds,var,camera_hdf/hdi_impl/src/dstream_operator/dstream_operator.cpp,651,VirtualCameraHdf,['VirtualCameraHdf'],False
camera_hdf/hdi_impl/src/dstream_operator/dstream_operator.cpp,19,iter,var,camera_hdf/hdi_impl/src/dstream_operator/dstream_operator.cpp,627,VirtualCameraHdf,['VirtualCameraHdf'],False
camera_hdf/hdi_impl/src/dstream_operator/dstream_operator.cpp,19,stream,var,camera_hdf/hdi_impl/src/dstream_operator/dstream_operator.cpp,649,VirtualCameraHdf,['VirtualCameraHdf'],False
camera_hdf/hdi_impl/src/dstream_operator/dstream_operator.cpp,19,streamInfo,var,camera_hdf/hdi_impl/src/dstream_operator/dstream_operator.cpp,652,VirtualCameraHdf,['VirtualCameraHdf'],False
camera_hdf/hdi_impl/src/dstream_operator/dstream_operator.cpp,19,i,var,camera_hdf/hdi_impl/src/dstream_operator/dstream_operator.cpp,620,VirtualCameraHdf,['VirtualCameraHdf'],False
camera_hdf/hdi_impl/src/dstream_operator/dstream_operator.cpp,19,halStream,var,camera_hdf/hdi_impl/src/dstream_operator/dstream_operator.cpp,618,VirtualCameraHdf,['VirtualCameraHdf'],False
camera_hdf/hdi_impl/src/dstream_operator/dstream_operator.cpp,19,attributes,var,camera_hdf/hdi_impl/src/dstream_operator/dstream_operator.cpp,603,VirtualCameraHdf,['VirtualCameraHdf'],False
camera_hdf/hdi_impl/src/dstream_operator/dstream_operator.cpp,19,streamId,var,camera_hdf/hdi_impl/src/dstream_operator/dstream_operator.cpp,650,VirtualCameraHdf,['VirtualCameraHdf'],False
camera_hdf/hdi_impl/src/dstream_operator/dstream_operator.cpp,19,producer,var,camera_hdf/hdi_impl/src/dstream_operator/dstream_operator.cpp,635,VirtualCameraHdf,['VirtualCameraHdf'],False
camera_hdf/hdi_impl/src/dstream_operator/dstream_operator.cpp,19,captureId,var,camera_hdf/hdi_impl/src/dstream_operator/dstream_operator.cpp,607,VirtualCameraHdf,['VirtualCameraHdf'],False
camera_hdf/hdi_impl/src/dstream_operator/dstream_operator.cpp,19,captureInfo,var,camera_hdf/hdi_impl/src/dstream_operator/dstream_operator.cpp,608,VirtualCameraHdf,['VirtualCameraHdf'],False
camera_hdf/hdi_impl/src/dstream_operator/dstream_operator.cpp,19,isStreaming,var,camera_hdf/hdi_impl/src/dstream_operator/dstream_operator.cpp,625,VirtualCameraHdf,['VirtualCameraHdf'],False
camera_hdf/hdi_impl/src/dstream_operator/dstream_operator.cpp,19,callback,var,camera_hdf/hdi_impl/src/dstream_operator/dstream_operator.cpp,606,VirtualCameraHdf,['VirtualCameraHdf'],False
camera_hdf/hdi_impl/src/dstream_operator/dstream_operator.cpp,19,offlineOperator,var,camera_hdf/hdi_impl/src/dstream_operator/dstream_operator.cpp,632,VirtualCameraHdf,['VirtualCameraHdf'],False
camera_hdf/hdi_impl/src/dstream_operator/dstream_operator.cpp,19,dhBase,var,camera_hdf/hdi_impl/src/dstream_operator/dstream_operator.cpp,612,VirtualCameraHdf,['VirtualCameraHdf'],False
camera_hdf/hdi_impl/src/dstream_operator/dstream_operator.cpp,19,readerBuilder,var,camera_hdf/hdi_impl/src/dstream_operator/dstream_operator.cpp,636,VirtualCameraHdf,['VirtualCameraHdf'],False
camera_hdf/hdi_impl/src/dstream_operator/dstream_operator.cpp,19,jsonReader,var,camera_hdf/hdi_impl/src/dstream_operator/dstream_operator.cpp,628,VirtualCameraHdf,['VirtualCameraHdf'],False
camera_hdf/hdi_impl/src/dstream_operator/dstream_operator.cpp,19,abilityInfo,var,camera_hdf/hdi_impl/src/dstream_operator/dstream_operator.cpp,600,VirtualCameraHdf,['VirtualCameraHdf'],False
camera_hdf/hdi_impl/src/dstream_operator/dstream_operator.cpp,19,rootValue,var,camera_hdf/hdi_impl/src/dstream_operator/dstream_operator.cpp,642,VirtualCameraHdf,['VirtualCameraHdf'],False
camera_hdf/hdi_impl/src/dstream_operator/dstream_operator.cpp,19,errs,var,camera_hdf/hdi_impl/src/dstream_operator/dstream_operator.cpp,615,VirtualCameraHdf,['VirtualCameraHdf'],False
camera_hdf/hdi_impl/src/dstream_operator/dstream_operator.cpp,19,size,var,camera_hdf/hdi_impl/src/dstream_operator/dstream_operator.cpp,644,VirtualCameraHdf,['VirtualCameraHdf'],False
camera_hdf/hdi_impl/src/dstream_operator/dstream_operator.cpp,19,codeType,var,camera_hdf/hdi_impl/src/dstream_operator/dstream_operator.cpp,609,VirtualCameraHdf,['VirtualCameraHdf'],False
camera_hdf/hdi_impl/src/dstream_operator/dstream_operator.cpp,19,previewFormats,var,camera_hdf/hdi_impl/src/dstream_operator/dstream_operator.cpp,634,VirtualCameraHdf,['VirtualCameraHdf'],False
camera_hdf/hdi_impl/src/dstream_operator/dstream_operator.cpp,19,allFormats,var,camera_hdf/hdi_impl/src/dstream_operator/dstream_operator.cpp,601,VirtualCameraHdf,['VirtualCameraHdf'],False
camera_hdf/hdi_impl/src/dstream_operator/dstream_operator.cpp,19,videoFormats,var,camera_hdf/hdi_impl/src/dstream_operator/dstream_operator.cpp,656,VirtualCameraHdf,['VirtualCameraHdf'],False
camera_hdf/hdi_impl/src/dstream_operator/dstream_operator.cpp,19,photoFormats,var,camera_hdf/hdi_impl/src/dstream_operator/dstream_operator.cpp,633,VirtualCameraHdf,['VirtualCameraHdf'],False
camera_hdf/hdi_impl/src/dstream_operator/dstream_operator.cpp,19,format,var,camera_hdf/hdi_impl/src/dstream_operator/dstream_operator.cpp,616,VirtualCameraHdf,['VirtualCameraHdf'],False
camera_hdf/hdi_impl/src/dstream_operator/dstream_operator.cpp,19,formatStr,var,camera_hdf/hdi_impl/src/dstream_operator/dstream_operator.cpp,617,VirtualCameraHdf,['VirtualCameraHdf'],False
camera_hdf/hdi_impl/src/dstream_operator/dstream_operator.cpp,19,resoStr,var,camera_hdf/hdi_impl/src/dstream_operator/dstream_operator.cpp,637,VirtualCameraHdf,['VirtualCameraHdf'],False
camera_hdf/hdi_impl/src/dstream_operator/dstream_operator.cpp,19,height,var,camera_hdf/hdi_impl/src/dstream_operator/dstream_operator.cpp,619,VirtualCameraHdf,['VirtualCameraHdf'],False
camera_hdf/hdi_impl/src/dstream_operator/dstream_operator.cpp,19,width,var,camera_hdf/hdi_impl/src/dstream_operator/dstream_operator.cpp,657,VirtualCameraHdf,['VirtualCameraHdf'],False
camera_hdf/hdi_impl/src/dstream_operator/dstream_operator.cpp,19,isPhotoFormat,var,camera_hdf/hdi_impl/src/dstream_operator/dstream_operator.cpp,624,VirtualCameraHdf,['VirtualCameraHdf'],False
camera_hdf/hdi_impl/src/dstream_operator/dstream_operator.cpp,19,resolution,var,camera_hdf/hdi_impl/src/dstream_operator/dstream_operator.cpp,638,VirtualCameraHdf,['VirtualCameraHdf'],False
camera_hdf/hdi_impl/src/dstream_operator/dstream_operator.cpp,19,buffer,var,camera_hdf/hdi_impl/src/dstream_operator/dstream_operator.cpp,604,VirtualCameraHdf,['VirtualCameraHdf'],False
camera_hdf/hdi_impl/src/dstream_operator/dstream_operator.cpp,19,needReturn,var,camera_hdf/hdi_impl/src/dstream_operator/dstream_operator.cpp,631,VirtualCameraHdf,['VirtualCameraHdf'],False
camera_hdf/hdi_impl/src/dstream_operator/dstream_operator.cpp,19,resultTimestamp,var,camera_hdf/hdi_impl/src/dstream_operator/dstream_operator.cpp,640,VirtualCameraHdf,['VirtualCameraHdf'],False
camera_hdf/hdi_impl/src/dstream_operator/dstream_operator.cpp,19,anIter,var,camera_hdf/hdi_impl/src/dstream_operator/dstream_operator.cpp,602,VirtualCameraHdf,['VirtualCameraHdf'],False
camera_hdf/hdi_impl/src/dstream_operator/dstream_operator.cpp,19,errorCbk,var,camera_hdf/hdi_impl/src/dstream_operator/dstream_operator.cpp,614,VirtualCameraHdf,['VirtualCameraHdf'],False
camera_hdf/hdi_impl/src/dstream_operator/dstream_operator.cpp,19,resultCbk,var,camera_hdf/hdi_impl/src/dstream_operator/dstream_operator.cpp,639,VirtualCameraHdf,['VirtualCameraHdf'],False
camera_hdf/hdi_impl/src/dstream_operator/dstream_operator.cpp,19,dcStreamInfo,var,camera_hdf/hdi_impl/src/dstream_operator/dstream_operator.cpp,611,VirtualCameraHdf,['VirtualCameraHdf'],False
camera_hdf/hdi_impl/src/dstream_operator/dstream_operator.cpp,19,isCapturing,var,camera_hdf/hdi_impl/src/dstream_operator/dstream_operator.cpp,623,VirtualCameraHdf,['VirtualCameraHdf'],False
camera_hdf/hdi_impl/src/dstream_operator/dstream_operator.cpp,19,dstInfo,var,camera_hdf/hdi_impl/src/dstream_operator/dstream_operator.cpp,613,VirtualCameraHdf,['VirtualCameraHdf'],False
camera_hdf/hdi_impl/src/dstream_operator/dstream_operator.cpp,19,srcInfo,var,camera_hdf/hdi_impl/src/dstream_operator/dstream_operator.cpp,647,VirtualCameraHdf,['VirtualCameraHdf'],False
camera_hdf/hdi_impl/src/dstream_operator/dstream_operator.cpp,19,srcCaptureInfo,var,camera_hdf/hdi_impl/src/dstream_operator/dstream_operator.cpp,645,VirtualCameraHdf,['VirtualCameraHdf'],False
camera_hdf/hdi_impl/src/dstream_operator/dstream_operator.cpp,19,cacheCapture,var,camera_hdf/hdi_impl/src/dstream_operator/dstream_operator.cpp,605,VirtualCameraHdf,['VirtualCameraHdf'],False
camera_hdf/hdi_impl/src/dstream_operator/dstream_operator.cpp,19,srcStreamInfo,var,camera_hdf/hdi_impl/src/dstream_operator/dstream_operator.cpp,648,VirtualCameraHdf,['VirtualCameraHdf'],False
camera_hdf/hdi_impl/src/dstream_operator/dstream_operator.cpp,19,settingStr,var,camera_hdf/hdi_impl/src/dstream_operator/dstream_operator.cpp,643,VirtualCameraHdf,['VirtualCameraHdf'],False
camera_hdf/hdi_impl/src/dstream_operator/dstream_operator.cpp,19,tempResolution,var,camera_hdf/hdi_impl/src/dstream_operator/dstream_operator.cpp,654,VirtualCameraHdf,['VirtualCameraHdf'],False
camera_hdf/hdi_impl/src/dstream_operator/dstream_operator.cpp,19,srcEncodeType,var,camera_hdf/hdi_impl/src/dstream_operator/dstream_operator.cpp,646,VirtualCameraHdf,['VirtualCameraHdf'],False
services/cameraservice/cameraoperator/client/include/callback/dcamera_session_callback.h,119,callback_,var,services/cameraservice/cameraoperator/client/include/callback/dcamera_session_callback.h,1917,utils,['utils'],False
camera_hdf/hdi_impl/src/dcamera_provider/dcamera_provider.cpp,14,GetInstance,functionimpl,camera_hdf/hdi_impl/src/dcamera_provider/dcamera_provider.cpp,431,VirtualCameraHdf,['VirtualCameraHdf'],False
camera_hdf/interfaces/hdi_ipc/client/provider/dcamera_provider_callback_stub.h,47,dcamera_provider_callback_stub,file,camera_hdf/interfaces/hdi_ipc/client/provider/dcamera_provider_callback_stub.h,996,VirtualCameraHdf,['VirtualCameraHdf'],False
camera_hdf/interfaces/hdi_ipc/client/provider/dcamera_provider_callback_stub.h,47,DCameraProviderCallbackStub,type,camera_hdf/interfaces/hdi_ipc/client/provider/dcamera_provider_callback_stub.h,1005,VirtualCameraHdf,['VirtualCameraHdf'],False
services/data_process/src/pipeline_node/multimedia_codec/decode_data_process_common.cpp,275,InitNode,functionimpl,services/data_process/src/pipeline_node/multimedia_codec/decode_data_process_common.cpp,4372,CameraDataProcessCommon,['CameraDataProcessCommon'],False
services/data_process/src/pipeline_node/multimedia_codec/decode_data_process_common.cpp,275,err,var,services/data_process/src/pipeline_node/multimedia_codec/decode_data_process_common.cpp,4407,CameraDataProcessCommon,['CameraDataProcessCommon'],False
services/data_process/src/pipeline_node/multimedia_codec/decode_data_process_common.cpp,275,GetAlignedHeight,functionimpl,services/data_process/src/pipeline_node/multimedia_codec/decode_data_process_common.cpp,4364,CameraDataProcessCommon,['CameraDataProcessCommon'],False
services/data_process/src/pipeline_node/multimedia_codec/decode_data_process_common.cpp,275,alignedHeight,var,services/data_process/src/pipeline_node/multimedia_codec/decode_data_process_common.cpp,4395,CameraDataProcessCommon,['CameraDataProcessCommon'],False
services/data_process/src/pipeline_node/multimedia_codec/decode_data_process_common.cpp,275,alignedBits,var,services/data_process/src/pipeline_node/multimedia_codec/decode_data_process_common.cpp,4394,CameraDataProcessCommon,['CameraDataProcessCommon'],False
services/data_process/src/pipeline_node/multimedia_codec/decode_data_process_common.cpp,275,IsInDecoderRange,functionimpl,services/data_process/src/pipeline_node/multimedia_codec/decode_data_process_common.cpp,4375,CameraDataProcessCommon,['CameraDataProcessCommon'],False
services/data_process/src/pipeline_node/multimedia_codec/decode_data_process_common.cpp,275,curConfig,var,services/data_process/src/pipeline_node/multimedia_codec/decode_data_process_common.cpp,4401,CameraDataProcessCommon,['CameraDataProcessCommon'],False
services/data_process/src/pipeline_node/multimedia_codec/decode_data_process_common.cpp,275,IsConvertible,functionimpl,services/data_process/src/pipeline_node/multimedia_codec/decode_data_process_common.cpp,4373,CameraDataProcessCommon,['CameraDataProcessCommon'],False
services/data_process/src/pipeline_node/multimedia_codec/decode_data_process_common.cpp,275,sourceConfig,var,services/data_process/src/pipeline_node/multimedia_codec/decode_data_process_common.cpp,4426,CameraDataProcessCommon,['CameraDataProcessCommon'],False
services/data_process/src/pipeline_node/multimedia_codec/decode_data_process_common.cpp,275,targetConfig,var,services/data_process/src/pipeline_node/multimedia_codec/decode_data_process_common.cpp,4432,CameraDataProcessCommon,['CameraDataProcessCommon'],False
services/data_process/src/pipeline_node/multimedia_codec/decode_data_process_common.cpp,275,InitCodecEvent,functionimpl,services/data_process/src/pipeline_node/multimedia_codec/decode_data_process_common.cpp,4369,CameraDataProcessCommon,['CameraDataProcessCommon'],False
services/data_process/src/pipeline_node/multimedia_codec/decode_data_process_common.cpp,275,codecEvent,var,services/data_process/src/pipeline_node/multimedia_codec/decode_data_process_common.cpp,4400,CameraDataProcessCommon,['CameraDataProcessCommon'],False
services/data_process/src/pipeline_node/multimedia_codec/decode_data_process_common.cpp,275,InitDecoder,functionimpl,services/data_process/src/pipeline_node/multimedia_codec/decode_data_process_common.cpp,4370,CameraDataProcessCommon,['CameraDataProcessCommon'],False
services/data_process/src/pipeline_node/multimedia_codec/decode_data_process_common.cpp,275,retVal,var,services/data_process/src/pipeline_node/multimedia_codec/decode_data_process_common.cpp,4424,CameraDataProcessCommon,['CameraDataProcessCommon'],False
services/data_process/src/pipeline_node/multimedia_codec/decode_data_process_common.cpp,275,InitDecoderMetadataFormat,functionimpl,services/data_process/src/pipeline_node/multimedia_codec/decode_data_process_common.cpp,4371,CameraDataProcessCommon,['CameraDataProcessCommon'],False
services/data_process/src/pipeline_node/multimedia_codec/decode_data_process_common.cpp,275,width,var,services/data_process/src/pipeline_node/multimedia_codec/decode_data_process_common.cpp,4437,CameraDataProcessCommon,['CameraDataProcessCommon'],False
services/data_process/src/pipeline_node/multimedia_codec/decode_data_process_common.cpp,275,height,var,services/data_process/src/pipeline_node/multimedia_codec/decode_data_process_common.cpp,4414,CameraDataProcessCommon,['CameraDataProcessCommon'],False
services/data_process/src/pipeline_node/multimedia_codec/decode_data_process_common.cpp,275,SetDecoderOutputSurface,functionimpl,services/data_process/src/pipeline_node/multimedia_codec/decode_data_process_common.cpp,4386,CameraDataProcessCommon,['CameraDataProcessCommon'],False
services/data_process/src/pipeline_node/multimedia_codec/decode_data_process_common.cpp,275,ret,var,services/data_process/src/pipeline_node/multimedia_codec/decode_data_process_common.cpp,4423,CameraDataProcessCommon,['CameraDataProcessCommon'],False
services/data_process/src/pipeline_node/multimedia_codec/decode_data_process_common.cpp,275,ProcessData,functionimpl,services/data_process/src/pipeline_node/multimedia_codec/decode_data_process_common.cpp,4383,CameraDataProcessCommon,['CameraDataProcessCommon'],False
services/data_process/src/pipeline_node/multimedia_codec/decode_data_process_common.cpp,275,inputBuffers,var,services/data_process/src/pipeline_node/multimedia_codec/decode_data_process_common.cpp,4418,CameraDataProcessCommon,['CameraDataProcessCommon'],False
services/data_process/src/pipeline_node/multimedia_codec/decode_data_process_common.cpp,275,bufferSize,var,services/data_process/src/pipeline_node/multimedia_codec/decode_data_process_common.cpp,4398,CameraDataProcessCommon,['CameraDataProcessCommon'],False
services/data_process/src/pipeline_node/multimedia_codec/decode_data_process_common.cpp,275,sleepTimeUs,var,services/data_process/src/pipeline_node/multimedia_codec/decode_data_process_common.cpp,4425,CameraDataProcessCommon,['CameraDataProcessCommon'],False
services/data_process/src/pipeline_node/multimedia_codec/decode_data_process_common.cpp,275,dCamCodecEv,var,services/data_process/src/pipeline_node/multimedia_codec/decode_data_process_common.cpp,4402,CameraDataProcessCommon,['CameraDataProcessCommon'],False
services/data_process/src/pipeline_node/multimedia_codec/decode_data_process_common.cpp,275,index,var,services/data_process/src/pipeline_node/multimedia_codec/decode_data_process_common.cpp,4416,CameraDataProcessCommon,['CameraDataProcessCommon'],False
services/data_process/src/pipeline_node/multimedia_codec/decode_data_process_common.cpp,275,inputMemoDataSize,var,services/data_process/src/pipeline_node/multimedia_codec/decode_data_process_common.cpp,4419,CameraDataProcessCommon,['CameraDataProcessCommon'],False
services/data_process/src/pipeline_node/multimedia_codec/decode_data_process_common.cpp,275,timeUs,var,services/data_process/src/pipeline_node/multimedia_codec/decode_data_process_common.cpp,4434,CameraDataProcessCommon,['CameraDataProcessCommon'],False
services/data_process/src/pipeline_node/multimedia_codec/decode_data_process_common.cpp,275,bufferInfo,var,services/data_process/src/pipeline_node/multimedia_codec/decode_data_process_common.cpp,4397,CameraDataProcessCommon,['CameraDataProcessCommon'],False
services/data_process/src/pipeline_node/multimedia_codec/decode_data_process_common.cpp,275,nowTimeUs,var,services/data_process/src/pipeline_node/multimedia_codec/decode_data_process_common.cpp,4420,CameraDataProcessCommon,['CameraDataProcessCommon'],False
services/data_process/src/pipeline_node/multimedia_codec/decode_data_process_common.cpp,275,TimeDifferenceStampUs,var,services/data_process/src/pipeline_node/multimedia_codec/decode_data_process_common.cpp,4390,CameraDataProcessCommon,['CameraDataProcessCommon'],False
services/data_process/src/pipeline_node/multimedia_codec/decode_data_process_common.cpp,275,GetDecoderOutputBuffer,functionimpl,services/data_process/src/pipeline_node/multimedia_codec/decode_data_process_common.cpp,4365,CameraDataProcessCommon,['CameraDataProcessCommon'],False
services/data_process/src/pipeline_node/multimedia_codec/decode_data_process_common.cpp,275,surface,var,services/data_process/src/pipeline_node/multimedia_codec/decode_data_process_common.cpp,4430,CameraDataProcessCommon,['CameraDataProcessCommon'],False
services/data_process/src/pipeline_node/multimedia_codec/decode_data_process_common.cpp,275,acquireFence,var,services/data_process/src/pipeline_node/multimedia_codec/decode_data_process_common.cpp,4391,CameraDataProcessCommon,['CameraDataProcessCommon'],False
services/data_process/src/pipeline_node/multimedia_codec/decode_data_process_common.cpp,275,timeStampUs,var,services/data_process/src/pipeline_node/multimedia_codec/decode_data_process_common.cpp,4433,CameraDataProcessCommon,['CameraDataProcessCommon'],False
services/data_process/src/pipeline_node/multimedia_codec/decode_data_process_common.cpp,275,damage,var,services/data_process/src/pipeline_node/multimedia_codec/decode_data_process_common.cpp,4403,CameraDataProcessCommon,['CameraDataProcessCommon'],False
services/data_process/src/pipeline_node/multimedia_codec/decode_data_process_common.cpp,275,alignedWidth,var,services/data_process/src/pipeline_node/multimedia_codec/decode_data_process_common.cpp,4396,CameraDataProcessCommon,['CameraDataProcessCommon'],False
services/data_process/src/pipeline_node/multimedia_codec/decode_data_process_common.cpp,275,surBuf,var,services/data_process/src/pipeline_node/multimedia_codec/decode_data_process_common.cpp,4429,CameraDataProcessCommon,['CameraDataProcessCommon'],False
services/data_process/src/pipeline_node/multimedia_codec/decode_data_process_common.cpp,275,validDecodedImageSize,var,services/data_process/src/pipeline_node/multimedia_codec/decode_data_process_common.cpp,4436,CameraDataProcessCommon,['CameraDataProcessCommon'],False
services/data_process/src/pipeline_node/multimedia_codec/decode_data_process_common.cpp,275,surfaceBufSize,var,services/data_process/src/pipeline_node/multimedia_codec/decode_data_process_common.cpp,4431,CameraDataProcessCommon,['CameraDataProcessCommon'],False
services/data_process/src/pipeline_node/multimedia_codec/decode_data_process_common.cpp,275,addr,var,services/data_process/src/pipeline_node/multimedia_codec/decode_data_process_common.cpp,4393,CameraDataProcessCommon,['CameraDataProcessCommon'],False
services/data_process/src/pipeline_node/multimedia_codec/decode_data_process_common.cpp,275,CopyYUVPlaneByRow,functionimpl,services/data_process/src/pipeline_node/multimedia_codec/decode_data_process_common.cpp,4361,CameraDataProcessCommon,['CameraDataProcessCommon'],False
services/data_process/src/pipeline_node/multimedia_codec/decode_data_process_common.cpp,275,srcImgInfo,var,services/data_process/src/pipeline_node/multimedia_codec/decode_data_process_common.cpp,4428,CameraDataProcessCommon,['CameraDataProcessCommon'],False
services/data_process/src/pipeline_node/multimedia_codec/decode_data_process_common.cpp,275,dstImgInfo,var,services/data_process/src/pipeline_node/multimedia_codec/decode_data_process_common.cpp,4406,CameraDataProcessCommon,['CameraDataProcessCommon'],False
services/data_process/src/pipeline_node/multimedia_codec/decode_data_process_common.cpp,275,yh,var,services/data_process/src/pipeline_node/multimedia_codec/decode_data_process_common.cpp,4439,CameraDataProcessCommon,['CameraDataProcessCommon'],False
services/data_process/src/pipeline_node/multimedia_codec/decode_data_process_common.cpp,275,dstDataOffset,var,services/data_process/src/pipeline_node/multimedia_codec/decode_data_process_common.cpp,4405,CameraDataProcessCommon,['CameraDataProcessCommon'],False
services/data_process/src/pipeline_node/multimedia_codec/decode_data_process_common.cpp,275,srcDataOffset,var,services/data_process/src/pipeline_node/multimedia_codec/decode_data_process_common.cpp,4427,CameraDataProcessCommon,['CameraDataProcessCommon'],False
services/data_process/src/pipeline_node/multimedia_codec/decode_data_process_common.cpp,275,uvh,var,services/data_process/src/pipeline_node/multimedia_codec/decode_data_process_common.cpp,4435,CameraDataProcessCommon,['CameraDataProcessCommon'],False
services/data_process/src/pipeline_node/multimedia_codec/decode_data_process_common.cpp,275,y2UvRatio,var,services/data_process/src/pipeline_node/multimedia_codec/decode_data_process_common.cpp,4438,CameraDataProcessCommon,['CameraDataProcessCommon'],False
services/data_process/src/pipeline_node/multimedia_codec/decode_data_process_common.cpp,275,CheckCopyImageInfo,functionimpl,services/data_process/src/pipeline_node/multimedia_codec/decode_data_process_common.cpp,4359,CameraDataProcessCommon,['CameraDataProcessCommon'],False
services/data_process/src/pipeline_node/multimedia_codec/decode_data_process_common.cpp,275,IsCorrectImageUnitInfo,functionimpl,services/data_process/src/pipeline_node/multimedia_codec/decode_data_process_common.cpp,4374,CameraDataProcessCommon,['CameraDataProcessCommon'],False
services/data_process/src/pipeline_node/multimedia_codec/decode_data_process_common.cpp,275,imgInfo,var,services/data_process/src/pipeline_node/multimedia_codec/decode_data_process_common.cpp,4415,CameraDataProcessCommon,['CameraDataProcessCommon'],False
services/data_process/src/pipeline_node/multimedia_codec/decode_data_process_common.cpp,275,bytesPerPixel,var,services/data_process/src/pipeline_node/multimedia_codec/decode_data_process_common.cpp,4399,CameraDataProcessCommon,['CameraDataProcessCommon'],False
services/data_process/src/pipeline_node/multimedia_codec/decode_data_process_common.cpp,275,expectedImgSize,var,services/data_process/src/pipeline_node/multimedia_codec/decode_data_process_common.cpp,4411,CameraDataProcessCommon,['CameraDataProcessCommon'],False
services/data_process/src/pipeline_node/multimedia_codec/decode_data_process_common.cpp,275,expectedChromaOffset,var,services/data_process/src/pipeline_node/multimedia_codec/decode_data_process_common.cpp,4410,CameraDataProcessCommon,['CameraDataProcessCommon'],False
services/data_process/src/pipeline_node/multimedia_codec/decode_data_process_common.cpp,275,outputBuffer,var,services/data_process/src/pipeline_node/multimedia_codec/decode_data_process_common.cpp,4421,CameraDataProcessCommon,['CameraDataProcessCommon'],False
services/data_process/src/pipeline_node/multimedia_codec/decode_data_process_common.cpp,275,DecodeDone,functionimpl,services/data_process/src/pipeline_node/multimedia_codec/decode_data_process_common.cpp,4362,CameraDataProcessCommon,['CameraDataProcessCommon'],False
services/data_process/src/pipeline_node/multimedia_codec/decode_data_process_common.cpp,275,outputBuffers,var,services/data_process/src/pipeline_node/multimedia_codec/decode_data_process_common.cpp,4422,CameraDataProcessCommon,['CameraDataProcessCommon'],False
services/data_process/src/pipeline_node/multimedia_codec/decode_data_process_common.cpp,275,OnEvent,functionimpl,services/data_process/src/pipeline_node/multimedia_codec/decode_data_process_common.cpp,4378,CameraDataProcessCommon,['CameraDataProcessCommon'],False
services/data_process/src/pipeline_node/multimedia_codec/decode_data_process_common.cpp,275,ev,var,services/data_process/src/pipeline_node/multimedia_codec/decode_data_process_common.cpp,4409,CameraDataProcessCommon,['CameraDataProcessCommon'],False
services/data_process/src/pipeline_node/multimedia_codec/decode_data_process_common.cpp,275,action,var,services/data_process/src/pipeline_node/multimedia_codec/decode_data_process_common.cpp,4392,CameraDataProcessCommon,['CameraDataProcessCommon'],False
services/data_process/src/pipeline_node/multimedia_codec/decode_data_process_common.cpp,275,OnInputBufferAvailable,functionimpl,services/data_process/src/pipeline_node/multimedia_codec/decode_data_process_common.cpp,4379,CameraDataProcessCommon,['CameraDataProcessCommon'],False
services/data_process/src/pipeline_node/multimedia_codec/decode_data_process_common.cpp,275,OnOutputFormatChanged,functionimpl,services/data_process/src/pipeline_node/multimedia_codec/decode_data_process_common.cpp,4381,CameraDataProcessCommon,['CameraDataProcessCommon'],False
services/data_process/src/pipeline_node/multimedia_codec/decode_data_process_common.cpp,275,format,var,services/data_process/src/pipeline_node/multimedia_codec/decode_data_process_common.cpp,4413,CameraDataProcessCommon,['CameraDataProcessCommon'],False
services/data_process/src/pipeline_node/multimedia_codec/decode_data_process_common.cpp,275,OnOutputBufferAvailable,functionimpl,services/data_process/src/pipeline_node/multimedia_codec/decode_data_process_common.cpp,4380,CameraDataProcessCommon,['CameraDataProcessCommon'],False
services/data_process/src/pipeline_node/multimedia_codec/decode_data_process_common.cpp,275,info,var,services/data_process/src/pipeline_node/multimedia_codec/decode_data_process_common.cpp,4417,CameraDataProcessCommon,['CameraDataProcessCommon'],False
services/data_process/src/pipeline_node/multimedia_codec/decode_data_process_common.cpp,275,flag,var,services/data_process/src/pipeline_node/multimedia_codec/decode_data_process_common.cpp,4412,CameraDataProcessCommon,['CameraDataProcessCommon'],False
services/data_process/src/pipeline_node/multimedia_codec/decode_data_process_common.cpp,275,errRelease,var,services/data_process/src/pipeline_node/multimedia_codec/decode_data_process_common.cpp,4408,CameraDataProcessCommon,['CameraDataProcessCommon'],False
services/data_process/src/pipeline_node/multimedia_codec/decode_data_process_common.cpp,275,SetSurface,functionimpl,services/data_process/src/pipeline_node/multimedia_codec/decode_data_process_common.cpp,4387,CameraDataProcessCommon,['CameraDataProcessCommon'],False
services/data_process/src/pipeline_node/multimedia_codec/decode_data_process_common.cpp,275,SetDecodeVideoNode,functionimpl,services/data_process/src/pipeline_node/multimedia_codec/decode_data_process_common.cpp,4385,CameraDataProcessCommon,['CameraDataProcessCommon'],False
services/data_process/src/pipeline_node/multimedia_codec/decode_data_process_common.cpp,275,decodeVideoNode,var,services/data_process/src/pipeline_node/multimedia_codec/decode_data_process_common.cpp,4404,CameraDataProcessCommon,['CameraDataProcessCommon'],False
services/data_process/src/pipeline/dcamera_pipeline_sink.cpp,270,OnError,functionimpl,services/data_process/src/pipeline/dcamera_pipeline_sink.cpp,4142,CameraDataPreProcess,['CameraDataPreProcess'],False
services/data_process/src/pipeline/dcamera_pipeline_sink.cpp,270,dcamera_pipeline_sink,file,services/data_process/src/pipeline/dcamera_pipeline_sink.cpp,4137,CameraDataPreProcess,['CameraDataPreProcess'],False
services/data_process/src/pipeline/dcamera_pipeline_sink.cpp,270,~DCameraPipelineSink,functionimpl,services/data_process/src/pipeline/dcamera_pipeline_sink.cpp,4145,CameraDataPreProcess,['CameraDataPreProcess'],False
services/data_process/include/pipeline/dcamera_pipeline_sink.h,260,~DCameraPipelineSink,functionproto,services/data_process/include/pipeline/dcamera_pipeline_sink.h,3961,CameraDataPreProcess,['CameraDataPreProcess'],False
services/data_process/src/pipeline/dcamera_pipeline_sink.cpp,270,CreateDataProcessPipeline,functionimpl,services/data_process/src/pipeline/dcamera_pipeline_sink.cpp,4138,CameraDataPreProcess,['CameraDataPreProcess'],False
services/data_process/src/pipeline/dcamera_pipeline_sink.cpp,270,IsInRange,functionimpl,services/data_process/src/pipeline/dcamera_pipeline_sink.cpp,4141,CameraDataPreProcess,['CameraDataPreProcess'],False
services/data_process/src/pipeline/dcamera_pipeline_sink.cpp,270,InitDCameraPipNodes,functionimpl,services/data_process/src/pipeline/dcamera_pipeline_sink.cpp,4140,CameraDataPreProcess,['CameraDataPreProcess'],False
services/data_process/src/pipeline/dcamera_pipeline_sink.cpp,270,ProcessData,functionimpl,services/data_process/src/pipeline/dcamera_pipeline_sink.cpp,4144,CameraDataPreProcess,['CameraDataPreProcess'],False
services/data_process/include/pipeline/dcamera_pipeline_sink.h,260,ProcessData,functionproto,services/data_process/include/pipeline/dcamera_pipeline_sink.h,3960,CameraDataPreProcess,['CameraDataPreProcess'],False
services/data_process/src/pipeline/dcamera_pipeline_sink.cpp,270,DestroyDataProcessPipeline,functionimpl,services/data_process/src/pipeline/dcamera_pipeline_sink.cpp,4139,CameraDataPreProcess,['CameraDataPreProcess'],False
services/data_process/include/pipeline/dcamera_pipeline_sink.h,260,DestroyDataProcessPipeline,functionproto,services/data_process/include/pipeline/dcamera_pipeline_sink.h,3955,CameraDataPreProcess,['CameraDataPreProcess'],False
services/data_process/src/pipeline/dcamera_pipeline_sink.cpp,270,OnProcessedVideoBuffer,functionimpl,services/data_process/src/pipeline/dcamera_pipeline_sink.cpp,4143,CameraDataPreProcess,['CameraDataPreProcess'],False
services/data_process/include/pipeline/dcamera_pipeline_sink.h,260,OnProcessedVideoBuffer,functionproto,services/data_process/include/pipeline/dcamera_pipeline_sink.h,3959,CameraDataPreProcess,['CameraDataPreProcess'],False
services/cameraservice/cameraoperator/client/src/callback/dcamera_input_callback.cpp,125,DCameraInputCallback,functionimpl,services/cameraservice/cameraoperator/client/src/callback/dcamera_input_callback.cpp,1963,utils,['utils'],False
services/cameraservice/cameraoperator/client/src/callback/dcamera_input_callback.cpp,125,callback,var,services/cameraservice/cameraoperator/client/src/callback/dcamera_input_callback.cpp,1965,utils,['utils'],False
services/cameraservice/cameraoperator/client/src/callback/dcamera_input_callback.cpp,125,OnError,functionimpl,services/cameraservice/cameraoperator/client/src/callback/dcamera_input_callback.cpp,1964,utils,['utils'],False
services/cameraservice/cameraoperator/client/src/callback/dcamera_input_callback.cpp,125,errorType,var,services/cameraservice/cameraoperator/client/src/callback/dcamera_input_callback.cpp,1967,utils,['utils'],False
services/cameraservice/cameraoperator/client/src/callback/dcamera_input_callback.cpp,125,errorMsg,var,services/cameraservice/cameraoperator/client/src/callback/dcamera_input_callback.cpp,1966,utils,['utils'],False
services/cameraservice/sourceservice/include/distributedcamera/dcamera_service_state_listener.h,192,DCameraServiceStateListener,functionproto,services/cameraservice/sourceservice/include/distributedcamera/dcamera_service_state_listener.h,2775,DistributedCameraSourceMgr,['DistributedCameraSourceMgr'],False
services/cameraservice/sourceservice/src/distributedcamera/dcamera_service_state_listener.cpp,219,~DCameraServiceStateListener,functionimpl,services/cameraservice/sourceservice/src/distributedcamera/dcamera_service_state_listener.cpp,3120,DistributedCameraSourceMgr,['DistributedCameraSourceMgr'],False
services/cameraservice/sourceservice/include/distributedcamera/dcamera_service_state_listener.h,192,~DCameraServiceStateListener,functionproto,services/cameraservice/sourceservice/include/distributedcamera/dcamera_service_state_listener.h,2778,DistributedCameraSourceMgr,['DistributedCameraSourceMgr'],False
services/cameraservice/sourceservice/include/distributedcamera/dcamera_service_state_listener.h,192,OnRegisterNotify,functionproto,services/cameraservice/sourceservice/include/distributedcamera/dcamera_service_state_listener.h,2776,DistributedCameraSourceMgr,['DistributedCameraSourceMgr'],False
services/cameraservice/sourceservice/include/distributedcamera/dcamera_service_state_listener.h,192,OnUnregisterNotify,functionproto,services/cameraservice/sourceservice/include/distributedcamera/dcamera_service_state_listener.h,2777,DistributedCameraSourceMgr,['DistributedCameraSourceMgr'],False
services/cameraservice/sourceservice/include/distributedcameramgr/dcamerastate/dcamera_source_init_state.h,213,DCameraSourceInitState,functionproto,services/cameraservice/sourceservice/include/distributedcameramgr/dcamerastate/dcamera_source_init_state.h,3067,DistributedCameraSourceMgr,['DistributedCameraSourceMgr'],False
services/cameraservice/sourceservice/include/distributedcameramgr/dcamerastate/dcamera_source_init_state.h,213,Execute,functionproto,services/cameraservice/sourceservice/include/distributedcameramgr/dcamerastate/dcamera_source_init_state.h,3070,DistributedCameraSourceMgr,['DistributedCameraSourceMgr'],False
services/cameraservice/sourceservice/include/distributedcameramgr/dcamerastate/dcamera_source_init_state.h,213,DoRegisterTask,functionproto,services/cameraservice/sourceservice/include/distributedcameramgr/dcamerastate/dcamera_source_init_state.h,3068,DistributedCameraSourceMgr,['DistributedCameraSourceMgr'],False
services/cameraservice/sourceservice/include/distributedcameramgr/dcamerastate/dcamera_source_init_state.h,213,DoUnregisterTask,functionproto,services/cameraservice/sourceservice/include/distributedcameramgr/dcamerastate/dcamera_source_init_state.h,3069,DistributedCameraSourceMgr,['DistributedCameraSourceMgr'],False
services/cameraservice/sourceservice/include/distributedcameramgr/dcamerastate/dcamera_source_capture_state.h,211,DCameraSourceCaptureState,type,services/cameraservice/sourceservice/include/distributedcameramgr/dcamerastate/dcamera_source_capture_state.h,3046,DistributedCameraSourceMgr,['DistributedCameraSourceMgr'],False
camera_hdf/interfaces/hdi_ipc/client/device/dcamera_device_proxy.cpp,28,dcamera_device_proxy,file,camera_hdf/interfaces/hdi_ipc/client/device/dcamera_device_proxy.cpp,777,VirtualCameraHdf,['VirtualCameraHdf'],False
interfaces/inner_kits/native_cpp/camera_source/src/callback/dcamera_source_callback.cpp,95,dcamera_source_callback,file,interfaces/inner_kits/native_cpp/camera_source/src/callback/dcamera_source_callback.cpp,1667,DistributedCameraSourceMgr,['DistributedCameraSourceMgr'],False
camera_hdf/hdi_impl/src/dcamera_device/dmetadata_processor.cpp,12,GetDCameraSupportedFormats,functionimpl,camera_hdf/hdi_impl/src/dcamera_device/dmetadata_processor.cpp,306,VirtualCameraHdf,['VirtualCameraHdf'],False
services/data_process/include/utils/image_common_type.h,268,PHOTO_JPEG,var,services/data_process/include/utils/image_common_type.h,4124,CameraDataProcessCommon,['CameraDataProcessCommon'],False
services/cameraservice/sourceservice/include/distributedcameramgr/dcameracontrol/dcamera_source_controller.h,199,stateMachine_,var,services/cameraservice/sourceservice/include/distributedcameramgr/dcameracontrol/dcamera_source_controller.h,2917,DistributedCameraSourceMgr,['DistributedCameraSourceMgr'],False
services/cameraservice/sourceservice/include/distributedcameramgr/dcamerastate/dcamera_source_capture_state.h,211,memberFuncMap_,var,services/cameraservice/sourceservice/include/distributedcameramgr/dcamerastate/dcamera_source_capture_state.h,3047,DistributedCameraSourceMgr,['DistributedCameraSourceMgr'],False
services/cameraservice/sourceservice/include/distributedcameramgr/dcamerastate/dcamera_source_capture_state.h,211,DCameraFunc,alias,services/cameraservice/sourceservice/include/distributedcameramgr/dcamerastate/dcamera_source_capture_state.h,3033,DistributedCameraSourceMgr,['DistributedCameraSourceMgr'],False
camera_hdf/hdi_impl/include/dcamera_provider/dcamera_provider.h,3,GetCallbackBydhBase,functionproto,camera_hdf/hdi_impl/include/dcamera_provider/dcamera_provider.h,81,VirtualCameraHdf,['VirtualCameraHdf'],False
camera_hdf/interfaces/include/idistributed_camera_provider_callback.h,72,IDCameraProviderCallback,type,camera_hdf/interfaces/include/idistributed_camera_provider_callback.h,1369,VirtualCameraHdf,['VirtualCameraHdf'],False
camera_hdf/hdi_impl/include/dcamera_provider/dcamera_provider.h,3,EnableDCameraDevice,functionproto,camera_hdf/hdi_impl/include/dcamera_provider/dcamera_provider.h,80,VirtualCameraHdf,['VirtualCameraHdf'],False
camera_hdf/hdi_impl/include/dcamera_provider/dcamera_provider.h,3,DisableDCameraDevice,functionproto,camera_hdf/hdi_impl/include/dcamera_provider/dcamera_provider.h,79,VirtualCameraHdf,['VirtualCameraHdf'],False
camera_hdf/hdi_impl/include/dcamera_provider/dcamera_provider.h,3,AcquireBuffer,functionproto,camera_hdf/hdi_impl/include/dcamera_provider/dcamera_provider.h,76,VirtualCameraHdf,['VirtualCameraHdf'],False
camera_hdf/hdi_impl/include/dcamera_provider/dcamera_provider.h,3,ShutterBuffer,functionproto,camera_hdf/hdi_impl/include/dcamera_provider/dcamera_provider.h,89,VirtualCameraHdf,['VirtualCameraHdf'],False
camera_hdf/hdi_impl/include/dcamera_provider/dcamera_provider.h,3,OnSettingsResult,functionproto,camera_hdf/hdi_impl/include/dcamera_provider/dcamera_provider.h,86,VirtualCameraHdf,['VirtualCameraHdf'],False
camera_hdf/hdi_impl/include/dcamera_provider/dcamera_provider.h,3,Notify,functionproto,camera_hdf/hdi_impl/include/dcamera_provider/dcamera_provider.h,85,VirtualCameraHdf,['VirtualCameraHdf'],False
camera_hdf/hdi_impl/include/dcamera_provider/dcamera_provider.h,3,OpenSession,functionproto,camera_hdf/hdi_impl/include/dcamera_provider/dcamera_provider.h,87,VirtualCameraHdf,['VirtualCameraHdf'],False
camera_hdf/hdi_impl/include/dcamera_provider/dcamera_provider.h,3,CloseSession,functionproto,camera_hdf/hdi_impl/include/dcamera_provider/dcamera_provider.h,77,VirtualCameraHdf,['VirtualCameraHdf'],False
camera_hdf/hdi_impl/include/dcamera_provider/dcamera_provider.h,3,ConfigureStreams,functionproto,camera_hdf/hdi_impl/include/dcamera_provider/dcamera_provider.h,78,VirtualCameraHdf,['VirtualCameraHdf'],False
camera_hdf/hdi_impl/include/dcamera_provider/dcamera_provider.h,3,ReleaseStreams,functionproto,camera_hdf/hdi_impl/include/dcamera_provider/dcamera_provider.h,88,VirtualCameraHdf,['VirtualCameraHdf'],False
camera_hdf/hdi_impl/include/dcamera_provider/dcamera_provider.h,3,StartCapture,functionproto,camera_hdf/hdi_impl/include/dcamera_provider/dcamera_provider.h,90,VirtualCameraHdf,['VirtualCameraHdf'],False
camera_hdf/hdi_impl/include/dcamera_provider/dcamera_provider.h,3,StopCapture,functionproto,camera_hdf/hdi_impl/include/dcamera_provider/dcamera_provider.h,91,VirtualCameraHdf,['VirtualCameraHdf'],False
camera_hdf/hdi_impl/include/dcamera_provider/dcamera_provider.h,3,UpdateSettings,functionproto,camera_hdf/hdi_impl/include/dcamera_provider/dcamera_provider.h,92,VirtualCameraHdf,['VirtualCameraHdf'],False
services/data_process/src/pipeline/dcamera_pipeline_sink.cpp,270,piplineType,var,services/data_process/src/pipeline/dcamera_pipeline_sink.cpp,4152,CameraDataPreProcess,['CameraDataPreProcess'],False
services/data_process/src/pipeline/dcamera_pipeline_sink.cpp,270,sourceConfig,var,services/data_process/src/pipeline/dcamera_pipeline_sink.cpp,4153,CameraDataPreProcess,['CameraDataPreProcess'],False
services/data_process/src/pipeline/dcamera_pipeline_sink.cpp,270,targetConfig,var,services/data_process/src/pipeline/dcamera_pipeline_sink.cpp,4154,CameraDataPreProcess,['CameraDataPreProcess'],False
services/data_process/src/pipeline/dcamera_pipeline_sink.cpp,270,listener,var,services/data_process/src/pipeline/dcamera_pipeline_sink.cpp,4151,CameraDataPreProcess,['CameraDataPreProcess'],False
services/data_process/src/pipeline/dcamera_pipeline_sink.cpp,270,err,var,services/data_process/src/pipeline/dcamera_pipeline_sink.cpp,4148,CameraDataPreProcess,['CameraDataPreProcess'],False
services/data_process/src/pipeline/dcamera_pipeline_sink.cpp,270,curConfig,var,services/data_process/src/pipeline/dcamera_pipeline_sink.cpp,4146,CameraDataPreProcess,['CameraDataPreProcess'],False
services/data_process/src/pipeline/dcamera_pipeline_sink.cpp,270,i,var,services/data_process/src/pipeline/dcamera_pipeline_sink.cpp,4150,CameraDataPreProcess,['CameraDataPreProcess'],False
services/data_process/src/pipeline/dcamera_pipeline_sink.cpp,270,dataBuffers,var,services/data_process/src/pipeline/dcamera_pipeline_sink.cpp,4147,CameraDataPreProcess,['CameraDataPreProcess'],False
services/data_process/src/pipeline/dcamera_pipeline_sink.cpp,270,errorType,var,services/data_process/src/pipeline/dcamera_pipeline_sink.cpp,4149,CameraDataPreProcess,['CameraDataPreProcess'],False
services/data_process/src/pipeline/dcamera_pipeline_sink.cpp,270,videoResult,var,services/data_process/src/pipeline/dcamera_pipeline_sink.cpp,4155,CameraDataPreProcess,['CameraDataPreProcess'],False
services/cameraservice/sourceservice/include/distributedcameramgr/dcameradata/dcamera_stream_data_process_pipeline_listener.h,205,DCameraStreamDataProcessPipelineListener,functionproto,services/cameraservice/sourceservice/include/distributedcameramgr/dcameradata/dcamera_stream_data_process_pipeline_listener.h,2988,DistributedCameraSourceMgr,['DistributedCameraSourceMgr'],False
services/cameraservice/sourceservice/include/distributedcameramgr/dcameradata/dcamera_stream_data_process_pipeline_listener.h,205,~DCameraStreamDataProcessPipelineListener,functionproto,services/cameraservice/sourceservice/include/distributedcameramgr/dcameradata/dcamera_stream_data_process_pipeline_listener.h,2991,DistributedCameraSourceMgr,['DistributedCameraSourceMgr'],False
services/cameraservice/sourceservice/include/distributedcameramgr/dcameradata/dcamera_stream_data_process_pipeline_listener.h,205,OnProcessedVideoBuffer,functionproto,services/cameraservice/sourceservice/include/distributedcameramgr/dcameradata/dcamera_stream_data_process_pipeline_listener.h,2990,DistributedCameraSourceMgr,['DistributedCameraSourceMgr'],False
services/cameraservice/sinkservice/include/distributedcameramgr/dcamera_sink_service_ipc.h,151,GetSourceRemoteDHMS,functionproto,services/cameraservice/sinkservice/include/distributedcameramgr/dcamera_sink_service_ipc.h,2347,DistributedCameraSinkMgr,['DistributedCameraSinkMgr'],False
services/cameraservice/sinkservice/include/distributedcameramgr/dcamera_sink_service_ipc.h,151,remoteSources_,var,services/cameraservice/sinkservice/include/distributedcameramgr/dcamera_sink_service_ipc.h,2354,DistributedCameraSinkMgr,['DistributedCameraSinkMgr'],False
services/data_process/include/eventbus/dcamera_codec_event.h,255,ACTION_ONCE_AGAIN,var,services/data_process/include/eventbus/dcamera_codec_event.h,3902,CameraDataProcessCommon,['CameraDataProcessCommon'],False
camera_hdf/hdi_impl/src/dcamera_device/dmetadata_processor.cpp,12,readerBuilder,var,camera_hdf/hdi_impl/src/dcamera_device/dmetadata_processor.cpp,378,VirtualCameraHdf,['VirtualCameraHdf'],False
camera_hdf/hdi_impl/src/dcamera_device/dmetadata_processor.cpp,12,jsonReader,var,camera_hdf/hdi_impl/src/dcamera_device/dmetadata_processor.cpp,367,VirtualCameraHdf,['VirtualCameraHdf'],False
camera_hdf/hdi_impl/src/dcamera_device/dmetadata_processor.cpp,12,abilityInfo,var,camera_hdf/hdi_impl/src/dcamera_device/dmetadata_processor.cpp,320,VirtualCameraHdf,['VirtualCameraHdf'],False
camera_hdf/hdi_impl/src/dcamera_device/dmetadata_processor.cpp,12,rootValue,var,camera_hdf/hdi_impl/src/dcamera_device/dmetadata_processor.cpp,387,VirtualCameraHdf,['VirtualCameraHdf'],False
camera_hdf/hdi_impl/src/dcamera_device/dmetadata_processor.cpp,12,errs,var,camera_hdf/hdi_impl/src/dcamera_device/dmetadata_processor.cpp,350,VirtualCameraHdf,['VirtualCameraHdf'],False
camera_hdf/hdi_impl/src/dcamera_device/dmetadata_processor.cpp,12,metadataStr,var,camera_hdf/hdi_impl/src/dcamera_device/dmetadata_processor.cpp,370,VirtualCameraHdf,['VirtualCameraHdf'],False
camera_hdf/hdi_impl/src/dcamera_device/dmetadata_processor.cpp,12,ret,var,camera_hdf/hdi_impl/src/dcamera_device/dmetadata_processor.cpp,384,VirtualCameraHdf,['VirtualCameraHdf'],False
camera_hdf/hdi_impl/src/dcamera_device/dmetadata_processor.cpp,12,i,var,camera_hdf/hdi_impl/src/dcamera_device/dmetadata_processor.cpp,358,VirtualCameraHdf,['VirtualCameraHdf'],False
camera_hdf/hdi_impl/src/dcamera_device/dmetadata_processor.cpp,12,count,var,camera_hdf/hdi_impl/src/dcamera_device/dmetadata_processor.cpp,344,VirtualCameraHdf,['VirtualCameraHdf'],False
camera_hdf/hdi_impl/src/dcamera_device/dmetadata_processor.cpp,12,itemEntry,var,camera_hdf/hdi_impl/src/dcamera_device/dmetadata_processor.cpp,363,VirtualCameraHdf,['VirtualCameraHdf'],False
camera_hdf/hdi_impl/src/dcamera_device/dmetadata_processor.cpp,12,position,var,camera_hdf/hdi_impl/src/dcamera_device/dmetadata_processor.cpp,377,VirtualCameraHdf,['VirtualCameraHdf'],False
camera_hdf/hdi_impl/src/dcamera_device/dmetadata_processor.cpp,12,cameraType,var,camera_hdf/hdi_impl/src/dcamera_device/dmetadata_processor.cpp,336,VirtualCameraHdf,['VirtualCameraHdf'],False
camera_hdf/hdi_impl/src/dcamera_device/dmetadata_processor.cpp,12,exposureTime,var,camera_hdf/hdi_impl/src/dcamera_device/dmetadata_processor.cpp,351,VirtualCameraHdf,['VirtualCameraHdf'],False
camera_hdf/hdi_impl/src/dcamera_device/dmetadata_processor.cpp,12,correctionGain,var,camera_hdf/hdi_impl/src/dcamera_device/dmetadata_processor.cpp,343,VirtualCameraHdf,['VirtualCameraHdf'],False
camera_hdf/hdi_impl/src/dcamera_device/dmetadata_processor.cpp,12,faceDetectMode,var,camera_hdf/hdi_impl/src/dcamera_device/dmetadata_processor.cpp,352,VirtualCameraHdf,['VirtualCameraHdf'],False
camera_hdf/hdi_impl/src/dcamera_device/dmetadata_processor.cpp,12,histogramMode,var,camera_hdf/hdi_impl/src/dcamera_device/dmetadata_processor.cpp,357,VirtualCameraHdf,['VirtualCameraHdf'],False
camera_hdf/hdi_impl/src/dcamera_device/dmetadata_processor.cpp,12,aeAntibandingMode,var,camera_hdf/hdi_impl/src/dcamera_device/dmetadata_processor.cpp,322,VirtualCameraHdf,['VirtualCameraHdf'],False
camera_hdf/hdi_impl/src/dcamera_device/dmetadata_processor.cpp,12,aeExposureCompensation,var,camera_hdf/hdi_impl/src/dcamera_device/dmetadata_processor.cpp,325,VirtualCameraHdf,['VirtualCameraHdf'],False
camera_hdf/hdi_impl/src/dcamera_device/dmetadata_processor.cpp,12,aeLock,var,camera_hdf/hdi_impl/src/dcamera_device/dmetadata_processor.cpp,326,VirtualCameraHdf,['VirtualCameraHdf'],False
camera_hdf/hdi_impl/src/dcamera_device/dmetadata_processor.cpp,12,aeMode,var,camera_hdf/hdi_impl/src/dcamera_device/dmetadata_processor.cpp,327,VirtualCameraHdf,['VirtualCameraHdf'],False
camera_hdf/hdi_impl/src/dcamera_device/dmetadata_processor.cpp,12,afMode,var,camera_hdf/hdi_impl/src/dcamera_device/dmetadata_processor.cpp,329,VirtualCameraHdf,['VirtualCameraHdf'],False
camera_hdf/hdi_impl/src/dcamera_device/dmetadata_processor.cpp,12,awbLock,var,camera_hdf/hdi_impl/src/dcamera_device/dmetadata_processor.cpp,334,VirtualCameraHdf,['VirtualCameraHdf'],False
camera_hdf/hdi_impl/src/dcamera_device/dmetadata_processor.cpp,12,awbMode,var,camera_hdf/hdi_impl/src/dcamera_device/dmetadata_processor.cpp,335,VirtualCameraHdf,['VirtualCameraHdf'],False
camera_hdf/hdi_impl/src/dcamera_device/dmetadata_processor.cpp,12,aeAntibandingModes,var,camera_hdf/hdi_impl/src/dcamera_device/dmetadata_processor.cpp,323,VirtualCameraHdf,['VirtualCameraHdf'],False
camera_hdf/hdi_impl/src/dcamera_device/dmetadata_processor.cpp,12,aeAvailableModes,var,camera_hdf/hdi_impl/src/dcamera_device/dmetadata_processor.cpp,324,VirtualCameraHdf,['VirtualCameraHdf'],False
camera_hdf/hdi_impl/src/dcamera_device/dmetadata_processor.cpp,12,compensationRange,var,camera_hdf/hdi_impl/src/dcamera_device/dmetadata_processor.cpp,337,VirtualCameraHdf,['VirtualCameraHdf'],False
camera_hdf/hdi_impl/src/dcamera_device/dmetadata_processor.cpp,12,compensationStep,var,camera_hdf/hdi_impl/src/dcamera_device/dmetadata_processor.cpp,338,VirtualCameraHdf,['VirtualCameraHdf'],False
camera_hdf/hdi_impl/src/dcamera_device/dmetadata_processor.cpp,12,afAvailableModes,var,camera_hdf/hdi_impl/src/dcamera_device/dmetadata_processor.cpp,328,VirtualCameraHdf,['VirtualCameraHdf'],False
camera_hdf/hdi_impl/src/dcamera_device/dmetadata_processor.cpp,12,awbAvailableModes,var,camera_hdf/hdi_impl/src/dcamera_device/dmetadata_processor.cpp,333,VirtualCameraHdf,['VirtualCameraHdf'],False
camera_hdf/hdi_impl/src/dcamera_device/dmetadata_processor.cpp,12,deviceExposureMode,var,camera_hdf/hdi_impl/src/dcamera_device/dmetadata_processor.cpp,347,VirtualCameraHdf,['VirtualCameraHdf'],False
camera_hdf/hdi_impl/src/dcamera_device/dmetadata_processor.cpp,12,controlExposureMode,var,camera_hdf/hdi_impl/src/dcamera_device/dmetadata_processor.cpp,340,VirtualCameraHdf,['VirtualCameraHdf'],False
camera_hdf/hdi_impl/src/dcamera_device/dmetadata_processor.cpp,12,deviceFocusModes,var,camera_hdf/hdi_impl/src/dcamera_device/dmetadata_processor.cpp,349,VirtualCameraHdf,['VirtualCameraHdf'],False
camera_hdf/hdi_impl/src/dcamera_device/dmetadata_processor.cpp,12,controlFocusMode,var,camera_hdf/hdi_impl/src/dcamera_device/dmetadata_processor.cpp,342,VirtualCameraHdf,['VirtualCameraHdf'],False
camera_hdf/hdi_impl/src/dcamera_device/dmetadata_processor.cpp,12,deviceFlashModes,var,camera_hdf/hdi_impl/src/dcamera_device/dmetadata_processor.cpp,348,VirtualCameraHdf,['VirtualCameraHdf'],False
camera_hdf/hdi_impl/src/dcamera_device/dmetadata_processor.cpp,12,controlFlashMode,var,camera_hdf/hdi_impl/src/dcamera_device/dmetadata_processor.cpp,341,VirtualCameraHdf,['VirtualCameraHdf'],False
camera_hdf/hdi_impl/src/dcamera_device/dmetadata_processor.cpp,12,zoomRatioRange,var,camera_hdf/hdi_impl/src/dcamera_device/dmetadata_processor.cpp,395,VirtualCameraHdf,['VirtualCameraHdf'],False
camera_hdf/hdi_impl/src/dcamera_device/dmetadata_processor.cpp,12,zoomRatio,var,camera_hdf/hdi_impl/src/dcamera_device/dmetadata_processor.cpp,394,VirtualCameraHdf,['VirtualCameraHdf'],False
camera_hdf/hdi_impl/src/dcamera_device/dmetadata_processor.cpp,12,activeArraySize,var,camera_hdf/hdi_impl/src/dcamera_device/dmetadata_processor.cpp,321,VirtualCameraHdf,['VirtualCameraHdf'],False
camera_hdf/hdi_impl/src/dcamera_device/dmetadata_processor.cpp,12,pixelArraySize,var,camera_hdf/hdi_impl/src/dcamera_device/dmetadata_processor.cpp,376,VirtualCameraHdf,['VirtualCameraHdf'],False
camera_hdf/hdi_impl/src/dcamera_device/dmetadata_processor.cpp,12,jpegThumbnailSizes,var,camera_hdf/hdi_impl/src/dcamera_device/dmetadata_processor.cpp,366,VirtualCameraHdf,['VirtualCameraHdf'],False
camera_hdf/hdi_impl/src/dcamera_device/dmetadata_processor.cpp,12,iter,var,camera_hdf/hdi_impl/src/dcamera_device/dmetadata_processor.cpp,364,VirtualCameraHdf,['VirtualCameraHdf'],False
camera_hdf/hdi_impl/src/dcamera_device/dmetadata_processor.cpp,12,supportedFormats,var,camera_hdf/hdi_impl/src/dcamera_device/dmetadata_processor.cpp,389,VirtualCameraHdf,['VirtualCameraHdf'],False
camera_hdf/hdi_impl/src/dcamera_device/dmetadata_processor.cpp,12,resolution,var,camera_hdf/hdi_impl/src/dcamera_device/dmetadata_processor.cpp,380,VirtualCameraHdf,['VirtualCameraHdf'],False
camera_hdf/hdi_impl/src/dcamera_device/dmetadata_processor.cpp,12,jpegMaxSize,var,camera_hdf/hdi_impl/src/dcamera_device/dmetadata_processor.cpp,365,VirtualCameraHdf,['VirtualCameraHdf'],False
camera_hdf/hdi_impl/src/dcamera_device/dmetadata_processor.cpp,12,connectionType,var,camera_hdf/hdi_impl/src/dcamera_device/dmetadata_processor.cpp,339,VirtualCameraHdf,['VirtualCameraHdf'],False
camera_hdf/hdi_impl/src/dcamera_device/dmetadata_processor.cpp,12,tag,var,camera_hdf/hdi_impl/src/dcamera_device/dmetadata_processor.cpp,390,VirtualCameraHdf,['VirtualCameraHdf'],False
camera_hdf/hdi_impl/src/dcamera_device/dmetadata_processor.cpp,12,item,var,camera_hdf/hdi_impl/src/dcamera_device/dmetadata_processor.cpp,361,VirtualCameraHdf,['VirtualCameraHdf'],False
camera_hdf/hdi_impl/src/dcamera_device/dmetadata_processor.cpp,12,data,var,camera_hdf/hdi_impl/src/dcamera_device/dmetadata_processor.cpp,345,VirtualCameraHdf,['VirtualCameraHdf'],False
camera_hdf/hdi_impl/src/dcamera_device/dmetadata_processor.cpp,12,size,var,camera_hdf/hdi_impl/src/dcamera_device/dmetadata_processor.cpp,388,VirtualCameraHdf,['VirtualCameraHdf'],False
camera_hdf/hdi_impl/src/dcamera_device/dmetadata_processor.cpp,12,ability,var,camera_hdf/hdi_impl/src/dcamera_device/dmetadata_processor.cpp,319,VirtualCameraHdf,['VirtualCameraHdf'],False
camera_hdf/hdi_impl/src/dcamera_device/dmetadata_processor.cpp,12,mode,var,camera_hdf/hdi_impl/src/dcamera_device/dmetadata_processor.cpp,371,VirtualCameraHdf,['VirtualCameraHdf'],False
camera_hdf/hdi_impl/src/dcamera_device/dmetadata_processor.cpp,12,results,var,camera_hdf/hdi_impl/src/dcamera_device/dmetadata_processor.cpp,383,VirtualCameraHdf,['VirtualCameraHdf'],False
camera_hdf/hdi_impl/src/dcamera_device/dmetadata_processor.cpp,12,anoIter,var,camera_hdf/hdi_impl/src/dcamera_device/dmetadata_processor.cpp,332,VirtualCameraHdf,['VirtualCameraHdf'],False
camera_hdf/hdi_impl/src/dcamera_device/dmetadata_processor.cpp,12,result,var,camera_hdf/hdi_impl/src/dcamera_device/dmetadata_processor.cpp,381,VirtualCameraHdf,['VirtualCameraHdf'],False
camera_hdf/hdi_impl/src/dcamera_device/dmetadata_processor.cpp,12,needReturn,var,camera_hdf/hdi_impl/src/dcamera_device/dmetadata_processor.cpp,373,VirtualCameraHdf,['VirtualCameraHdf'],False
camera_hdf/hdi_impl/src/dcamera_device/dmetadata_processor.cpp,12,itemCapacity,var,camera_hdf/hdi_impl/src/dcamera_device/dmetadata_processor.cpp,362,VirtualCameraHdf,['VirtualCameraHdf'],False
camera_hdf/hdi_impl/src/dcamera_device/dmetadata_processor.cpp,12,dataCapacity,var,camera_hdf/hdi_impl/src/dcamera_device/dmetadata_processor.cpp,346,VirtualCameraHdf,['VirtualCameraHdf'],False
camera_hdf/hdi_impl/src/dcamera_device/dmetadata_processor.cpp,12,anoItem,var,camera_hdf/hdi_impl/src/dcamera_device/dmetadata_processor.cpp,331,VirtualCameraHdf,['VirtualCameraHdf'],False
camera_hdf/hdi_impl/src/dcamera_device/dmetadata_processor.cpp,12,ret1,var,camera_hdf/hdi_impl/src/dcamera_device/dmetadata_processor.cpp,385,VirtualCameraHdf,['VirtualCameraHdf'],False
camera_hdf/hdi_impl/src/dcamera_device/dmetadata_processor.cpp,12,ret2,var,camera_hdf/hdi_impl/src/dcamera_device/dmetadata_processor.cpp,386,VirtualCameraHdf,['VirtualCameraHdf'],False
camera_hdf/hdi_impl/src/dcamera_device/dmetadata_processor.cpp,12,resultStr,var,camera_hdf/hdi_impl/src/dcamera_device/dmetadata_processor.cpp,382,VirtualCameraHdf,['VirtualCameraHdf'],False
camera_hdf/hdi_impl/src/dcamera_device/dmetadata_processor.cpp,12,ConvertToCameraMetadata,functionimpl,camera_hdf/hdi_impl/src/dcamera_device/dmetadata_processor.cpp,302,VirtualCameraHdf,['VirtualCameraHdf'],False
camera_hdf/hdi_impl/src/dcamera_device/dmetadata_processor.cpp,12,output,var,camera_hdf/hdi_impl/src/dcamera_device/dmetadata_processor.cpp,374,VirtualCameraHdf,['VirtualCameraHdf'],False
camera_hdf/hdi_impl/src/dcamera_device/dmetadata_processor.cpp,12,input,var,camera_hdf/hdi_impl/src/dcamera_device/dmetadata_processor.cpp,359,VirtualCameraHdf,['VirtualCameraHdf'],False
camera_hdf/hdi_impl/src/dcamera_device/dmetadata_processor.cpp,12,ResizeMetadataHeader,functionimpl,camera_hdf/hdi_impl/src/dcamera_device/dmetadata_processor.cpp,314,VirtualCameraHdf,['VirtualCameraHdf'],False
camera_hdf/hdi_impl/src/dcamera_device/dmetadata_processor.cpp,12,header,var,camera_hdf/hdi_impl/src/dcamera_device/dmetadata_processor.cpp,355,VirtualCameraHdf,['VirtualCameraHdf'],False
camera_hdf/hdi_impl/src/dcamera_device/dmetadata_processor.cpp,12,GetDataSize,functionimpl,camera_hdf/hdi_impl/src/dcamera_device/dmetadata_processor.cpp,307,VirtualCameraHdf,['VirtualCameraHdf'],False
camera_hdf/hdi_impl/src/dcamera_device/dmetadata_processor.cpp,12,type,var,camera_hdf/hdi_impl/src/dcamera_device/dmetadata_processor.cpp,392,VirtualCameraHdf,['VirtualCameraHdf'],False
camera_hdf/hdi_impl/src/dcamera_device/dmetadata_processor.cpp,12,allFormats,var,camera_hdf/hdi_impl/src/dcamera_device/dmetadata_processor.cpp,330,VirtualCameraHdf,['VirtualCameraHdf'],False
camera_hdf/hdi_impl/src/dcamera_device/dmetadata_processor.cpp,12,photoFormats,var,camera_hdf/hdi_impl/src/dcamera_device/dmetadata_processor.cpp,375,VirtualCameraHdf,['VirtualCameraHdf'],False
camera_hdf/hdi_impl/src/dcamera_device/dmetadata_processor.cpp,12,format,var,camera_hdf/hdi_impl/src/dcamera_device/dmetadata_processor.cpp,353,VirtualCameraHdf,['VirtualCameraHdf'],False
camera_hdf/hdi_impl/src/dcamera_device/dmetadata_processor.cpp,12,formatStr,var,camera_hdf/hdi_impl/src/dcamera_device/dmetadata_processor.cpp,354,VirtualCameraHdf,['VirtualCameraHdf'],False
camera_hdf/hdi_impl/src/dcamera_device/dmetadata_processor.cpp,12,resoStr,var,camera_hdf/hdi_impl/src/dcamera_device/dmetadata_processor.cpp,379,VirtualCameraHdf,['VirtualCameraHdf'],False
camera_hdf/hdi_impl/src/dcamera_device/dmetadata_processor.cpp,12,height,var,camera_hdf/hdi_impl/src/dcamera_device/dmetadata_processor.cpp,356,VirtualCameraHdf,['VirtualCameraHdf'],False
camera_hdf/hdi_impl/src/dcamera_device/dmetadata_processor.cpp,12,width,var,camera_hdf/hdi_impl/src/dcamera_device/dmetadata_processor.cpp,393,VirtualCameraHdf,['VirtualCameraHdf'],False
camera_hdf/hdi_impl/src/dcamera_device/dmetadata_processor.cpp,12,isPhotoFormat,var,camera_hdf/hdi_impl/src/dcamera_device/dmetadata_processor.cpp,360,VirtualCameraHdf,['VirtualCameraHdf'],False
camera_hdf/hdi_impl/src/dcamera_device/dmetadata_processor.cpp,12,PrintDCameraMetadata,functionimpl,camera_hdf/hdi_impl/src/dcamera_device/dmetadata_processor.cpp,312,VirtualCameraHdf,['VirtualCameraHdf'],False
camera_hdf/hdi_impl/src/dcamera_device/dmetadata_processor.cpp,12,metadata,var,camera_hdf/hdi_impl/src/dcamera_device/dmetadata_processor.cpp,369,VirtualCameraHdf,['VirtualCameraHdf'],False
camera_hdf/hdi_impl/src/dcamera_device/dmetadata_processor.cpp,12,tagCount,var,camera_hdf/hdi_impl/src/dcamera_device/dmetadata_processor.cpp,391,VirtualCameraHdf,['VirtualCameraHdf'],False
camera_hdf/hdi_impl/src/dcamera_device/dmetadata_processor.cpp,12,k,var,camera_hdf/hdi_impl/src/dcamera_device/dmetadata_processor.cpp,368,VirtualCameraHdf,['VirtualCameraHdf'],False
camera_hdf/hdi_impl/src/dcamera_device/dmetadata_processor.cpp,12,name,var,camera_hdf/hdi_impl/src/dcamera_device/dmetadata_processor.cpp,372,VirtualCameraHdf,['VirtualCameraHdf'],False
services/data_process/src/pipeline_node/multimedia_codec/decode_data_process_common.cpp,275,OnError,functionimpl,services/data_process/src/pipeline_node/multimedia_codec/decode_data_process_common.cpp,4377,CameraDataProcessCommon,['CameraDataProcessCommon'],False
services/data_process/include/interfaces/data_process_listener.h,257,ERROR_PIPELINE_DECODER,var,services/data_process/include/interfaces/data_process_listener.h,3943,CameraDataProcessCommon,['CameraDataProcessCommon'],False
camera_hdf/hdi_impl/include/utils/dcamera.h,10,MetaType,alias,camera_hdf/hdi_impl/include/utils/dcamera.h,251,VirtualCameraHdf,['VirtualCameraHdf'],False
camera_hdf/hdi_impl/include/dcamera_host/dcamera_host.h,2,GetInstance,functionproto,camera_hdf/hdi_impl/include/dcamera_host/dcamera_host.h,61,VirtualCameraHdf,['VirtualCameraHdf'],False
services/cameraservice/cameraoperator/client/src/listener/dcamera_photo_surface_listener.cpp,133,dcamera_photo_surface_listener,file,services/cameraservice/cameraoperator/client/src/listener/dcamera_photo_surface_listener.cpp,2062,utils,['utils'],False
services/cameraservice/cameraoperator/client/src/listener/dcamera_photo_surface_listener.cpp,133,DCameraPhotoSurfaceListener,functionimpl,services/cameraservice/cameraoperator/client/src/listener/dcamera_photo_surface_listener.cpp,2063,utils,['utils'],False
services/cameraservice/cameraoperator/client/src/listener/dcamera_photo_surface_listener.cpp,133,OnBufferAvailable,functionimpl,services/cameraservice/cameraoperator/client/src/listener/dcamera_photo_surface_listener.cpp,2064,utils,['utils'],False
services/cameraservice/sourceservice/include/distributedcamera/dcamera_service_state_listener.h,192,callbackProxy_,var,services/cameraservice/sourceservice/include/distributedcamera/dcamera_service_state_listener.h,2780,DistributedCameraSourceMgr,['DistributedCameraSourceMgr'],False
services/cameraservice/sinkservice/include/distributedcameramgr/dcamera_sink_output.h,150,DCameraSinkOutput,functionproto,services/cameraservice/sinkservice/include/distributedcameramgr/dcamera_sink_output.h,2325,DistributedCameraSinkMgr,['DistributedCameraSinkMgr'],False
services/cameraservice/sinkservice/include/distributedcameramgr/dcamera_sink_output.h,150,~DCameraSinkOutput,functionproto,services/cameraservice/sinkservice/include/distributedcameramgr/dcamera_sink_output.h,2337,DistributedCameraSinkMgr,['DistributedCameraSinkMgr'],False
services/cameraservice/sinkservice/include/distributedcameramgr/dcamera_sink_output.h,150,Init,functionproto,services/cameraservice/sinkservice/include/distributedcameramgr/dcamera_sink_output.h,2326,DistributedCameraSinkMgr,['DistributedCameraSinkMgr'],False
services/cameraservice/sinkservice/include/distributedcameramgr/dcamera_sink_output.h,150,InitInner,functionproto,services/cameraservice/sinkservice/include/distributedcameramgr/dcamera_sink_output.h,2327,DistributedCameraSinkMgr,['DistributedCameraSinkMgr'],False
services/cameraservice/sinkservice/include/distributedcameramgr/dcamera_sink_output.h,150,UnInit,functionproto,services/cameraservice/sinkservice/include/distributedcameramgr/dcamera_sink_output.h,2336,DistributedCameraSinkMgr,['DistributedCameraSinkMgr'],False
services/cameraservice/sinkservice/include/distributedcameramgr/dcamera_sink_output.h,150,OpenChannel,functionproto,services/cameraservice/sinkservice/include/distributedcameramgr/dcamera_sink_output.h,2333,DistributedCameraSinkMgr,['DistributedCameraSinkMgr'],False
services/cameraservice/sinkservice/include/distributedcameramgr/dcamera_sink_output.h,150,CloseChannel,functionproto,services/cameraservice/sinkservice/include/distributedcameramgr/dcamera_sink_output.h,2324,DistributedCameraSinkMgr,['DistributedCameraSinkMgr'],False
services/cameraservice/sinkservice/include/distributedcameramgr/dcamera_sink_output.h,150,StartCapture,functionproto,services/cameraservice/sinkservice/include/distributedcameramgr/dcamera_sink_output.h,2334,DistributedCameraSinkMgr,['DistributedCameraSinkMgr'],False
services/cameraservice/sinkservice/include/distributedcameramgr/dcamera_sink_output.h,150,StopCapture,functionproto,services/cameraservice/sinkservice/include/distributedcameramgr/dcamera_sink_output.h,2335,DistributedCameraSinkMgr,['DistributedCameraSinkMgr'],False
services/cameraservice/sinkservice/include/distributedcameramgr/dcamera_sink_output.h,150,OnVideoResult,functionproto,services/cameraservice/sinkservice/include/distributedcameramgr/dcamera_sink_output.h,2332,DistributedCameraSinkMgr,['DistributedCameraSinkMgr'],False
services/cameraservice/sinkservice/include/distributedcameramgr/dcamera_sink_output.h,150,OnPhotoResult,functionproto,services/cameraservice/sinkservice/include/distributedcameramgr/dcamera_sink_output.h,2329,DistributedCameraSinkMgr,['DistributedCameraSinkMgr'],False
services/cameraservice/sinkservice/include/distributedcameramgr/dcamera_sink_output.h,150,OnSessionState,functionproto,services/cameraservice/sinkservice/include/distributedcameramgr/dcamera_sink_output.h,2331,DistributedCameraSinkMgr,['DistributedCameraSinkMgr'],False
services/cameraservice/sinkservice/include/distributedcameramgr/dcamera_sink_output.h,150,OnSessionError,functionproto,services/cameraservice/sinkservice/include/distributedcameramgr/dcamera_sink_output.h,2330,DistributedCameraSinkMgr,['DistributedCameraSinkMgr'],False
services/cameraservice/sinkservice/include/distributedcameramgr/dcamera_sink_output.h,150,OnDataReceived,functionproto,services/cameraservice/sinkservice/include/distributedcameramgr/dcamera_sink_output.h,2328,DistributedCameraSinkMgr,['DistributedCameraSinkMgr'],False
services/cameraservice/cameraoperator/client/src/callback/dcamera_input_callback.cpp,125,dcamera_input_callback,file,services/cameraservice/cameraoperator/client/src/callback/dcamera_input_callback.cpp,1962,utils,['utils'],False
services/data_process/include/pipeline_node/multimedia_codec/decode_data_process.h,264,inputBuffersQueue_,var,services/data_process/include/pipeline_node/multimedia_codec/decode_data_process.h,4054,CameraDataProcessCommon,['CameraDataProcessCommon'],False
services/cameraservice/cameraoperator/client/include/callback/dcamera_video_callback.h,120,callback_,var,services/cameraservice/cameraoperator/client/include/callback/dcamera_video_callback.h,1924,utils,['utils'],False
services/cameraservice/sinkservice/include/distributedcameramgr/eventbus/dcamera_video_output_event.h,155,DCameraVideoOutputEvent,functionproto,services/cameraservice/sinkservice/include/distributedcameramgr/eventbus/dcamera_video_output_event.h,2371,DistributedCameraSinkMgr,['DistributedCameraSinkMgr'],False
services/data_process/include/pipeline_node/multimedia_codec/decode_video_callback.h,265,DecodeVideoCallback,type,services/data_process/include/pipeline_node/multimedia_codec/decode_video_callback.h,4064,CameraDataProcessCommon,['CameraDataProcessCommon'],False
services/data_process/include/pipeline_node/multimedia_codec/decode_data_process.h,264,DecodeSurfaceListener,type,services/data_process/include/pipeline_node/multimedia_codec/decode_data_process.h,4048,CameraDataProcessCommon,['CameraDataProcessCommon'],False
services/data_process/src/pipeline_node/multimedia_codec/decode_data_process_common.cpp,275,OnBufferAvailable,functionimpl,services/data_process/src/pipeline_node/multimedia_codec/decode_data_process_common.cpp,4376,CameraDataProcessCommon,['CameraDataProcessCommon'],False
services/data_process/src/pipeline_node/multimedia_codec/decode_data_process_common.cpp,275,~DecodeDataProcess,functionimpl,services/data_process/src/pipeline_node/multimedia_codec/decode_data_process_common.cpp,4388,CameraDataProcessCommon,['CameraDataProcessCommon'],False
services/data_process/include/pipeline_node/multimedia_codec/decode_data_process.h,264,~DecodeDataProcess,functionproto,services/data_process/include/pipeline_node/multimedia_codec/decode_data_process.h,4045,CameraDataProcessCommon,['CameraDataProcessCommon'],False
services/data_process/include/pipeline_node/multimedia_codec/decode_data_process.h,264,InitNode,functionproto,services/data_process/include/pipeline_node/multimedia_codec/decode_data_process.h,4029,CameraDataProcessCommon,['CameraDataProcessCommon'],False
services/data_process/include/pipeline_node/multimedia_codec/decode_data_process.h,264,GetAlignedHeight,functionproto,services/data_process/include/pipeline_node/multimedia_codec/decode_data_process.h,4021,CameraDataProcessCommon,['CameraDataProcessCommon'],False
services/data_process/include/pipeline_node/multimedia_codec/decode_data_process.h,264,InitCodecEvent,functionproto,services/data_process/include/pipeline_node/multimedia_codec/decode_data_process.h,4026,CameraDataProcessCommon,['CameraDataProcessCommon'],False
services/data_process/include/pipeline_node/multimedia_codec/decode_data_process.h,264,InitDecoder,functionproto,services/data_process/include/pipeline_node/multimedia_codec/decode_data_process.h,4027,CameraDataProcessCommon,['CameraDataProcessCommon'],False
services/data_process/include/pipeline_node/multimedia_codec/decode_data_process.h,264,InitDecoderMetadataFormat,functionproto,services/data_process/include/pipeline_node/multimedia_codec/decode_data_process.h,4028,CameraDataProcessCommon,['CameraDataProcessCommon'],False
services/data_process/include/pipeline_node/multimedia_codec/decode_data_process.h,264,SetDecoderOutputSurface,functionproto,services/data_process/include/pipeline_node/multimedia_codec/decode_data_process.h,4043,CameraDataProcessCommon,['CameraDataProcessCommon'],False
services/data_process/include/pipeline_node/multimedia_codec/decode_data_process.h,264,ReleaseProcessNode,functionproto,services/data_process/include/pipeline_node/multimedia_codec/decode_data_process.h,4041,CameraDataProcessCommon,['CameraDataProcessCommon'],False
services/data_process/include/pipeline_node/multimedia_codec/decode_data_process.h,264,ProcessData,functionproto,services/data_process/include/pipeline_node/multimedia_codec/decode_data_process.h,4040,CameraDataProcessCommon,['CameraDataProcessCommon'],False
services/data_process/include/pipeline_node/multimedia_codec/decode_data_process.h,264,FeedDecoderInputBuffer,functionproto,services/data_process/include/pipeline_node/multimedia_codec/decode_data_process.h,4020,CameraDataProcessCommon,['CameraDataProcessCommon'],False
services/data_process/include/pipeline_node/multimedia_codec/decode_data_process.h,264,GetDecoderTimeStamp,functionproto,services/data_process/include/pipeline_node/multimedia_codec/decode_data_process.h,4023,CameraDataProcessCommon,['CameraDataProcessCommon'],False
services/data_process/include/pipeline_node/multimedia_codec/decode_data_process.h,264,GetDecoderOutputBuffer,functionproto,services/data_process/include/pipeline_node/multimedia_codec/decode_data_process.h,4022,CameraDataProcessCommon,['CameraDataProcessCommon'],False
services/data_process/include/pipeline_node/multimedia_codec/decode_data_process.h,264,CopyDecodedImage,functionproto,services/data_process/include/pipeline_node/multimedia_codec/decode_data_process.h,4017,CameraDataProcessCommon,['CameraDataProcessCommon'],False
services/data_process/include/pipeline_node/multimedia_codec/decode_data_process.h,264,PostOutputDataBuffers,functionproto,services/data_process/include/pipeline_node/multimedia_codec/decode_data_process.h,4039,CameraDataProcessCommon,['CameraDataProcessCommon'],False
services/data_process/include/pipeline_node/multimedia_codec/decode_data_process.h,264,DecodeDone,functionproto,services/data_process/include/pipeline_node/multimedia_codec/decode_data_process.h,4019,CameraDataProcessCommon,['CameraDataProcessCommon'],False
services/data_process/include/pipeline_node/multimedia_codec/decode_data_process.h,264,OnError,functionproto,services/data_process/include/pipeline_node/multimedia_codec/decode_data_process.h,4034,CameraDataProcessCommon,['CameraDataProcessCommon'],False
services/data_process/include/pipeline_node/multimedia_codec/decode_data_process.h,264,OnInputBufferAvailable,functionproto,services/data_process/include/pipeline_node/multimedia_codec/decode_data_process.h,4036,CameraDataProcessCommon,['CameraDataProcessCommon'],False
services/data_process/include/pipeline_node/multimedia_codec/decode_data_process.h,264,OnOutputFormatChanged,functionproto,services/data_process/include/pipeline_node/multimedia_codec/decode_data_process.h,4038,CameraDataProcessCommon,['CameraDataProcessCommon'],False
services/data_process/include/pipeline_node/multimedia_codec/decode_data_process.h,264,OnOutputBufferAvailable,functionproto,services/data_process/include/pipeline_node/multimedia_codec/decode_data_process.h,4037,CameraDataProcessCommon,['CameraDataProcessCommon'],False
services/data_process/src/pipeline_node/multimedia_codec/decode_data_process_common.cpp,275,GetSourceConfig,functionimpl,services/data_process/src/pipeline_node/multimedia_codec/decode_data_process_common.cpp,4367,CameraDataProcessCommon,['CameraDataProcessCommon'],False
services/data_process/src/pipeline_node/multimedia_codec/decode_data_process_common.cpp,275,GetTargetConfig,functionimpl,services/data_process/src/pipeline_node/multimedia_codec/decode_data_process_common.cpp,4368,CameraDataProcessCommon,['CameraDataProcessCommon'],False
services/data_process/include/pipeline_node/multimedia_codec/decode_data_process.h,264,OnBufferAvailable,functionproto,services/data_process/include/pipeline_node/multimedia_codec/decode_data_process.h,4033,CameraDataProcessCommon,['CameraDataProcessCommon'],False
services/data_process/include/pipeline_node/multimedia_codec/decode_data_process.h,264,SetSurface,functionproto,services/data_process/include/pipeline_node/multimedia_codec/decode_data_process.h,4044,CameraDataProcessCommon,['CameraDataProcessCommon'],False
services/data_process/include/pipeline_node/multimedia_codec/decode_data_process.h,264,SetDecodeVideoNode,functionproto,services/data_process/include/pipeline_node/multimedia_codec/decode_data_process.h,4042,CameraDataProcessCommon,['CameraDataProcessCommon'],False
services/data_process/src/pipeline_node/multimedia_codec/decode_data_process_common.cpp,275,~DecodeSurfaceListener,functionimpl,services/data_process/src/pipeline_node/multimedia_codec/decode_data_process_common.cpp,4389,CameraDataProcessCommon,['CameraDataProcessCommon'],False
services/data_process/include/pipeline_node/multimedia_codec/decode_data_process.h,264,~DecodeSurfaceListener,functionproto,services/data_process/include/pipeline_node/multimedia_codec/decode_data_process.h,4046,CameraDataProcessCommon,['CameraDataProcessCommon'],False
camera_hdf/interfaces/hdi_ipc/client/operator/doffline_stream_operator_proxy.cpp,36,doffline_stream_operator_proxy,file,camera_hdf/interfaces/hdi_ipc/client/operator/doffline_stream_operator_proxy.cpp,860,VirtualCameraHdf,['VirtualCameraHdf'],False
camera_hdf/interfaces/hdi_ipc/client/operator/doffline_stream_operator_proxy.h,37,doffline_stream_operator_proxy,file,camera_hdf/interfaces/hdi_ipc/client/operator/doffline_stream_operator_proxy.h,870,VirtualCameraHdf,['VirtualCameraHdf'],False
camera_hdf/interfaces/hdi_ipc/client/operator/doffline_stream_operator_proxy.cpp,36,CancelCapture,functionimpl,camera_hdf/interfaces/hdi_ipc/client/operator/doffline_stream_operator_proxy.cpp,861,VirtualCameraHdf,['VirtualCameraHdf'],False
camera_hdf/interfaces/hdi_ipc/client/operator/doffline_stream_operator_proxy.h,37,CancelCapture,functionproto,camera_hdf/interfaces/hdi_ipc/client/operator/doffline_stream_operator_proxy.h,872,VirtualCameraHdf,['VirtualCameraHdf'],False
camera_hdf/interfaces/hdi_ipc/client/operator/doffline_stream_operator_proxy.cpp,36,ReleaseStreams,functionimpl,camera_hdf/interfaces/hdi_ipc/client/operator/doffline_stream_operator_proxy.cpp,863,VirtualCameraHdf,['VirtualCameraHdf'],False
camera_hdf/interfaces/hdi_ipc/client/operator/doffline_stream_operator_proxy.h,37,ReleaseStreams,functionproto,camera_hdf/interfaces/hdi_ipc/client/operator/doffline_stream_operator_proxy.h,874,VirtualCameraHdf,['VirtualCameraHdf'],False
camera_hdf/interfaces/hdi_ipc/client/operator/doffline_stream_operator_proxy.cpp,36,Release,functionimpl,camera_hdf/interfaces/hdi_ipc/client/operator/doffline_stream_operator_proxy.cpp,862,VirtualCameraHdf,['VirtualCameraHdf'],False
camera_hdf/interfaces/hdi_ipc/client/operator/doffline_stream_operator_proxy.h,37,Release,functionproto,camera_hdf/interfaces/hdi_ipc/client/operator/doffline_stream_operator_proxy.h,873,VirtualCameraHdf,['VirtualCameraHdf'],False
camera_hdf/interfaces/hdi_ipc/client/operator/doffline_stream_operator_proxy.cpp,36,data,var,camera_hdf/interfaces/hdi_ipc/client/operator/doffline_stream_operator_proxy.cpp,865,VirtualCameraHdf,['VirtualCameraHdf'],False
camera_hdf/interfaces/hdi_ipc/client/operator/doffline_stream_operator_proxy.cpp,36,captureId,var,camera_hdf/interfaces/hdi_ipc/client/operator/doffline_stream_operator_proxy.cpp,864,VirtualCameraHdf,['VirtualCameraHdf'],False
camera_hdf/interfaces/hdi_ipc/client/operator/doffline_stream_operator_proxy.cpp,36,reply,var,camera_hdf/interfaces/hdi_ipc/client/operator/doffline_stream_operator_proxy.cpp,867,VirtualCameraHdf,['VirtualCameraHdf'],False
camera_hdf/interfaces/hdi_ipc/client/operator/doffline_stream_operator_proxy.cpp,36,option,var,camera_hdf/interfaces/hdi_ipc/client/operator/doffline_stream_operator_proxy.cpp,866,VirtualCameraHdf,['VirtualCameraHdf'],False
camera_hdf/interfaces/hdi_ipc/client/operator/doffline_stream_operator_proxy.cpp,36,ret,var,camera_hdf/interfaces/hdi_ipc/client/operator/doffline_stream_operator_proxy.cpp,868,VirtualCameraHdf,['VirtualCameraHdf'],False
camera_hdf/interfaces/hdi_ipc/client/operator/doffline_stream_operator_proxy.cpp,36,streamIds,var,camera_hdf/interfaces/hdi_ipc/client/operator/doffline_stream_operator_proxy.cpp,869,VirtualCameraHdf,['VirtualCameraHdf'],False
services/cameraservice/sourceservice/include/distributedcameramgr/dcameradata/dcamera_source_input.h,202,DCameraSourceInput,functionproto,services/cameraservice/sourceservice/include/distributedcameramgr/dcameradata/dcamera_source_input.h,2939,DistributedCameraSourceMgr,['DistributedCameraSourceMgr'],False
services/cameraservice/sourceservice/include/distributedcameramgr/dcameradata/dcamera_source_input.h,202,~DCameraSourceInput,functionproto,services/cameraservice/sourceservice/include/distributedcameramgr/dcameradata/dcamera_source_input.h,2951,DistributedCameraSourceMgr,['DistributedCameraSourceMgr'],False
services/cameraservice/sourceservice/include/distributedcameramgr/dcameradata/dcamera_source_input.h,202,ConfigStreams,functionproto,services/cameraservice/sourceservice/include/distributedcameramgr/dcameradata/dcamera_source_input.h,2938,DistributedCameraSourceMgr,['DistributedCameraSourceMgr'],False
services/cameraservice/sourceservice/include/distributedcameramgr/dcameradata/dcamera_source_input.h,202,ReleaseStreams,functionproto,services/cameraservice/sourceservice/include/distributedcameramgr/dcameradata/dcamera_source_input.h,2946,DistributedCameraSourceMgr,['DistributedCameraSourceMgr'],False
services/cameraservice/sourceservice/include/distributedcameramgr/dcameradata/dcamera_source_input.h,202,StartCapture,functionproto,services/cameraservice/sourceservice/include/distributedcameramgr/dcameradata/dcamera_source_input.h,2947,DistributedCameraSourceMgr,['DistributedCameraSourceMgr'],False
services/cameraservice/sourceservice/include/distributedcameramgr/dcameradata/dcamera_source_input.h,202,StopCapture,functionproto,services/cameraservice/sourceservice/include/distributedcameramgr/dcameradata/dcamera_source_input.h,2948,DistributedCameraSourceMgr,['DistributedCameraSourceMgr'],False
services/cameraservice/sourceservice/include/distributedcameramgr/dcameradata/dcamera_source_input.h,202,OpenChannel,functionproto,services/cameraservice/sourceservice/include/distributedcameramgr/dcameradata/dcamera_source_input.h,2944,DistributedCameraSourceMgr,['DistributedCameraSourceMgr'],False
services/cameraservice/sourceservice/include/distributedcameramgr/dcameradata/dcamera_source_input.h,202,CloseChannel,functionproto,services/cameraservice/sourceservice/include/distributedcameramgr/dcameradata/dcamera_source_input.h,2937,DistributedCameraSourceMgr,['DistributedCameraSourceMgr'],False
services/cameraservice/sourceservice/include/distributedcameramgr/dcameradata/dcamera_source_input.h,202,Init,functionproto,services/cameraservice/sourceservice/include/distributedcameramgr/dcameradata/dcamera_source_input.h,2940,DistributedCameraSourceMgr,['DistributedCameraSourceMgr'],False
services/cameraservice/sourceservice/include/distributedcameramgr/dcameradata/dcamera_source_input.h,202,UnInit,functionproto,services/cameraservice/sourceservice/include/distributedcameramgr/dcameradata/dcamera_source_input.h,2949,DistributedCameraSourceMgr,['DistributedCameraSourceMgr'],False
services/cameraservice/sourceservice/include/distributedcameramgr/dcameradata/dcamera_source_input.h,202,UpdateSettings,functionproto,services/cameraservice/sourceservice/include/distributedcameramgr/dcameradata/dcamera_source_input.h,2950,DistributedCameraSourceMgr,['DistributedCameraSourceMgr'],False
services/cameraservice/sourceservice/include/distributedcameramgr/dcameradata/dcamera_source_input.h,202,ReleaseAllStreams,functionproto,services/cameraservice/sourceservice/include/distributedcameramgr/dcameradata/dcamera_source_input.h,2945,DistributedCameraSourceMgr,['DistributedCameraSourceMgr'],False
services/cameraservice/sinkservice/include/distributedcameramgr/callback/dcamera_sink_output_result_callback.h,145,DCameraSinkOutputResultCallback,type,services/cameraservice/sinkservice/include/distributedcameramgr/callback/dcamera_sink_output_result_callback.h,2257,DistributedCameraSinkMgr,['DistributedCameraSinkMgr'],False
services/cameraservice/sourceservice/include/distributedcameramgr/dcamerastate/dcamera_source_state.h,216,GetStateType,functionproto,services/cameraservice/sourceservice/include/distributedcameramgr/dcamerastate/dcamera_source_state.h,3104,DistributedCameraSourceMgr,['DistributedCameraSourceMgr'],False
services/cameraservice/sourceservice/include/distributedcameramgr/dcamerastate/dcamera_source_state.h,216,,type,services/cameraservice/sourceservice/include/distributedcameramgr/dcamerastate/dcamera_source_state.h,3105,DistributedCameraSourceMgr,['DistributedCameraSourceMgr'],False
camera_hdf/hdi_impl/include/dcamera_device/dmetadata_processor.h,1,ConvertToCameraMetadata,functionproto,camera_hdf/hdi_impl/include/dcamera_device/dmetadata_processor.h,33,VirtualCameraHdf,['VirtualCameraHdf'],False
camera_hdf/hdi_impl/include/dcamera_device/dmetadata_processor.h,1,ResizeMetadataHeader,functionproto,camera_hdf/hdi_impl/include/dcamera_device/dmetadata_processor.h,45,VirtualCameraHdf,['VirtualCameraHdf'],False
camera_hdf/hdi_impl/include/dcamera_device/dmetadata_processor.h,1,GetDataSize,functionproto,camera_hdf/hdi_impl/include/dcamera_device/dmetadata_processor.h,38,VirtualCameraHdf,['VirtualCameraHdf'],False
camera_hdf/hdi_impl/include/dcamera_device/dmetadata_processor.h,1,GetDCameraSupportedFormats,functionproto,camera_hdf/hdi_impl/include/dcamera_device/dmetadata_processor.h,37,VirtualCameraHdf,['VirtualCameraHdf'],False
camera_hdf/hdi_impl/include/dcamera_device/dmetadata_processor.h,1,PrintDCameraMetadata,functionproto,camera_hdf/hdi_impl/include/dcamera_device/dmetadata_processor.h,43,VirtualCameraHdf,['VirtualCameraHdf'],False
camera_hdf/hdi_impl/include/utils/constants.h,9,DEFAULT_ENTRY_CAPACITY,var,camera_hdf/hdi_impl/include/utils/constants.h,224,VirtualCameraHdf,['VirtualCameraHdf'],False
camera_hdf/hdi_impl/include/utils/constants.h,9,DEFAULT_DATA_CAPACITY,var,camera_hdf/hdi_impl/include/utils/constants.h,223,VirtualCameraHdf,['VirtualCameraHdf'],False
camera_hdf/hdi_impl/include/utils/constants.h,9,MIN_SUPPORT_DEFAULT_FPS,var,camera_hdf/hdi_impl/include/utils/constants.h,239,VirtualCameraHdf,['VirtualCameraHdf'],False
camera_hdf/hdi_impl/include/utils/constants.h,9,MAX_SUPPORT_DEFAULT_FPS,var,camera_hdf/hdi_impl/include/utils/constants.h,234,VirtualCameraHdf,['VirtualCameraHdf'],False
camera_hdf/hdi_impl/include/utils/constants.h,9,DEGREE_240,var,camera_hdf/hdi_impl/include/utils/constants.h,226,VirtualCameraHdf,['VirtualCameraHdf'],False
camera_hdf/hdi_impl/include/utils/constants.h,9,DEGREE_180,var,camera_hdf/hdi_impl/include/utils/constants.h,225,VirtualCameraHdf,['VirtualCameraHdf'],False
camera_hdf/hdi_impl/include/utils/constants.h,9,MAX_FRAME_DURATION,var,camera_hdf/hdi_impl/include/utils/constants.h,233,VirtualCameraHdf,['VirtualCameraHdf'],False
services/cameraservice/sourceservice/include/distributedcameramgr/dcamera_source_event.h,197,DCameraRegistParam,functionimpl,services/cameraservice/sourceservice/include/distributedcameramgr/dcamera_source_event.h,2857,DistributedCameraSourceMgr,['DistributedCameraSourceMgr'],False
services/cameraservice/sourceservice/include/distributedcameramgr/dcamera_source_event.h,197,devId,var,services/cameraservice/sourceservice/include/distributedcameramgr/dcamera_source_event.h,2872,DistributedCameraSourceMgr,['DistributedCameraSourceMgr'],False
services/cameraservice/sourceservice/include/distributedcameramgr/dcamera_source_event.h,197,dhId,var,services/cameraservice/sourceservice/include/distributedcameramgr/dcamera_source_event.h,2873,DistributedCameraSourceMgr,['DistributedCameraSourceMgr'],False
services/cameraservice/sourceservice/include/distributedcameramgr/dcamera_source_event.h,197,reqId,var,services/cameraservice/sourceservice/include/distributedcameramgr/dcamera_source_event.h,2878,DistributedCameraSourceMgr,['DistributedCameraSourceMgr'],False
services/cameraservice/sourceservice/include/distributedcameramgr/dcamera_source_event.h,197,param,var,services/cameraservice/sourceservice/include/distributedcameramgr/dcamera_source_event.h,2877,DistributedCameraSourceMgr,['DistributedCameraSourceMgr'],False
services/cameraservice/sourceservice/include/distributedcameramgr/dcamera_source_event.h,197,sender,var,services/cameraservice/sourceservice/include/distributedcameramgr/dcamera_source_event.h,2879,DistributedCameraSourceMgr,['DistributedCameraSourceMgr'],False
services/cameraservice/sourceservice/include/distributedcameramgr/dcamera_source_event.h,197,eventType,var,services/cameraservice/sourceservice/include/distributedcameramgr/dcamera_source_event.h,2875,DistributedCameraSourceMgr,['DistributedCameraSourceMgr'],False
services/cameraservice/sourceservice/include/distributedcameramgr/dcamera_source_event.h,197,eventParam_,var,services/cameraservice/sourceservice/include/distributedcameramgr/dcamera_source_event.h,2874,DistributedCameraSourceMgr,['DistributedCameraSourceMgr'],False
services/cameraservice/sourceservice/include/distributedcameramgr/dcamera_source_event.h,197,index,var,services/cameraservice/sourceservice/include/distributedcameramgr/dcamera_source_event.h,2876,DistributedCameraSourceMgr,['DistributedCameraSourceMgr'],False
services/cameraservice/sourceservice/include/distributedcameramgr/dcamera_source_event.h,197,streamInfos,var,services/cameraservice/sourceservice/include/distributedcameramgr/dcamera_source_event.h,2882,DistributedCameraSourceMgr,['DistributedCameraSourceMgr'],False
services/cameraservice/sourceservice/include/distributedcameramgr/dcamera_source_event.h,197,captureInfos,var,services/cameraservice/sourceservice/include/distributedcameramgr/dcamera_source_event.h,2871,DistributedCameraSourceMgr,['DistributedCameraSourceMgr'],False
services/cameraservice/sourceservice/include/distributedcameramgr/dcamera_source_event.h,197,settings,var,services/cameraservice/sourceservice/include/distributedcameramgr/dcamera_source_event.h,2880,DistributedCameraSourceMgr,['DistributedCameraSourceMgr'],False
services/cameraservice/sourceservice/include/distributedcameramgr/dcamera_source_event.h,197,streamIds,var,services/cameraservice/sourceservice/include/distributedcameramgr/dcamera_source_event.h,2881,DistributedCameraSourceMgr,['DistributedCameraSourceMgr'],False
services/cameraservice/sourceservice/include/distributedcameramgr/dcamera_source_event.h,197,camEvent,var,services/cameraservice/sourceservice/include/distributedcameramgr/dcamera_source_event.h,2870,DistributedCameraSourceMgr,['DistributedCameraSourceMgr'],False
services/cameraservice/sourceservice/include/distributedcameramgr/dcamera_source_event.h,197,,type,services/cameraservice/sourceservice/include/distributedcameramgr/dcamera_source_event.h,2867,DistributedCameraSourceMgr,['DistributedCameraSourceMgr'],False
services/cameraservice/sinkservice/include/distributedcamera/distributed_camera_sink_stub.h,143,distributed_camera_sink_stub,file,services/cameraservice/sinkservice/include/distributedcamera/distributed_camera_sink_stub.h,2232,DistributedCameraSinkMgr,['DistributedCameraSinkMgr'],False
services/cameraservice/sinkservice/include/distributedcamera/distributed_camera_sink_stub.h,143,DistributedCameraSinkStub,functionproto,services/cameraservice/sinkservice/include/distributedcamera/distributed_camera_sink_stub.h,2235,DistributedCameraSinkMgr,['DistributedCameraSinkMgr'],False
services/cameraservice/sinkservice/include/distributedcamera/distributed_camera_sink_stub.h,143,~DistributedCameraSinkStub,functionproto,services/cameraservice/sinkservice/include/distributedcamera/distributed_camera_sink_stub.h,2244,DistributedCameraSinkMgr,['DistributedCameraSinkMgr'],False
services/cameraservice/sinkservice/include/distributedcamera/distributed_camera_sink_stub.h,143,OnRemoteRequest,functionproto,services/cameraservice/sinkservice/include/distributedcamera/distributed_camera_sink_stub.h,2238,DistributedCameraSinkMgr,['DistributedCameraSinkMgr'],False
services/cameraservice/sinkservice/include/distributedcamera/distributed_camera_sink_stub.h,143,InitSinkInner,functionproto,services/cameraservice/sinkservice/include/distributedcamera/distributed_camera_sink_stub.h,2237,DistributedCameraSinkMgr,['DistributedCameraSinkMgr'],False
services/cameraservice/sinkservice/include/distributedcamera/distributed_camera_sink_stub.h,143,ReleaseSinkInner,functionproto,services/cameraservice/sinkservice/include/distributedcamera/distributed_camera_sink_stub.h,2240,DistributedCameraSinkMgr,['DistributedCameraSinkMgr'],False
services/cameraservice/sinkservice/include/distributedcamera/distributed_camera_sink_stub.h,143,SubscribeLocalHardwareInner,functionproto,services/cameraservice/sinkservice/include/distributedcamera/distributed_camera_sink_stub.h,2242,DistributedCameraSinkMgr,['DistributedCameraSinkMgr'],False
services/cameraservice/sinkservice/include/distributedcamera/distributed_camera_sink_stub.h,143,UnsubscribeLocalHardwareInner,functionproto,services/cameraservice/sinkservice/include/distributedcamera/distributed_camera_sink_stub.h,2243,DistributedCameraSinkMgr,['DistributedCameraSinkMgr'],False
services/cameraservice/sinkservice/include/distributedcamera/distributed_camera_sink_stub.h,143,StopCaptureInner,functionproto,services/cameraservice/sinkservice/include/distributedcamera/distributed_camera_sink_stub.h,2241,DistributedCameraSinkMgr,['DistributedCameraSinkMgr'],False
services/cameraservice/sinkservice/include/distributedcamera/distributed_camera_sink_stub.h,143,ChannelNegInner,functionproto,services/cameraservice/sinkservice/include/distributedcamera/distributed_camera_sink_stub.h,2233,DistributedCameraSinkMgr,['DistributedCameraSinkMgr'],False
services/cameraservice/sinkservice/include/distributedcamera/distributed_camera_sink_stub.h,143,GetCameraInfoInner,functionproto,services/cameraservice/sinkservice/include/distributedcamera/distributed_camera_sink_stub.h,2236,DistributedCameraSinkMgr,['DistributedCameraSinkMgr'],False
services/cameraservice/sinkservice/include/distributedcamera/distributed_camera_sink_stub.h,143,OpenChannelInner,functionproto,services/cameraservice/sinkservice/include/distributedcamera/distributed_camera_sink_stub.h,2239,DistributedCameraSinkMgr,['DistributedCameraSinkMgr'],False
services/cameraservice/sinkservice/include/distributedcamera/distributed_camera_sink_stub.h,143,CloseChannelInner,functionproto,services/cameraservice/sinkservice/include/distributedcamera/distributed_camera_sink_stub.h,2234,DistributedCameraSinkMgr,['DistributedCameraSinkMgr'],False
interfaces/inner_kits/native_cpp/camera_sink/src/distributed_camera_sink_proxy.cpp,87,distributed_camera_sink_proxy,file,interfaces/inner_kits/native_cpp/camera_sink/src/distributed_camera_sink_proxy.cpp,1593,DistributedCameraSinkMgr,['DistributedCameraSinkMgr'],False
services/cameraservice/sourceservice/include/distributedcameramgr/dcameradata/dcamera_stream_data_process_producer.h,206,buffers_,var,services/cameraservice/sourceservice/include/distributedcameramgr/dcameradata/dcamera_stream_data_process_producer.h,3004,DistributedCameraSourceMgr,['DistributedCameraSourceMgr'],False
interfaces/inner_kits/native_cpp/camera_sink/src/dcamera_sink_handler_ipc.cpp,86,dcamera_sink_handler_ipc,file,interfaces/inner_kits/native_cpp/camera_sink/src/dcamera_sink_handler_ipc.cpp,1580,DistributedCameraSinkMgr,['DistributedCameraSinkMgr'],False
interfaces/inner_kits/native_cpp/camera_sink/src/dcamera_sink_handler_ipc.cpp,86,GetSinkLocalDHMS,functionimpl,interfaces/inner_kits/native_cpp/camera_sink/src/dcamera_sink_handler_ipc.cpp,1583,DistributedCameraSinkMgr,['DistributedCameraSinkMgr'],False
common/include/constants/distributed_camera_constants.h,74,DISTRIBUTED_HARDWARE_CAMERA_SINK_SA_ID,var,common/include/constants/distributed_camera_constants.h,1438,utils,['utils'],False
camera_hdf/hdi_impl/src/dcamera_host/dcamera_host.cpp,13,AddDCameraDevice,functionimpl,camera_hdf/hdi_impl/src/dcamera_host/dcamera_host.cpp,397,VirtualCameraHdf,['VirtualCameraHdf'],False
camera_hdf/hdi_impl/src/dcamera_host/dcamera_host.cpp,13,RemoveDCameraDevice,functionimpl,camera_hdf/hdi_impl/src/dcamera_host/dcamera_host.cpp,406,VirtualCameraHdf,['VirtualCameraHdf'],False
camera_hdf/interfaces/include/types.h,73,_DHBase,type,camera_hdf/interfaces/include/types.h,1390,VirtualCameraHdf,['VirtualCameraHdf'],False
camera_hdf/hdi_impl/src/dcamera_host/dcamera_host.cpp,13,GetCameraIdByDHBase,functionimpl,camera_hdf/hdi_impl/src/dcamera_host/dcamera_host.cpp,399,VirtualCameraHdf,['VirtualCameraHdf'],False
services/cameraservice/sinkservice/include/distributedcameramgr/listener/dcamera_sink_controller_channel_listener.h,159,controller_,var,services/cameraservice/sinkservice/include/distributedcameramgr/listener/dcamera_sink_controller_channel_listener.h,2387,DistributedCameraSinkMgr,['DistributedCameraSinkMgr'],False
services/cameraservice/cameraoperator/client/src/listener/dcamera_photo_surface_listener.cpp,133,surface,var,services/cameraservice/cameraoperator/client/src/listener/dcamera_photo_surface_listener.cpp,2071,utils,['utils'],False
services/cameraservice/cameraoperator/client/src/listener/dcamera_photo_surface_listener.cpp,133,callback,var,services/cameraservice/cameraoperator/client/src/listener/dcamera_photo_surface_listener.cpp,2066,utils,['utils'],False
services/cameraservice/cameraoperator/client/src/listener/dcamera_photo_surface_listener.cpp,133,flushFence,var,services/cameraservice/cameraoperator/client/src/listener/dcamera_photo_surface_listener.cpp,2068,utils,['utils'],False
services/cameraservice/cameraoperator/client/src/listener/dcamera_photo_surface_listener.cpp,133,timestamp,var,services/cameraservice/cameraoperator/client/src/listener/dcamera_photo_surface_listener.cpp,2072,utils,['utils'],False
services/cameraservice/cameraoperator/client/src/listener/dcamera_photo_surface_listener.cpp,133,damage,var,services/cameraservice/cameraoperator/client/src/listener/dcamera_photo_surface_listener.cpp,2067,utils,['utils'],False
services/cameraservice/cameraoperator/client/src/listener/dcamera_photo_surface_listener.cpp,133,address,var,services/cameraservice/cameraoperator/client/src/listener/dcamera_photo_surface_listener.cpp,2065,utils,['utils'],False
services/cameraservice/cameraoperator/client/src/listener/dcamera_photo_surface_listener.cpp,133,size,var,services/cameraservice/cameraoperator/client/src/listener/dcamera_photo_surface_listener.cpp,2070,utils,['utils'],False
services/cameraservice/cameraoperator/client/src/listener/dcamera_photo_surface_listener.cpp,133,ret,var,services/cameraservice/cameraoperator/client/src/listener/dcamera_photo_surface_listener.cpp,2069,utils,['utils'],False
camera_hdf/hdi_impl/src/utils/dcamera.cpp,20,retCode,var,camera_hdf/hdi_impl/src/utils/dcamera.cpp,666,VirtualCameraHdf,['VirtualCameraHdf'],False
camera_hdf/hdi_impl/src/utils/dcamera.cpp,20,MapToInternalRetCode,functionimpl,camera_hdf/hdi_impl/src/utils/dcamera.cpp,661,VirtualCameraHdf,['VirtualCameraHdf'],False
camera_hdf/hdi_impl/src/utils/dcamera.cpp,20,tmp,var,camera_hdf/hdi_impl/src/utils/dcamera.cpp,668,VirtualCameraHdf,['VirtualCameraHdf'],False
camera_hdf/hdi_impl/src/utils/dcamera.cpp,20,str,var,camera_hdf/hdi_impl/src/utils/dcamera.cpp,667,VirtualCameraHdf,['VirtualCameraHdf'],False
camera_hdf/hdi_impl/src/utils/dcamera.cpp,20,delimiters,var,camera_hdf/hdi_impl/src/utils/dcamera.cpp,663,VirtualCameraHdf,['VirtualCameraHdf'],False
camera_hdf/hdi_impl/src/utils/dcamera.cpp,20,pos,var,camera_hdf/hdi_impl/src/utils/dcamera.cpp,665,VirtualCameraHdf,['VirtualCameraHdf'],False
camera_hdf/hdi_impl/src/utils/dcamera.cpp,20,tokens,var,camera_hdf/hdi_impl/src/utils/dcamera.cpp,669,VirtualCameraHdf,['VirtualCameraHdf'],False
camera_hdf/hdi_impl/src/utils/dcamera.cpp,20,lastPos,var,camera_hdf/hdi_impl/src/utils/dcamera.cpp,664,VirtualCameraHdf,['VirtualCameraHdf'],False
services/cameraservice/base/include/dcamera_capture_info_cmd.h,100,Unmarshal,functionproto,services/cameraservice/base/include/dcamera_capture_info_cmd.h,1752,CameraServiceCommon,['CameraServiceCommon'],False
interfaces/inner_kits/native_cpp/camera_sink/src/distributed_camera_sink_proxy.cpp,87,InitSink,functionimpl,interfaces/inner_kits/native_cpp/camera_sink/src/distributed_camera_sink_proxy.cpp,1597,DistributedCameraSinkMgr,['DistributedCameraSinkMgr'],False
interfaces/inner_kits/native_cpp/camera_sink/src/distributed_camera_sink_proxy.cpp,87,data,var,interfaces/inner_kits/native_cpp/camera_sink/src/distributed_camera_sink_proxy.cpp,1605,DistributedCameraSinkMgr,['DistributedCameraSinkMgr'],False
interfaces/inner_kits/native_cpp/camera_sink/src/distributed_camera_sink_proxy.cpp,87,params,var,interfaces/inner_kits/native_cpp/camera_sink/src/distributed_camera_sink_proxy.cpp,1610,DistributedCameraSinkMgr,['DistributedCameraSinkMgr'],False
interfaces/inner_kits/native_cpp/camera_sink/src/distributed_camera_sink_proxy.cpp,87,reply,var,interfaces/inner_kits/native_cpp/camera_sink/src/distributed_camera_sink_proxy.cpp,1611,DistributedCameraSinkMgr,['DistributedCameraSinkMgr'],False
interfaces/inner_kits/native_cpp/camera_sink/src/distributed_camera_sink_proxy.cpp,87,option,var,interfaces/inner_kits/native_cpp/camera_sink/src/distributed_camera_sink_proxy.cpp,1608,DistributedCameraSinkMgr,['DistributedCameraSinkMgr'],False
interfaces/inner_kits/native_cpp/camera_sink/src/distributed_camera_sink_proxy.cpp,87,result,var,interfaces/inner_kits/native_cpp/camera_sink/src/distributed_camera_sink_proxy.cpp,1612,DistributedCameraSinkMgr,['DistributedCameraSinkMgr'],False
interfaces/inner_kits/native_cpp/camera_sink/src/distributed_camera_sink_proxy.cpp,87,ReleaseSink,functionimpl,interfaces/inner_kits/native_cpp/camera_sink/src/distributed_camera_sink_proxy.cpp,1599,DistributedCameraSinkMgr,['DistributedCameraSinkMgr'],False
interfaces/inner_kits/native_cpp/camera_sink/src/distributed_camera_sink_proxy.cpp,87,SubscribeLocalHardware,functionimpl,interfaces/inner_kits/native_cpp/camera_sink/src/distributed_camera_sink_proxy.cpp,1601,DistributedCameraSinkMgr,['DistributedCameraSinkMgr'],False
interfaces/inner_kits/native_cpp/camera_sink/src/distributed_camera_sink_proxy.cpp,87,dhId,var,interfaces/inner_kits/native_cpp/camera_sink/src/distributed_camera_sink_proxy.cpp,1606,DistributedCameraSinkMgr,['DistributedCameraSinkMgr'],False
interfaces/inner_kits/native_cpp/camera_sink/src/distributed_camera_sink_proxy.cpp,87,parameters,var,interfaces/inner_kits/native_cpp/camera_sink/src/distributed_camera_sink_proxy.cpp,1609,DistributedCameraSinkMgr,['DistributedCameraSinkMgr'],False
interfaces/inner_kits/native_cpp/camera_sink/src/distributed_camera_sink_proxy.cpp,87,UnsubscribeLocalHardware,functionimpl,interfaces/inner_kits/native_cpp/camera_sink/src/distributed_camera_sink_proxy.cpp,1602,DistributedCameraSinkMgr,['DistributedCameraSinkMgr'],False
interfaces/inner_kits/native_cpp/camera_sink/src/distributed_camera_sink_proxy.cpp,87,StopCapture,functionimpl,interfaces/inner_kits/native_cpp/camera_sink/src/distributed_camera_sink_proxy.cpp,1600,DistributedCameraSinkMgr,['DistributedCameraSinkMgr'],False
interfaces/inner_kits/native_cpp/camera_sink/src/distributed_camera_sink_proxy.cpp,87,ChannelNeg,functionimpl,interfaces/inner_kits/native_cpp/camera_sink/src/distributed_camera_sink_proxy.cpp,1594,DistributedCameraSinkMgr,['DistributedCameraSinkMgr'],False
interfaces/inner_kits/native_cpp/camera_sink/src/distributed_camera_sink_proxy.cpp,87,channelInfo,var,interfaces/inner_kits/native_cpp/camera_sink/src/distributed_camera_sink_proxy.cpp,1604,DistributedCameraSinkMgr,['DistributedCameraSinkMgr'],False
interfaces/inner_kits/native_cpp/camera_sink/src/distributed_camera_sink_proxy.cpp,87,GetCameraInfo,functionimpl,interfaces/inner_kits/native_cpp/camera_sink/src/distributed_camera_sink_proxy.cpp,1596,DistributedCameraSinkMgr,['DistributedCameraSinkMgr'],False
interfaces/inner_kits/native_cpp/camera_sink/src/distributed_camera_sink_proxy.cpp,87,cameraInfo,var,interfaces/inner_kits/native_cpp/camera_sink/src/distributed_camera_sink_proxy.cpp,1603,DistributedCameraSinkMgr,['DistributedCameraSinkMgr'],False
interfaces/inner_kits/native_cpp/camera_sink/src/distributed_camera_sink_proxy.cpp,87,OpenChannel,functionimpl,interfaces/inner_kits/native_cpp/camera_sink/src/distributed_camera_sink_proxy.cpp,1598,DistributedCameraSinkMgr,['DistributedCameraSinkMgr'],False
interfaces/inner_kits/native_cpp/camera_sink/src/distributed_camera_sink_proxy.cpp,87,openInfo,var,interfaces/inner_kits/native_cpp/camera_sink/src/distributed_camera_sink_proxy.cpp,1607,DistributedCameraSinkMgr,['DistributedCameraSinkMgr'],False
interfaces/inner_kits/native_cpp/camera_sink/src/distributed_camera_sink_proxy.cpp,87,CloseChannel,functionimpl,interfaces/inner_kits/native_cpp/camera_sink/src/distributed_camera_sink_proxy.cpp,1595,DistributedCameraSinkMgr,['DistributedCameraSinkMgr'],False
services/cameraservice/base/include/dcamera_protocol.h,106,DCAMERA_PROTOCOL_CMD_STATE_NOTIFY,var,services/cameraservice/base/include/dcamera_protocol.h,1800,CameraServiceCommon,['CameraServiceCommon'],False
services/cameraservice/sourceservice/include/distributedcameramgr/dcameracontrol/dcamera_source_controller.h,199,indexs_,var,services/cameraservice/sourceservice/include/distributedcameramgr/dcameracontrol/dcamera_source_controller.h,2915,DistributedCameraSourceMgr,['DistributedCameraSourceMgr'],False
services/cameraservice/base/src/dcamera_capture_info_cmd.cpp,108,Unmarshal,functionimpl,services/cameraservice/base/src/dcamera_capture_info_cmd.cpp,1810,CameraServiceCommon,['CameraServiceCommon'],False
interfaces/inner_kits/native_cpp/camera_sink/include/distributed_camera_sink_proxy.h,83,InitSink,functionproto,interfaces/inner_kits/native_cpp/camera_sink/include/distributed_camera_sink_proxy.h,1558,DistributedCameraSinkMgr,['DistributedCameraSinkMgr'],False
interfaces/inner_kits/native_cpp/camera_sink/include/distributed_camera_sink_proxy.h,83,ReleaseSink,functionproto,interfaces/inner_kits/native_cpp/camera_sink/include/distributed_camera_sink_proxy.h,1560,DistributedCameraSinkMgr,['DistributedCameraSinkMgr'],False
interfaces/inner_kits/native_cpp/camera_sink/include/distributed_camera_sink_proxy.h,83,SubscribeLocalHardware,functionproto,interfaces/inner_kits/native_cpp/camera_sink/include/distributed_camera_sink_proxy.h,1562,DistributedCameraSinkMgr,['DistributedCameraSinkMgr'],False
interfaces/inner_kits/native_cpp/camera_sink/include/distributed_camera_sink_proxy.h,83,UnsubscribeLocalHardware,functionproto,interfaces/inner_kits/native_cpp/camera_sink/include/distributed_camera_sink_proxy.h,1563,DistributedCameraSinkMgr,['DistributedCameraSinkMgr'],False
interfaces/inner_kits/native_cpp/camera_sink/include/distributed_camera_sink_proxy.h,83,StopCapture,functionproto,interfaces/inner_kits/native_cpp/camera_sink/include/distributed_camera_sink_proxy.h,1561,DistributedCameraSinkMgr,['DistributedCameraSinkMgr'],False
interfaces/inner_kits/native_cpp/camera_sink/include/distributed_camera_sink_proxy.h,83,ChannelNeg,functionproto,interfaces/inner_kits/native_cpp/camera_sink/include/distributed_camera_sink_proxy.h,1555,DistributedCameraSinkMgr,['DistributedCameraSinkMgr'],False
interfaces/inner_kits/native_cpp/camera_sink/include/distributed_camera_sink_proxy.h,83,GetCameraInfo,functionproto,interfaces/inner_kits/native_cpp/camera_sink/include/distributed_camera_sink_proxy.h,1557,DistributedCameraSinkMgr,['DistributedCameraSinkMgr'],False
interfaces/inner_kits/native_cpp/camera_sink/include/distributed_camera_sink_proxy.h,83,OpenChannel,functionproto,interfaces/inner_kits/native_cpp/camera_sink/include/distributed_camera_sink_proxy.h,1559,DistributedCameraSinkMgr,['DistributedCameraSinkMgr'],False
interfaces/inner_kits/native_cpp/camera_sink/include/distributed_camera_sink_proxy.h,83,CloseChannel,functionproto,interfaces/inner_kits/native_cpp/camera_sink/include/distributed_camera_sink_proxy.h,1556,DistributedCameraSinkMgr,['DistributedCameraSinkMgr'],False
services/cameraservice/base/src/dcamera_capture_info_cmd.cpp,108,dcamera_capture_info_cmd,file,services/cameraservice/base/src/dcamera_capture_info_cmd.cpp,1806,CameraServiceCommon,['CameraServiceCommon'],False
interfaces/inner_kits/native_cpp/camera_source/src/callback/dcamera_source_callback.cpp,95,~DCameraSourceCallback,functionimpl,interfaces/inner_kits/native_cpp/camera_source/src/callback/dcamera_source_callback.cpp,1674,DistributedCameraSourceMgr,['DistributedCameraSourceMgr'],False
interfaces/inner_kits/native_cpp/camera_source/include/callback/dcamera_source_callback.h,88,~DCameraSourceCallback,functionproto,interfaces/inner_kits/native_cpp/camera_source/include/callback/dcamera_source_callback.h,1620,DistributedCameraSourceMgr,['DistributedCameraSourceMgr'],False
interfaces/inner_kits/native_cpp/camera_source/src/callback/dcamera_source_callback.cpp,95,OnNotifyRegResult,functionimpl,interfaces/inner_kits/native_cpp/camera_source/src/callback/dcamera_source_callback.cpp,1668,DistributedCameraSourceMgr,['DistributedCameraSourceMgr'],False
interfaces/inner_kits/native_cpp/camera_source/include/callback/dcamera_source_callback.h,88,OnNotifyRegResult,functionproto,interfaces/inner_kits/native_cpp/camera_source/include/callback/dcamera_source_callback.h,1614,DistributedCameraSourceMgr,['DistributedCameraSourceMgr'],False
interfaces/inner_kits/native_cpp/camera_source/src/callback/dcamera_source_callback.cpp,95,OnNotifyUnregResult,functionimpl,interfaces/inner_kits/native_cpp/camera_source/src/callback/dcamera_source_callback.cpp,1669,DistributedCameraSourceMgr,['DistributedCameraSourceMgr'],False
interfaces/inner_kits/native_cpp/camera_source/include/callback/dcamera_source_callback.h,88,OnNotifyUnregResult,functionproto,interfaces/inner_kits/native_cpp/camera_source/include/callback/dcamera_source_callback.h,1615,DistributedCameraSourceMgr,['DistributedCameraSourceMgr'],False
interfaces/inner_kits/native_cpp/camera_source/src/callback/dcamera_source_callback.cpp,95,PushRegCallback,functionimpl,interfaces/inner_kits/native_cpp/camera_source/src/callback/dcamera_source_callback.cpp,1672,DistributedCameraSourceMgr,['DistributedCameraSourceMgr'],False
interfaces/inner_kits/native_cpp/camera_source/include/callback/dcamera_source_callback.h,88,PushRegCallback,functionproto,interfaces/inner_kits/native_cpp/camera_source/include/callback/dcamera_source_callback.h,1618,DistributedCameraSourceMgr,['DistributedCameraSourceMgr'],False
interfaces/inner_kits/native_cpp/camera_source/src/callback/dcamera_source_callback.cpp,95,PopRegCallback,functionimpl,interfaces/inner_kits/native_cpp/camera_source/src/callback/dcamera_source_callback.cpp,1670,DistributedCameraSourceMgr,['DistributedCameraSourceMgr'],False
interfaces/inner_kits/native_cpp/camera_source/include/callback/dcamera_source_callback.h,88,PopRegCallback,functionproto,interfaces/inner_kits/native_cpp/camera_source/include/callback/dcamera_source_callback.h,1616,DistributedCameraSourceMgr,['DistributedCameraSourceMgr'],False
interfaces/inner_kits/native_cpp/camera_source/src/callback/dcamera_source_callback.cpp,95,PushUnregCallback,functionimpl,interfaces/inner_kits/native_cpp/camera_source/src/callback/dcamera_source_callback.cpp,1673,DistributedCameraSourceMgr,['DistributedCameraSourceMgr'],False
interfaces/inner_kits/native_cpp/camera_source/include/callback/dcamera_source_callback.h,88,PushUnregCallback,functionproto,interfaces/inner_kits/native_cpp/camera_source/include/callback/dcamera_source_callback.h,1619,DistributedCameraSourceMgr,['DistributedCameraSourceMgr'],False
interfaces/inner_kits/native_cpp/camera_source/src/callback/dcamera_source_callback.cpp,95,PopUnregCallback,functionimpl,interfaces/inner_kits/native_cpp/camera_source/src/callback/dcamera_source_callback.cpp,1671,DistributedCameraSourceMgr,['DistributedCameraSourceMgr'],False
interfaces/inner_kits/native_cpp/camera_source/include/callback/dcamera_source_callback.h,88,PopUnregCallback,functionproto,interfaces/inner_kits/native_cpp/camera_source/include/callback/dcamera_source_callback.h,1617,DistributedCameraSourceMgr,['DistributedCameraSourceMgr'],False
services/cameraservice/base/src/dcamera_capture_info_cmd.cpp,108,UmarshalValue,functionimpl,services/cameraservice/base/src/dcamera_capture_info_cmd.cpp,1809,CameraServiceCommon,['CameraServiceCommon'],False
services/cameraservice/base/src/dcamera_capture_info_cmd.cpp,108,UmarshalSettings,functionimpl,services/cameraservice/base/src/dcamera_capture_info_cmd.cpp,1808,CameraServiceCommon,['CameraServiceCommon'],False
camera_hdf/interfaces/include/idistributed_camera_provider.h,71,EnableDCameraDevice,functionproto,camera_hdf/interfaces/include/idistributed_camera_provider.h,1353,VirtualCameraHdf,['VirtualCameraHdf'],False
camera_hdf/interfaces/include/idistributed_camera_provider.h,71,DisableDCameraDevice,functionproto,camera_hdf/interfaces/include/idistributed_camera_provider.h,1352,VirtualCameraHdf,['VirtualCameraHdf'],False
camera_hdf/interfaces/include/idistributed_camera_provider.h,71,AcquireBuffer,functionproto,camera_hdf/interfaces/include/idistributed_camera_provider.h,1351,VirtualCameraHdf,['VirtualCameraHdf'],False
camera_hdf/interfaces/include/idistributed_camera_provider.h,71,ShutterBuffer,functionproto,camera_hdf/interfaces/include/idistributed_camera_provider.h,1357,VirtualCameraHdf,['VirtualCameraHdf'],False
camera_hdf/interfaces/include/idistributed_camera_provider.h,71,OnSettingsResult,functionproto,camera_hdf/interfaces/include/idistributed_camera_provider.h,1356,VirtualCameraHdf,['VirtualCameraHdf'],False
camera_hdf/interfaces/include/idistributed_camera_provider.h,71,Notify,functionproto,camera_hdf/interfaces/include/idistributed_camera_provider.h,1355,VirtualCameraHdf,['VirtualCameraHdf'],False
services/cameraservice/base/include/dcamera_capture_info_cmd.h,100,UmarshalValue,functionproto,services/cameraservice/base/include/dcamera_capture_info_cmd.h,1751,CameraServiceCommon,['CameraServiceCommon'],False
services/cameraservice/base/include/dcamera_capture_info_cmd.h,100,UmarshalSettings,functionproto,services/cameraservice/base/include/dcamera_capture_info_cmd.h,1750,CameraServiceCommon,['CameraServiceCommon'],False
services/channel/include/dcamera_channel_sink_impl.h,245,listener_,var,services/channel/include/dcamera_channel_sink_impl.h,3654,ChannelSink,['ChannelSink'],False
interfaces/inner_kits/native_cpp/camera_source/src/callback/dcamera_source_callback_stub.cpp,96,DCameraSourceCallbackStub,functionimpl,interfaces/inner_kits/native_cpp/camera_source/src/callback/dcamera_source_callback_stub.cpp,1684,DistributedCameraSourceMgr,['DistributedCameraSourceMgr'],False
interfaces/inner_kits/native_cpp/camera_source/src/callback/dcamera_source_callback_stub.cpp,96,NotifyRegResultInner,functionimpl,interfaces/inner_kits/native_cpp/camera_source/src/callback/dcamera_source_callback_stub.cpp,1685,DistributedCameraSourceMgr,['DistributedCameraSourceMgr'],False
interfaces/inner_kits/native_cpp/camera_source/src/callback/dcamera_source_callback_stub.cpp,96,NotifyUnregResultInner,functionimpl,interfaces/inner_kits/native_cpp/camera_source/src/callback/dcamera_source_callback_stub.cpp,1686,DistributedCameraSourceMgr,['DistributedCameraSourceMgr'],False
interfaces/inner_kits/native_cpp/camera_source/src/callback/dcamera_source_callback_stub.cpp,96,OnRemoteRequest,functionimpl,interfaces/inner_kits/native_cpp/camera_source/src/callback/dcamera_source_callback_stub.cpp,1687,DistributedCameraSourceMgr,['DistributedCameraSourceMgr'],False
interfaces/inner_kits/native_cpp/camera_source/src/callback/dcamera_source_callback_stub.cpp,96,code,var,interfaces/inner_kits/native_cpp/camera_source/src/callback/dcamera_source_callback_stub.cpp,1689,DistributedCameraSourceMgr,['DistributedCameraSourceMgr'],False
interfaces/inner_kits/native_cpp/camera_source/src/callback/dcamera_source_callback_stub.cpp,96,data,var,interfaces/inner_kits/native_cpp/camera_source/src/callback/dcamera_source_callback_stub.cpp,1690,DistributedCameraSourceMgr,['DistributedCameraSourceMgr'],False
interfaces/inner_kits/native_cpp/camera_source/src/callback/dcamera_source_callback_stub.cpp,96,desc,var,interfaces/inner_kits/native_cpp/camera_source/src/callback/dcamera_source_callback_stub.cpp,1691,DistributedCameraSourceMgr,['DistributedCameraSourceMgr'],False
interfaces/inner_kits/native_cpp/camera_source/src/callback/dcamera_source_callback_stub.cpp,96,remoteDesc,var,interfaces/inner_kits/native_cpp/camera_source/src/callback/dcamera_source_callback_stub.cpp,1697,DistributedCameraSourceMgr,['DistributedCameraSourceMgr'],False
interfaces/inner_kits/native_cpp/camera_source/src/callback/dcamera_source_callback_stub.cpp,96,itFunc,var,interfaces/inner_kits/native_cpp/camera_source/src/callback/dcamera_source_callback_stub.cpp,1694,DistributedCameraSourceMgr,['DistributedCameraSourceMgr'],False
interfaces/inner_kits/native_cpp/camera_source/src/callback/dcamera_source_callback_stub.cpp,96,reply,var,interfaces/inner_kits/native_cpp/camera_source/src/callback/dcamera_source_callback_stub.cpp,1698,DistributedCameraSourceMgr,['DistributedCameraSourceMgr'],False
interfaces/inner_kits/native_cpp/camera_source/src/callback/dcamera_source_callback_stub.cpp,96,option,var,interfaces/inner_kits/native_cpp/camera_source/src/callback/dcamera_source_callback_stub.cpp,1696,DistributedCameraSourceMgr,['DistributedCameraSourceMgr'],False
interfaces/inner_kits/native_cpp/camera_source/src/callback/dcamera_source_callback_stub.cpp,96,memberFunc,var,interfaces/inner_kits/native_cpp/camera_source/src/callback/dcamera_source_callback_stub.cpp,1695,DistributedCameraSourceMgr,['DistributedCameraSourceMgr'],False
interfaces/inner_kits/native_cpp/camera_source/src/callback/dcamera_source_callback_stub.cpp,96,ret,var,interfaces/inner_kits/native_cpp/camera_source/src/callback/dcamera_source_callback_stub.cpp,1701,DistributedCameraSourceMgr,['DistributedCameraSourceMgr'],False
interfaces/inner_kits/native_cpp/camera_source/src/callback/dcamera_source_callback_stub.cpp,96,devId,var,interfaces/inner_kits/native_cpp/camera_source/src/callback/dcamera_source_callback_stub.cpp,1692,DistributedCameraSourceMgr,['DistributedCameraSourceMgr'],False
interfaces/inner_kits/native_cpp/camera_source/src/callback/dcamera_source_callback_stub.cpp,96,dhId,var,interfaces/inner_kits/native_cpp/camera_source/src/callback/dcamera_source_callback_stub.cpp,1693,DistributedCameraSourceMgr,['DistributedCameraSourceMgr'],False
interfaces/inner_kits/native_cpp/camera_source/src/callback/dcamera_source_callback_stub.cpp,96,reqId,var,interfaces/inner_kits/native_cpp/camera_source/src/callback/dcamera_source_callback_stub.cpp,1699,DistributedCameraSourceMgr,['DistributedCameraSourceMgr'],False
interfaces/inner_kits/native_cpp/camera_source/src/callback/dcamera_source_callback_stub.cpp,96,status,var,interfaces/inner_kits/native_cpp/camera_source/src/callback/dcamera_source_callback_stub.cpp,1702,DistributedCameraSourceMgr,['DistributedCameraSourceMgr'],False
interfaces/inner_kits/native_cpp/camera_source/src/callback/dcamera_source_callback_stub.cpp,96,result,var,interfaces/inner_kits/native_cpp/camera_source/src/callback/dcamera_source_callback_stub.cpp,1700,DistributedCameraSourceMgr,['DistributedCameraSourceMgr'],False
interfaces/inner_kits/native_cpp/camera_sink/src/dcamera_sink_handler_ipc.cpp,86,Init,functionimpl,interfaces/inner_kits/native_cpp/camera_sink/src/dcamera_sink_handler_ipc.cpp,1584,DistributedCameraSinkMgr,['DistributedCameraSinkMgr'],False
interfaces/inner_kits/native_cpp/camera_sink/src/dcamera_sink_handler_ipc.cpp,86,DCameraSinkHandlerIpc,functionimpl,interfaces/inner_kits/native_cpp/camera_sink/src/dcamera_sink_handler_ipc.cpp,1581,DistributedCameraSinkMgr,['DistributedCameraSinkMgr'],False
interfaces/inner_kits/native_cpp/camera_sink/include/dcamera_sink_handler_ipc.h,82,DCameraSinkHandlerIpc,functionproto,interfaces/inner_kits/native_cpp/camera_sink/include/dcamera_sink_handler_ipc.h,1542,DistributedCameraSinkMgr,['DistributedCameraSinkMgr'],False
interfaces/inner_kits/native_cpp/camera_sink/src/dcamera_sink_handler_ipc.cpp,86,~DCameraSinkHandlerIpc,functionimpl,interfaces/inner_kits/native_cpp/camera_sink/src/dcamera_sink_handler_ipc.cpp,1588,DistributedCameraSinkMgr,['DistributedCameraSinkMgr'],False
interfaces/inner_kits/native_cpp/camera_sink/include/dcamera_sink_handler_ipc.h,82,~DCameraSinkHandlerIpc,functionproto,interfaces/inner_kits/native_cpp/camera_sink/include/dcamera_sink_handler_ipc.h,1549,DistributedCameraSinkMgr,['DistributedCameraSinkMgr'],False
interfaces/inner_kits/native_cpp/camera_sink/include/dcamera_sink_handler_ipc.h,82,Init,functionproto,interfaces/inner_kits/native_cpp/camera_sink/include/dcamera_sink_handler_ipc.h,1545,DistributedCameraSinkMgr,['DistributedCameraSinkMgr'],False
interfaces/inner_kits/native_cpp/camera_sink/src/dcamera_sink_handler_ipc.cpp,86,UnInit,functionimpl,interfaces/inner_kits/native_cpp/camera_sink/src/dcamera_sink_handler_ipc.cpp,1587,DistributedCameraSinkMgr,['DistributedCameraSinkMgr'],False
interfaces/inner_kits/native_cpp/camera_sink/include/dcamera_sink_handler_ipc.h,82,UnInit,functionproto,interfaces/inner_kits/native_cpp/camera_sink/include/dcamera_sink_handler_ipc.h,1548,DistributedCameraSinkMgr,['DistributedCameraSinkMgr'],False
interfaces/inner_kits/native_cpp/camera_sink/src/dcamera_sink_handler_ipc.cpp,86,DeleteSinkLocalDhms,functionimpl,interfaces/inner_kits/native_cpp/camera_sink/src/dcamera_sink_handler_ipc.cpp,1582,DistributedCameraSinkMgr,['DistributedCameraSinkMgr'],False
interfaces/inner_kits/native_cpp/camera_sink/include/dcamera_sink_handler_ipc.h,82,DeleteSinkLocalDhms,functionproto,interfaces/inner_kits/native_cpp/camera_sink/include/dcamera_sink_handler_ipc.h,1543,DistributedCameraSinkMgr,['DistributedCameraSinkMgr'],False
interfaces/inner_kits/native_cpp/camera_sink/src/dcamera_sink_handler_ipc.cpp,86,OnRemoteDied,functionimpl,interfaces/inner_kits/native_cpp/camera_sink/src/dcamera_sink_handler_ipc.cpp,1585,DistributedCameraSinkMgr,['DistributedCameraSinkMgr'],False
interfaces/inner_kits/native_cpp/camera_sink/include/dcamera_sink_handler_ipc.h,82,OnRemoteDied,functionproto,interfaces/inner_kits/native_cpp/camera_sink/include/dcamera_sink_handler_ipc.h,1546,DistributedCameraSinkMgr,['DistributedCameraSinkMgr'],False
interfaces/inner_kits/native_cpp/camera_sink/src/dcamera_sink_handler_ipc.cpp,86,OnSinkLocalDmsDied,functionimpl,interfaces/inner_kits/native_cpp/camera_sink/src/dcamera_sink_handler_ipc.cpp,1586,DistributedCameraSinkMgr,['DistributedCameraSinkMgr'],False
interfaces/inner_kits/native_cpp/camera_sink/include/dcamera_sink_handler_ipc.h,82,OnSinkLocalDmsDied,functionproto,interfaces/inner_kits/native_cpp/camera_sink/include/dcamera_sink_handler_ipc.h,1547,DistributedCameraSinkMgr,['DistributedCameraSinkMgr'],False
common/src/utils/dcamera_utils_tools.cpp,80,IsBase64,functionimpl,common/src/utils/dcamera_utils_tools.cpp,1512,utils,['utils'],False
common/src/utils/dcamera_utils_tools.cpp,80,basicInfo,var,common/src/utils/dcamera_utils_tools.cpp,1520,utils,['utils'],False
common/src/utils/dcamera_utils_tools.cpp,80,ret,var,common/src/utils/dcamera_utils_tools.cpp,1532,utils,['utils'],False
common/src/utils/dcamera_utils_tools.cpp,80,networkId,var,common/src/utils/dcamera_utils_tools.cpp,1529,utils,['utils'],False
common/src/utils/dcamera_utils_tools.cpp,80,GetNowTimeStampMs,functionimpl,common/src/utils/dcamera_utils_tools.cpp,1510,utils,['utils'],False
common/src/utils/dcamera_utils_tools.cpp,80,nowMs,var,common/src/utils/dcamera_utils_tools.cpp,1530,utils,['utils'],False
common/src/utils/dcamera_utils_tools.cpp,80,nowUs,var,common/src/utils/dcamera_utils_tools.cpp,1531,utils,['utils'],False
common/src/utils/dcamera_utils_tools.cpp,80,len,var,common/src/utils/dcamera_utils_tools.cpp,1528,utils,['utils'],False
common/src/utils/dcamera_utils_tools.cpp,80,charArray3,var,common/src/utils/dcamera_utils_tools.cpp,1523,utils,['utils'],False
common/src/utils/dcamera_utils_tools.cpp,80,i,var,common/src/utils/dcamera_utils_tools.cpp,1525,utils,['utils'],False
common/src/utils/dcamera_utils_tools.cpp,80,toEncode,var,common/src/utils/dcamera_utils_tools.cpp,1533,utils,['utils'],False
common/src/utils/dcamera_utils_tools.cpp,80,charArray4,var,common/src/utils/dcamera_utils_tools.cpp,1524,utils,['utils'],False
common/src/utils/dcamera_utils_tools.cpp,80,INDEX_FIRST,var,common/src/utils/dcamera_utils_tools.cpp,1513,utils,['utils'],False
common/src/utils/dcamera_utils_tools.cpp,80,OFFSET2,var,common/src/utils/dcamera_utils_tools.cpp,1517,utils,['utils'],False
common/src/utils/dcamera_utils_tools.cpp,80,INDEX_SECOND,var,common/src/utils/dcamera_utils_tools.cpp,1515,utils,['utils'],False
common/src/utils/dcamera_utils_tools.cpp,80,OFFSET4,var,common/src/utils/dcamera_utils_tools.cpp,1518,utils,['utils'],False
common/src/utils/dcamera_utils_tools.cpp,80,INDEX_THIRD,var,common/src/utils/dcamera_utils_tools.cpp,1516,utils,['utils'],False
common/src/utils/dcamera_utils_tools.cpp,80,OFFSET6,var,common/src/utils/dcamera_utils_tools.cpp,1519,utils,['utils'],False
common/src/utils/dcamera_utils_tools.cpp,80,INDEX_FORTH,var,common/src/utils/dcamera_utils_tools.cpp,1514,utils,['utils'],False
common/src/utils/dcamera_utils_tools.cpp,80,j,var,common/src/utils/dcamera_utils_tools.cpp,1527,utils,['utils'],False
common/src/utils/dcamera_utils_tools.cpp,80,basicString,var,common/src/utils/dcamera_utils_tools.cpp,1521,utils,['utils'],False
common/src/utils/dcamera_utils_tools.cpp,80,index,var,common/src/utils/dcamera_utils_tools.cpp,1526,utils,['utils'],False
common/src/utils/dcamera_utils_tools.cpp,80,c,var,common/src/utils/dcamera_utils_tools.cpp,1522,utils,['utils'],False
interfaces/inner_kits/native_cpp/camera_sink/src/dcamera_sink_handler_ipc.cpp,86,runner,var,interfaces/inner_kits/native_cpp/camera_sink/src/dcamera_sink_handler_ipc.cpp,1592,DistributedCameraSinkMgr,['DistributedCameraSinkMgr'],False
interfaces/inner_kits/native_cpp/camera_sink/src/dcamera_sink_handler_ipc.cpp,86,ret,var,interfaces/inner_kits/native_cpp/camera_sink/src/dcamera_sink_handler_ipc.cpp,1591,DistributedCameraSinkMgr,['DistributedCameraSinkMgr'],False
interfaces/inner_kits/native_cpp/camera_sink/src/dcamera_sink_handler_ipc.cpp,86,remote,var,interfaces/inner_kits/native_cpp/camera_sink/src/dcamera_sink_handler_ipc.cpp,1589,DistributedCameraSinkMgr,['DistributedCameraSinkMgr'],False
interfaces/inner_kits/native_cpp/camera_sink/src/dcamera_sink_handler_ipc.cpp,86,remoteDmsDiedFunc,var,interfaces/inner_kits/native_cpp/camera_sink/src/dcamera_sink_handler_ipc.cpp,1590,DistributedCameraSinkMgr,['DistributedCameraSinkMgr'],False
services/cameraservice/base/src/dcamera_metadata_setting_cmd.cpp,112,rootValue,var,services/cameraservice/base/src/dcamera_metadata_setting_cmd.cpp,1872,CameraServiceCommon,['CameraServiceCommon'],False
services/cameraservice/base/src/dcamera_metadata_setting_cmd.cpp,112,iter,var,services/cameraservice/base/src/dcamera_metadata_setting_cmd.cpp,1868,CameraServiceCommon,['CameraServiceCommon'],False
services/cameraservice/base/src/dcamera_metadata_setting_cmd.cpp,112,setting,var,services/cameraservice/base/src/dcamera_metadata_setting_cmd.cpp,1873,CameraServiceCommon,['CameraServiceCommon'],False
services/cameraservice/base/src/dcamera_metadata_setting_cmd.cpp,112,settings,var,services/cameraservice/base/src/dcamera_metadata_setting_cmd.cpp,1874,CameraServiceCommon,['CameraServiceCommon'],False
services/cameraservice/base/src/dcamera_metadata_setting_cmd.cpp,112,jsonStr,var,services/cameraservice/base/src/dcamera_metadata_setting_cmd.cpp,1870,CameraServiceCommon,['CameraServiceCommon'],False
services/cameraservice/base/src/dcamera_metadata_setting_cmd.cpp,112,readerBuilder,var,services/cameraservice/base/src/dcamera_metadata_setting_cmd.cpp,1871,CameraServiceCommon,['CameraServiceCommon'],False
services/cameraservice/base/src/dcamera_metadata_setting_cmd.cpp,112,jsonReader,var,services/cameraservice/base/src/dcamera_metadata_setting_cmd.cpp,1869,CameraServiceCommon,['CameraServiceCommon'],False
services/cameraservice/base/src/dcamera_metadata_setting_cmd.cpp,112,errs,var,services/cameraservice/base/src/dcamera_metadata_setting_cmd.cpp,1866,CameraServiceCommon,['CameraServiceCommon'],False
services/cameraservice/base/src/dcamera_metadata_setting_cmd.cpp,112,i,var,services/cameraservice/base/src/dcamera_metadata_setting_cmd.cpp,1867,CameraServiceCommon,['CameraServiceCommon'],False
services/cameraservice/base/src/dcamera_metadata_setting_cmd.cpp,112,valueJsonEle,var,services/cameraservice/base/src/dcamera_metadata_setting_cmd.cpp,1875,CameraServiceCommon,['CameraServiceCommon'],False
camera_hdf/hdi_impl/src/utils/dcamera.cpp,20,dcamera,file,camera_hdf/hdi_impl/src/utils/dcamera.cpp,658,VirtualCameraHdf,['VirtualCameraHdf'],False
camera_hdf/hdi_impl/include/utils/dcamera.h,10,MapToInternalRetCode,functionproto,camera_hdf/hdi_impl/include/utils/dcamera.h,255,VirtualCameraHdf,['VirtualCameraHdf'],False
common/src/utils/dcamera_utils_tools.cpp,80,dcamera_utils_tools,file,common/src/utils/dcamera_utils_tools.cpp,1506,utils,['utils'],False
common/include/utils/dcamera_utils_tools.h,78,BASE_64_CHARS,var,common/include/utils/dcamera_utils_tools.h,1486,utils,['utils'],False
common/include/utils/dcamera_utils_tools.h,78,GetNowTimeStampMs,functionproto,common/include/utils/dcamera_utils_tools.h,1483,utils,['utils'],False
common/include/utils/dcamera_utils_tools.h,78,IsBase64,functionproto,common/include/utils/dcamera_utils_tools.h,1485,utils,['utils'],False
services/cameraservice/sinkservice/include/distributedcameramgr/dcamera_sink_output.h,150,sessionState_,var,services/cameraservice/sinkservice/include/distributedcameramgr/dcamera_sink_output.h,2342,DistributedCameraSinkMgr,['DistributedCameraSinkMgr'],False
services/cameraservice/sinkservice/include/distributedcameramgr/dcamera_sink_output.h,150,dataProcesses_,var,services/cameraservice/sinkservice/include/distributedcameramgr/dcamera_sink_output.h,2340,DistributedCameraSinkMgr,['DistributedCameraSinkMgr'],False
common/include/constants/distributed_camera_constants.h,74,DCAMERA_PKG_NAME,var,common/include/constants/distributed_camera_constants.h,1432,utils,['utils'],False
services/cameraservice/base/include/dcamera_channel_info_cmd.h,101,Unmarshal,functionproto,services/cameraservice/base/include/dcamera_channel_info_cmd.h,1760,CameraServiceCommon,['CameraServiceCommon'],False
interfaces/inner_kits/native_cpp/camera_source/src/callback/dcamera_source_callback_stub.cpp,96,dcamera_source_callback_stub,file,interfaces/inner_kits/native_cpp/camera_source/src/callback/dcamera_source_callback_stub.cpp,1683,DistributedCameraSourceMgr,['DistributedCameraSourceMgr'],False
interfaces/inner_kits/native_cpp/camera_source/include/callback/dcamera_source_callback_stub.h,89,DCameraSourceCallbackStub,functionproto,interfaces/inner_kits/native_cpp/camera_source/include/callback/dcamera_source_callback_stub.h,1624,DistributedCameraSourceMgr,['DistributedCameraSourceMgr'],False
interfaces/inner_kits/native_cpp/camera_source/src/callback/dcamera_source_callback_stub.cpp,96,~DCameraSourceCallbackStub,functionimpl,interfaces/inner_kits/native_cpp/camera_source/src/callback/dcamera_source_callback_stub.cpp,1688,DistributedCameraSourceMgr,['DistributedCameraSourceMgr'],False
interfaces/inner_kits/native_cpp/camera_source/include/callback/dcamera_source_callback_stub.h,89,~DCameraSourceCallbackStub,functionproto,interfaces/inner_kits/native_cpp/camera_source/include/callback/dcamera_source_callback_stub.h,1628,DistributedCameraSourceMgr,['DistributedCameraSourceMgr'],False
interfaces/inner_kits/native_cpp/camera_source/include/callback/dcamera_source_callback_stub.h,89,OnRemoteRequest,functionproto,interfaces/inner_kits/native_cpp/camera_source/include/callback/dcamera_source_callback_stub.h,1627,DistributedCameraSourceMgr,['DistributedCameraSourceMgr'],False
interfaces/inner_kits/native_cpp/camera_source/include/callback/dcamera_source_callback_stub.h,89,NotifyRegResultInner,functionproto,interfaces/inner_kits/native_cpp/camera_source/include/callback/dcamera_source_callback_stub.h,1625,DistributedCameraSourceMgr,['DistributedCameraSourceMgr'],False
interfaces/inner_kits/native_cpp/camera_source/include/callback/dcamera_source_callback_stub.h,89,NotifyUnregResultInner,functionproto,interfaces/inner_kits/native_cpp/camera_source/include/callback/dcamera_source_callback_stub.h,1626,DistributedCameraSourceMgr,['DistributedCameraSourceMgr'],False
services/cameraservice/base/src/dcamera_capture_info_cmd.cpp,108,rootValue,var,services/cameraservice/base/src/dcamera_capture_info_cmd.cpp,1823,CameraServiceCommon,['CameraServiceCommon'],False
services/cameraservice/base/src/dcamera_capture_info_cmd.cpp,108,iter,var,services/cameraservice/base/src/dcamera_capture_info_cmd.cpp,1817,CameraServiceCommon,['CameraServiceCommon'],False
services/cameraservice/base/src/dcamera_capture_info_cmd.cpp,108,captureInfo,var,services/cameraservice/base/src/dcamera_capture_info_cmd.cpp,1811,CameraServiceCommon,['CameraServiceCommon'],False
services/cameraservice/base/src/dcamera_capture_info_cmd.cpp,108,settingIter,var,services/cameraservice/base/src/dcamera_capture_info_cmd.cpp,1824,CameraServiceCommon,['CameraServiceCommon'],False
services/cameraservice/base/src/dcamera_capture_info_cmd.cpp,108,captureSetting,var,services/cameraservice/base/src/dcamera_capture_info_cmd.cpp,1813,CameraServiceCommon,['CameraServiceCommon'],False
services/cameraservice/base/src/dcamera_capture_info_cmd.cpp,108,captureSettings,var,services/cameraservice/base/src/dcamera_capture_info_cmd.cpp,1814,CameraServiceCommon,['CameraServiceCommon'],False
services/cameraservice/base/src/dcamera_capture_info_cmd.cpp,108,captureInfos,var,services/cameraservice/base/src/dcamera_capture_info_cmd.cpp,1812,CameraServiceCommon,['CameraServiceCommon'],False
services/cameraservice/base/src/dcamera_capture_info_cmd.cpp,108,jsonStr,var,services/cameraservice/base/src/dcamera_capture_info_cmd.cpp,1820,CameraServiceCommon,['CameraServiceCommon'],False
services/cameraservice/base/src/dcamera_capture_info_cmd.cpp,108,readerBuilder,var,services/cameraservice/base/src/dcamera_capture_info_cmd.cpp,1821,CameraServiceCommon,['CameraServiceCommon'],False
services/cameraservice/base/src/dcamera_capture_info_cmd.cpp,108,jsonReader,var,services/cameraservice/base/src/dcamera_capture_info_cmd.cpp,1819,CameraServiceCommon,['CameraServiceCommon'],False
services/cameraservice/base/src/dcamera_capture_info_cmd.cpp,108,errs,var,services/cameraservice/base/src/dcamera_capture_info_cmd.cpp,1815,CameraServiceCommon,['CameraServiceCommon'],False
services/cameraservice/base/src/dcamera_capture_info_cmd.cpp,108,ret,var,services/cameraservice/base/src/dcamera_capture_info_cmd.cpp,1822,CameraServiceCommon,['CameraServiceCommon'],False
services/cameraservice/base/src/dcamera_capture_info_cmd.cpp,108,i,var,services/cameraservice/base/src/dcamera_capture_info_cmd.cpp,1816,CameraServiceCommon,['CameraServiceCommon'],False
services/cameraservice/base/src/dcamera_capture_info_cmd.cpp,108,valueJson,var,services/cameraservice/base/src/dcamera_capture_info_cmd.cpp,1826,CameraServiceCommon,['CameraServiceCommon'],False
services/cameraservice/base/src/dcamera_capture_info_cmd.cpp,108,j,var,services/cameraservice/base/src/dcamera_capture_info_cmd.cpp,1818,CameraServiceCommon,['CameraServiceCommon'],False
services/cameraservice/base/src/dcamera_capture_info_cmd.cpp,108,settingJson,var,services/cameraservice/base/src/dcamera_capture_info_cmd.cpp,1825,CameraServiceCommon,['CameraServiceCommon'],False
interfaces/inner_kits/native_cpp/camera_source/src/callback/dcamera_source_callback.cpp,95,devId,var,interfaces/inner_kits/native_cpp/camera_source/src/callback/dcamera_source_callback.cpp,1677,DistributedCameraSourceMgr,['DistributedCameraSourceMgr'],False
interfaces/inner_kits/native_cpp/camera_source/src/callback/dcamera_source_callback.cpp,95,dhId,var,interfaces/inner_kits/native_cpp/camera_source/src/callback/dcamera_source_callback.cpp,1678,DistributedCameraSourceMgr,['DistributedCameraSourceMgr'],False
interfaces/inner_kits/native_cpp/camera_source/src/callback/dcamera_source_callback.cpp,95,reqId,var,interfaces/inner_kits/native_cpp/camera_source/src/callback/dcamera_source_callback.cpp,1680,DistributedCameraSourceMgr,['DistributedCameraSourceMgr'],False
interfaces/inner_kits/native_cpp/camera_source/src/callback/dcamera_source_callback.cpp,95,iter,var,interfaces/inner_kits/native_cpp/camera_source/src/callback/dcamera_source_callback.cpp,1679,DistributedCameraSourceMgr,['DistributedCameraSourceMgr'],False
interfaces/inner_kits/native_cpp/camera_source/src/callback/dcamera_source_callback.cpp,95,status,var,interfaces/inner_kits/native_cpp/camera_source/src/callback/dcamera_source_callback.cpp,1682,DistributedCameraSourceMgr,['DistributedCameraSourceMgr'],False
interfaces/inner_kits/native_cpp/camera_source/src/callback/dcamera_source_callback.cpp,95,data,var,interfaces/inner_kits/native_cpp/camera_source/src/callback/dcamera_source_callback.cpp,1676,DistributedCameraSourceMgr,['DistributedCameraSourceMgr'],False
interfaces/inner_kits/native_cpp/camera_source/src/callback/dcamera_source_callback.cpp,95,ret,var,interfaces/inner_kits/native_cpp/camera_source/src/callback/dcamera_source_callback.cpp,1681,DistributedCameraSourceMgr,['DistributedCameraSourceMgr'],False
interfaces/inner_kits/native_cpp/camera_source/src/callback/dcamera_source_callback.cpp,95,callback,var,interfaces/inner_kits/native_cpp/camera_source/src/callback/dcamera_source_callback.cpp,1675,DistributedCameraSourceMgr,['DistributedCameraSourceMgr'],False
services/cameraservice/base/src/dcamera_channel_info_cmd.cpp,109,Unmarshal,functionimpl,services/cameraservice/base/src/dcamera_channel_info_cmd.cpp,1829,CameraServiceCommon,['CameraServiceCommon'],False
services/cameraservice/base/src/dcamera_channel_info_cmd.cpp,109,rootValue,var,services/cameraservice/base/src/dcamera_channel_info_cmd.cpp,1841,CameraServiceCommon,['CameraServiceCommon'],False
services/cameraservice/base/src/dcamera_channel_info_cmd.cpp,109,channelInfo,var,services/cameraservice/base/src/dcamera_channel_info_cmd.cpp,1831,CameraServiceCommon,['CameraServiceCommon'],False
services/cameraservice/base/src/dcamera_channel_info_cmd.cpp,109,iter,var,services/cameraservice/base/src/dcamera_channel_info_cmd.cpp,1837,CameraServiceCommon,['CameraServiceCommon'],False
services/cameraservice/base/src/dcamera_channel_info_cmd.cpp,109,detail,var,services/cameraservice/base/src/dcamera_channel_info_cmd.cpp,1832,CameraServiceCommon,['CameraServiceCommon'],False
services/cameraservice/base/src/dcamera_channel_info_cmd.cpp,109,details,var,services/cameraservice/base/src/dcamera_channel_info_cmd.cpp,1834,CameraServiceCommon,['CameraServiceCommon'],False
services/cameraservice/base/src/dcamera_channel_info_cmd.cpp,109,jsonStr,var,services/cameraservice/base/src/dcamera_channel_info_cmd.cpp,1839,CameraServiceCommon,['CameraServiceCommon'],False
services/cameraservice/base/src/dcamera_channel_info_cmd.cpp,109,readerBuilder,var,services/cameraservice/base/src/dcamera_channel_info_cmd.cpp,1840,CameraServiceCommon,['CameraServiceCommon'],False
services/cameraservice/base/src/dcamera_channel_info_cmd.cpp,109,jsonReader,var,services/cameraservice/base/src/dcamera_channel_info_cmd.cpp,1838,CameraServiceCommon,['CameraServiceCommon'],False
services/cameraservice/base/src/dcamera_channel_info_cmd.cpp,109,errs,var,services/cameraservice/base/src/dcamera_channel_info_cmd.cpp,1835,CameraServiceCommon,['CameraServiceCommon'],False
services/cameraservice/base/src/dcamera_channel_info_cmd.cpp,109,valueJson,var,services/cameraservice/base/src/dcamera_channel_info_cmd.cpp,1842,CameraServiceCommon,['CameraServiceCommon'],False
services/cameraservice/base/src/dcamera_channel_info_cmd.cpp,109,i,var,services/cameraservice/base/src/dcamera_channel_info_cmd.cpp,1836,CameraServiceCommon,['CameraServiceCommon'],False
services/cameraservice/base/src/dcamera_channel_info_cmd.cpp,109,detailJson,var,services/cameraservice/base/src/dcamera_channel_info_cmd.cpp,1833,CameraServiceCommon,['CameraServiceCommon'],False
services/cameraservice/base/src/dcamera_channel_info_cmd.cpp,109,channelDetail,var,services/cameraservice/base/src/dcamera_channel_info_cmd.cpp,1830,CameraServiceCommon,['CameraServiceCommon'],False
services/cameraservice/base/include/dcamera_protocol.h,106,DCAMERA_PROTOCOL_CMD_GET_INFO,var,services/cameraservice/base/include/dcamera_protocol.h,1797,CameraServiceCommon,['CameraServiceCommon'],False
services/cameraservice/base/include/dcamera_info_cmd.h,103,Marshal,functionproto,services/cameraservice/base/include/dcamera_info_cmd.h,1775,CameraServiceCommon,['CameraServiceCommon'],False
services/cameraservice/base/include/dcamera_info_cmd.h,103,DCameraInfo,type,services/cameraservice/base/include/dcamera_info_cmd.h,1778,CameraServiceCommon,['CameraServiceCommon'],False
services/channel/include/dcamera_channel_sink_impl.h,245,DCameraChannelSinkImpl,type,services/channel/include/dcamera_channel_sink_impl.h,3652,ChannelSink,['ChannelSink'],False
services/channel/include/dcamera_channel_sink_impl.h,245,softbusSession_,var,services/channel/include/dcamera_channel_sink_impl.h,3655,ChannelSink,['ChannelSink'],False
services/data_process/include/pipeline_node/multimedia_codec/encode_video_callback.h,267,encode_video_callback,file,services/data_process/include/pipeline_node/multimedia_codec/encode_video_callback.h,4094,CameraDataProcessCommon,['CameraDataProcessCommon'],False
services/data_process/include/pipeline_node/multimedia_codec/encode_video_callback.h,267,encodeVideoNode_,var,services/data_process/include/pipeline_node/multimedia_codec/encode_video_callback.h,4102,CameraDataProcessCommon,['CameraDataProcessCommon'],False
camera_hdf/hdi_impl/include/dcamera_device/dcamera_device.h,0,DCameraDevice,type,camera_hdf/hdi_impl/include/dcamera_device/dcamera_device.h,24,VirtualCameraHdf,['VirtualCameraHdf'],False
camera_hdf/hdi_impl/src/dcamera_host/dcamera_host.cpp,13,OpenCamera,functionimpl,camera_hdf/hdi_impl/src/dcamera_host/dcamera_host.cpp,405,VirtualCameraHdf,['VirtualCameraHdf'],False
camera_hdf/hdi_impl/src/dcamera_host/dcamera_host.cpp,13,GetDCameraDeviceByDHBase,functionimpl,camera_hdf/hdi_impl/src/dcamera_host/dcamera_host.cpp,401,VirtualCameraHdf,['VirtualCameraHdf'],False
camera_hdf/hdi_impl/src/dcamera_host/dcamera_host.cpp,13,dcamera_host,file,camera_hdf/hdi_impl/src/dcamera_host/dcamera_host.cpp,396,VirtualCameraHdf,['VirtualCameraHdf'],False
camera_hdf/hdi_impl/src/dcamera_host/dcamera_host.cpp,13,instance_,var,camera_hdf/hdi_impl/src/dcamera_host/dcamera_host.cpp,418,VirtualCameraHdf,['VirtualCameraHdf'],False
camera_hdf/hdi_impl/src/dcamera_host/dcamera_host.cpp,13,SetCallback,functionimpl,camera_hdf/hdi_impl/src/dcamera_host/dcamera_host.cpp,407,VirtualCameraHdf,['VirtualCameraHdf'],False
camera_hdf/hdi_impl/include/dcamera_host/dcamera_host.h,2,SetCallback,functionproto,camera_hdf/hdi_impl/include/dcamera_host/dcamera_host.h,66,VirtualCameraHdf,['VirtualCameraHdf'],False
camera_hdf/hdi_impl/src/dcamera_host/dcamera_host.cpp,13,GetCameraIds,functionimpl,camera_hdf/hdi_impl/src/dcamera_host/dcamera_host.cpp,400,VirtualCameraHdf,['VirtualCameraHdf'],False
camera_hdf/hdi_impl/include/dcamera_host/dcamera_host.h,2,GetCameraIds,functionproto,camera_hdf/hdi_impl/include/dcamera_host/dcamera_host.h,59,VirtualCameraHdf,['VirtualCameraHdf'],False
camera_hdf/hdi_impl/src/dcamera_host/dcamera_host.cpp,13,GetCameraAbility,functionimpl,camera_hdf/hdi_impl/src/dcamera_host/dcamera_host.cpp,398,VirtualCameraHdf,['VirtualCameraHdf'],False
camera_hdf/hdi_impl/include/dcamera_host/dcamera_host.h,2,GetCameraAbility,functionproto,camera_hdf/hdi_impl/include/dcamera_host/dcamera_host.h,57,VirtualCameraHdf,['VirtualCameraHdf'],False
camera_hdf/hdi_impl/include/dcamera_host/dcamera_host.h,2,OpenCamera,functionproto,camera_hdf/hdi_impl/include/dcamera_host/dcamera_host.h,64,VirtualCameraHdf,['VirtualCameraHdf'],False
camera_hdf/hdi_impl/src/dcamera_host/dcamera_host.cpp,13,SetFlashlight,functionimpl,camera_hdf/hdi_impl/src/dcamera_host/dcamera_host.cpp,408,VirtualCameraHdf,['VirtualCameraHdf'],False
camera_hdf/hdi_impl/include/dcamera_host/dcamera_host.h,2,SetFlashlight,functionproto,camera_hdf/hdi_impl/include/dcamera_host/dcamera_host.h,67,VirtualCameraHdf,['VirtualCameraHdf'],False
camera_hdf/hdi_impl/src/dcamera_host/dcamera_host.cpp,13,IsCameraIdInvalid,functionimpl,camera_hdf/hdi_impl/src/dcamera_host/dcamera_host.cpp,403,VirtualCameraHdf,['VirtualCameraHdf'],False
camera_hdf/hdi_impl/include/dcamera_host/dcamera_host.h,2,IsCameraIdInvalid,functionproto,camera_hdf/hdi_impl/include/dcamera_host/dcamera_host.h,62,VirtualCameraHdf,['VirtualCameraHdf'],False
camera_hdf/hdi_impl/include/dcamera_host/dcamera_host.h,2,GetCameraIdByDHBase,functionproto,camera_hdf/hdi_impl/include/dcamera_host/dcamera_host.h,58,VirtualCameraHdf,['VirtualCameraHdf'],False
camera_hdf/hdi_impl/include/dcamera_host/dcamera_host.h,2,GetDCameraDeviceByDHBase,functionproto,camera_hdf/hdi_impl/include/dcamera_host/dcamera_host.h,60,VirtualCameraHdf,['VirtualCameraHdf'],False
camera_hdf/hdi_impl/src/dcamera_host/dcamera_host.cpp,13,NotifyDCameraStatus,functionimpl,camera_hdf/hdi_impl/src/dcamera_host/dcamera_host.cpp,404,VirtualCameraHdf,['VirtualCameraHdf'],False
camera_hdf/hdi_impl/include/dcamera_host/dcamera_host.h,2,NotifyDCameraStatus,functionproto,camera_hdf/hdi_impl/include/dcamera_host/dcamera_host.h,63,VirtualCameraHdf,['VirtualCameraHdf'],False
camera_hdf/hdi_impl/src/dcamera_host/dcamera_host.cpp,13,DistributedHardware,package,camera_hdf/hdi_impl/src/dcamera_host/dcamera_host.cpp,409,VirtualCameraHdf,['VirtualCameraHdf'],False
camera_hdf/hdi_impl/include/dcamera_host/dcamera_host.h,2,AutoRelease,type,camera_hdf/hdi_impl/include/dcamera_host/dcamera_host.h,68,VirtualCameraHdf,['VirtualCameraHdf'],False
services/cameraservice/base/src/dcamera_channel_info_cmd.cpp,109,dcamera_channel_info_cmd,file,services/cameraservice/base/src/dcamera_channel_info_cmd.cpp,1827,CameraServiceCommon,['CameraServiceCommon'],False
services/data_process/include/pipeline_node/multimedia_codec/encode_video_callback.h,267,EncodeVideoCallback,functionimpl,services/data_process/include/pipeline_node/multimedia_codec/encode_video_callback.h,4095,CameraDataProcessCommon,['CameraDataProcessCommon'],False
services/data_process/include/pipeline_node/multimedia_codec/encode_video_callback.h,267,encodeVideoNode,var,services/data_process/include/pipeline_node/multimedia_codec/encode_video_callback.h,4101,CameraDataProcessCommon,['CameraDataProcessCommon'],False
camera_hdf/interfaces/include/idistributed_camera_provider.h,71,,type,camera_hdf/interfaces/include/idistributed_camera_provider.h,1358,VirtualCameraHdf,['VirtualCameraHdf'],False
camera_hdf/interfaces/hdi_ipc/client/provider/dcamera_provider_callback_stub.cpp,46,DCProviderStartCaptureStub,functionimpl,camera_hdf/interfaces/hdi_ipc/client/provider/dcamera_provider_callback_stub.cpp,981,VirtualCameraHdf,['VirtualCameraHdf'],False
camera_hdf/interfaces/hdi_ipc/client/provider/dcamera_provider_callback_stub.cpp,46,DCProviderUpdateSettingsStub,functionimpl,camera_hdf/interfaces/hdi_ipc/client/provider/dcamera_provider_callback_stub.cpp,983,VirtualCameraHdf,['VirtualCameraHdf'],False
camera_hdf/interfaces/hdi_ipc/client/provider/dcamera_provider_callback_stub.cpp,46,dcamera_provider_callback_stub,file,camera_hdf/interfaces/hdi_ipc/client/provider/dcamera_provider_callback_stub.cpp,976,VirtualCameraHdf,['VirtualCameraHdf'],False
services/channel/include/dcamera_channel_source_impl.h,246,softbusSessions_,var,services/channel/include/dcamera_channel_source_impl.h,3667,ChannelSource,['ChannelSource'],False
services/channel/include/dcamera_channel_source_impl.h,246,DCameraChannelSourceImpl,type,services/channel/include/dcamera_channel_source_impl.h,3664,ChannelSource,['ChannelSource'],False
camera_hdf/hdi_impl/src/dcamera_device/dcamera_device.cpp,11,GetStreamOperator,functionimpl,camera_hdf/hdi_impl/src/dcamera_device/dcamera_device.cpp,269,VirtualCameraHdf,['VirtualCameraHdf'],False
camera_hdf/hdi_impl/src/dcamera_device/dcamera_device.cpp,11,UpdateSettings,functionimpl,camera_hdf/hdi_impl/src/dcamera_device/dcamera_device.cpp,278,VirtualCameraHdf,['VirtualCameraHdf'],False
camera_hdf/hdi_impl/src/dcamera_device/dcamera_device.cpp,11,SetResultMode,functionimpl,camera_hdf/hdi_impl/src/dcamera_device/dcamera_device.cpp,276,VirtualCameraHdf,['VirtualCameraHdf'],False
camera_hdf/hdi_impl/src/dcamera_device/dcamera_device.cpp,11,GetEnabledResults,functionimpl,camera_hdf/hdi_impl/src/dcamera_device/dcamera_device.cpp,267,VirtualCameraHdf,['VirtualCameraHdf'],False
camera_hdf/hdi_impl/src/dcamera_device/dcamera_device.cpp,11,EnableResult,functionimpl,camera_hdf/hdi_impl/src/dcamera_device/dcamera_device.cpp,263,VirtualCameraHdf,['VirtualCameraHdf'],False
camera_hdf/hdi_impl/src/dcamera_device/dcamera_device.cpp,11,DisableResult,functionimpl,camera_hdf/hdi_impl/src/dcamera_device/dcamera_device.cpp,262,VirtualCameraHdf,['VirtualCameraHdf'],False
camera_hdf/hdi_impl/src/dcamera_device/dcamera_device.cpp,11,OpenDCamera,functionimpl,camera_hdf/hdi_impl/src/dcamera_device/dcamera_device.cpp,274,VirtualCameraHdf,['VirtualCameraHdf'],False
camera_hdf/hdi_impl/src/dcamera_device/dcamera_device.cpp,11,GetDCameraAbility,functionimpl,camera_hdf/hdi_impl/src/dcamera_device/dcamera_device.cpp,265,VirtualCameraHdf,['VirtualCameraHdf'],False
services/cameraservice/sourceservice/include/distributedcamera/dcamera_source_callback_proxy.h,193,DCameraSourceCallbackProxy,functionimpl,services/cameraservice/sourceservice/include/distributedcamera/dcamera_source_callback_proxy.h,2782,DistributedCameraSourceMgr,['DistributedCameraSourceMgr'],False
services/cameraservice/sourceservice/include/distributedcamera/dcamera_source_callback_proxy.h,193,impl,var,services/cameraservice/sourceservice/include/distributedcamera/dcamera_source_callback_proxy.h,2787,DistributedCameraSourceMgr,['DistributedCameraSourceMgr'],False
services/cameraservice/sourceservice/include/distributedcamera/dcamera_source_callback_proxy.h,193,delegator_,var,services/cameraservice/sourceservice/include/distributedcamera/dcamera_source_callback_proxy.h,2786,DistributedCameraSourceMgr,['DistributedCameraSourceMgr'],False
services/cameraservice/sinkservice/include/distributedcameramgr/interface/icamera_sink_output.h,158,icamera_sink_output,file,services/cameraservice/sinkservice/include/distributedcameramgr/interface/icamera_sink_output.h,2379,DistributedCameraSinkMgr,['DistributedCameraSinkMgr'],False
services/cameraservice/sinkservice/include/distributedcameramgr/dcamera_sink_controller.h,147,output_,var,services/cameraservice/sinkservice/include/distributedcameramgr/dcamera_sink_controller.h,2292,DistributedCameraSinkMgr,['DistributedCameraSinkMgr'],False
services/cameraservice/sinkservice/include/distributedcameramgr/interface/icamera_sink_output.h,158,ICameraSinkOutput,type,services/cameraservice/sinkservice/include/distributedcameramgr/interface/icamera_sink_output.h,2380,DistributedCameraSinkMgr,['DistributedCameraSinkMgr'],False
services/cameraservice/sourceservice/include/distributedcameramgr/dcamera_source_dev.h,196,controller_,var,services/cameraservice/sourceservice/include/distributedcameramgr/dcamera_source_dev.h,2848,DistributedCameraSourceMgr,['DistributedCameraSourceMgr'],False
services/cameraservice/sinkservice/include/distributedcameramgr/dcamera_sink_controller.h,147,accessControl_,var,services/cameraservice/sinkservice/include/distributedcameramgr/dcamera_sink_controller.h,2289,DistributedCameraSinkMgr,['DistributedCameraSinkMgr'],False
services/cameraservice/sinkservice/include/distributedcameramgr/eventbus/dcamera_post_authorization_event.h,154,dcamera_post_authorization_event,file,services/cameraservice/sinkservice/include/distributedcameramgr/eventbus/dcamera_post_authorization_event.h,2365,DistributedCameraSinkMgr,['DistributedCameraSinkMgr'],False
services/cameraservice/sinkservice/include/distributedcameramgr/eventbus/dcamera_frame_trigger_event.h,152,dcamera_frame_trigger_event,file,services/cameraservice/sinkservice/include/distributedcameramgr/eventbus/dcamera_frame_trigger_event.h,2356,DistributedCameraSinkMgr,['DistributedCameraSinkMgr'],False
services/cameraservice/sinkservice/include/distributedcamera/distributed_camera_sink_service.h,142,DistributedCameraSinkService,functionproto,services/cameraservice/sinkservice/include/distributedcamera/distributed_camera_sink_service.h,2218,DistributedCameraSinkMgr,['DistributedCameraSinkMgr'],False
services/cameraservice/sinkservice/include/distributedcamera/distributed_camera_sink_service.h,142,OnStart,functionproto,services/cameraservice/sinkservice/include/distributedcamera/distributed_camera_sink_service.h,2222,DistributedCameraSinkMgr,['DistributedCameraSinkMgr'],False
services/cameraservice/sinkservice/include/distributedcamera/distributed_camera_sink_service.h,142,Init,functionproto,services/cameraservice/sinkservice/include/distributedcamera/distributed_camera_sink_service.h,2220,DistributedCameraSinkMgr,['DistributedCameraSinkMgr'],False
services/cameraservice/sinkservice/include/distributedcamera/distributed_camera_sink_service.h,142,OnStop,functionproto,services/cameraservice/sinkservice/include/distributedcamera/distributed_camera_sink_service.h,2223,DistributedCameraSinkMgr,['DistributedCameraSinkMgr'],False
services/cameraservice/sinkservice/include/distributedcamera/distributed_camera_sink_service.h,142,InitSink,functionproto,services/cameraservice/sinkservice/include/distributedcamera/distributed_camera_sink_service.h,2221,DistributedCameraSinkMgr,['DistributedCameraSinkMgr'],False
services/cameraservice/sinkservice/include/distributedcamera/distributed_camera_sink_service.h,142,ReleaseSink,functionproto,services/cameraservice/sinkservice/include/distributedcamera/distributed_camera_sink_service.h,2225,DistributedCameraSinkMgr,['DistributedCameraSinkMgr'],False
services/cameraservice/sinkservice/include/distributedcamera/distributed_camera_sink_service.h,142,SubscribeLocalHardware,functionproto,services/cameraservice/sinkservice/include/distributedcamera/distributed_camera_sink_service.h,2227,DistributedCameraSinkMgr,['DistributedCameraSinkMgr'],False
services/cameraservice/sinkservice/include/distributedcamera/distributed_camera_sink_service.h,142,UnsubscribeLocalHardware,functionproto,services/cameraservice/sinkservice/include/distributedcamera/distributed_camera_sink_service.h,2228,DistributedCameraSinkMgr,['DistributedCameraSinkMgr'],False
services/cameraservice/sinkservice/include/distributedcamera/distributed_camera_sink_service.h,142,StopCapture,functionproto,services/cameraservice/sinkservice/include/distributedcamera/distributed_camera_sink_service.h,2226,DistributedCameraSinkMgr,['DistributedCameraSinkMgr'],False
services/cameraservice/sinkservice/include/distributedcamera/distributed_camera_sink_service.h,142,ChannelNeg,functionproto,services/cameraservice/sinkservice/include/distributedcamera/distributed_camera_sink_service.h,2216,DistributedCameraSinkMgr,['DistributedCameraSinkMgr'],False
services/cameraservice/sinkservice/include/distributedcamera/distributed_camera_sink_service.h,142,GetCameraInfo,functionproto,services/cameraservice/sinkservice/include/distributedcamera/distributed_camera_sink_service.h,2219,DistributedCameraSinkMgr,['DistributedCameraSinkMgr'],False
services/cameraservice/sinkservice/include/distributedcamera/distributed_camera_sink_service.h,142,OpenChannel,functionproto,services/cameraservice/sinkservice/include/distributedcamera/distributed_camera_sink_service.h,2224,DistributedCameraSinkMgr,['DistributedCameraSinkMgr'],False
services/cameraservice/sinkservice/include/distributedcamera/distributed_camera_sink_service.h,142,CloseChannel,functionproto,services/cameraservice/sinkservice/include/distributedcamera/distributed_camera_sink_service.h,2217,DistributedCameraSinkMgr,['DistributedCameraSinkMgr'],False
common/src/utils/data_buffer.cpp,79,data_buffer,file,common/src/utils/data_buffer.cpp,1487,utils,['utils'],False
camera_hdf/interfaces/hdi_ipc/client/provider/dcamera_provider_callback.cpp,44,dcamera_provider_callback,file,camera_hdf/interfaces/hdi_ipc/client/provider/dcamera_provider_callback.cpp,959,VirtualCameraHdf,['VirtualCameraHdf'],False
camera_hdf/interfaces/hdi_ipc/client/provider/dcamera_provider_callback.cpp,44,OpenSession,functionimpl,camera_hdf/interfaces/hdi_ipc/client/provider/dcamera_provider_callback.cpp,962,VirtualCameraHdf,['VirtualCameraHdf'],False
camera_hdf/interfaces/hdi_ipc/client/provider/dcamera_provider_callback.cpp,44,CloseSession,functionimpl,camera_hdf/interfaces/hdi_ipc/client/provider/dcamera_provider_callback.cpp,960,VirtualCameraHdf,['VirtualCameraHdf'],False
camera_hdf/interfaces/hdi_ipc/client/provider/dcamera_provider_callback.cpp,44,ConfigureStreams,functionimpl,camera_hdf/interfaces/hdi_ipc/client/provider/dcamera_provider_callback.cpp,961,VirtualCameraHdf,['VirtualCameraHdf'],False
camera_hdf/interfaces/hdi_ipc/client/provider/dcamera_provider_callback.cpp,44,ReleaseStreams,functionimpl,camera_hdf/interfaces/hdi_ipc/client/provider/dcamera_provider_callback.cpp,963,VirtualCameraHdf,['VirtualCameraHdf'],False
camera_hdf/interfaces/hdi_ipc/client/provider/dcamera_provider_callback.cpp,44,StartCapture,functionimpl,camera_hdf/interfaces/hdi_ipc/client/provider/dcamera_provider_callback.cpp,964,VirtualCameraHdf,['VirtualCameraHdf'],False
camera_hdf/interfaces/hdi_ipc/client/provider/dcamera_provider_callback.cpp,44,StopCapture,functionimpl,camera_hdf/interfaces/hdi_ipc/client/provider/dcamera_provider_callback.cpp,965,VirtualCameraHdf,['VirtualCameraHdf'],False
camera_hdf/interfaces/hdi_ipc/client/provider/dcamera_provider_callback.cpp,44,UpdateSettings,functionimpl,camera_hdf/interfaces/hdi_ipc/client/provider/dcamera_provider_callback.cpp,966,VirtualCameraHdf,['VirtualCameraHdf'],False
camera_hdf/hdi_impl/src/dcamera_device/dcamera_device.cpp,11,Close,functionimpl,camera_hdf/hdi_impl/src/dcamera_device/dcamera_device.cpp,259,VirtualCameraHdf,['VirtualCameraHdf'],False
camera_hdf/hdi_impl/src/dcamera_device/dcamera_device.cpp,11,Notify,functionimpl,camera_hdf/hdi_impl/src/dcamera_device/dcamera_device.cpp,272,VirtualCameraHdf,['VirtualCameraHdf'],False
camera_hdf/hdi_impl/src/dcamera_device/dcamera_device.cpp,11,dcamera_device,file,camera_hdf/hdi_impl/src/dcamera_device/dcamera_device.cpp,257,VirtualCameraHdf,['VirtualCameraHdf'],False
services/data_process/include/interfaces/idata_process_pipeline.h,258,CreateDataProcessPipeline,functionproto,services/data_process/include/interfaces/idata_process_pipeline.h,3946,CameraDataProcessCommon,['CameraDataProcessCommon'],False
common/src/utils/data_buffer.cpp,79,DataBuffer,functionimpl,common/src/utils/data_buffer.cpp,1490,utils,['utils'],False
common/include/utils/data_buffer.h,76,DataBuffer,functionproto,common/include/utils/data_buffer.h,1459,utils,['utils'],False
common/src/utils/data_buffer.cpp,79,Capacity,functionimpl,common/src/utils/data_buffer.cpp,1488,utils,['utils'],False
common/include/utils/data_buffer.h,76,Capacity,functionproto,common/include/utils/data_buffer.h,1457,utils,['utils'],False
common/src/utils/data_buffer.cpp,79,Size,functionimpl,common/src/utils/data_buffer.cpp,1499,utils,['utils'],False
common/include/utils/data_buffer.h,76,Size,functionproto,common/include/utils/data_buffer.h,1468,utils,['utils'],False
common/src/utils/data_buffer.cpp,79,Offset,functionimpl,common/src/utils/data_buffer.cpp,1494,utils,['utils'],False
common/include/utils/data_buffer.h,76,Offset,functionproto,common/include/utils/data_buffer.h,1463,utils,['utils'],False
common/src/utils/data_buffer.cpp,79,Data,functionimpl,common/src/utils/data_buffer.cpp,1489,utils,['utils'],False
common/include/utils/data_buffer.h,76,Data,functionproto,common/include/utils/data_buffer.h,1458,utils,['utils'],False
common/src/utils/data_buffer.cpp,79,SetRange,functionimpl,common/src/utils/data_buffer.cpp,1497,utils,['utils'],False
common/include/utils/data_buffer.h,76,SetRange,functionproto,common/include/utils/data_buffer.h,1466,utils,['utils'],False
common/src/utils/data_buffer.cpp,79,SetInt32,functionimpl,common/src/utils/data_buffer.cpp,1495,utils,['utils'],False
common/include/utils/data_buffer.h,76,SetInt32,functionproto,common/include/utils/data_buffer.h,1464,utils,['utils'],False
common/src/utils/data_buffer.cpp,79,SetInt64,functionimpl,common/src/utils/data_buffer.cpp,1496,utils,['utils'],False
common/include/utils/data_buffer.h,76,SetInt64,functionproto,common/include/utils/data_buffer.h,1465,utils,['utils'],False
common/src/utils/data_buffer.cpp,79,SetString,functionimpl,common/src/utils/data_buffer.cpp,1498,utils,['utils'],False
common/include/utils/data_buffer.h,76,SetString,functionproto,common/include/utils/data_buffer.h,1467,utils,['utils'],False
common/src/utils/data_buffer.cpp,79,FindInt32,functionimpl,common/src/utils/data_buffer.cpp,1491,utils,['utils'],False
common/include/utils/data_buffer.h,76,FindInt32,functionproto,common/include/utils/data_buffer.h,1460,utils,['utils'],False
common/src/utils/data_buffer.cpp,79,FindInt64,functionimpl,common/src/utils/data_buffer.cpp,1492,utils,['utils'],False
common/include/utils/data_buffer.h,76,FindInt64,functionproto,common/include/utils/data_buffer.h,1461,utils,['utils'],False
common/src/utils/data_buffer.cpp,79,FindString,functionimpl,common/src/utils/data_buffer.cpp,1493,utils,['utils'],False
common/include/utils/data_buffer.h,76,FindString,functionproto,common/include/utils/data_buffer.h,1462,utils,['utils'],False
common/src/utils/data_buffer.cpp,79,~DataBuffer,functionimpl,common/src/utils/data_buffer.cpp,1500,utils,['utils'],False
common/include/utils/data_buffer.h,76,~DataBuffer,functionproto,common/include/utils/data_buffer.h,1469,utils,['utils'],False
services/channel/src/dcamera_softbus_adapter.cpp,253,OnSourceSessionOpened,functionimpl,services/channel/src/dcamera_softbus_adapter.cpp,3804,ChannelCommon,['ChannelCommon'],False
services/channel/src/dcamera_softbus_adapter.cpp,253,OnSourceSessionClosed,functionimpl,services/channel/src/dcamera_softbus_adapter.cpp,3803,ChannelCommon,['ChannelCommon'],False
services/channel/src/dcamera_softbus_adapter.cpp,253,OnSinkSessionOpened,functionimpl,services/channel/src/dcamera_softbus_adapter.cpp,3799,ChannelCommon,['ChannelCommon'],False
services/channel/src/dcamera_softbus_adapter.cpp,253,OnSinkSessionClosed,functionimpl,services/channel/src/dcamera_softbus_adapter.cpp,3798,ChannelCommon,['ChannelCommon'],False
common/src/utils/data_buffer.cpp,79,capacity,var,common/src/utils/data_buffer.cpp,1501,utils,['utils'],False
common/src/utils/data_buffer.cpp,79,offset,var,common/src/utils/data_buffer.cpp,1503,utils,['utils'],False
common/src/utils/data_buffer.cpp,79,size,var,common/src/utils/data_buffer.cpp,1504,utils,['utils'],False
common/src/utils/data_buffer.cpp,79,name,var,common/src/utils/data_buffer.cpp,1502,utils,['utils'],False
common/src/utils/data_buffer.cpp,79,value,var,common/src/utils/data_buffer.cpp,1505,utils,['utils'],False
camera_hdf/hdi_impl/include/dcamera_device/dcamera_device.h,0,dcamera_device,file,camera_hdf/hdi_impl/include/dcamera_device/dcamera_device.h,0,VirtualCameraHdf,['VirtualCameraHdf'],False
camera_hdf/hdi_impl/src/dcamera_device/dcamera_device.cpp,11,DCameraDevice,functionimpl,camera_hdf/hdi_impl/src/dcamera_device/dcamera_device.cpp,261,VirtualCameraHdf,['VirtualCameraHdf'],False
camera_hdf/hdi_impl/include/dcamera_device/dcamera_device.h,0,DCameraDevice,functionproto,camera_hdf/hdi_impl/include/dcamera_device/dcamera_device.h,6,VirtualCameraHdf,['VirtualCameraHdf'],False
camera_hdf/hdi_impl/src/dcamera_device/dcamera_device.cpp,11,Init,functionimpl,camera_hdf/hdi_impl/src/dcamera_device/dcamera_device.cpp,270,VirtualCameraHdf,['VirtualCameraHdf'],False
camera_hdf/hdi_impl/include/dcamera_device/dcamera_device.h,0,Init,functionproto,camera_hdf/hdi_impl/include/dcamera_device/dcamera_device.h,15,VirtualCameraHdf,['VirtualCameraHdf'],False
camera_hdf/hdi_impl/src/dcamera_device/dcamera_device.cpp,11,CreateDStreamOperator,functionimpl,camera_hdf/hdi_impl/src/dcamera_device/dcamera_device.cpp,260,VirtualCameraHdf,['VirtualCameraHdf'],False
camera_hdf/hdi_impl/include/dcamera_device/dcamera_device.h,0,CreateDStreamOperator,functionproto,camera_hdf/hdi_impl/include/dcamera_device/dcamera_device.h,5,VirtualCameraHdf,['VirtualCameraHdf'],False
camera_hdf/hdi_impl/include/dcamera_device/dcamera_device.h,0,GetStreamOperator,functionproto,camera_hdf/hdi_impl/include/dcamera_device/dcamera_device.h,14,VirtualCameraHdf,['VirtualCameraHdf'],False
camera_hdf/hdi_impl/include/dcamera_device/dcamera_device.h,0,UpdateSettings,functionproto,camera_hdf/hdi_impl/include/dcamera_device/dcamera_device.h,23,VirtualCameraHdf,['VirtualCameraHdf'],False
camera_hdf/hdi_impl/include/dcamera_device/dcamera_device.h,0,SetResultMode,functionproto,camera_hdf/hdi_impl/include/dcamera_device/dcamera_device.h,21,VirtualCameraHdf,['VirtualCameraHdf'],False
camera_hdf/hdi_impl/include/dcamera_device/dcamera_device.h,0,GetEnabledResults,functionproto,camera_hdf/hdi_impl/include/dcamera_device/dcamera_device.h,12,VirtualCameraHdf,['VirtualCameraHdf'],False
camera_hdf/hdi_impl/include/dcamera_device/dcamera_device.h,0,EnableResult,functionproto,camera_hdf/hdi_impl/include/dcamera_device/dcamera_device.h,8,VirtualCameraHdf,['VirtualCameraHdf'],False
camera_hdf/hdi_impl/include/dcamera_device/dcamera_device.h,0,DisableResult,functionproto,camera_hdf/hdi_impl/include/dcamera_device/dcamera_device.h,7,VirtualCameraHdf,['VirtualCameraHdf'],False
camera_hdf/hdi_impl/include/dcamera_device/dcamera_device.h,0,Close,functionproto,camera_hdf/hdi_impl/include/dcamera_device/dcamera_device.h,4,VirtualCameraHdf,['VirtualCameraHdf'],False
camera_hdf/hdi_impl/include/dcamera_device/dcamera_device.h,0,OpenDCamera,functionproto,camera_hdf/hdi_impl/include/dcamera_device/dcamera_device.h,19,VirtualCameraHdf,['VirtualCameraHdf'],False
camera_hdf/hdi_impl/include/dcamera_device/dcamera_device.h,0,GetDCameraAbility,functionproto,camera_hdf/hdi_impl/include/dcamera_device/dcamera_device.h,10,VirtualCameraHdf,['VirtualCameraHdf'],False
camera_hdf/hdi_impl/src/dcamera_device/dcamera_device.cpp,11,AcquireBuffer,functionimpl,camera_hdf/hdi_impl/src/dcamera_device/dcamera_device.cpp,258,VirtualCameraHdf,['VirtualCameraHdf'],False
camera_hdf/hdi_impl/include/dcamera_device/dcamera_device.h,0,AcquireBuffer,functionproto,camera_hdf/hdi_impl/include/dcamera_device/dcamera_device.h,3,VirtualCameraHdf,['VirtualCameraHdf'],False
camera_hdf/hdi_impl/src/dcamera_device/dcamera_device.cpp,11,ShutterBuffer,functionimpl,camera_hdf/hdi_impl/src/dcamera_device/dcamera_device.cpp,277,VirtualCameraHdf,['VirtualCameraHdf'],False
camera_hdf/hdi_impl/include/dcamera_device/dcamera_device.h,0,ShutterBuffer,functionproto,camera_hdf/hdi_impl/include/dcamera_device/dcamera_device.h,22,VirtualCameraHdf,['VirtualCameraHdf'],False
camera_hdf/hdi_impl/src/dcamera_device/dcamera_device.cpp,11,OnSettingsResult,functionimpl,camera_hdf/hdi_impl/src/dcamera_device/dcamera_device.cpp,273,VirtualCameraHdf,['VirtualCameraHdf'],False
camera_hdf/hdi_impl/include/dcamera_device/dcamera_device.h,0,OnSettingsResult,functionproto,camera_hdf/hdi_impl/include/dcamera_device/dcamera_device.h,18,VirtualCameraHdf,['VirtualCameraHdf'],False
camera_hdf/hdi_impl/include/dcamera_device/dcamera_device.h,0,Notify,functionproto,camera_hdf/hdi_impl/include/dcamera_device/dcamera_device.h,17,VirtualCameraHdf,['VirtualCameraHdf'],False
camera_hdf/hdi_impl/src/dcamera_device/dcamera_device.cpp,11,SetProviderCallback,functionimpl,camera_hdf/hdi_impl/src/dcamera_device/dcamera_device.cpp,275,VirtualCameraHdf,['VirtualCameraHdf'],False
camera_hdf/hdi_impl/include/dcamera_device/dcamera_device.h,0,SetProviderCallback,functionproto,camera_hdf/hdi_impl/include/dcamera_device/dcamera_device.h,20,VirtualCameraHdf,['VirtualCameraHdf'],False
camera_hdf/hdi_impl/src/dcamera_device/dcamera_device.cpp,11,GetProviderCallback,functionimpl,camera_hdf/hdi_impl/src/dcamera_device/dcamera_device.cpp,268,VirtualCameraHdf,['VirtualCameraHdf'],False
camera_hdf/hdi_impl/include/dcamera_device/dcamera_device.h,0,GetProviderCallback,functionproto,camera_hdf/hdi_impl/include/dcamera_device/dcamera_device.h,13,VirtualCameraHdf,['VirtualCameraHdf'],False
camera_hdf/hdi_impl/src/dcamera_device/dcamera_device.cpp,11,GenerateCameraId,functionimpl,camera_hdf/hdi_impl/src/dcamera_device/dcamera_device.cpp,264,VirtualCameraHdf,['VirtualCameraHdf'],False
camera_hdf/hdi_impl/include/dcamera_device/dcamera_device.h,0,GenerateCameraId,functionproto,camera_hdf/hdi_impl/include/dcamera_device/dcamera_device.h,9,VirtualCameraHdf,['VirtualCameraHdf'],False
camera_hdf/hdi_impl/src/dcamera_device/dcamera_device.cpp,11,GetDCameraId,functionimpl,camera_hdf/hdi_impl/src/dcamera_device/dcamera_device.cpp,266,VirtualCameraHdf,['VirtualCameraHdf'],False
camera_hdf/hdi_impl/include/dcamera_device/dcamera_device.h,0,GetDCameraId,functionproto,camera_hdf/hdi_impl/include/dcamera_device/dcamera_device.h,11,VirtualCameraHdf,['VirtualCameraHdf'],False
camera_hdf/hdi_impl/src/dcamera_device/dcamera_device.cpp,11,IsOpened,functionimpl,camera_hdf/hdi_impl/src/dcamera_device/dcamera_device.cpp,271,VirtualCameraHdf,['VirtualCameraHdf'],False
camera_hdf/hdi_impl/include/dcamera_device/dcamera_device.h,0,IsOpened,functionproto,camera_hdf/hdi_impl/include/dcamera_device/dcamera_device.h,16,VirtualCameraHdf,['VirtualCameraHdf'],False
services/cameraservice/sinkservice/include/distributedcameramgr/dcamera_sink_data_process.h,148,channel_,var,services/cameraservice/sinkservice/include/distributedcameramgr/dcamera_sink_data_process.h,2306,DistributedCameraSinkMgr,['DistributedCameraSinkMgr'],False
services/cameraservice/base/include/dcamera_info_cmd.h,103,value_,var,services/cameraservice/base/include/dcamera_info_cmd.h,1780,CameraServiceCommon,['CameraServiceCommon'],False
services/cameraservice/base/include/dcamera_info_cmd.h,103,,type,services/cameraservice/base/include/dcamera_info_cmd.h,1777,CameraServiceCommon,['CameraServiceCommon'],False
services/cameraservice/sinkservice/include/distributedcameramgr/dcamera_sink_output.h,150,operator_,var,services/cameraservice/sinkservice/include/distributedcameramgr/dcamera_sink_output.h,2341,DistributedCameraSinkMgr,['DistributedCameraSinkMgr'],False
services/channel/src/dcamera_softbus_adapter.cpp,253,DCameraSoftbusAdapter,functionimpl,services/channel/src/dcamera_softbus_adapter.cpp,3785,ChannelCommon,['ChannelCommon'],False
services/channel/include/dcamera_softbus_adapter.h,247,DCameraSoftbusAdapter,functionproto,services/channel/include/dcamera_softbus_adapter.h,3672,ChannelCommon,['ChannelCommon'],False
services/channel/src/dcamera_softbus_adapter.cpp,253,~DCameraSoftbusAdapter,functionimpl,services/channel/src/dcamera_softbus_adapter.cpp,3809,ChannelCommon,['ChannelCommon'],False
services/channel/include/dcamera_softbus_adapter.h,247,~DCameraSoftbusAdapter,functionproto,services/channel/include/dcamera_softbus_adapter.h,3691,ChannelCommon,['ChannelCommon'],False
services/channel/src/dcamera_softbus_adapter.cpp,253,CreateSoftbusSessionServer,functionimpl,services/channel/src/dcamera_softbus_adapter.cpp,3779,ChannelCommon,['ChannelCommon'],False
services/channel/include/dcamera_softbus_adapter.h,247,CreateSoftbusSessionServer,functionproto,services/channel/include/dcamera_softbus_adapter.h,3671,ChannelCommon,['ChannelCommon'],False
services/channel/src/dcamera_softbus_adapter.cpp,253,DestroySoftbusSessionServer,functionimpl,services/channel/src/dcamera_softbus_adapter.cpp,3794,ChannelCommon,['ChannelCommon'],False
services/channel/include/dcamera_softbus_adapter.h,247,DestroySoftbusSessionServer,functionproto,services/channel/include/dcamera_softbus_adapter.h,3676,ChannelCommon,['ChannelCommon'],False
services/channel/src/dcamera_softbus_adapter.cpp,253,OpenSoftbusSession,functionimpl,services/channel/src/dcamera_softbus_adapter.cpp,3806,ChannelCommon,['ChannelCommon'],False
services/channel/include/dcamera_softbus_adapter.h,247,OpenSoftbusSession,functionproto,services/channel/include/dcamera_softbus_adapter.h,3688,ChannelCommon,['ChannelCommon'],False
services/channel/src/dcamera_softbus_adapter.cpp,253,CloseSoftbusSession,functionimpl,services/channel/src/dcamera_softbus_adapter.cpp,3778,ChannelCommon,['ChannelCommon'],False
services/channel/include/dcamera_softbus_adapter.h,247,CloseSoftbusSession,functionproto,services/channel/include/dcamera_softbus_adapter.h,3670,ChannelCommon,['ChannelCommon'],False
services/channel/src/dcamera_softbus_adapter.cpp,253,SendSofbusBytes,functionimpl,services/channel/src/dcamera_softbus_adapter.cpp,3807,ChannelCommon,['ChannelCommon'],False
services/channel/include/dcamera_softbus_adapter.h,247,SendSofbusBytes,functionproto,services/channel/include/dcamera_softbus_adapter.h,3689,ChannelCommon,['ChannelCommon'],False
services/channel/src/dcamera_softbus_adapter.cpp,253,SendSofbusStream,functionimpl,services/channel/src/dcamera_softbus_adapter.cpp,3808,ChannelCommon,['ChannelCommon'],False
services/channel/include/dcamera_softbus_adapter.h,247,SendSofbusStream,functionproto,services/channel/include/dcamera_softbus_adapter.h,3690,ChannelCommon,['ChannelCommon'],False
services/channel/src/dcamera_softbus_adapter.cpp,253,DCameraSoftbusGetSessionById,functionimpl,services/channel/src/dcamera_softbus_adapter.cpp,3786,ChannelCommon,['ChannelCommon'],False
services/channel/include/dcamera_softbus_adapter.h,247,DCameraSoftbusGetSessionById,functionproto,services/channel/include/dcamera_softbus_adapter.h,3673,ChannelCommon,['ChannelCommon'],False
services/channel/src/dcamera_softbus_adapter.cpp,253,DCameraSoftbusSourceGetSession,functionimpl,services/channel/src/dcamera_softbus_adapter.cpp,3788,ChannelCommon,['ChannelCommon'],False
services/channel/include/dcamera_softbus_adapter.h,247,DCameraSoftbusSourceGetSession,functionproto,services/channel/include/dcamera_softbus_adapter.h,3675,ChannelCommon,['ChannelCommon'],False
services/channel/include/dcamera_softbus_adapter.h,247,OnSourceSessionOpened,functionproto,services/channel/include/dcamera_softbus_adapter.h,3686,ChannelCommon,['ChannelCommon'],False
services/channel/include/dcamera_softbus_adapter.h,247,OnSourceSessionClosed,functionproto,services/channel/include/dcamera_softbus_adapter.h,3685,ChannelCommon,['ChannelCommon'],False
services/channel/include/dcamera_softbus_adapter.h,247,OnSourceBytesReceived,functionproto,services/channel/include/dcamera_softbus_adapter.h,3683,ChannelCommon,['ChannelCommon'],False
services/channel/src/dcamera_softbus_adapter.cpp,253,OnSourceMessageReceived,functionimpl,services/channel/src/dcamera_softbus_adapter.cpp,3802,ChannelCommon,['ChannelCommon'],False
services/channel/include/dcamera_softbus_adapter.h,247,OnSourceMessageReceived,functionproto,services/channel/include/dcamera_softbus_adapter.h,3684,ChannelCommon,['ChannelCommon'],False
services/channel/include/dcamera_softbus_adapter.h,247,OnSourceStreamReceived,functionproto,services/channel/include/dcamera_softbus_adapter.h,3687,ChannelCommon,['ChannelCommon'],False
services/channel/src/dcamera_softbus_adapter.cpp,253,DCameraSoftbusSinkGetSession,functionimpl,services/channel/src/dcamera_softbus_adapter.cpp,3787,ChannelCommon,['ChannelCommon'],False
services/channel/include/dcamera_softbus_adapter.h,247,DCameraSoftbusSinkGetSession,functionproto,services/channel/include/dcamera_softbus_adapter.h,3674,ChannelCommon,['ChannelCommon'],False
services/channel/include/dcamera_softbus_adapter.h,247,OnSinkSessionOpened,functionproto,services/channel/include/dcamera_softbus_adapter.h,3681,ChannelCommon,['ChannelCommon'],False
services/channel/include/dcamera_softbus_adapter.h,247,OnSinkSessionClosed,functionproto,services/channel/include/dcamera_softbus_adapter.h,3680,ChannelCommon,['ChannelCommon'],False
services/channel/include/dcamera_softbus_adapter.h,247,OnSinkBytesReceived,functionproto,services/channel/include/dcamera_softbus_adapter.h,3678,ChannelCommon,['ChannelCommon'],False
services/channel/src/dcamera_softbus_adapter.cpp,253,OnSinkMessageReceived,functionimpl,services/channel/src/dcamera_softbus_adapter.cpp,3797,ChannelCommon,['ChannelCommon'],False
services/channel/include/dcamera_softbus_adapter.h,247,OnSinkMessageReceived,functionproto,services/channel/include/dcamera_softbus_adapter.h,3679,ChannelCommon,['ChannelCommon'],False
services/channel/include/dcamera_softbus_adapter.h,247,OnSinkStreamReceived,functionproto,services/channel/include/dcamera_softbus_adapter.h,3682,ChannelCommon,['ChannelCommon'],False
services/channel/src/dcamera_softbus_adapter.cpp,253,GetLocalNetworkId,functionimpl,services/channel/src/dcamera_softbus_adapter.cpp,3795,ChannelCommon,['ChannelCommon'],False
services/channel/include/dcamera_softbus_adapter.h,247,GetLocalNetworkId,functionproto,services/channel/include/dcamera_softbus_adapter.h,3677,ChannelCommon,['ChannelCommon'],False
services/channel/include/dcamera_softbus_adapter.h,247,DCAMERA_CHANNEL_ROLE,alias,services/channel/include/dcamera_softbus_adapter.h,3668,ChannelCommon,['ChannelCommon'],False
camera_hdf/hdi_impl/include/utils/constants.h,9,WAIT_OPEN_TIMEOUT_SEC,var,camera_hdf/hdi_impl/include/utils/constants.h,245,VirtualCameraHdf,['VirtualCameraHdf'],False
camera_hdf/hdi_impl/src/dcamera_device/dcamera_device.cpp,11,dhBase,var,camera_hdf/hdi_impl/src/dcamera_device/dcamera_device.cpp,284,VirtualCameraHdf,['VirtualCameraHdf'],False
camera_hdf/hdi_impl/src/dcamera_device/dcamera_device.cpp,11,abilityInfo,var,camera_hdf/hdi_impl/src/dcamera_device/dcamera_device.cpp,280,VirtualCameraHdf,['VirtualCameraHdf'],False
camera_hdf/hdi_impl/src/dcamera_device/dcamera_device.cpp,11,ret,var,camera_hdf/hdi_impl/src/dcamera_device/dcamera_device.cpp,292,VirtualCameraHdf,['VirtualCameraHdf'],False
camera_hdf/hdi_impl/src/dcamera_device/dcamera_device.cpp,11,type,var,camera_hdf/hdi_impl/src/dcamera_device/dcamera_device.cpp,299,VirtualCameraHdf,['VirtualCameraHdf'],False
camera_hdf/hdi_impl/src/dcamera_device/dcamera_device.cpp,11,errorMsg,var,camera_hdf/hdi_impl/src/dcamera_device/dcamera_device.cpp,285,VirtualCameraHdf,['VirtualCameraHdf'],False
camera_hdf/hdi_impl/src/dcamera_device/dcamera_device.cpp,11,timestamp,var,camera_hdf/hdi_impl/src/dcamera_device/dcamera_device.cpp,298,VirtualCameraHdf,['VirtualCameraHdf'],False
camera_hdf/hdi_impl/src/dcamera_device/dcamera_device.cpp,11,result,var,camera_hdf/hdi_impl/src/dcamera_device/dcamera_device.cpp,290,VirtualCameraHdf,['VirtualCameraHdf'],False
camera_hdf/hdi_impl/src/dcamera_device/dcamera_device.cpp,11,onErrorCallback,var,camera_hdf/hdi_impl/src/dcamera_device/dcamera_device.cpp,288,VirtualCameraHdf,['VirtualCameraHdf'],False
camera_hdf/hdi_impl/src/dcamera_device/dcamera_device.cpp,11,onResultCallback,var,camera_hdf/hdi_impl/src/dcamera_device/dcamera_device.cpp,289,VirtualCameraHdf,['VirtualCameraHdf'],False
camera_hdf/hdi_impl/src/dcamera_device/dcamera_device.cpp,11,callback,var,camera_hdf/hdi_impl/src/dcamera_device/dcamera_device.cpp,283,VirtualCameraHdf,['VirtualCameraHdf'],False
camera_hdf/hdi_impl/src/dcamera_device/dcamera_device.cpp,11,streamOperator,var,camera_hdf/hdi_impl/src/dcamera_device/dcamera_device.cpp,297,VirtualCameraHdf,['VirtualCameraHdf'],False
camera_hdf/hdi_impl/src/dcamera_device/dcamera_device.cpp,11,settings,var,camera_hdf/hdi_impl/src/dcamera_device/dcamera_device.cpp,293,VirtualCameraHdf,['VirtualCameraHdf'],False
camera_hdf/hdi_impl/src/dcamera_device/dcamera_device.cpp,11,abilityStr,var,camera_hdf/hdi_impl/src/dcamera_device/dcamera_device.cpp,281,VirtualCameraHdf,['VirtualCameraHdf'],False
camera_hdf/hdi_impl/src/dcamera_device/dcamera_device.cpp,11,mode,var,camera_hdf/hdi_impl/src/dcamera_device/dcamera_device.cpp,287,VirtualCameraHdf,['VirtualCameraHdf'],False
camera_hdf/hdi_impl/src/dcamera_device/dcamera_device.cpp,11,results,var,camera_hdf/hdi_impl/src/dcamera_device/dcamera_device.cpp,291,VirtualCameraHdf,['VirtualCameraHdf'],False
camera_hdf/hdi_impl/src/dcamera_device/dcamera_device.cpp,11,sstream,var,camera_hdf/hdi_impl/src/dcamera_device/dcamera_device.cpp,294,VirtualCameraHdf,['VirtualCameraHdf'],False
camera_hdf/hdi_impl/src/dcamera_device/dcamera_device.cpp,11,st,var,camera_hdf/hdi_impl/src/dcamera_device/dcamera_device.cpp,295,VirtualCameraHdf,['VirtualCameraHdf'],False
camera_hdf/hdi_impl/src/dcamera_device/dcamera_device.cpp,11,ability,var,camera_hdf/hdi_impl/src/dcamera_device/dcamera_device.cpp,279,VirtualCameraHdf,['VirtualCameraHdf'],False
camera_hdf/hdi_impl/src/dcamera_device/dcamera_device.cpp,11,streamId,var,camera_hdf/hdi_impl/src/dcamera_device/dcamera_device.cpp,296,VirtualCameraHdf,['VirtualCameraHdf'],False
camera_hdf/hdi_impl/src/dcamera_device/dcamera_device.cpp,11,buffer,var,camera_hdf/hdi_impl/src/dcamera_device/dcamera_device.cpp,282,VirtualCameraHdf,['VirtualCameraHdf'],False
camera_hdf/hdi_impl/src/dcamera_device/dcamera_device.cpp,11,event,var,camera_hdf/hdi_impl/src/dcamera_device/dcamera_device.cpp,286,VirtualCameraHdf,['VirtualCameraHdf'],False
services/cameraservice/cameraoperator/client/src/callback/dcamera_manager_callback.cpp,126,dcamera_manager_callback,file,services/cameraservice/cameraoperator/client/src/callback/dcamera_manager_callback.cpp,1968,utils,['utils'],False
camera_hdf/interfaces/hdi_ipc/client/provider/dcamera_provider_callback_stub.cpp,46,OnRemoteRequest,functionimpl,camera_hdf/interfaces/hdi_ipc/client/provider/dcamera_provider_callback_stub.cpp,984,VirtualCameraHdf,['VirtualCameraHdf'],False
camera_hdf/interfaces/hdi_ipc/client/provider/dcamera_provider_callback_stub.h,47,OnRemoteRequest,functionproto,camera_hdf/interfaces/hdi_ipc/client/provider/dcamera_provider_callback_stub.h,1004,VirtualCameraHdf,['VirtualCameraHdf'],False
camera_hdf/interfaces/hdi_ipc/client/provider/dcamera_provider_callback_stub.cpp,46,DCProviderOpenSessionStub,functionimpl,camera_hdf/interfaces/hdi_ipc/client/provider/dcamera_provider_callback_stub.cpp,979,VirtualCameraHdf,['VirtualCameraHdf'],False
camera_hdf/interfaces/hdi_ipc/client/provider/dcamera_provider_callback_stub.h,47,DCProviderOpenSessionStub,functionproto,camera_hdf/interfaces/hdi_ipc/client/provider/dcamera_provider_callback_stub.h,999,VirtualCameraHdf,['VirtualCameraHdf'],False
camera_hdf/interfaces/hdi_ipc/client/provider/dcamera_provider_callback_stub.cpp,46,DCProviderCloseSessionStub,functionimpl,camera_hdf/interfaces/hdi_ipc/client/provider/dcamera_provider_callback_stub.cpp,977,VirtualCameraHdf,['VirtualCameraHdf'],False
camera_hdf/interfaces/hdi_ipc/client/provider/dcamera_provider_callback_stub.h,47,DCProviderCloseSessionStub,functionproto,camera_hdf/interfaces/hdi_ipc/client/provider/dcamera_provider_callback_stub.h,997,VirtualCameraHdf,['VirtualCameraHdf'],False
camera_hdf/interfaces/hdi_ipc/client/provider/dcamera_provider_callback_stub.cpp,46,DCProviderConfigureStreamsStub,functionimpl,camera_hdf/interfaces/hdi_ipc/client/provider/dcamera_provider_callback_stub.cpp,978,VirtualCameraHdf,['VirtualCameraHdf'],False
camera_hdf/interfaces/hdi_ipc/client/provider/dcamera_provider_callback_stub.h,47,DCProviderConfigureStreamsStub,functionproto,camera_hdf/interfaces/hdi_ipc/client/provider/dcamera_provider_callback_stub.h,998,VirtualCameraHdf,['VirtualCameraHdf'],False
camera_hdf/interfaces/hdi_ipc/client/provider/dcamera_provider_callback_stub.cpp,46,DCProviderReleaseStreamsStub,functionimpl,camera_hdf/interfaces/hdi_ipc/client/provider/dcamera_provider_callback_stub.cpp,980,VirtualCameraHdf,['VirtualCameraHdf'],False
camera_hdf/interfaces/hdi_ipc/client/provider/dcamera_provider_callback_stub.h,47,DCProviderReleaseStreamsStub,functionproto,camera_hdf/interfaces/hdi_ipc/client/provider/dcamera_provider_callback_stub.h,1000,VirtualCameraHdf,['VirtualCameraHdf'],False
camera_hdf/interfaces/hdi_ipc/client/provider/dcamera_provider_callback_stub.h,47,DCProviderStartCaptureStub,functionproto,camera_hdf/interfaces/hdi_ipc/client/provider/dcamera_provider_callback_stub.h,1001,VirtualCameraHdf,['VirtualCameraHdf'],False
camera_hdf/interfaces/hdi_ipc/client/provider/dcamera_provider_callback_stub.cpp,46,DCProviderStopCaptureStub,functionimpl,camera_hdf/interfaces/hdi_ipc/client/provider/dcamera_provider_callback_stub.cpp,982,VirtualCameraHdf,['VirtualCameraHdf'],False
camera_hdf/interfaces/hdi_ipc/client/provider/dcamera_provider_callback_stub.h,47,DCProviderStopCaptureStub,functionproto,camera_hdf/interfaces/hdi_ipc/client/provider/dcamera_provider_callback_stub.h,1002,VirtualCameraHdf,['VirtualCameraHdf'],False
camera_hdf/interfaces/hdi_ipc/client/provider/dcamera_provider_callback_stub.h,47,DCProviderUpdateSettingsStub,functionproto,camera_hdf/interfaces/hdi_ipc/client/provider/dcamera_provider_callback_stub.h,1003,VirtualCameraHdf,['VirtualCameraHdf'],False
camera_hdf/interfaces/hdi_ipc/client/provider/dcamera_provider_callback_stub.cpp,46,code,var,camera_hdf/interfaces/hdi_ipc/client/provider/dcamera_provider_callback_stub.cpp,985,VirtualCameraHdf,['VirtualCameraHdf'],False
camera_hdf/interfaces/hdi_ipc/client/provider/dcamera_provider_callback_stub.cpp,46,ret,var,camera_hdf/interfaces/hdi_ipc/client/provider/dcamera_provider_callback_stub.cpp,993,VirtualCameraHdf,['VirtualCameraHdf'],False
camera_hdf/interfaces/hdi_ipc/client/provider/dcamera_provider_callback_stub.cpp,46,data,var,camera_hdf/interfaces/hdi_ipc/client/provider/dcamera_provider_callback_stub.cpp,987,VirtualCameraHdf,['VirtualCameraHdf'],False
camera_hdf/interfaces/hdi_ipc/client/provider/dcamera_provider_callback_stub.cpp,46,reply,var,camera_hdf/interfaces/hdi_ipc/client/provider/dcamera_provider_callback_stub.cpp,992,VirtualCameraHdf,['VirtualCameraHdf'],False
camera_hdf/interfaces/hdi_ipc/client/provider/dcamera_provider_callback_stub.cpp,46,option,var,camera_hdf/interfaces/hdi_ipc/client/provider/dcamera_provider_callback_stub.cpp,990,VirtualCameraHdf,['VirtualCameraHdf'],False
camera_hdf/interfaces/hdi_ipc/client/provider/dcamera_provider_callback_stub.cpp,46,i,var,camera_hdf/interfaces/hdi_ipc/client/provider/dcamera_provider_callback_stub.cpp,988,VirtualCameraHdf,['VirtualCameraHdf'],False
camera_hdf/interfaces/hdi_ipc/client/provider/dcamera_provider_callback_stub.cpp,46,count,var,camera_hdf/interfaces/hdi_ipc/client/provider/dcamera_provider_callback_stub.cpp,986,VirtualCameraHdf,['VirtualCameraHdf'],False
camera_hdf/interfaces/hdi_ipc/client/provider/dcamera_provider_callback_stub.cpp,46,pInfo,var,camera_hdf/interfaces/hdi_ipc/client/provider/dcamera_provider_callback_stub.cpp,991,VirtualCameraHdf,['VirtualCameraHdf'],False
camera_hdf/interfaces/hdi_ipc/client/provider/dcamera_provider_callback_stub.cpp,46,streamIds,var,camera_hdf/interfaces/hdi_ipc/client/provider/dcamera_provider_callback_stub.cpp,995,VirtualCameraHdf,['VirtualCameraHdf'],False
camera_hdf/interfaces/hdi_ipc/client/provider/dcamera_provider_callback_stub.cpp,46,k,var,camera_hdf/interfaces/hdi_ipc/client/provider/dcamera_provider_callback_stub.cpp,989,VirtualCameraHdf,['VirtualCameraHdf'],False
camera_hdf/interfaces/hdi_ipc/client/provider/dcamera_provider_callback_stub.cpp,46,settingsSize,var,camera_hdf/interfaces/hdi_ipc/client/provider/dcamera_provider_callback_stub.cpp,994,VirtualCameraHdf,['VirtualCameraHdf'],False
services/channel/include/dcamera_channel_source_impl.h,246,listener_,var,services/channel/include/dcamera_channel_source_impl.h,3666,ChannelSource,['ChannelSource'],False
services/cameraservice/sourceservice/include/distributedcameramgr/dcamera_source_service_ipc.h,198,sinkRemoteRecipient_,var,services/cameraservice/sourceservice/include/distributedcameramgr/dcamera_source_service_ipc.h,2895,DistributedCameraSourceMgr,['DistributedCameraSourceMgr'],False
services/cameraservice/sinkservice/include/distributedcameramgr/dcamera_sink_data_process.h,148,pipeline_,var,services/cameraservice/sinkservice/include/distributedcameramgr/dcamera_sink_data_process.h,2307,DistributedCameraSinkMgr,['DistributedCameraSinkMgr'],False
services/channel/src/dcamera_softbus_session.cpp,254,dcamera_softbus_session,file,services/channel/src/dcamera_softbus_session.cpp,3838,ChannelCommon,['ChannelCommon'],False
services/channel/src/dcamera_softbus_session.cpp,254,PackRecvData,functionimpl,services/channel/src/dcamera_softbus_session.cpp,3854,ChannelCommon,['ChannelCommon'],False
services/channel/src/dcamera_softbus_session.cpp,254,AssembleNoFrag,functionimpl,services/channel/src/dcamera_softbus_session.cpp,3840,ChannelCommon,['ChannelCommon'],False
services/channel/src/dcamera_softbus_session.cpp,254,AssembleFrag,functionimpl,services/channel/src/dcamera_softbus_session.cpp,3839,ChannelCommon,['ChannelCommon'],False
services/channel/src/dcamera_softbus_session.cpp,254,CheckUnPackBuffer,functionimpl,services/channel/src/dcamera_softbus_session.cpp,3841,ChannelCommon,['ChannelCommon'],False
services/channel/src/dcamera_softbus_session.cpp,254,GetFragDataLen,functionimpl,services/channel/src/dcamera_softbus_session.cpp,3845,ChannelCommon,['ChannelCommon'],False
services/channel/src/dcamera_softbus_session.cpp,254,UnPackSendData,functionimpl,services/channel/src/dcamera_softbus_session.cpp,3862,ChannelCommon,['ChannelCommon'],False
services/channel/src/dcamera_softbus_session.cpp,254,MakeFragDataHeader,functionimpl,services/channel/src/dcamera_softbus_session.cpp,3849,ChannelCommon,['ChannelCommon'],False
services/channel/src/dcamera_softbus_session.cpp,254,DCameraSoftbusSession,functionimpl,services/channel/src/dcamera_softbus_session.cpp,3843,ChannelCommon,['ChannelCommon'],False
services/channel/src/dcamera_softbus_session.cpp,254,~DCameraSoftbusSession,functionimpl,services/channel/src/dcamera_softbus_session.cpp,3863,ChannelCommon,['ChannelCommon'],False
services/channel/include/dcamera_softbus_session.h,248,~DCameraSoftbusSession,functionproto,services/channel/include/dcamera_softbus_session.h,3723,ChannelCommon,['ChannelCommon'],False
services/channel/src/dcamera_softbus_session.cpp,254,OpenSession,functionimpl,services/channel/src/dcamera_softbus_session.cpp,3853,ChannelCommon,['ChannelCommon'],False
services/channel/include/dcamera_softbus_session.h,248,OpenSession,functionproto,services/channel/include/dcamera_softbus_session.h,3713,ChannelCommon,['ChannelCommon'],False
services/channel/src/dcamera_softbus_session.cpp,254,CloseSession,functionimpl,services/channel/src/dcamera_softbus_session.cpp,3842,ChannelCommon,['ChannelCommon'],False
services/channel/include/dcamera_softbus_session.h,248,CloseSession,functionproto,services/channel/include/dcamera_softbus_session.h,3702,ChannelCommon,['ChannelCommon'],False
services/channel/src/dcamera_softbus_session.cpp,254,OnSessionOpend,functionimpl,services/channel/src/dcamera_softbus_session.cpp,3852,ChannelCommon,['ChannelCommon'],False
services/channel/include/dcamera_softbus_session.h,248,OnSessionOpend,functionproto,services/channel/include/dcamera_softbus_session.h,3712,ChannelCommon,['ChannelCommon'],False
services/channel/src/dcamera_softbus_session.cpp,254,OnSessionClose,functionimpl,services/channel/src/dcamera_softbus_session.cpp,3851,ChannelCommon,['ChannelCommon'],False
services/channel/include/dcamera_softbus_session.h,248,OnSessionClose,functionproto,services/channel/include/dcamera_softbus_session.h,3711,ChannelCommon,['ChannelCommon'],False
services/channel/src/dcamera_softbus_session.cpp,254,OnDataReceived,functionimpl,services/channel/src/dcamera_softbus_session.cpp,3850,ChannelCommon,['ChannelCommon'],False
services/channel/include/dcamera_softbus_session.h,248,OnDataReceived,functionproto,services/channel/include/dcamera_softbus_session.h,3710,ChannelCommon,['ChannelCommon'],False
services/channel/src/dcamera_softbus_session.cpp,254,DealRecvData,functionimpl,services/channel/src/dcamera_softbus_session.cpp,3844,ChannelCommon,['ChannelCommon'],False
services/channel/include/dcamera_softbus_session.h,248,DealRecvData,functionproto,services/channel/include/dcamera_softbus_session.h,3704,ChannelCommon,['ChannelCommon'],False
services/channel/include/dcamera_softbus_session.h,248,PackRecvData,functionproto,services/channel/include/dcamera_softbus_session.h,3714,ChannelCommon,['ChannelCommon'],False
services/channel/src/dcamera_softbus_session.cpp,254,ResetAssembleFrag,functionimpl,services/channel/src/dcamera_softbus_session.cpp,3856,ChannelCommon,['ChannelCommon'],False
services/channel/include/dcamera_softbus_session.h,248,ResetAssembleFrag,functionproto,services/channel/include/dcamera_softbus_session.h,3716,ChannelCommon,['ChannelCommon'],False
services/channel/src/dcamera_softbus_session.cpp,254,PostData,functionimpl,services/channel/src/dcamera_softbus_session.cpp,3855,ChannelCommon,['ChannelCommon'],False
services/channel/include/dcamera_softbus_session.h,248,PostData,functionproto,services/channel/include/dcamera_softbus_session.h,3715,ChannelCommon,['ChannelCommon'],False
services/channel/src/dcamera_softbus_session.cpp,254,U16Get,functionimpl,services/channel/src/dcamera_softbus_session.cpp,3860,ChannelCommon,['ChannelCommon'],False
services/channel/include/dcamera_softbus_session.h,248,U16Get,functionproto,services/channel/include/dcamera_softbus_session.h,3720,ChannelCommon,['ChannelCommon'],False
services/channel/src/dcamera_softbus_session.cpp,254,U32Get,functionimpl,services/channel/src/dcamera_softbus_session.cpp,3861,ChannelCommon,['ChannelCommon'],False
services/channel/include/dcamera_softbus_session.h,248,U32Get,functionproto,services/channel/include/dcamera_softbus_session.h,3721,ChannelCommon,['ChannelCommon'],False
services/channel/src/dcamera_softbus_session.cpp,254,SendData,functionimpl,services/channel/src/dcamera_softbus_session.cpp,3858,ChannelCommon,['ChannelCommon'],False
services/channel/src/dcamera_softbus_session.cpp,254,SendBytes,functionimpl,services/channel/src/dcamera_softbus_session.cpp,3857,ChannelCommon,['ChannelCommon'],False
services/channel/include/dcamera_softbus_session.h,248,SendBytes,functionproto,services/channel/include/dcamera_softbus_session.h,3717,ChannelCommon,['ChannelCommon'],False
services/channel/src/dcamera_softbus_session.cpp,254,SendStream,functionimpl,services/channel/src/dcamera_softbus_session.cpp,3859,ChannelCommon,['ChannelCommon'],False
services/channel/include/dcamera_softbus_session.h,248,SendStream,functionproto,services/channel/include/dcamera_softbus_session.h,3719,ChannelCommon,['ChannelCommon'],False
services/channel/src/dcamera_softbus_session.cpp,254,GetPeerDevId,functionimpl,services/channel/src/dcamera_softbus_session.cpp,3847,ChannelCommon,['ChannelCommon'],False
services/channel/include/dcamera_softbus_session.h,248,GetPeerDevId,functionproto,services/channel/include/dcamera_softbus_session.h,3707,ChannelCommon,['ChannelCommon'],False
services/channel/src/dcamera_softbus_session.cpp,254,GetPeerSessionName,functionimpl,services/channel/src/dcamera_softbus_session.cpp,3848,ChannelCommon,['ChannelCommon'],False
services/channel/include/dcamera_softbus_session.h,248,GetPeerSessionName,functionproto,services/channel/include/dcamera_softbus_session.h,3708,ChannelCommon,['ChannelCommon'],False
services/channel/src/dcamera_softbus_session.cpp,254,GetMySessionName,functionimpl,services/channel/src/dcamera_softbus_session.cpp,3846,ChannelCommon,['ChannelCommon'],False
services/channel/include/dcamera_softbus_session.h,248,GetMySessionName,functionproto,services/channel/include/dcamera_softbus_session.h,3706,ChannelCommon,['ChannelCommon'],False
services/cameraservice/sourceservice/include/distributedcameramgr/dcamerastate/dcamera_source_regist_state.h,215,memberFuncMap_,var,services/cameraservice/sourceservice/include/distributedcameramgr/dcamerastate/dcamera_source_regist_state.h,3100,DistributedCameraSourceMgr,['DistributedCameraSourceMgr'],False
services/cameraservice/sourceservice/include/distributedcameramgr/dcamerastate/dcamera_source_regist_state.h,215,DCameraFunc,alias,services/cameraservice/sourceservice/include/distributedcameramgr/dcamerastate/dcamera_source_regist_state.h,3089,DistributedCameraSourceMgr,['DistributedCameraSourceMgr'],False
services/cameraservice/sourceservice/include/distributedcameramgr/dcamerastate/dcamera_source_regist_state.h,215,DCameraSourceRegistState,type,services/cameraservice/sourceservice/include/distributedcameramgr/dcamerastate/dcamera_source_regist_state.h,3099,DistributedCameraSourceMgr,['DistributedCameraSourceMgr'],False
camera_hdf/hdi_impl/src/dstream_operator/doffline_stream_operator.cpp,18,CancelCapture,functionimpl,camera_hdf/hdi_impl/src/dstream_operator/doffline_stream_operator.cpp,566,VirtualCameraHdf,['VirtualCameraHdf'],False
camera_hdf/hdi_impl/src/dstream_operator/doffline_stream_operator.cpp,18,captureId,var,camera_hdf/hdi_impl/src/dstream_operator/doffline_stream_operator.cpp,569,VirtualCameraHdf,['VirtualCameraHdf'],False
camera_hdf/hdi_impl/src/dstream_operator/doffline_stream_operator.cpp,18,ReleaseStreams,functionimpl,camera_hdf/hdi_impl/src/dstream_operator/doffline_stream_operator.cpp,568,VirtualCameraHdf,['VirtualCameraHdf'],False
camera_hdf/hdi_impl/src/dstream_operator/doffline_stream_operator.cpp,18,streamIds,var,camera_hdf/hdi_impl/src/dstream_operator/doffline_stream_operator.cpp,570,VirtualCameraHdf,['VirtualCameraHdf'],False
camera_hdf/hdi_impl/test/common.cpp,21,SaveYUV,functionimpl,camera_hdf/hdi_impl/test/common.cpp,679,VirtualCameraHdf,['VirtualCameraHdf'],False
camera_hdf/hdi_impl/test/common.cpp,21,SaveVideoFile,functionimpl,camera_hdf/hdi_impl/test/common.cpp,678,VirtualCameraHdf,['VirtualCameraHdf'],False
camera_hdf/hdi_impl/test/common.cpp,21,GetCurrentLocalTimeStamp,functionimpl,camera_hdf/hdi_impl/test/common.cpp,675,VirtualCameraHdf,['VirtualCameraHdf'],False
camera_hdf/hdi_impl/test/common.cpp,21,tmp,var,camera_hdf/hdi_impl/test/common.cpp,713,VirtualCameraHdf,['VirtualCameraHdf'],False
camera_hdf/hdi_impl/test/common.cpp,21,type,var,camera_hdf/hdi_impl/test/common.cpp,715,VirtualCameraHdf,['VirtualCameraHdf'],False
camera_hdf/hdi_impl/test/common.cpp,21,cycNum,var,camera_hdf/hdi_impl/test/common.cpp,690,VirtualCameraHdf,['VirtualCameraHdf'],False
camera_hdf/hdi_impl/test/common.cpp,21,path,var,camera_hdf/hdi_impl/test/common.cpp,704,VirtualCameraHdf,['VirtualCameraHdf'],False
camera_hdf/hdi_impl/test/common.cpp,21,mode,var,camera_hdf/hdi_impl/test/common.cpp,702,VirtualCameraHdf,['VirtualCameraHdf'],False
camera_hdf/hdi_impl/test/common.cpp,21,imgFd,var,camera_hdf/hdi_impl/test/common.cpp,697,VirtualCameraHdf,['VirtualCameraHdf'],False
camera_hdf/hdi_impl/test/common.cpp,21,buffer,var,camera_hdf/hdi_impl/test/common.cpp,685,VirtualCameraHdf,['VirtualCameraHdf'],False
camera_hdf/hdi_impl/test/common.cpp,21,size,var,camera_hdf/hdi_impl/test/common.cpp,708,VirtualCameraHdf,['VirtualCameraHdf'],False
camera_hdf/hdi_impl/test/common.cpp,21,ret,var,camera_hdf/hdi_impl/test/common.cpp,706,VirtualCameraHdf,['VirtualCameraHdf'],False
camera_hdf/hdi_impl/test/common.cpp,21,operationMode,var,camera_hdf/hdi_impl/test/common.cpp,703,VirtualCameraHdf,['VirtualCameraHdf'],False
camera_hdf/hdi_impl/test/common.cpp,21,GetCameraMetadata,functionimpl,camera_hdf/hdi_impl/test/common.cpp,674,VirtualCameraHdf,['VirtualCameraHdf'],False
camera_hdf/hdi_impl/test/common.cpp,21,data,var,camera_hdf/hdi_impl/test/common.cpp,692,VirtualCameraHdf,['VirtualCameraHdf'],False
camera_hdf/hdi_impl/test/common.cpp,21,entry,var,camera_hdf/hdi_impl/test/common.cpp,694,VirtualCameraHdf,['VirtualCameraHdf'],False
camera_hdf/hdi_impl/test/common.cpp,21,StartStream,functionimpl,camera_hdf/hdi_impl/test/common.cpp,681,VirtualCameraHdf,['VirtualCameraHdf'],False
camera_hdf/hdi_impl/test/common.cpp,21,intents,var,camera_hdf/hdi_impl/test/common.cpp,699,VirtualCameraHdf,['VirtualCameraHdf'],False
camera_hdf/hdi_impl/test/common.cpp,21,intent,var,camera_hdf/hdi_impl/test/common.cpp,698,VirtualCameraHdf,['VirtualCameraHdf'],False
camera_hdf/hdi_impl/test/common.cpp,21,datasapce,var,camera_hdf/hdi_impl/test/common.cpp,693,VirtualCameraHdf,['VirtualCameraHdf'],False
camera_hdf/hdi_impl/test/common.cpp,21,tunneledMode,var,camera_hdf/hdi_impl/test/common.cpp,714,VirtualCameraHdf,['VirtualCameraHdf'],False
camera_hdf/hdi_impl/test/common.cpp,21,addr,var,camera_hdf/hdi_impl/test/common.cpp,684,VirtualCameraHdf,['VirtualCameraHdf'],False
camera_hdf/hdi_impl/test/common.cpp,21,bufferQueueSize,var,camera_hdf/hdi_impl/test/common.cpp,686,VirtualCameraHdf,['VirtualCameraHdf'],False
camera_hdf/hdi_impl/test/common.cpp,21,sleepSeconds,var,camera_hdf/hdi_impl/test/common.cpp,709,VirtualCameraHdf,['VirtualCameraHdf'],False
camera_hdf/hdi_impl/test/common.cpp,21,StartCapture,functionimpl,camera_hdf/hdi_impl/test/common.cpp,680,VirtualCameraHdf,['VirtualCameraHdf'],False
camera_hdf/hdi_impl/test/common.cpp,21,streamId,var,camera_hdf/hdi_impl/test/common.cpp,710,VirtualCameraHdf,['VirtualCameraHdf'],False
camera_hdf/hdi_impl/test/common.cpp,21,shutterCallback,var,camera_hdf/hdi_impl/test/common.cpp,707,VirtualCameraHdf,['VirtualCameraHdf'],False
camera_hdf/hdi_impl/test/common.cpp,21,captureId,var,camera_hdf/hdi_impl/test/common.cpp,688,VirtualCameraHdf,['VirtualCameraHdf'],False
camera_hdf/hdi_impl/test/common.cpp,21,isStreaming,var,camera_hdf/hdi_impl/test/common.cpp,701,VirtualCameraHdf,['VirtualCameraHdf'],False
camera_hdf/hdi_impl/test/common.cpp,21,StopStream,functionimpl,camera_hdf/hdi_impl/test/common.cpp,683,VirtualCameraHdf,['VirtualCameraHdf'],False
camera_hdf/hdi_impl/test/common.cpp,21,captureIds,var,camera_hdf/hdi_impl/test/common.cpp,689,VirtualCameraHdf,['VirtualCameraHdf'],False
camera_hdf/hdi_impl/test/common.cpp,21,streamIds,var,camera_hdf/hdi_impl/test/common.cpp,711,VirtualCameraHdf,['VirtualCameraHdf'],False
camera_hdf/hdi_impl/test/common.cpp,21,StopOfflineStream,functionimpl,camera_hdf/hdi_impl/test/common.cpp,682,VirtualCameraHdf,['VirtualCameraHdf'],False
camera_hdf/hdi_impl/test/common.cpp,21,CreateProducer,functionimpl,camera_hdf/hdi_impl/test/common.cpp,672,VirtualCameraHdf,['VirtualCameraHdf'],False
camera_hdf/hdi_impl/test/common.cpp,21,producer,var,camera_hdf/hdi_impl/test/common.cpp,705,VirtualCameraHdf,['VirtualCameraHdf'],False
camera_hdf/hdi_impl/test/common.cpp,21,callback,var,camera_hdf/hdi_impl/test/common.cpp,687,VirtualCameraHdf,['VirtualCameraHdf'],False
camera_hdf/hdi_impl/test/common.cpp,21,flushFence,var,camera_hdf/hdi_impl/test/common.cpp,695,VirtualCameraHdf,['VirtualCameraHdf'],False
camera_hdf/hdi_impl/test/common.cpp,21,timestamp,var,camera_hdf/hdi_impl/test/common.cpp,712,VirtualCameraHdf,['VirtualCameraHdf'],False
camera_hdf/hdi_impl/test/common.cpp,21,damage,var,camera_hdf/hdi_impl/test/common.cpp,691,VirtualCameraHdf,['VirtualCameraHdf'],False
camera_hdf/hdi_impl/test/common.cpp,21,gotSize,var,camera_hdf/hdi_impl/test/common.cpp,696,VirtualCameraHdf,['VirtualCameraHdf'],False
camera_hdf/hdi_impl/test/common.cpp,21,isKey,var,camera_hdf/hdi_impl/test/common.cpp,700,VirtualCameraHdf,['VirtualCameraHdf'],False
camera_hdf/hdi_impl/test/common.h,22,TestBufferConsumerListener,type,camera_hdf/hdi_impl/test/common.h,736,VirtualCameraHdf,['VirtualCameraHdf'],False
camera_hdf/hdi_impl/test/common.cpp,21,common,file,camera_hdf/hdi_impl/test/common.cpp,670,VirtualCameraHdf,['VirtualCameraHdf'],False
camera_hdf/hdi_impl/test/common.h,22,GetCurrentLocalTimeStamp,functionproto,camera_hdf/hdi_impl/test/common.h,726,VirtualCameraHdf,['VirtualCameraHdf'],False
camera_hdf/hdi_impl/test/common.h,22,SaveYUV,functionproto,camera_hdf/hdi_impl/test/common.h,730,VirtualCameraHdf,['VirtualCameraHdf'],False
camera_hdf/hdi_impl/test/common.h,22,SaveVideoFile,functionproto,camera_hdf/hdi_impl/test/common.h,729,VirtualCameraHdf,['VirtualCameraHdf'],False
camera_hdf/hdi_impl/test/common.cpp,21,Init,functionimpl,camera_hdf/hdi_impl/test/common.cpp,676,VirtualCameraHdf,['VirtualCameraHdf'],False
camera_hdf/hdi_impl/test/common.h,22,Init,functionproto,camera_hdf/hdi_impl/test/common.h,727,VirtualCameraHdf,['VirtualCameraHdf'],False
camera_hdf/hdi_impl/test/common.cpp,21,GetCameraAbility,functionimpl,camera_hdf/hdi_impl/test/common.cpp,673,VirtualCameraHdf,['VirtualCameraHdf'],False
camera_hdf/hdi_impl/test/common.h,22,GetCameraAbility,functionproto,camera_hdf/hdi_impl/test/common.h,724,VirtualCameraHdf,['VirtualCameraHdf'],False
camera_hdf/hdi_impl/test/common.h,22,GetCameraMetadata,functionproto,camera_hdf/hdi_impl/test/common.h,725,VirtualCameraHdf,['VirtualCameraHdf'],False
camera_hdf/hdi_impl/test/common.cpp,21,Open,functionimpl,camera_hdf/hdi_impl/test/common.cpp,677,VirtualCameraHdf,['VirtualCameraHdf'],False
camera_hdf/hdi_impl/test/common.h,22,Open,functionproto,camera_hdf/hdi_impl/test/common.h,728,VirtualCameraHdf,['VirtualCameraHdf'],False
camera_hdf/hdi_impl/test/common.cpp,21,Close,functionimpl,camera_hdf/hdi_impl/test/common.cpp,671,VirtualCameraHdf,['VirtualCameraHdf'],False
camera_hdf/hdi_impl/test/common.h,22,Close,functionproto,camera_hdf/hdi_impl/test/common.h,722,VirtualCameraHdf,['VirtualCameraHdf'],False
camera_hdf/hdi_impl/test/common.h,22,StartStream,functionproto,camera_hdf/hdi_impl/test/common.h,732,VirtualCameraHdf,['VirtualCameraHdf'],False
camera_hdf/hdi_impl/test/common.h,22,StartCapture,functionproto,camera_hdf/hdi_impl/test/common.h,731,VirtualCameraHdf,['VirtualCameraHdf'],False
camera_hdf/hdi_impl/test/common.h,22,StopStream,functionproto,camera_hdf/hdi_impl/test/common.h,734,VirtualCameraHdf,['VirtualCameraHdf'],False
camera_hdf/hdi_impl/test/common.h,22,StopOfflineStream,functionproto,camera_hdf/hdi_impl/test/common.h,733,VirtualCameraHdf,['VirtualCameraHdf'],False
camera_hdf/hdi_impl/test/common.h,22,CreateProducer,functionproto,camera_hdf/hdi_impl/test/common.h,723,VirtualCameraHdf,['VirtualCameraHdf'],False
services/cameraservice/sourceservice/src/distributedcamera/dcamera_source_callback_proxy.cpp,220,req,var,services/cameraservice/sourceservice/src/distributedcamera/dcamera_source_callback_proxy.cpp,3137,DistributedCameraSourceMgr,['DistributedCameraSourceMgr'],False
services/cameraservice/sourceservice/src/distributedcamera/dcamera_source_callback_proxy.cpp,220,devId,var,services/cameraservice/sourceservice/src/distributedcamera/dcamera_source_callback_proxy.cpp,3133,DistributedCameraSourceMgr,['DistributedCameraSourceMgr'],False
services/cameraservice/sourceservice/src/distributedcamera/dcamera_source_callback_proxy.cpp,220,dhId,var,services/cameraservice/sourceservice/src/distributedcamera/dcamera_source_callback_proxy.cpp,3134,DistributedCameraSourceMgr,['DistributedCameraSourceMgr'],False
services/cameraservice/sourceservice/src/distributedcamera/dcamera_source_callback_proxy.cpp,220,reqId,var,services/cameraservice/sourceservice/src/distributedcamera/dcamera_source_callback_proxy.cpp,3138,DistributedCameraSourceMgr,['DistributedCameraSourceMgr'],False
services/cameraservice/sourceservice/src/distributedcamera/dcamera_source_callback_proxy.cpp,220,status,var,services/cameraservice/sourceservice/src/distributedcamera/dcamera_source_callback_proxy.cpp,3140,DistributedCameraSourceMgr,['DistributedCameraSourceMgr'],False
services/cameraservice/sourceservice/src/distributedcamera/dcamera_source_callback_proxy.cpp,220,data,var,services/cameraservice/sourceservice/src/distributedcamera/dcamera_source_callback_proxy.cpp,3132,DistributedCameraSourceMgr,['DistributedCameraSourceMgr'],False
services/cameraservice/sourceservice/src/distributedcamera/dcamera_source_callback_proxy.cpp,220,reply,var,services/cameraservice/sourceservice/src/distributedcamera/dcamera_source_callback_proxy.cpp,3136,DistributedCameraSourceMgr,['DistributedCameraSourceMgr'],False
services/cameraservice/sourceservice/src/distributedcamera/dcamera_source_callback_proxy.cpp,220,option,var,services/cameraservice/sourceservice/src/distributedcamera/dcamera_source_callback_proxy.cpp,3135,DistributedCameraSourceMgr,['DistributedCameraSourceMgr'],False
services/cameraservice/sourceservice/src/distributedcamera/dcamera_source_callback_proxy.cpp,220,result,var,services/cameraservice/sourceservice/src/distributedcamera/dcamera_source_callback_proxy.cpp,3139,DistributedCameraSourceMgr,['DistributedCameraSourceMgr'],False
services/cameraservice/sinkservice/include/distributedcamera/distributed_camera_sink_service.h,142,camerasMap_,var,services/cameraservice/sinkservice/include/distributedcamera/distributed_camera_sink_service.h,2230,DistributedCameraSinkMgr,['DistributedCameraSinkMgr'],False
services/cameraservice/sinkservice/include/distributedcamera/distributed_camera_sink_stub.h,143,DistributedCameraSinkStub,type,services/cameraservice/sinkservice/include/distributedcamera/distributed_camera_sink_stub.h,2245,DistributedCameraSinkMgr,['DistributedCameraSinkMgr'],False
services/data_process/include/pipeline/abstract_data_process.h,259,nextDataProcess_,var,services/data_process/include/pipeline/abstract_data_process.h,3952,CameraDataProcessCommon,['CameraDataProcessCommon'],False
interfaces/inner_kits/native_cpp/camera_source/include/idistributed_camera_source.h,94,,type,interfaces/inner_kits/native_cpp/camera_source/include/idistributed_camera_source.h,1665,DistributedCameraSourceMgr,['DistributedCameraSourceMgr'],False
services/channel/src/dcamera_softbus_adapter.cpp,253,DCameraSourceOnSessionOpend,functionimpl,services/channel/src/dcamera_softbus_adapter.cpp,3792,ChannelCommon,['ChannelCommon'],False
services/channel/src/dcamera_softbus_adapter.cpp,253,sessionId,var,services/channel/src/dcamera_softbus_adapter.cpp,3830,ChannelCommon,['ChannelCommon'],False
services/channel/src/dcamera_softbus_adapter.cpp,253,result,var,services/channel/src/dcamera_softbus_adapter.cpp,3826,ChannelCommon,['ChannelCommon'],False
services/channel/src/dcamera_softbus_adapter.cpp,253,DCameraSourceOnSessionClosed,functionimpl,services/channel/src/dcamera_softbus_adapter.cpp,3791,ChannelCommon,['ChannelCommon'],False
services/channel/src/dcamera_softbus_adapter.cpp,253,DCameraSourceOnBytesReceived,functionimpl,services/channel/src/dcamera_softbus_adapter.cpp,3789,ChannelCommon,['ChannelCommon'],False
services/channel/src/dcamera_softbus_adapter.cpp,253,data,var,services/channel/src/dcamera_softbus_adapter.cpp,3813,ChannelCommon,['ChannelCommon'],False
services/channel/src/dcamera_softbus_adapter.cpp,253,dataLen,var,services/channel/src/dcamera_softbus_adapter.cpp,3814,ChannelCommon,['ChannelCommon'],False
services/channel/src/dcamera_softbus_adapter.cpp,253,DCameraSourceOnMessageReceived,functionimpl,services/channel/src/dcamera_softbus_adapter.cpp,3790,ChannelCommon,['ChannelCommon'],False
services/channel/src/dcamera_softbus_adapter.cpp,253,DCameraSourceOnStreamReceived,functionimpl,services/channel/src/dcamera_softbus_adapter.cpp,3793,ChannelCommon,['ChannelCommon'],False
services/channel/src/dcamera_softbus_adapter.cpp,253,ext,var,services/channel/src/dcamera_softbus_adapter.cpp,3816,ChannelCommon,['ChannelCommon'],False
services/channel/src/dcamera_softbus_adapter.cpp,253,param,var,services/channel/src/dcamera_softbus_adapter.cpp,3822,ChannelCommon,['ChannelCommon'],False
services/channel/src/dcamera_softbus_adapter.cpp,253,DCameraSinkOnSessionOpend,functionimpl,services/channel/src/dcamera_softbus_adapter.cpp,3783,ChannelCommon,['ChannelCommon'],False
services/channel/src/dcamera_softbus_adapter.cpp,253,DCameraSinkOnSessionClosed,functionimpl,services/channel/src/dcamera_softbus_adapter.cpp,3782,ChannelCommon,['ChannelCommon'],False
services/channel/src/dcamera_softbus_adapter.cpp,253,DCameraSinkOnBytesReceived,functionimpl,services/channel/src/dcamera_softbus_adapter.cpp,3780,ChannelCommon,['ChannelCommon'],False
services/channel/src/dcamera_softbus_adapter.cpp,253,DCameraSinkOnMessageReceived,functionimpl,services/channel/src/dcamera_softbus_adapter.cpp,3781,ChannelCommon,['ChannelCommon'],False
services/channel/src/dcamera_softbus_adapter.cpp,253,DCameraSinkOnStreamReceived,functionimpl,services/channel/src/dcamera_softbus_adapter.cpp,3784,ChannelCommon,['ChannelCommon'],False
services/channel/src/dcamera_softbus_adapter.cpp,253,sourceListener,var,services/channel/src/dcamera_softbus_adapter.cpp,3834,ChannelCommon,['ChannelCommon'],False
services/channel/src/dcamera_softbus_adapter.cpp,253,sinkListener,var,services/channel/src/dcamera_softbus_adapter.cpp,3833,ChannelCommon,['ChannelCommon'],False
services/channel/src/dcamera_softbus_adapter.cpp,253,sessionName,var,services/channel/src/dcamera_softbus_adapter.cpp,3832,ChannelCommon,['ChannelCommon'],False
services/channel/src/dcamera_softbus_adapter.cpp,253,role,var,services/channel/src/dcamera_softbus_adapter.cpp,3828,ChannelCommon,['ChannelCommon'],False
services/channel/src/dcamera_softbus_adapter.cpp,253,ret,var,services/channel/src/dcamera_softbus_adapter.cpp,3827,ChannelCommon,['ChannelCommon'],False
services/channel/src/dcamera_softbus_adapter.cpp,253,total_,var,services/channel/src/dcamera_softbus_adapter.cpp,3837,ChannelCommon,['ChannelCommon'],False
services/channel/src/dcamera_softbus_adapter.cpp,253,sessionMode,var,services/channel/src/dcamera_softbus_adapter.cpp,3831,ChannelCommon,['ChannelCommon'],False
services/channel/src/dcamera_softbus_adapter.cpp,253,dataType,var,services/channel/src/dcamera_softbus_adapter.cpp,3815,ChannelCommon,['ChannelCommon'],False
services/channel/src/dcamera_softbus_adapter.cpp,253,streamType,var,services/channel/src/dcamera_softbus_adapter.cpp,3836,ChannelCommon,['ChannelCommon'],False
services/channel/src/dcamera_softbus_adapter.cpp,253,attr,var,services/channel/src/dcamera_softbus_adapter.cpp,3810,ChannelCommon,['ChannelCommon'],False
services/channel/src/dcamera_softbus_adapter.cpp,253,linkTypeList,var,services/channel/src/dcamera_softbus_adapter.cpp,3818,ChannelCommon,['ChannelCommon'],False
services/channel/src/dcamera_softbus_adapter.cpp,253,mySessName,var,services/channel/src/dcamera_softbus_adapter.cpp,3820,ChannelCommon,['ChannelCommon'],False
services/channel/src/dcamera_softbus_adapter.cpp,253,peerSessName,var,services/channel/src/dcamera_softbus_adapter.cpp,3824,ChannelCommon,['ChannelCommon'],False
services/channel/src/dcamera_softbus_adapter.cpp,253,peerDevId,var,services/channel/src/dcamera_softbus_adapter.cpp,3823,ChannelCommon,['ChannelCommon'],False
services/channel/src/dcamera_softbus_adapter.cpp,253,buffer,var,services/channel/src/dcamera_softbus_adapter.cpp,3812,ChannelCommon,['ChannelCommon'],False
services/channel/src/dcamera_softbus_adapter.cpp,253,streamData,var,services/channel/src/dcamera_softbus_adapter.cpp,3835,ChannelCommon,['ChannelCommon'],False
services/channel/src/dcamera_softbus_adapter.cpp,253,iter,var,services/channel/src/dcamera_softbus_adapter.cpp,3817,ChannelCommon,['ChannelCommon'],False
services/channel/src/dcamera_softbus_adapter.cpp,253,session,var,services/channel/src/dcamera_softbus_adapter.cpp,3829,ChannelCommon,['ChannelCommon'],False
services/channel/src/dcamera_softbus_adapter.cpp,253,peerSessionName,var,services/channel/src/dcamera_softbus_adapter.cpp,3825,ChannelCommon,['ChannelCommon'],False
services/channel/src/dcamera_softbus_adapter.cpp,253,mySessionName,var,services/channel/src/dcamera_softbus_adapter.cpp,3821,ChannelCommon,['ChannelCommon'],False
services/channel/src/dcamera_softbus_adapter.cpp,253,basicInfo,var,services/channel/src/dcamera_softbus_adapter.cpp,3811,ChannelCommon,['ChannelCommon'],False
services/channel/src/dcamera_softbus_adapter.cpp,253,myDevId,var,services/channel/src/dcamera_softbus_adapter.cpp,3819,ChannelCommon,['ChannelCommon'],False
camera_hdf/hdi_impl/include/dcamera_device/dmetadata_processor.h,1,allResultSet_,var,camera_hdf/hdi_impl/include/dcamera_device/dmetadata_processor.h,51,VirtualCameraHdf,['VirtualCameraHdf'],False
camera_hdf/hdi_impl/include/dcamera_device/dmetadata_processor.h,1,enabledResultSet_,var,camera_hdf/hdi_impl/include/dcamera_device/dmetadata_processor.h,52,VirtualCameraHdf,['VirtualCameraHdf'],False
services/cameraservice/cameraoperator/handler/src/dcamera_handler.cpp,139,Query,functionimpl,services/cameraservice/cameraoperator/handler/src/dcamera_handler.cpp,2152,utils,['utils'],False
services/cameraservice/cameraoperator/handler/src/dcamera_handler.cpp,139,info,var,services/cameraservice/cameraoperator/handler/src/dcamera_handler.cpp,2163,utils,['utils'],False
services/cameraservice/cameraoperator/handler/src/dcamera_handler.cpp,139,item,var,services/cameraservice/cameraoperator/handler/src/dcamera_handler.cpp,2164,utils,['utils'],False
services/cameraservice/cameraoperator/handler/src/dcamera_handler.cpp,139,RegisterPluginListener,functionimpl,services/cameraservice/cameraoperator/handler/src/dcamera_handler.cpp,2154,utils,['utils'],False
services/cameraservice/cameraoperator/handler/src/dcamera_handler.cpp,139,listener,var,services/cameraservice/cameraoperator/handler/src/dcamera_handler.cpp,2166,utils,['utils'],False
services/cameraservice/cameraoperator/handler/src/dcamera_handler.cpp,139,dhId,var,services/cameraservice/cameraoperator/handler/src/dcamera_handler.cpp,2157,utils,['utils'],False
services/cameraservice/cameraoperator/handler/src/dcamera_handler.cpp,139,id,var,services/cameraservice/cameraoperator/handler/src/dcamera_handler.cpp,2162,utils,['utils'],False
services/cameraservice/cameraoperator/handler/src/dcamera_handler.cpp,139,root,var,services/cameraservice/cameraoperator/handler/src/dcamera_handler.cpp,2174,utils,['utils'],False
services/cameraservice/cameraoperator/handler/src/dcamera_handler.cpp,139,videoCaps,var,services/cameraservice/cameraoperator/handler/src/dcamera_handler.cpp,2178,utils,['utils'],False
services/cameraservice/cameraoperator/handler/src/dcamera_handler.cpp,139,name,var,services/cameraservice/cameraoperator/handler/src/dcamera_handler.cpp,2167,utils,['utils'],False
services/cameraservice/cameraoperator/handler/src/dcamera_handler.cpp,139,videoConfig,var,services/cameraservice/cameraoperator/handler/src/dcamera_handler.cpp,2179,utils,['utils'],False
services/cameraservice/cameraoperator/handler/src/dcamera_handler.cpp,139,outputFormat,var,services/cameraservice/cameraoperator/handler/src/dcamera_handler.cpp,2168,utils,['utils'],False
services/cameraservice/cameraoperator/handler/src/dcamera_handler.cpp,139,resolution,var,services/cameraservice/cameraoperator/handler/src/dcamera_handler.cpp,2172,utils,['utils'],False
services/cameraservice/cameraoperator/handler/src/dcamera_handler.cpp,139,previewInfo,var,services/cameraservice/cameraoperator/handler/src/dcamera_handler.cpp,2171,utils,['utils'],False
services/cameraservice/cameraoperator/handler/src/dcamera_handler.cpp,139,photoConfig,var,services/cameraservice/cameraoperator/handler/src/dcamera_handler.cpp,2169,utils,['utils'],False
services/cameraservice/cameraoperator/handler/src/dcamera_handler.cpp,139,abilityString,var,services/cameraservice/cameraoperator/handler/src/dcamera_handler.cpp,2156,utils,['utils'],False
services/cameraservice/cameraoperator/handler/src/dcamera_handler.cpp,139,encodeString,var,services/cameraservice/cameraoperator/handler/src/dcamera_handler.cpp,2158,utils,['utils'],False
services/cameraservice/cameraoperator/handler/src/dcamera_handler.cpp,139,position,var,services/cameraservice/cameraoperator/handler/src/dcamera_handler.cpp,2170,utils,['utils'],False
services/cameraservice/cameraoperator/handler/src/dcamera_handler.cpp,139,ret,var,services/cameraservice/cameraoperator/handler/src/dcamera_handler.cpp,2173,utils,['utils'],False
services/cameraservice/cameraoperator/handler/src/dcamera_handler.cpp,139,ConfigFormatAndResolution,functionimpl,services/cameraservice/cameraoperator/handler/src/dcamera_handler.cpp,2144,utils,['utils'],False
services/cameraservice/cameraoperator/handler/src/dcamera_handler.cpp,139,formatList,var,services/cameraservice/cameraoperator/handler/src/dcamera_handler.cpp,2160,utils,['utils'],False
services/cameraservice/cameraoperator/handler/src/dcamera_handler.cpp,139,format,var,services/cameraservice/cameraoperator/handler/src/dcamera_handler.cpp,2159,utils,['utils'],False
services/cameraservice/cameraoperator/handler/src/dcamera_handler.cpp,139,formatSet,var,services/cameraservice/cameraoperator/handler/src/dcamera_handler.cpp,2161,utils,['utils'],False
services/cameraservice/cameraoperator/handler/src/dcamera_handler.cpp,139,size,var,services/cameraservice/cameraoperator/handler/src/dcamera_handler.cpp,2175,utils,['utils'],False
services/cameraservice/cameraoperator/handler/src/dcamera_handler.cpp,139,keyName,var,services/cameraservice/cameraoperator/handler/src/dcamera_handler.cpp,2165,utils,['utils'],False
services/cameraservice/cameraoperator/handler/src/dcamera_handler.cpp,139,value,var,services/cameraservice/cameraoperator/handler/src/dcamera_handler.cpp,2177,utils,['utils'],False
services/cameraservice/cameraoperator/handler/src/dcamera_handler.cpp,139,type,var,services/cameraservice/cameraoperator/handler/src/dcamera_handler.cpp,2176,utils,['utils'],False
services/data_process/include/pipeline/dcamera_pipeline_source.h,261,CreateDataProcessPipeline,functionproto,services/data_process/include/pipeline/dcamera_pipeline_source.h,3967,CameraDataPostProcess,['CameraDataPostProcess'],False
services/data_process/include/pipeline/dcamera_pipeline_source.h,261,IsInRange,functionproto,services/data_process/include/pipeline/dcamera_pipeline_source.h,3971,CameraDataPostProcess,['CameraDataPostProcess'],False
services/data_process/include/pipeline/dcamera_pipeline_source.h,261,InitDCameraPipNodes,functionproto,services/data_process/include/pipeline/dcamera_pipeline_source.h,3970,CameraDataPostProcess,['CameraDataPostProcess'],False
services/cameraservice/sourceservice/include/distributedcameramgr/dcameradata/dcamera_stream_data_process.h,204,pipeline_,var,services/cameraservice/sourceservice/include/distributedcameramgr/dcameradata/dcamera_stream_data_process.h,2984,DistributedCameraSourceMgr,['DistributedCameraSourceMgr'],False
services/cameraservice/cameraoperator/handler/src/dcamera_handler.cpp,139,~DCameraHandler,functionimpl,services/cameraservice/cameraoperator/handler/src/dcamera_handler.cpp,2155,utils,['utils'],False
services/cameraservice/cameraoperator/handler/src/dcamera_handler.cpp,139,QueryExtraInfo,functionimpl,services/cameraservice/cameraoperator/handler/src/dcamera_handler.cpp,2153,utils,['utils'],False
services/cameraservice/cameraoperator/handler/src/dcamera_handler.cpp,139,IsSupportPlugin,functionimpl,services/cameraservice/cameraoperator/handler/src/dcamera_handler.cpp,2150,utils,['utils'],False
services/cameraservice/cameraoperator/handler/src/dcamera_handler.cpp,139,GetHardwareHandler,functionimpl,services/cameraservice/cameraoperator/handler/src/dcamera_handler.cpp,2148,utils,['utils'],False
services/cameraservice/sourceservice/include/distributedcameramgr/dcameradata/dcamera_stream_data_process.h,204,listener_,var,services/cameraservice/sourceservice/include/distributedcameramgr/dcameradata/dcamera_stream_data_process.h,2983,DistributedCameraSourceMgr,['DistributedCameraSourceMgr'],False
services/cameraservice/sourceservice/include/distributedcameramgr/dcameracontrol/dcamera_source_controller.h,199,listener_,var,services/cameraservice/sourceservice/include/distributedcameramgr/dcameracontrol/dcamera_source_controller.h,2916,DistributedCameraSourceMgr,['DistributedCameraSourceMgr'],False
services/channel/src/dcamera_softbus_session.cpp,254,myDevId,var,services/channel/src/dcamera_softbus_session.cpp,3875,ChannelCommon,['ChannelCommon'],False
services/channel/src/dcamera_softbus_session.cpp,254,mySessionName,var,services/channel/src/dcamera_softbus_session.cpp,3876,ChannelCommon,['ChannelCommon'],False
services/channel/src/dcamera_softbus_session.cpp,254,peerDevId,var,services/channel/src/dcamera_softbus_session.cpp,3878,ChannelCommon,['ChannelCommon'],False
services/channel/src/dcamera_softbus_session.cpp,254,peerSessionName,var,services/channel/src/dcamera_softbus_session.cpp,3879,ChannelCommon,['ChannelCommon'],False
services/channel/src/dcamera_softbus_session.cpp,254,listener,var,services/channel/src/dcamera_softbus_session.cpp,3872,ChannelCommon,['ChannelCommon'],False
services/channel/src/dcamera_softbus_session.cpp,254,mode,var,services/channel/src/dcamera_softbus_session.cpp,3874,ChannelCommon,['ChannelCommon'],False
services/channel/src/dcamera_softbus_session.cpp,254,runner,var,services/channel/src/dcamera_softbus_session.cpp,3885,ChannelCommon,['ChannelCommon'],False
services/channel/src/dcamera_softbus_session.cpp,254,ret,var,services/channel/src/dcamera_softbus_session.cpp,3884,ChannelCommon,['ChannelCommon'],False
services/channel/src/dcamera_softbus_session.cpp,254,sessionId,var,services/channel/src/dcamera_softbus_session.cpp,3887,ChannelCommon,['ChannelCommon'],False
services/channel/src/dcamera_softbus_session.cpp,254,result,var,services/channel/src/dcamera_softbus_session.cpp,3883,ChannelCommon,['ChannelCommon'],False
services/channel/src/dcamera_softbus_session.cpp,254,buffer,var,services/channel/src/dcamera_softbus_session.cpp,3864,ChannelCommon,['ChannelCommon'],False
services/channel/src/dcamera_softbus_session.cpp,254,recvDataFunc,var,services/channel/src/dcamera_softbus_session.cpp,3882,ChannelCommon,['ChannelCommon'],False
services/channel/src/dcamera_softbus_session.cpp,254,ptrPacket,var,services/channel/src/dcamera_softbus_session.cpp,3881,ChannelCommon,['ChannelCommon'],False
services/channel/src/dcamera_softbus_session.cpp,254,headerPara,var,services/channel/src/dcamera_softbus_session.cpp,3868,ChannelCommon,['ChannelCommon'],False
services/channel/src/dcamera_softbus_session.cpp,254,ptr,var,services/channel/src/dcamera_softbus_session.cpp,3880,ChannelCommon,['ChannelCommon'],False
services/channel/src/dcamera_softbus_session.cpp,254,itFunc,var,services/channel/src/dcamera_softbus_session.cpp,3870,ChannelCommon,['ChannelCommon'],False
services/channel/src/dcamera_softbus_session.cpp,254,memberFunc,var,services/channel/src/dcamera_softbus_session.cpp,3873,ChannelCommon,['ChannelCommon'],False
services/channel/src/dcamera_softbus_session.cpp,254,seq,var,services/channel/src/dcamera_softbus_session.cpp,3886,ChannelCommon,['ChannelCommon'],False
services/channel/src/dcamera_softbus_session.cpp,254,totalLen,var,services/channel/src/dcamera_softbus_session.cpp,3889,ChannelCommon,['ChannelCommon'],False
services/channel/src/dcamera_softbus_session.cpp,254,subSeq,var,services/channel/src/dcamera_softbus_session.cpp,3888,ChannelCommon,['ChannelCommon'],False
services/channel/src/dcamera_softbus_session.cpp,254,headPara,var,services/channel/src/dcamera_softbus_session.cpp,3865,ChannelCommon,['ChannelCommon'],False
services/channel/src/dcamera_softbus_session.cpp,254,offset,var,services/channel/src/dcamera_softbus_session.cpp,3877,ChannelCommon,['ChannelCommon'],False
services/channel/src/dcamera_softbus_session.cpp,254,headerLen,var,services/channel/src/dcamera_softbus_session.cpp,3867,ChannelCommon,['ChannelCommon'],False
services/channel/src/dcamera_softbus_session.cpp,254,len,var,services/channel/src/dcamera_softbus_session.cpp,3871,ChannelCommon,['ChannelCommon'],False
services/channel/src/dcamera_softbus_session.cpp,254,header,var,services/channel/src/dcamera_softbus_session.cpp,3866,ChannelCommon,['ChannelCommon'],False
services/channel/src/dcamera_softbus_session.cpp,254,i,var,services/channel/src/dcamera_softbus_session.cpp,3869,ChannelCommon,['ChannelCommon'],False
camera_hdf/interfaces/hdi_ipc/client/operator/dstream_operator_callback.cpp,38,dstream_operator_callback,file,camera_hdf/interfaces/hdi_ipc/client/operator/dstream_operator_callback.cpp,877,VirtualCameraHdf,['VirtualCameraHdf'],False
camera_hdf/interfaces/hdi_ipc/client/operator/dstream_operator_callback.cpp,38,OnCaptureStarted,functionimpl,camera_hdf/interfaces/hdi_ipc/client/operator/dstream_operator_callback.cpp,880,VirtualCameraHdf,['VirtualCameraHdf'],False
camera_hdf/interfaces/hdi_ipc/client/operator/dstream_operator_callback.h,39,OnCaptureStarted,functionproto,camera_hdf/interfaces/hdi_ipc/client/operator/dstream_operator_callback.h,885,VirtualCameraHdf,['VirtualCameraHdf'],False
camera_hdf/interfaces/hdi_ipc/client/operator/dstream_operator_callback.cpp,38,OnCaptureEnded,functionimpl,camera_hdf/interfaces/hdi_ipc/client/operator/dstream_operator_callback.cpp,878,VirtualCameraHdf,['VirtualCameraHdf'],False
camera_hdf/interfaces/hdi_ipc/client/operator/dstream_operator_callback.h,39,OnCaptureEnded,functionproto,camera_hdf/interfaces/hdi_ipc/client/operator/dstream_operator_callback.h,883,VirtualCameraHdf,['VirtualCameraHdf'],False
camera_hdf/interfaces/hdi_ipc/client/operator/dstream_operator_callback.cpp,38,OnCaptureError,functionimpl,camera_hdf/interfaces/hdi_ipc/client/operator/dstream_operator_callback.cpp,879,VirtualCameraHdf,['VirtualCameraHdf'],False
camera_hdf/interfaces/hdi_ipc/client/operator/dstream_operator_callback.h,39,OnCaptureError,functionproto,camera_hdf/interfaces/hdi_ipc/client/operator/dstream_operator_callback.h,884,VirtualCameraHdf,['VirtualCameraHdf'],False
camera_hdf/interfaces/hdi_ipc/client/operator/dstream_operator_callback.cpp,38,OnFrameShutter,functionimpl,camera_hdf/interfaces/hdi_ipc/client/operator/dstream_operator_callback.cpp,881,VirtualCameraHdf,['VirtualCameraHdf'],False
camera_hdf/interfaces/hdi_ipc/client/operator/dstream_operator_callback.h,39,OnFrameShutter,functionproto,camera_hdf/interfaces/hdi_ipc/client/operator/dstream_operator_callback.h,886,VirtualCameraHdf,['VirtualCameraHdf'],False
services/cameraservice/sourceservice/include/distributedcameramgr/dcamerastate/dcamera_source_config_stream_state.h,212,DCameraSourceConfigStreamState,type,services/cameraservice/sourceservice/include/distributedcameramgr/dcamerastate/dcamera_source_config_stream_state.h,3063,DistributedCameraSourceMgr,['DistributedCameraSourceMgr'],False
services/cameraservice/sourceservice/include/distributedcameramgr/dcamerastate/dcamera_source_config_stream_state.h,212,memberFuncMap_,var,services/cameraservice/sourceservice/include/distributedcameramgr/dcamerastate/dcamera_source_config_stream_state.h,3064,DistributedCameraSourceMgr,['DistributedCameraSourceMgr'],False
services/cameraservice/sourceservice/include/distributedcameramgr/dcamerastate/dcamera_source_config_stream_state.h,212,DCameraFunc,alias,services/cameraservice/sourceservice/include/distributedcameramgr/dcamerastate/dcamera_source_config_stream_state.h,3048,DistributedCameraSourceMgr,['DistributedCameraSourceMgr'],False
camera_hdf/interfaces/hdi_ipc/client/device/dcamera_device_proxy.cpp,28,GetStreamOperator,functionimpl,camera_hdf/interfaces/hdi_ipc/client/device/dcamera_device_proxy.cpp,782,VirtualCameraHdf,['VirtualCameraHdf'],False
camera_hdf/interfaces/hdi_ipc/client/device/dcamera_device_proxy.cpp,28,data,var,camera_hdf/interfaces/hdi_ipc/client/device/dcamera_device_proxy.cpp,787,VirtualCameraHdf,['VirtualCameraHdf'],False
camera_hdf/interfaces/hdi_ipc/client/device/dcamera_device_proxy.cpp,28,callback,var,camera_hdf/interfaces/hdi_ipc/client/device/dcamera_device_proxy.cpp,786,VirtualCameraHdf,['VirtualCameraHdf'],False
camera_hdf/interfaces/hdi_ipc/client/device/dcamera_device_proxy.cpp,28,nullFlag,var,camera_hdf/interfaces/hdi_ipc/client/device/dcamera_device_proxy.cpp,790,VirtualCameraHdf,['VirtualCameraHdf'],False
camera_hdf/interfaces/hdi_ipc/client/device/dcamera_device_proxy.cpp,28,reply,var,camera_hdf/interfaces/hdi_ipc/client/device/dcamera_device_proxy.cpp,792,VirtualCameraHdf,['VirtualCameraHdf'],False
camera_hdf/interfaces/hdi_ipc/client/device/dcamera_device_proxy.cpp,28,option,var,camera_hdf/interfaces/hdi_ipc/client/device/dcamera_device_proxy.cpp,791,VirtualCameraHdf,['VirtualCameraHdf'],False
camera_hdf/interfaces/hdi_ipc/client/device/dcamera_device_proxy.cpp,28,ret,var,camera_hdf/interfaces/hdi_ipc/client/device/dcamera_device_proxy.cpp,794,VirtualCameraHdf,['VirtualCameraHdf'],False
camera_hdf/interfaces/hdi_ipc/client/device/dcamera_device_proxy.cpp,28,flag,var,camera_hdf/interfaces/hdi_ipc/client/device/dcamera_device_proxy.cpp,788,VirtualCameraHdf,['VirtualCameraHdf'],False
camera_hdf/interfaces/hdi_ipc/client/device/dcamera_device_proxy.cpp,28,streamOperator,var,camera_hdf/interfaces/hdi_ipc/client/device/dcamera_device_proxy.cpp,797,VirtualCameraHdf,['VirtualCameraHdf'],False
camera_hdf/interfaces/hdi_ipc/client/device/dcamera_device_proxy.cpp,28,retCode,var,camera_hdf/interfaces/hdi_ipc/client/device/dcamera_device_proxy.cpp,795,VirtualCameraHdf,['VirtualCameraHdf'],False
camera_hdf/interfaces/hdi_ipc/client/device/dcamera_device_proxy.cpp,28,UpdateSettings,functionimpl,camera_hdf/interfaces/hdi_ipc/client/device/dcamera_device_proxy.cpp,784,VirtualCameraHdf,['VirtualCameraHdf'],False
camera_hdf/interfaces/hdi_ipc/client/device/dcamera_device_proxy.cpp,28,settings,var,camera_hdf/interfaces/hdi_ipc/client/device/dcamera_device_proxy.cpp,796,VirtualCameraHdf,['VirtualCameraHdf'],False
camera_hdf/interfaces/hdi_ipc/client/device/dcamera_device_proxy.cpp,28,bRet,var,camera_hdf/interfaces/hdi_ipc/client/device/dcamera_device_proxy.cpp,785,VirtualCameraHdf,['VirtualCameraHdf'],False
camera_hdf/interfaces/hdi_ipc/client/device/dcamera_device_proxy.cpp,28,SetResultMode,functionimpl,camera_hdf/interfaces/hdi_ipc/client/device/dcamera_device_proxy.cpp,783,VirtualCameraHdf,['VirtualCameraHdf'],False
camera_hdf/interfaces/hdi_ipc/client/device/dcamera_device_proxy.cpp,28,mode,var,camera_hdf/interfaces/hdi_ipc/client/device/dcamera_device_proxy.cpp,789,VirtualCameraHdf,['VirtualCameraHdf'],False
camera_hdf/interfaces/hdi_ipc/client/device/dcamera_device_proxy.cpp,28,GetEnabledResults,functionimpl,camera_hdf/interfaces/hdi_ipc/client/device/dcamera_device_proxy.cpp,781,VirtualCameraHdf,['VirtualCameraHdf'],False
camera_hdf/interfaces/hdi_ipc/client/device/dcamera_device_proxy.cpp,28,results,var,camera_hdf/interfaces/hdi_ipc/client/device/dcamera_device_proxy.cpp,793,VirtualCameraHdf,['VirtualCameraHdf'],False
camera_hdf/interfaces/hdi_ipc/client/device/dcamera_device_proxy.cpp,28,EnableResult,functionimpl,camera_hdf/interfaces/hdi_ipc/client/device/dcamera_device_proxy.cpp,780,VirtualCameraHdf,['VirtualCameraHdf'],False
camera_hdf/interfaces/hdi_ipc/client/device/dcamera_device_proxy.cpp,28,DisableResult,functionimpl,camera_hdf/interfaces/hdi_ipc/client/device/dcamera_device_proxy.cpp,779,VirtualCameraHdf,['VirtualCameraHdf'],False
camera_hdf/interfaces/hdi_ipc/client/device/dcamera_device_proxy.cpp,28,Close,functionimpl,camera_hdf/interfaces/hdi_ipc/client/device/dcamera_device_proxy.cpp,778,VirtualCameraHdf,['VirtualCameraHdf'],False
camera_hdf/interfaces/hdi_ipc/client/device/dcamera_device_proxy.h,29,dcamera_device_proxy,file,camera_hdf/interfaces/hdi_ipc/client/device/dcamera_device_proxy.h,798,VirtualCameraHdf,['VirtualCameraHdf'],False
camera_hdf/interfaces/hdi_ipc/client/device/dcamera_device_proxy.h,29,GetStreamOperator,functionproto,camera_hdf/interfaces/hdi_ipc/client/device/dcamera_device_proxy.h,804,VirtualCameraHdf,['VirtualCameraHdf'],False
camera_hdf/interfaces/hdi_ipc/client/device/dcamera_device_proxy.h,29,UpdateSettings,functionproto,camera_hdf/interfaces/hdi_ipc/client/device/dcamera_device_proxy.h,806,VirtualCameraHdf,['VirtualCameraHdf'],False
camera_hdf/interfaces/hdi_ipc/client/device/dcamera_device_proxy.h,29,SetResultMode,functionproto,camera_hdf/interfaces/hdi_ipc/client/device/dcamera_device_proxy.h,805,VirtualCameraHdf,['VirtualCameraHdf'],False
camera_hdf/interfaces/hdi_ipc/client/device/dcamera_device_proxy.h,29,GetEnabledResults,functionproto,camera_hdf/interfaces/hdi_ipc/client/device/dcamera_device_proxy.h,803,VirtualCameraHdf,['VirtualCameraHdf'],False
camera_hdf/interfaces/hdi_ipc/client/device/dcamera_device_proxy.h,29,EnableResult,functionproto,camera_hdf/interfaces/hdi_ipc/client/device/dcamera_device_proxy.h,802,VirtualCameraHdf,['VirtualCameraHdf'],False
camera_hdf/interfaces/hdi_ipc/client/device/dcamera_device_proxy.h,29,DisableResult,functionproto,camera_hdf/interfaces/hdi_ipc/client/device/dcamera_device_proxy.h,801,VirtualCameraHdf,['VirtualCameraHdf'],False
camera_hdf/interfaces/hdi_ipc/client/device/dcamera_device_proxy.h,29,Close,functionproto,camera_hdf/interfaces/hdi_ipc/client/device/dcamera_device_proxy.h,800,VirtualCameraHdf,['VirtualCameraHdf'],False
services/cameraservice/sourceservice/include/distributedcameramgr/dcameracontrol/dcamera_source_controller.h,199,channel_,var,services/cameraservice/sourceservice/include/distributedcameramgr/dcameracontrol/dcamera_source_controller.h,2914,DistributedCameraSourceMgr,['DistributedCameraSourceMgr'],False
camera_hdf/interfaces/include/types.h,73,ENABLE_METADATA,var,camera_hdf/interfaces/include/types.h,1395,VirtualCameraHdf,['VirtualCameraHdf'],False
camera_hdf/interfaces/include/types.h,73,DISABLE_METADATA,var,camera_hdf/interfaces/include/types.h,1394,VirtualCameraHdf,['VirtualCameraHdf'],False
camera_hdf/interfaces/include/types.h,73,METADATA_RESULT,var,camera_hdf/interfaces/include/types.h,1403,VirtualCameraHdf,['VirtualCameraHdf'],False
services/cameraservice/sinkservice/include/distributedcameramgr/dcamera_sink_controller.h,147,operator_,var,services/cameraservice/sinkservice/include/distributedcameramgr/dcamera_sink_controller.h,2291,DistributedCameraSinkMgr,['DistributedCameraSinkMgr'],False
services/data_process/include/pipeline/dcamera_pipeline_source.h,261,pipelineHead_,var,services/data_process/include/pipeline/dcamera_pipeline_source.h,3979,CameraDataPostProcess,['CameraDataPostProcess'],False
services/data_process/include/pipeline/dcamera_pipeline_source.h,261,pipNodeRanks_,var,services/data_process/include/pipeline/dcamera_pipeline_source.h,3978,CameraDataPostProcess,['CameraDataPostProcess'],False
services/data_process/include/pipeline/dcamera_pipeline_source.h,261,processListener_,var,services/data_process/include/pipeline/dcamera_pipeline_source.h,3980,CameraDataPostProcess,['CameraDataPostProcess'],False
services/data_process/include/pipeline/dcamera_pipeline_source.h,261,OnError,functionproto,services/data_process/include/pipeline/dcamera_pipeline_source.h,3972,CameraDataPostProcess,['CameraDataPostProcess'],False
services/data_process/include/pipeline/dcamera_pipeline_source.h,261,OnEvent,functionproto,services/data_process/include/pipeline/dcamera_pipeline_source.h,3973,CameraDataPostProcess,['CameraDataPostProcess'],False
camera_hdf/hdi_impl/src/dcamera_host/dcamera_host.cpp,13,callback,var,camera_hdf/hdi_impl/src/dcamera_host/dcamera_host.cpp,412,VirtualCameraHdf,['VirtualCameraHdf'],False
camera_hdf/hdi_impl/src/dcamera_host/dcamera_host.cpp,13,iter,var,camera_hdf/hdi_impl/src/dcamera_host/dcamera_host.cpp,420,VirtualCameraHdf,['VirtualCameraHdf'],False
camera_hdf/hdi_impl/src/dcamera_host/dcamera_host.cpp,13,cameraIds,var,camera_hdf/hdi_impl/src/dcamera_host/dcamera_host.cpp,414,VirtualCameraHdf,['VirtualCameraHdf'],False
camera_hdf/hdi_impl/src/dcamera_host/dcamera_host.cpp,13,cameraId,var,camera_hdf/hdi_impl/src/dcamera_host/dcamera_host.cpp,413,VirtualCameraHdf,['VirtualCameraHdf'],False
camera_hdf/hdi_impl/src/dcamera_host/dcamera_host.cpp,13,ability,var,camera_hdf/hdi_impl/src/dcamera_host/dcamera_host.cpp,410,VirtualCameraHdf,['VirtualCameraHdf'],False
camera_hdf/hdi_impl/src/dcamera_host/dcamera_host.cpp,13,ret,var,camera_hdf/hdi_impl/src/dcamera_host/dcamera_host.cpp,422,VirtualCameraHdf,['VirtualCameraHdf'],False
camera_hdf/hdi_impl/src/dcamera_host/dcamera_host.cpp,13,pDevice,var,camera_hdf/hdi_impl/src/dcamera_host/dcamera_host.cpp,421,VirtualCameraHdf,['VirtualCameraHdf'],False
camera_hdf/hdi_impl/src/dcamera_host/dcamera_host.cpp,13,isEnable,var,camera_hdf/hdi_impl/src/dcamera_host/dcamera_host.cpp,419,VirtualCameraHdf,['VirtualCameraHdf'],False
camera_hdf/hdi_impl/src/dcamera_host/dcamera_host.cpp,13,dhBase,var,camera_hdf/hdi_impl/src/dcamera_host/dcamera_host.cpp,416,VirtualCameraHdf,['VirtualCameraHdf'],False
camera_hdf/hdi_impl/src/dcamera_host/dcamera_host.cpp,13,abilityInfo,var,camera_hdf/hdi_impl/src/dcamera_host/dcamera_host.cpp,411,VirtualCameraHdf,['VirtualCameraHdf'],False
camera_hdf/hdi_impl/src/dcamera_host/dcamera_host.cpp,13,dCameraId,var,camera_hdf/hdi_impl/src/dcamera_host/dcamera_host.cpp,415,VirtualCameraHdf,['VirtualCameraHdf'],False
camera_hdf/hdi_impl/src/dcamera_host/dcamera_host.cpp,13,dhBaseKey,var,camera_hdf/hdi_impl/src/dcamera_host/dcamera_host.cpp,417,VirtualCameraHdf,['VirtualCameraHdf'],False
services/cameraservice/sinkservice/include/distributedcameramgr/eventbus/dcamera_post_authorization_event.h,154,param_,var,services/cameraservice/sinkservice/include/distributedcameramgr/eventbus/dcamera_post_authorization_event.h,2369,DistributedCameraSinkMgr,['DistributedCameraSinkMgr'],False
services/cameraservice/cameraoperator/handler/src/dcamera_handler_common.cpp,140,dcamera_handler_common,file,services/cameraservice/cameraoperator/handler/src/dcamera_handler_common.cpp,2180,utils,['utils'],False
services/cameraservice/cameraoperator/handler/src/dcamera_handler_common.cpp,140,Initialize,functionimpl,services/cameraservice/cameraoperator/handler/src/dcamera_handler_common.cpp,2186,utils,['utils'],False
services/channel/include/dcamera_channel_sink_impl.h,245,camIndexs_,var,services/channel/include/dcamera_channel_sink_impl.h,3653,ChannelSink,['ChannelSink'],False
services/cameraservice/sinkservice/include/distributedcameramgr/listener/dcamera_sink_controller_channel_listener.h,159,DCameraSinkControllerChannelListener,functionproto,services/cameraservice/sinkservice/include/distributedcameramgr/listener/dcamera_sink_controller_channel_listener.h,2382,DistributedCameraSinkMgr,['DistributedCameraSinkMgr'],False
services/cameraservice/sinkservice/include/distributedcameramgr/listener/dcamera_sink_controller_channel_listener.h,159,OnSessionState,functionproto,services/cameraservice/sinkservice/include/distributedcameramgr/listener/dcamera_sink_controller_channel_listener.h,2385,DistributedCameraSinkMgr,['DistributedCameraSinkMgr'],False
services/cameraservice/sinkservice/include/distributedcameramgr/listener/dcamera_sink_controller_channel_listener.h,159,OnSessionError,functionproto,services/cameraservice/sinkservice/include/distributedcameramgr/listener/dcamera_sink_controller_channel_listener.h,2384,DistributedCameraSinkMgr,['DistributedCameraSinkMgr'],False
services/cameraservice/sinkservice/include/distributedcameramgr/listener/dcamera_sink_controller_channel_listener.h,159,OnDataReceived,functionproto,services/cameraservice/sinkservice/include/distributedcameramgr/listener/dcamera_sink_controller_channel_listener.h,2383,DistributedCameraSinkMgr,['DistributedCameraSinkMgr'],False
camera_hdf/interfaces/hdi_ipc/client/operator/dstream_operator_proxy.h,43,DStreamOperatorProxy,functionimpl,camera_hdf/interfaces/hdi_ipc/client/operator/dstream_operator_proxy.h,946,VirtualCameraHdf,['VirtualCameraHdf'],False
camera_hdf/interfaces/hdi_ipc/client/operator/dstream_operator_proxy.h,43,impl,var,camera_hdf/interfaces/hdi_ipc/client/operator/dstream_operator_proxy.h,958,VirtualCameraHdf,['VirtualCameraHdf'],False
camera_hdf/interfaces/hdi_ipc/client/operator/dstream_operator_proxy.h,43,delegator_,var,camera_hdf/interfaces/hdi_ipc/client/operator/dstream_operator_proxy.h,957,VirtualCameraHdf,['VirtualCameraHdf'],False
services/cameraservice/cameraoperator/client/src/callback/dcamera_manager_callback.cpp,126,OnCameraStatusChanged,functionimpl,services/cameraservice/cameraoperator/client/src/callback/dcamera_manager_callback.cpp,1969,utils,['utils'],False
services/cameraservice/cameraoperator/client/include/callback/dcamera_manager_callback.h,116,OnCameraStatusChanged,functionproto,services/cameraservice/cameraoperator/client/include/callback/dcamera_manager_callback.h,1895,utils,['utils'],False
services/cameraservice/cameraoperator/client/src/callback/dcamera_manager_callback.cpp,126,OnFlashlightStatusChanged,functionimpl,services/cameraservice/cameraoperator/client/src/callback/dcamera_manager_callback.cpp,1970,utils,['utils'],False
services/cameraservice/cameraoperator/client/include/callback/dcamera_manager_callback.h,116,OnFlashlightStatusChanged,functionproto,services/cameraservice/cameraoperator/client/include/callback/dcamera_manager_callback.h,1896,utils,['utils'],False
services/cameraservice/sinkservice/include/distributedcameramgr/dcamera_sink_service_ipc.h,151,DCameraSinkServiceIpc,functionproto,services/cameraservice/sinkservice/include/distributedcameramgr/dcamera_sink_service_ipc.h,2345,DistributedCameraSinkMgr,['DistributedCameraSinkMgr'],False
services/cameraservice/sinkservice/include/distributedcameramgr/dcamera_sink_service_ipc.h,151,~DCameraSinkServiceIpc,functionproto,services/cameraservice/sinkservice/include/distributedcameramgr/dcamera_sink_service_ipc.h,2352,DistributedCameraSinkMgr,['DistributedCameraSinkMgr'],False
services/cameraservice/sinkservice/include/distributedcameramgr/dcamera_sink_service_ipc.h,151,Init,functionproto,services/cameraservice/sinkservice/include/distributedcameramgr/dcamera_sink_service_ipc.h,2348,DistributedCameraSinkMgr,['DistributedCameraSinkMgr'],False
services/cameraservice/sinkservice/include/distributedcameramgr/dcamera_sink_service_ipc.h,151,UnInit,functionproto,services/cameraservice/sinkservice/include/distributedcameramgr/dcamera_sink_service_ipc.h,2351,DistributedCameraSinkMgr,['DistributedCameraSinkMgr'],False
services/cameraservice/sinkservice/include/distributedcameramgr/dcamera_sink_service_ipc.h,151,DeleteSourceRemoteDhms,functionproto,services/cameraservice/sinkservice/include/distributedcameramgr/dcamera_sink_service_ipc.h,2346,DistributedCameraSinkMgr,['DistributedCameraSinkMgr'],False
services/cameraservice/sinkservice/include/distributedcameramgr/dcamera_sink_service_ipc.h,151,ClearSourceRemoteDhms,functionproto,services/cameraservice/sinkservice/include/distributedcameramgr/dcamera_sink_service_ipc.h,2344,DistributedCameraSinkMgr,['DistributedCameraSinkMgr'],False
services/cameraservice/sinkservice/include/distributedcameramgr/dcamera_sink_service_ipc.h,151,OnRemoteDied,functionproto,services/cameraservice/sinkservice/include/distributedcameramgr/dcamera_sink_service_ipc.h,2349,DistributedCameraSinkMgr,['DistributedCameraSinkMgr'],False
services/cameraservice/sinkservice/include/distributedcameramgr/dcamera_sink_service_ipc.h,151,OnSourceRemoteDmsDied,functionproto,services/cameraservice/sinkservice/include/distributedcameramgr/dcamera_sink_service_ipc.h,2350,DistributedCameraSinkMgr,['DistributedCameraSinkMgr'],False
interfaces/inner_kits/native_cpp/camera_source/src/dcamera_source_handler.cpp,97,dcamera_source_handler,file,interfaces/inner_kits/native_cpp/camera_source/src/dcamera_source_handler.cpp,1703,DistributedCameraSourceMgr,['DistributedCameraSourceMgr'],False
services/cameraservice/cameraoperator/client/src/callback/dcamera_manager_callback.cpp,126,cameraStatusInfo,var,services/cameraservice/cameraoperator/client/src/callback/dcamera_manager_callback.cpp,1972,utils,['utils'],False
services/cameraservice/cameraoperator/client/src/callback/dcamera_manager_callback.cpp,126,cameraID,var,services/cameraservice/cameraoperator/client/src/callback/dcamera_manager_callback.cpp,1971,utils,['utils'],False
services/cameraservice/cameraoperator/client/src/callback/dcamera_manager_callback.cpp,126,flashStatus,var,services/cameraservice/cameraoperator/client/src/callback/dcamera_manager_callback.cpp,1973,utils,['utils'],False
services/data_process/src/pipeline_node/multimedia_codec/decode_video_callback.cpp,276,decode_video_callback,file,services/data_process/src/pipeline_node/multimedia_codec/decode_video_callback.cpp,4440,CameraDataProcessCommon,['CameraDataProcessCommon'],False
services/data_process/src/pipeline_node/multimedia_codec/decode_video_callback.cpp,276,OnError,functionimpl,services/data_process/src/pipeline_node/multimedia_codec/decode_video_callback.cpp,4441,CameraDataProcessCommon,['CameraDataProcessCommon'],False
services/data_process/include/pipeline_node/multimedia_codec/decode_video_callback.h,265,OnError,functionproto,services/data_process/include/pipeline_node/multimedia_codec/decode_video_callback.h,4060,CameraDataProcessCommon,['CameraDataProcessCommon'],False
services/data_process/src/pipeline_node/multimedia_codec/decode_video_callback.cpp,276,OnInputBufferAvailable,functionimpl,services/data_process/src/pipeline_node/multimedia_codec/decode_video_callback.cpp,4442,CameraDataProcessCommon,['CameraDataProcessCommon'],False
services/data_process/include/pipeline_node/multimedia_codec/decode_video_callback.h,265,OnInputBufferAvailable,functionproto,services/data_process/include/pipeline_node/multimedia_codec/decode_video_callback.h,4061,CameraDataProcessCommon,['CameraDataProcessCommon'],False
services/data_process/src/pipeline_node/multimedia_codec/decode_video_callback.cpp,276,OnOutputFormatChanged,functionimpl,services/data_process/src/pipeline_node/multimedia_codec/decode_video_callback.cpp,4444,CameraDataProcessCommon,['CameraDataProcessCommon'],False
services/data_process/include/pipeline_node/multimedia_codec/decode_video_callback.h,265,OnOutputFormatChanged,functionproto,services/data_process/include/pipeline_node/multimedia_codec/decode_video_callback.h,4063,CameraDataProcessCommon,['CameraDataProcessCommon'],False
services/data_process/src/pipeline_node/multimedia_codec/decode_video_callback.cpp,276,OnOutputBufferAvailable,functionimpl,services/data_process/src/pipeline_node/multimedia_codec/decode_video_callback.cpp,4443,CameraDataProcessCommon,['CameraDataProcessCommon'],False
services/data_process/include/pipeline_node/multimedia_codec/decode_video_callback.h,265,OnOutputBufferAvailable,functionproto,services/data_process/include/pipeline_node/multimedia_codec/decode_video_callback.h,4062,CameraDataProcessCommon,['CameraDataProcessCommon'],False
camera_hdf/hdi_impl/include/dcamera_host/dcamera_host.h,2,dCameraDeviceMap_,var,camera_hdf/hdi_impl/include/dcamera_host/dcamera_host.h,70,VirtualCameraHdf,['VirtualCameraHdf'],False
camera_hdf/hdi_impl/include/dcamera_host/dcamera_host.h,2,operator =,functionimpl,camera_hdf/hdi_impl/include/dcamera_host/dcamera_host.h,55,VirtualCameraHdf,['VirtualCameraHdf'],False
camera_hdf/hdi_impl/include/dcamera_host/dcamera_host.h,2,DCameraHost,functionimpl,camera_hdf/hdi_impl/include/dcamera_host/dcamera_host.h,54,VirtualCameraHdf,['VirtualCameraHdf'],False
camera_hdf/hdi_impl/include/dcamera_host/dcamera_host.h,2,instance_,var,camera_hdf/hdi_impl/include/dcamera_host/dcamera_host.h,72,VirtualCameraHdf,['VirtualCameraHdf'],False
services/cameraservice/base/include/dcamera_open_info_cmd.h,105,DCameraOpenInfo,functionimpl,services/cameraservice/base/include/dcamera_open_info_cmd.h,1787,CameraServiceCommon,['CameraServiceCommon'],False
services/cameraservice/base/include/dcamera_open_info_cmd.h,105,sourceDevId,var,services/cameraservice/base/include/dcamera_open_info_cmd.h,1792,CameraServiceCommon,['CameraServiceCommon'],False
services/cameraservice/base/include/dcamera_open_info_cmd.h,105,value_,var,services/cameraservice/base/include/dcamera_open_info_cmd.h,1793,CameraServiceCommon,['CameraServiceCommon'],False
common/include/utils/data_buffer.h,76,operator =,functionimpl,common/include/utils/data_buffer.h,1456,utils,['utils'],False
common/include/utils/data_buffer.h,76,DataBuffer,functionimpl,common/include/utils/data_buffer.h,1455,utils,['utils'],False
camera_hdf/hdi_impl/src/dstream_operator/dcamera_steam.cpp,16,HasBufferQueue,functionimpl,camera_hdf/hdi_impl/src/dstream_operator/dcamera_steam.cpp,487,VirtualCameraHdf,['VirtualCameraHdf'],False
camera_hdf/hdi_impl/include/dstream_operator/dcamera_steam.h,5,HasBufferQueue,functionproto,camera_hdf/hdi_impl/include/dstream_operator/dcamera_steam.h,119,VirtualCameraHdf,['VirtualCameraHdf'],False
services/data_process/src/pipeline_node/multimedia_codec/decode_data_process.cpp,274,GetDecoderTimeStamp,functionimpl,services/data_process/src/pipeline_node/multimedia_codec/decode_data_process.cpp,4284,CameraDataProcessCommon,['CameraDataProcessCommon'],False
services/data_process/src/pipeline_node/multimedia_codec/decode_data_process.cpp,274,InitNode,functionimpl,services/data_process/src/pipeline_node/multimedia_codec/decode_data_process.cpp,4290,CameraDataProcessCommon,['CameraDataProcessCommon'],False
services/data_process/src/pipeline_node/multimedia_codec/decode_data_process.cpp,274,err,var,services/data_process/src/pipeline_node/multimedia_codec/decode_data_process.cpp,4325,CameraDataProcessCommon,['CameraDataProcessCommon'],False
services/data_process/src/pipeline_node/multimedia_codec/decode_data_process.cpp,274,GetAlignedHeight,functionimpl,services/data_process/src/pipeline_node/multimedia_codec/decode_data_process.cpp,4282,CameraDataProcessCommon,['CameraDataProcessCommon'],False
services/data_process/src/pipeline_node/multimedia_codec/decode_data_process.cpp,274,alignedHeight,var,services/data_process/src/pipeline_node/multimedia_codec/decode_data_process.cpp,4313,CameraDataProcessCommon,['CameraDataProcessCommon'],False
services/data_process/src/pipeline_node/multimedia_codec/decode_data_process.cpp,274,alignedBits,var,services/data_process/src/pipeline_node/multimedia_codec/decode_data_process.cpp,4312,CameraDataProcessCommon,['CameraDataProcessCommon'],False
services/data_process/src/pipeline_node/multimedia_codec/decode_data_process.cpp,274,IsInDecoderRange,functionimpl,services/data_process/src/pipeline_node/multimedia_codec/decode_data_process.cpp,4293,CameraDataProcessCommon,['CameraDataProcessCommon'],False
services/data_process/src/pipeline_node/multimedia_codec/decode_data_process.cpp,274,curConfig,var,services/data_process/src/pipeline_node/multimedia_codec/decode_data_process.cpp,4318,CameraDataProcessCommon,['CameraDataProcessCommon'],False
services/data_process/src/pipeline_node/multimedia_codec/decode_data_process.cpp,274,IsConvertible,functionimpl,services/data_process/src/pipeline_node/multimedia_codec/decode_data_process.cpp,4291,CameraDataProcessCommon,['CameraDataProcessCommon'],False
services/data_process/src/pipeline_node/multimedia_codec/decode_data_process.cpp,274,sourceConfig,var,services/data_process/src/pipeline_node/multimedia_codec/decode_data_process.cpp,4344,CameraDataProcessCommon,['CameraDataProcessCommon'],False
services/data_process/src/pipeline_node/multimedia_codec/decode_data_process.cpp,274,targetConfig,var,services/data_process/src/pipeline_node/multimedia_codec/decode_data_process.cpp,4350,CameraDataProcessCommon,['CameraDataProcessCommon'],False
services/data_process/src/pipeline_node/multimedia_codec/decode_data_process.cpp,274,InitCodecEvent,functionimpl,services/data_process/src/pipeline_node/multimedia_codec/decode_data_process.cpp,4287,CameraDataProcessCommon,['CameraDataProcessCommon'],False
services/data_process/src/pipeline_node/multimedia_codec/decode_data_process.cpp,274,codecEvent,var,services/data_process/src/pipeline_node/multimedia_codec/decode_data_process.cpp,4317,CameraDataProcessCommon,['CameraDataProcessCommon'],False
services/data_process/src/pipeline_node/multimedia_codec/decode_data_process.cpp,274,InitDecoder,functionimpl,services/data_process/src/pipeline_node/multimedia_codec/decode_data_process.cpp,4288,CameraDataProcessCommon,['CameraDataProcessCommon'],False
services/data_process/src/pipeline_node/multimedia_codec/decode_data_process.cpp,274,retVal,var,services/data_process/src/pipeline_node/multimedia_codec/decode_data_process.cpp,4342,CameraDataProcessCommon,['CameraDataProcessCommon'],False
services/data_process/src/pipeline_node/multimedia_codec/decode_data_process.cpp,274,SetDecoderOutputSurface,functionimpl,services/data_process/src/pipeline_node/multimedia_codec/decode_data_process.cpp,4304,CameraDataProcessCommon,['CameraDataProcessCommon'],False
services/data_process/src/pipeline_node/multimedia_codec/decode_data_process.cpp,274,ReleaseProcessNode,functionimpl,services/data_process/src/pipeline_node/multimedia_codec/decode_data_process.cpp,4302,CameraDataProcessCommon,['CameraDataProcessCommon'],False
services/data_process/src/pipeline_node/multimedia_codec/decode_data_process.cpp,274,ret,var,services/data_process/src/pipeline_node/multimedia_codec/decode_data_process.cpp,4340,CameraDataProcessCommon,['CameraDataProcessCommon'],False
services/data_process/src/pipeline_node/multimedia_codec/decode_data_process.cpp,274,ProcessData,functionimpl,services/data_process/src/pipeline_node/multimedia_codec/decode_data_process.cpp,4301,CameraDataProcessCommon,['CameraDataProcessCommon'],False
services/data_process/src/pipeline_node/multimedia_codec/decode_data_process.cpp,274,inputBuffers,var,services/data_process/src/pipeline_node/multimedia_codec/decode_data_process.cpp,4335,CameraDataProcessCommon,['CameraDataProcessCommon'],False
services/data_process/src/pipeline_node/multimedia_codec/decode_data_process.cpp,274,sleepTimeUs,var,services/data_process/src/pipeline_node/multimedia_codec/decode_data_process.cpp,4343,CameraDataProcessCommon,['CameraDataProcessCommon'],False
services/data_process/src/pipeline_node/multimedia_codec/decode_data_process.cpp,274,dCamCodecEv,var,services/data_process/src/pipeline_node/multimedia_codec/decode_data_process.cpp,4319,CameraDataProcessCommon,['CameraDataProcessCommon'],False
services/data_process/src/pipeline_node/multimedia_codec/decode_data_process.cpp,274,FeedDecoderInputBuffer,functionimpl,services/data_process/src/pipeline_node/multimedia_codec/decode_data_process.cpp,4281,CameraDataProcessCommon,['CameraDataProcessCommon'],False
services/data_process/src/pipeline_node/multimedia_codec/decode_data_process.cpp,274,index,var,services/data_process/src/pipeline_node/multimedia_codec/decode_data_process.cpp,4333,CameraDataProcessCommon,['CameraDataProcessCommon'],False
services/data_process/src/pipeline_node/multimedia_codec/decode_data_process.cpp,274,inputMemoDataSize,var,services/data_process/src/pipeline_node/multimedia_codec/decode_data_process.cpp,4336,CameraDataProcessCommon,['CameraDataProcessCommon'],False
services/data_process/src/pipeline_node/multimedia_codec/decode_data_process.cpp,274,timeUs,var,services/data_process/src/pipeline_node/multimedia_codec/decode_data_process.cpp,4352,CameraDataProcessCommon,['CameraDataProcessCommon'],False
services/data_process/src/pipeline_node/multimedia_codec/decode_data_process.cpp,274,bufferInfo,var,services/data_process/src/pipeline_node/multimedia_codec/decode_data_process.cpp,4315,CameraDataProcessCommon,['CameraDataProcessCommon'],False
services/data_process/src/pipeline_node/multimedia_codec/decode_data_process.cpp,274,nowTimeUs,var,services/data_process/src/pipeline_node/multimedia_codec/decode_data_process.cpp,4337,CameraDataProcessCommon,['CameraDataProcessCommon'],False
services/data_process/src/pipeline_node/multimedia_codec/decode_data_process.cpp,274,TimeDifferenceStampUs,var,services/data_process/src/pipeline_node/multimedia_codec/decode_data_process.cpp,4308,CameraDataProcessCommon,['CameraDataProcessCommon'],False
services/data_process/src/pipeline_node/multimedia_codec/decode_data_process.cpp,274,GetDecoderOutputBuffer,functionimpl,services/data_process/src/pipeline_node/multimedia_codec/decode_data_process.cpp,4283,CameraDataProcessCommon,['CameraDataProcessCommon'],False
services/data_process/src/pipeline_node/multimedia_codec/decode_data_process.cpp,274,surface,var,services/data_process/src/pipeline_node/multimedia_codec/decode_data_process.cpp,4348,CameraDataProcessCommon,['CameraDataProcessCommon'],False
services/data_process/src/pipeline_node/multimedia_codec/decode_data_process.cpp,274,acquireFence,var,services/data_process/src/pipeline_node/multimedia_codec/decode_data_process.cpp,4309,CameraDataProcessCommon,['CameraDataProcessCommon'],False
services/data_process/src/pipeline_node/multimedia_codec/decode_data_process.cpp,274,timeStampUs,var,services/data_process/src/pipeline_node/multimedia_codec/decode_data_process.cpp,4351,CameraDataProcessCommon,['CameraDataProcessCommon'],False
services/data_process/src/pipeline_node/multimedia_codec/decode_data_process.cpp,274,damage,var,services/data_process/src/pipeline_node/multimedia_codec/decode_data_process.cpp,4320,CameraDataProcessCommon,['CameraDataProcessCommon'],False
services/data_process/src/pipeline_node/multimedia_codec/decode_data_process.cpp,274,alignedWidth,var,services/data_process/src/pipeline_node/multimedia_codec/decode_data_process.cpp,4314,CameraDataProcessCommon,['CameraDataProcessCommon'],False
services/data_process/src/pipeline_node/multimedia_codec/decode_data_process.cpp,274,CopyDecodedImage,functionimpl,services/data_process/src/pipeline_node/multimedia_codec/decode_data_process.cpp,4278,CameraDataProcessCommon,['CameraDataProcessCommon'],False
services/data_process/src/pipeline_node/multimedia_codec/decode_data_process.cpp,274,surBuf,var,services/data_process/src/pipeline_node/multimedia_codec/decode_data_process.cpp,4347,CameraDataProcessCommon,['CameraDataProcessCommon'],False
services/data_process/src/pipeline_node/multimedia_codec/decode_data_process.cpp,274,bytesPerPixel,var,services/data_process/src/pipeline_node/multimedia_codec/decode_data_process.cpp,4316,CameraDataProcessCommon,['CameraDataProcessCommon'],False
services/data_process/src/pipeline_node/multimedia_codec/decode_data_process.cpp,274,y2UvRatio,var,services/data_process/src/pipeline_node/multimedia_codec/decode_data_process.cpp,4356,CameraDataProcessCommon,['CameraDataProcessCommon'],False
services/data_process/src/pipeline_node/multimedia_codec/decode_data_process.cpp,274,validDecodedImageAlignedSize,var,services/data_process/src/pipeline_node/multimedia_codec/decode_data_process.cpp,4354,CameraDataProcessCommon,['CameraDataProcessCommon'],False
services/data_process/src/pipeline_node/multimedia_codec/decode_data_process.cpp,274,surfaceBufSize,var,services/data_process/src/pipeline_node/multimedia_codec/decode_data_process.cpp,4349,CameraDataProcessCommon,['CameraDataProcessCommon'],False
services/data_process/src/pipeline_node/multimedia_codec/decode_data_process.cpp,274,validDecodedImageSize,var,services/data_process/src/pipeline_node/multimedia_codec/decode_data_process.cpp,4355,CameraDataProcessCommon,['CameraDataProcessCommon'],False
services/data_process/src/pipeline_node/multimedia_codec/decode_data_process.cpp,274,addr,var,services/data_process/src/pipeline_node/multimedia_codec/decode_data_process.cpp,4311,CameraDataProcessCommon,['CameraDataProcessCommon'],False
services/data_process/src/pipeline_node/multimedia_codec/decode_data_process.cpp,274,srcImgInfo,var,services/data_process/src/pipeline_node/multimedia_codec/decode_data_process.cpp,4346,CameraDataProcessCommon,['CameraDataProcessCommon'],False
services/data_process/src/pipeline_node/multimedia_codec/decode_data_process.cpp,274,dstImgInfo,var,services/data_process/src/pipeline_node/multimedia_codec/decode_data_process.cpp,4324,CameraDataProcessCommon,['CameraDataProcessCommon'],False
services/data_process/src/pipeline_node/multimedia_codec/decode_data_process.cpp,274,retRow,var,services/data_process/src/pipeline_node/multimedia_codec/decode_data_process.cpp,4341,CameraDataProcessCommon,['CameraDataProcessCommon'],False
services/data_process/src/pipeline_node/multimedia_codec/decode_data_process.cpp,274,CopyYUVPlaneByRow,functionimpl,services/data_process/src/pipeline_node/multimedia_codec/decode_data_process.cpp,4279,CameraDataProcessCommon,['CameraDataProcessCommon'],False
services/data_process/src/pipeline_node/multimedia_codec/decode_data_process.cpp,274,yh,var,services/data_process/src/pipeline_node/multimedia_codec/decode_data_process.cpp,4357,CameraDataProcessCommon,['CameraDataProcessCommon'],False
services/data_process/src/pipeline_node/multimedia_codec/decode_data_process.cpp,274,dstDataOffset,var,services/data_process/src/pipeline_node/multimedia_codec/decode_data_process.cpp,4323,CameraDataProcessCommon,['CameraDataProcessCommon'],False
services/data_process/src/pipeline_node/multimedia_codec/decode_data_process.cpp,274,srcDataOffset,var,services/data_process/src/pipeline_node/multimedia_codec/decode_data_process.cpp,4345,CameraDataProcessCommon,['CameraDataProcessCommon'],False
services/data_process/src/pipeline_node/multimedia_codec/decode_data_process.cpp,274,uvh,var,services/data_process/src/pipeline_node/multimedia_codec/decode_data_process.cpp,4353,CameraDataProcessCommon,['CameraDataProcessCommon'],False
services/data_process/src/pipeline_node/multimedia_codec/decode_data_process.cpp,274,CheckCopyImageInfo,functionimpl,services/data_process/src/pipeline_node/multimedia_codec/decode_data_process.cpp,4277,CameraDataProcessCommon,['CameraDataProcessCommon'],False
services/data_process/src/pipeline_node/multimedia_codec/decode_data_process.cpp,274,IsCorrectImageUnitInfo,functionimpl,services/data_process/src/pipeline_node/multimedia_codec/decode_data_process.cpp,4292,CameraDataProcessCommon,['CameraDataProcessCommon'],False
services/data_process/src/pipeline_node/multimedia_codec/decode_data_process.cpp,274,imgInfo,var,services/data_process/src/pipeline_node/multimedia_codec/decode_data_process.cpp,4332,CameraDataProcessCommon,['CameraDataProcessCommon'],False
services/data_process/src/pipeline_node/multimedia_codec/decode_data_process.cpp,274,expectedImgSize,var,services/data_process/src/pipeline_node/multimedia_codec/decode_data_process.cpp,4329,CameraDataProcessCommon,['CameraDataProcessCommon'],False
services/data_process/src/pipeline_node/multimedia_codec/decode_data_process.cpp,274,expectedChromaOffset,var,services/data_process/src/pipeline_node/multimedia_codec/decode_data_process.cpp,4328,CameraDataProcessCommon,['CameraDataProcessCommon'],False
services/data_process/src/pipeline_node/multimedia_codec/decode_data_process.cpp,274,PostOutputDataBuffers,functionimpl,services/data_process/src/pipeline_node/multimedia_codec/decode_data_process.cpp,4300,CameraDataProcessCommon,['CameraDataProcessCommon'],False
services/data_process/src/pipeline_node/multimedia_codec/decode_data_process.cpp,274,outputBuffer,var,services/data_process/src/pipeline_node/multimedia_codec/decode_data_process.cpp,4338,CameraDataProcessCommon,['CameraDataProcessCommon'],False
services/data_process/src/pipeline_node/multimedia_codec/decode_data_process.cpp,274,DecodeDone,functionimpl,services/data_process/src/pipeline_node/multimedia_codec/decode_data_process.cpp,4280,CameraDataProcessCommon,['CameraDataProcessCommon'],False
services/data_process/src/pipeline_node/multimedia_codec/decode_data_process.cpp,274,outputBuffers,var,services/data_process/src/pipeline_node/multimedia_codec/decode_data_process.cpp,4339,CameraDataProcessCommon,['CameraDataProcessCommon'],False
services/data_process/src/pipeline_node/multimedia_codec/decode_data_process.cpp,274,OnEvent,functionimpl,services/data_process/src/pipeline_node/multimedia_codec/decode_data_process.cpp,4296,CameraDataProcessCommon,['CameraDataProcessCommon'],False
services/data_process/src/pipeline_node/multimedia_codec/decode_data_process.cpp,274,ev,var,services/data_process/src/pipeline_node/multimedia_codec/decode_data_process.cpp,4327,CameraDataProcessCommon,['CameraDataProcessCommon'],False
services/data_process/src/pipeline_node/multimedia_codec/decode_data_process.cpp,274,action,var,services/data_process/src/pipeline_node/multimedia_codec/decode_data_process.cpp,4310,CameraDataProcessCommon,['CameraDataProcessCommon'],False
services/data_process/src/pipeline_node/multimedia_codec/decode_data_process.cpp,274,decodedConfig,var,services/data_process/src/pipeline_node/multimedia_codec/decode_data_process.cpp,4322,CameraDataProcessCommon,['CameraDataProcessCommon'],False
services/data_process/src/pipeline_node/multimedia_codec/decode_data_process.cpp,274,OnInputBufferAvailable,functionimpl,services/data_process/src/pipeline_node/multimedia_codec/decode_data_process.cpp,4297,CameraDataProcessCommon,['CameraDataProcessCommon'],False
services/data_process/src/pipeline_node/multimedia_codec/decode_data_process.cpp,274,OnOutputFormatChanged,functionimpl,services/data_process/src/pipeline_node/multimedia_codec/decode_data_process.cpp,4299,CameraDataProcessCommon,['CameraDataProcessCommon'],False
services/data_process/src/pipeline_node/multimedia_codec/decode_data_process.cpp,274,format,var,services/data_process/src/pipeline_node/multimedia_codec/decode_data_process.cpp,4331,CameraDataProcessCommon,['CameraDataProcessCommon'],False
services/data_process/src/pipeline_node/multimedia_codec/decode_data_process.cpp,274,OnOutputBufferAvailable,functionimpl,services/data_process/src/pipeline_node/multimedia_codec/decode_data_process.cpp,4298,CameraDataProcessCommon,['CameraDataProcessCommon'],False
services/data_process/src/pipeline_node/multimedia_codec/decode_data_process.cpp,274,info,var,services/data_process/src/pipeline_node/multimedia_codec/decode_data_process.cpp,4334,CameraDataProcessCommon,['CameraDataProcessCommon'],False
services/data_process/src/pipeline_node/multimedia_codec/decode_data_process.cpp,274,flag,var,services/data_process/src/pipeline_node/multimedia_codec/decode_data_process.cpp,4330,CameraDataProcessCommon,['CameraDataProcessCommon'],False
services/data_process/src/pipeline_node/multimedia_codec/decode_data_process.cpp,274,errRelease,var,services/data_process/src/pipeline_node/multimedia_codec/decode_data_process.cpp,4326,CameraDataProcessCommon,['CameraDataProcessCommon'],False
services/data_process/src/pipeline_node/multimedia_codec/decode_data_process.cpp,274,SetSurface,functionimpl,services/data_process/src/pipeline_node/multimedia_codec/decode_data_process.cpp,4305,CameraDataProcessCommon,['CameraDataProcessCommon'],False
services/data_process/src/pipeline_node/multimedia_codec/decode_data_process.cpp,274,SetDecodeVideoNode,functionimpl,services/data_process/src/pipeline_node/multimedia_codec/decode_data_process.cpp,4303,CameraDataProcessCommon,['CameraDataProcessCommon'],False
services/data_process/src/pipeline_node/multimedia_codec/decode_data_process.cpp,274,decodeVideoNode,var,services/data_process/src/pipeline_node/multimedia_codec/decode_data_process.cpp,4321,CameraDataProcessCommon,['CameraDataProcessCommon'],False
interfaces/inner_kits/native_cpp/camera_source/src/dcamera_source_handler.cpp,97,InitSource,functionimpl,interfaces/inner_kits/native_cpp/camera_source/src/dcamera_source_handler.cpp,1706,DistributedCameraSourceMgr,['DistributedCameraSourceMgr'],False
services/data_process/src/pipeline_node/multimedia_codec/decode_data_process.cpp,274,decode_data_process,file,services/data_process/src/pipeline_node/multimedia_codec/decode_data_process.cpp,4276,CameraDataProcessCommon,['CameraDataProcessCommon'],False
services/channel/include/icamera_channel.h,249,CreateSession,functionproto,services/channel/include/icamera_channel.h,3732,ChannelCommon,['ChannelCommon'],False
interfaces/inner_kits/native_cpp/camera_source/src/dcamera_source_handler.cpp,97,params,var,interfaces/inner_kits/native_cpp/camera_source/src/dcamera_source_handler.cpp,1715,DistributedCameraSourceMgr,['DistributedCameraSourceMgr'],False
interfaces/inner_kits/native_cpp/camera_source/src/dcamera_source_handler.cpp,97,ret,var,interfaces/inner_kits/native_cpp/camera_source/src/dcamera_source_handler.cpp,1717,DistributedCameraSourceMgr,['DistributedCameraSourceMgr'],False
interfaces/inner_kits/native_cpp/camera_source/src/dcamera_source_handler.cpp,97,RegisterDistributedHardware,functionimpl,interfaces/inner_kits/native_cpp/camera_source/src/dcamera_source_handler.cpp,1707,DistributedCameraSourceMgr,['DistributedCameraSourceMgr'],False
interfaces/inner_kits/native_cpp/camera_source/src/dcamera_source_handler.cpp,97,devId,var,interfaces/inner_kits/native_cpp/camera_source/src/dcamera_source_handler.cpp,1712,DistributedCameraSourceMgr,['DistributedCameraSourceMgr'],False
interfaces/inner_kits/native_cpp/camera_source/src/dcamera_source_handler.cpp,97,dhId,var,interfaces/inner_kits/native_cpp/camera_source/src/dcamera_source_handler.cpp,1713,DistributedCameraSourceMgr,['DistributedCameraSourceMgr'],False
interfaces/inner_kits/native_cpp/camera_source/src/dcamera_source_handler.cpp,97,reqId,var,interfaces/inner_kits/native_cpp/camera_source/src/dcamera_source_handler.cpp,1716,DistributedCameraSourceMgr,['DistributedCameraSourceMgr'],False
interfaces/inner_kits/native_cpp/camera_source/src/dcamera_source_handler.cpp,97,callback,var,interfaces/inner_kits/native_cpp/camera_source/src/dcamera_source_handler.cpp,1711,DistributedCameraSourceMgr,['DistributedCameraSourceMgr'],False
interfaces/inner_kits/native_cpp/camera_source/src/dcamera_source_handler.cpp,97,param,var,interfaces/inner_kits/native_cpp/camera_source/src/dcamera_source_handler.cpp,1714,DistributedCameraSourceMgr,['DistributedCameraSourceMgr'],False
interfaces/inner_kits/native_cpp/camera_source/src/dcamera_source_handler.cpp,97,UnregisterDistributedHardware,functionimpl,interfaces/inner_kits/native_cpp/camera_source/src/dcamera_source_handler.cpp,1709,DistributedCameraSourceMgr,['DistributedCameraSourceMgr'],False
interfaces/inner_kits/native_cpp/camera_source/src/dcamera_source_handler.cpp,97,~DCameraSourceHandler,functionimpl,interfaces/inner_kits/native_cpp/camera_source/src/dcamera_source_handler.cpp,1710,DistributedCameraSourceMgr,['DistributedCameraSourceMgr'],False
interfaces/inner_kits/native_cpp/camera_source/include/dcamera_source_handler.h,91,~DCameraSourceHandler,functionproto,interfaces/inner_kits/native_cpp/camera_source/include/dcamera_source_handler.h,1641,DistributedCameraSourceMgr,['DistributedCameraSourceMgr'],False
interfaces/inner_kits/native_cpp/camera_source/include/dcamera_source_handler.h,91,InitSource,functionproto,interfaces/inner_kits/native_cpp/camera_source/include/dcamera_source_handler.h,1637,DistributedCameraSourceMgr,['DistributedCameraSourceMgr'],False
interfaces/inner_kits/native_cpp/camera_source/src/dcamera_source_handler.cpp,97,ReleaseSource,functionimpl,interfaces/inner_kits/native_cpp/camera_source/src/dcamera_source_handler.cpp,1708,DistributedCameraSourceMgr,['DistributedCameraSourceMgr'],False
interfaces/inner_kits/native_cpp/camera_source/include/dcamera_source_handler.h,91,ReleaseSource,functionproto,interfaces/inner_kits/native_cpp/camera_source/include/dcamera_source_handler.h,1639,DistributedCameraSourceMgr,['DistributedCameraSourceMgr'],False
interfaces/inner_kits/native_cpp/camera_source/include/dcamera_source_handler.h,91,RegisterDistributedHardware,functionproto,interfaces/inner_kits/native_cpp/camera_source/include/dcamera_source_handler.h,1638,DistributedCameraSourceMgr,['DistributedCameraSourceMgr'],False
interfaces/inner_kits/native_cpp/camera_source/include/dcamera_source_handler.h,91,UnregisterDistributedHardware,functionproto,interfaces/inner_kits/native_cpp/camera_source/include/dcamera_source_handler.h,1640,DistributedCameraSourceMgr,['DistributedCameraSourceMgr'],False
interfaces/inner_kits/native_cpp/camera_source/src/dcamera_source_handler.cpp,97,ConfigDistributedHardware,functionimpl,interfaces/inner_kits/native_cpp/camera_source/src/dcamera_source_handler.cpp,1704,DistributedCameraSourceMgr,['DistributedCameraSourceMgr'],False
interfaces/inner_kits/native_cpp/camera_source/include/dcamera_source_handler.h,91,ConfigDistributedHardware,functionproto,interfaces/inner_kits/native_cpp/camera_source/include/dcamera_source_handler.h,1635,DistributedCameraSourceMgr,['DistributedCameraSourceMgr'],False
interfaces/inner_kits/native_cpp/camera_source/src/dcamera_source_handler.cpp,97,GetSourceHardwareHandler,functionimpl,interfaces/inner_kits/native_cpp/camera_source/src/dcamera_source_handler.cpp,1705,DistributedCameraSourceMgr,['DistributedCameraSourceMgr'],False
interfaces/inner_kits/native_cpp/camera_source/include/dcamera_source_handler.h,91,GetSourceHardwareHandler,functionproto,interfaces/inner_kits/native_cpp/camera_source/include/dcamera_source_handler.h,1636,DistributedCameraSourceMgr,['DistributedCameraSourceMgr'],False
services/data_process/src/pipeline_node/multimedia_codec/decode_data_process.cpp,274,OnBufferAvailable,functionimpl,services/data_process/src/pipeline_node/multimedia_codec/decode_data_process.cpp,4294,CameraDataProcessCommon,['CameraDataProcessCommon'],False
services/data_process/src/pipeline_node/multimedia_codec/decode_data_process.cpp,274,~DecodeDataProcess,functionimpl,services/data_process/src/pipeline_node/multimedia_codec/decode_data_process.cpp,4306,CameraDataProcessCommon,['CameraDataProcessCommon'],False
services/data_process/src/pipeline_node/multimedia_codec/decode_data_process.cpp,274,InitDecoderMetadataFormat,functionimpl,services/data_process/src/pipeline_node/multimedia_codec/decode_data_process.cpp,4289,CameraDataProcessCommon,['CameraDataProcessCommon'],False
services/data_process/src/pipeline_node/multimedia_codec/decode_data_process.cpp,274,OnError,functionimpl,services/data_process/src/pipeline_node/multimedia_codec/decode_data_process.cpp,4295,CameraDataProcessCommon,['CameraDataProcessCommon'],False
services/data_process/src/pipeline_node/multimedia_codec/decode_data_process.cpp,274,GetSourceConfig,functionimpl,services/data_process/src/pipeline_node/multimedia_codec/decode_data_process.cpp,4285,CameraDataProcessCommon,['CameraDataProcessCommon'],False
services/data_process/src/pipeline_node/multimedia_codec/decode_data_process.cpp,274,GetTargetConfig,functionimpl,services/data_process/src/pipeline_node/multimedia_codec/decode_data_process.cpp,4286,CameraDataProcessCommon,['CameraDataProcessCommon'],False
services/data_process/src/pipeline_node/multimedia_codec/decode_data_process.cpp,274,~DecodeSurfaceListener,functionimpl,services/data_process/src/pipeline_node/multimedia_codec/decode_data_process.cpp,4307,CameraDataProcessCommon,['CameraDataProcessCommon'],False
services/data_process/src/pipeline/dcamera_pipeline_source.cpp,271,CreateDataProcessPipeline,functionimpl,services/data_process/src/pipeline/dcamera_pipeline_source.cpp,4157,CameraDataPostProcess,['CameraDataPostProcess'],False
services/data_process/src/pipeline/dcamera_pipeline_source.cpp,271,piplineType,var,services/data_process/src/pipeline/dcamera_pipeline_source.cpp,4176,CameraDataPostProcess,['CameraDataPostProcess'],False
services/data_process/src/pipeline/dcamera_pipeline_source.cpp,271,sourceConfig,var,services/data_process/src/pipeline/dcamera_pipeline_source.cpp,4177,CameraDataPostProcess,['CameraDataPostProcess'],False
services/data_process/src/pipeline/dcamera_pipeline_source.cpp,271,targetConfig,var,services/data_process/src/pipeline/dcamera_pipeline_source.cpp,4178,CameraDataPostProcess,['CameraDataPostProcess'],False
services/data_process/src/pipeline/dcamera_pipeline_source.cpp,271,listener,var,services/data_process/src/pipeline/dcamera_pipeline_source.cpp,4174,CameraDataPostProcess,['CameraDataPostProcess'],False
services/data_process/src/pipeline/dcamera_pipeline_source.cpp,271,err,var,services/data_process/src/pipeline/dcamera_pipeline_source.cpp,4170,CameraDataPostProcess,['CameraDataPostProcess'],False
services/data_process/src/pipeline/dcamera_pipeline_source.cpp,271,IsInRange,functionimpl,services/data_process/src/pipeline/dcamera_pipeline_source.cpp,4161,CameraDataPostProcess,['CameraDataPostProcess'],False
services/data_process/src/pipeline/dcamera_pipeline_source.cpp,271,curConfig,var,services/data_process/src/pipeline/dcamera_pipeline_source.cpp,4167,CameraDataPostProcess,['CameraDataPostProcess'],False
services/data_process/src/pipeline/dcamera_pipeline_source.cpp,271,InitDCameraPipEvent,functionimpl,services/data_process/src/pipeline/dcamera_pipeline_source.cpp,4159,CameraDataPostProcess,['CameraDataPostProcess'],False
services/data_process/src/pipeline/dcamera_pipeline_source.cpp,271,pipelineEvent,var,services/data_process/src/pipeline/dcamera_pipeline_source.cpp,4175,CameraDataPostProcess,['CameraDataPostProcess'],False
services/data_process/src/pipeline/dcamera_pipeline_source.cpp,271,InitDCameraPipNodes,functionimpl,services/data_process/src/pipeline/dcamera_pipeline_source.cpp,4160,CameraDataPostProcess,['CameraDataPostProcess'],False
services/data_process/src/pipeline/dcamera_pipeline_source.cpp,271,i,var,services/data_process/src/pipeline/dcamera_pipeline_source.cpp,4173,CameraDataPostProcess,['CameraDataPostProcess'],False
services/data_process/src/pipeline/dcamera_pipeline_source.cpp,271,ProcessData,functionimpl,services/data_process/src/pipeline/dcamera_pipeline_source.cpp,4165,CameraDataPostProcess,['CameraDataPostProcess'],False
services/data_process/src/pipeline/dcamera_pipeline_source.cpp,271,dataBuffers,var,services/data_process/src/pipeline/dcamera_pipeline_source.cpp,4169,CameraDataPostProcess,['CameraDataPostProcess'],False
services/data_process/src/pipeline/dcamera_pipeline_source.cpp,271,dCamPipelineEvent,var,services/data_process/src/pipeline/dcamera_pipeline_source.cpp,4168,CameraDataPostProcess,['CameraDataPostProcess'],False
services/data_process/src/pipeline/dcamera_pipeline_source.cpp,271,OnEvent,functionimpl,services/data_process/src/pipeline/dcamera_pipeline_source.cpp,4163,CameraDataPostProcess,['CameraDataPostProcess'],False
services/data_process/src/pipeline/dcamera_pipeline_source.cpp,271,ev,var,services/data_process/src/pipeline/dcamera_pipeline_source.cpp,4172,CameraDataPostProcess,['CameraDataPostProcess'],False
services/data_process/src/pipeline/dcamera_pipeline_source.cpp,271,OnError,functionimpl,services/data_process/src/pipeline/dcamera_pipeline_source.cpp,4162,CameraDataPostProcess,['CameraDataPostProcess'],False
services/data_process/src/pipeline/dcamera_pipeline_source.cpp,271,errorType,var,services/data_process/src/pipeline/dcamera_pipeline_source.cpp,4171,CameraDataPostProcess,['CameraDataPostProcess'],False
services/data_process/src/pipeline/dcamera_pipeline_source.cpp,271,OnProcessedVideoBuffer,functionimpl,services/data_process/src/pipeline/dcamera_pipeline_source.cpp,4164,CameraDataPostProcess,['CameraDataPostProcess'],False
services/data_process/src/pipeline/dcamera_pipeline_source.cpp,271,videoResult,var,services/data_process/src/pipeline/dcamera_pipeline_source.cpp,4179,CameraDataPostProcess,['CameraDataPostProcess'],False
services/data_process/src/pipeline/dcamera_pipeline_source.cpp,271,DestroyDataProcessPipeline,functionimpl,services/data_process/src/pipeline/dcamera_pipeline_source.cpp,4158,CameraDataPostProcess,['CameraDataPostProcess'],False
camera_hdf/interfaces/hdi_ipc/client/host/dcamera_host_proxy.cpp,34,dcamera_host_proxy,file,camera_hdf/interfaces/hdi_ipc/client/host/dcamera_host_proxy.cpp,830,VirtualCameraHdf,['VirtualCameraHdf'],False
camera_hdf/interfaces/hdi_ipc/client/host/dcamera_host_proxy.cpp,34,SetCallback,functionimpl,camera_hdf/interfaces/hdi_ipc/client/host/dcamera_host_proxy.cpp,835,VirtualCameraHdf,['VirtualCameraHdf'],False
camera_hdf/interfaces/hdi_ipc/client/host/dcamera_host_proxy.h,35,SetCallback,functionproto,camera_hdf/interfaces/hdi_ipc/client/host/dcamera_host_proxy.h,856,VirtualCameraHdf,['VirtualCameraHdf'],False
camera_hdf/interfaces/hdi_ipc/client/host/dcamera_host_proxy.cpp,34,GetCameraIds,functionimpl,camera_hdf/interfaces/hdi_ipc/client/host/dcamera_host_proxy.cpp,833,VirtualCameraHdf,['VirtualCameraHdf'],False
camera_hdf/interfaces/hdi_ipc/client/host/dcamera_host_proxy.h,35,GetCameraIds,functionproto,camera_hdf/interfaces/hdi_ipc/client/host/dcamera_host_proxy.h,854,VirtualCameraHdf,['VirtualCameraHdf'],False
camera_hdf/interfaces/hdi_ipc/client/host/dcamera_host_proxy.cpp,34,GetCameraAbility,functionimpl,camera_hdf/interfaces/hdi_ipc/client/host/dcamera_host_proxy.cpp,832,VirtualCameraHdf,['VirtualCameraHdf'],False
camera_hdf/interfaces/hdi_ipc/client/host/dcamera_host_proxy.h,35,GetCameraAbility,functionproto,camera_hdf/interfaces/hdi_ipc/client/host/dcamera_host_proxy.h,853,VirtualCameraHdf,['VirtualCameraHdf'],False
camera_hdf/interfaces/hdi_ipc/client/host/dcamera_host_proxy.cpp,34,OpenCamera,functionimpl,camera_hdf/interfaces/hdi_ipc/client/host/dcamera_host_proxy.cpp,834,VirtualCameraHdf,['VirtualCameraHdf'],False
camera_hdf/interfaces/hdi_ipc/client/host/dcamera_host_proxy.h,35,OpenCamera,functionproto,camera_hdf/interfaces/hdi_ipc/client/host/dcamera_host_proxy.h,855,VirtualCameraHdf,['VirtualCameraHdf'],False
camera_hdf/interfaces/hdi_ipc/client/host/dcamera_host_proxy.cpp,34,SetFlashlight,functionimpl,camera_hdf/interfaces/hdi_ipc/client/host/dcamera_host_proxy.cpp,836,VirtualCameraHdf,['VirtualCameraHdf'],False
camera_hdf/interfaces/hdi_ipc/client/host/dcamera_host_proxy.h,35,SetFlashlight,functionproto,camera_hdf/interfaces/hdi_ipc/client/host/dcamera_host_proxy.h,857,VirtualCameraHdf,['VirtualCameraHdf'],False
camera_hdf/interfaces/hdi_ipc/client/host/dcamera_host_proxy.cpp,34,Get,functionimpl,camera_hdf/interfaces/hdi_ipc/client/host/dcamera_host_proxy.cpp,831,VirtualCameraHdf,['VirtualCameraHdf'],False
camera_hdf/interfaces/hdi_ipc/client/host/dcamera_host_proxy.cpp,34,serviceName,var,camera_hdf/interfaces/hdi_ipc/client/host/dcamera_host_proxy.cpp,850,VirtualCameraHdf,['VirtualCameraHdf'],False
camera_hdf/interfaces/hdi_ipc/client/host/dcamera_host_proxy.cpp,34,data,var,camera_hdf/interfaces/hdi_ipc/client/host/dcamera_host_proxy.cpp,842,VirtualCameraHdf,['VirtualCameraHdf'],False
camera_hdf/interfaces/hdi_ipc/client/host/dcamera_host_proxy.cpp,34,callback,var,camera_hdf/interfaces/hdi_ipc/client/host/dcamera_host_proxy.cpp,838,VirtualCameraHdf,['VirtualCameraHdf'],False
camera_hdf/interfaces/hdi_ipc/client/host/dcamera_host_proxy.cpp,34,callbackFlag,var,camera_hdf/interfaces/hdi_ipc/client/host/dcamera_host_proxy.cpp,839,VirtualCameraHdf,['VirtualCameraHdf'],False
camera_hdf/interfaces/hdi_ipc/client/host/dcamera_host_proxy.cpp,34,reply,var,camera_hdf/interfaces/hdi_ipc/client/host/dcamera_host_proxy.cpp,847,VirtualCameraHdf,['VirtualCameraHdf'],False
camera_hdf/interfaces/hdi_ipc/client/host/dcamera_host_proxy.cpp,34,option,var,camera_hdf/interfaces/hdi_ipc/client/host/dcamera_host_proxy.cpp,845,VirtualCameraHdf,['VirtualCameraHdf'],False
camera_hdf/interfaces/hdi_ipc/client/host/dcamera_host_proxy.cpp,34,ret,var,camera_hdf/interfaces/hdi_ipc/client/host/dcamera_host_proxy.cpp,848,VirtualCameraHdf,['VirtualCameraHdf'],False
camera_hdf/interfaces/hdi_ipc/client/host/dcamera_host_proxy.cpp,34,retCode,var,camera_hdf/interfaces/hdi_ipc/client/host/dcamera_host_proxy.cpp,849,VirtualCameraHdf,['VirtualCameraHdf'],False
camera_hdf/interfaces/hdi_ipc/client/host/dcamera_host_proxy.cpp,34,cameraIds,var,camera_hdf/interfaces/hdi_ipc/client/host/dcamera_host_proxy.cpp,841,VirtualCameraHdf,['VirtualCameraHdf'],False
camera_hdf/interfaces/hdi_ipc/client/host/dcamera_host_proxy.cpp,34,cameraId,var,camera_hdf/interfaces/hdi_ipc/client/host/dcamera_host_proxy.cpp,840,VirtualCameraHdf,['VirtualCameraHdf'],False
camera_hdf/interfaces/hdi_ipc/client/host/dcamera_host_proxy.cpp,34,ability,var,camera_hdf/interfaces/hdi_ipc/client/host/dcamera_host_proxy.cpp,837,VirtualCameraHdf,['VirtualCameraHdf'],False
camera_hdf/interfaces/hdi_ipc/client/host/dcamera_host_proxy.cpp,34,flag,var,camera_hdf/interfaces/hdi_ipc/client/host/dcamera_host_proxy.cpp,843,VirtualCameraHdf,['VirtualCameraHdf'],False
camera_hdf/interfaces/hdi_ipc/client/host/dcamera_host_proxy.cpp,34,pDevice,var,camera_hdf/interfaces/hdi_ipc/client/host/dcamera_host_proxy.cpp,846,VirtualCameraHdf,['VirtualCameraHdf'],False
camera_hdf/interfaces/hdi_ipc/client/host/dcamera_host_proxy.cpp,34,isEnable,var,camera_hdf/interfaces/hdi_ipc/client/host/dcamera_host_proxy.cpp,844,VirtualCameraHdf,['VirtualCameraHdf'],False
services/cameraservice/cameraoperator/handler/src/dcamera_handler_common.cpp,140,CreateDHItem,functionimpl,services/cameraservice/cameraoperator/handler/src/dcamera_handler_common.cpp,2182,utils,['utils'],False
camera_hdf/hdi_impl/src/dstream_operator/dimage_buffer.cpp,17,SetIndex,functionimpl,camera_hdf/hdi_impl/src/dstream_operator/dimage_buffer.cpp,538,VirtualCameraHdf,['VirtualCameraHdf'],False
camera_hdf/hdi_impl/src/dstream_operator/dimage_buffer.cpp,17,index,var,camera_hdf/hdi_impl/src/dstream_operator/dimage_buffer.cpp,557,VirtualCameraHdf,['VirtualCameraHdf'],False
camera_hdf/hdi_impl/src/dstream_operator/dimage_buffer.cpp,17,SetWidth,functionimpl,camera_hdf/hdi_impl/src/dstream_operator/dimage_buffer.cpp,545,VirtualCameraHdf,['VirtualCameraHdf'],False
camera_hdf/hdi_impl/src/dstream_operator/dimage_buffer.cpp,17,width,var,camera_hdf/hdi_impl/src/dstream_operator/dimage_buffer.cpp,564,VirtualCameraHdf,['VirtualCameraHdf'],False
camera_hdf/hdi_impl/src/dstream_operator/dimage_buffer.cpp,17,SetHeight,functionimpl,camera_hdf/hdi_impl/src/dstream_operator/dimage_buffer.cpp,537,VirtualCameraHdf,['VirtualCameraHdf'],False
camera_hdf/hdi_impl/src/dstream_operator/dimage_buffer.cpp,17,height,var,camera_hdf/hdi_impl/src/dstream_operator/dimage_buffer.cpp,555,VirtualCameraHdf,['VirtualCameraHdf'],False
camera_hdf/hdi_impl/src/dstream_operator/dimage_buffer.cpp,17,SetStride,functionimpl,camera_hdf/hdi_impl/src/dstream_operator/dimage_buffer.cpp,541,VirtualCameraHdf,['VirtualCameraHdf'],False
camera_hdf/hdi_impl/src/dstream_operator/dimage_buffer.cpp,17,stride,var,camera_hdf/hdi_impl/src/dstream_operator/dimage_buffer.cpp,559,VirtualCameraHdf,['VirtualCameraHdf'],False
camera_hdf/hdi_impl/src/dstream_operator/dimage_buffer.cpp,17,SetFormat,functionimpl,camera_hdf/hdi_impl/src/dstream_operator/dimage_buffer.cpp,535,VirtualCameraHdf,['VirtualCameraHdf'],False
camera_hdf/hdi_impl/src/dstream_operator/dimage_buffer.cpp,17,format,var,camera_hdf/hdi_impl/src/dstream_operator/dimage_buffer.cpp,553,VirtualCameraHdf,['VirtualCameraHdf'],False
camera_hdf/hdi_impl/src/dstream_operator/dimage_buffer.cpp,17,SetSize,functionimpl,camera_hdf/hdi_impl/src/dstream_operator/dimage_buffer.cpp,540,VirtualCameraHdf,['VirtualCameraHdf'],False
camera_hdf/hdi_impl/src/dstream_operator/dimage_buffer.cpp,17,size,var,camera_hdf/hdi_impl/src/dstream_operator/dimage_buffer.cpp,558,VirtualCameraHdf,['VirtualCameraHdf'],False
camera_hdf/hdi_impl/src/dstream_operator/dimage_buffer.cpp,17,SetUsage,functionimpl,camera_hdf/hdi_impl/src/dstream_operator/dimage_buffer.cpp,543,VirtualCameraHdf,['VirtualCameraHdf'],False
camera_hdf/hdi_impl/src/dstream_operator/dimage_buffer.cpp,17,usage,var,camera_hdf/hdi_impl/src/dstream_operator/dimage_buffer.cpp,563,VirtualCameraHdf,['VirtualCameraHdf'],False
camera_hdf/hdi_impl/src/dstream_operator/dimage_buffer.cpp,17,SetPhyAddress,functionimpl,camera_hdf/hdi_impl/src/dstream_operator/dimage_buffer.cpp,539,VirtualCameraHdf,['VirtualCameraHdf'],False
camera_hdf/hdi_impl/src/dstream_operator/dimage_buffer.cpp,17,addr,var,camera_hdf/hdi_impl/src/dstream_operator/dimage_buffer.cpp,548,VirtualCameraHdf,['VirtualCameraHdf'],False
camera_hdf/hdi_impl/src/dstream_operator/dimage_buffer.cpp,17,SetFileDescriptor,functionimpl,camera_hdf/hdi_impl/src/dstream_operator/dimage_buffer.cpp,534,VirtualCameraHdf,['VirtualCameraHdf'],False
camera_hdf/hdi_impl/src/dstream_operator/dimage_buffer.cpp,17,fd,var,camera_hdf/hdi_impl/src/dstream_operator/dimage_buffer.cpp,550,VirtualCameraHdf,['VirtualCameraHdf'],False
camera_hdf/hdi_impl/src/dstream_operator/dimage_buffer.cpp,17,SetTimestamp,functionimpl,camera_hdf/hdi_impl/src/dstream_operator/dimage_buffer.cpp,542,VirtualCameraHdf,['VirtualCameraHdf'],False
camera_hdf/hdi_impl/src/dstream_operator/dimage_buffer.cpp,17,timeStamp,var,camera_hdf/hdi_impl/src/dstream_operator/dimage_buffer.cpp,560,VirtualCameraHdf,['VirtualCameraHdf'],False
camera_hdf/hdi_impl/src/dstream_operator/dimage_buffer.cpp,17,SetFrameNumber,functionimpl,camera_hdf/hdi_impl/src/dstream_operator/dimage_buffer.cpp,536,VirtualCameraHdf,['VirtualCameraHdf'],False
camera_hdf/hdi_impl/src/dstream_operator/dimage_buffer.cpp,17,frameNumber,var,camera_hdf/hdi_impl/src/dstream_operator/dimage_buffer.cpp,554,VirtualCameraHdf,['VirtualCameraHdf'],False
camera_hdf/hdi_impl/src/dstream_operator/dimage_buffer.cpp,17,SetCaptureId,functionimpl,camera_hdf/hdi_impl/src/dstream_operator/dimage_buffer.cpp,531,VirtualCameraHdf,['VirtualCameraHdf'],False
camera_hdf/hdi_impl/src/dstream_operator/dimage_buffer.cpp,17,id,var,camera_hdf/hdi_impl/src/dstream_operator/dimage_buffer.cpp,556,VirtualCameraHdf,['VirtualCameraHdf'],False
camera_hdf/hdi_impl/src/dstream_operator/dimage_buffer.cpp,17,SetValidFlag,functionimpl,camera_hdf/hdi_impl/src/dstream_operator/dimage_buffer.cpp,544,VirtualCameraHdf,['VirtualCameraHdf'],False
camera_hdf/hdi_impl/src/dstream_operator/dimage_buffer.cpp,17,flag,var,camera_hdf/hdi_impl/src/dstream_operator/dimage_buffer.cpp,552,VirtualCameraHdf,['VirtualCameraHdf'],False
camera_hdf/hdi_impl/src/dstream_operator/dimage_buffer.cpp,17,SetFenceId,functionimpl,camera_hdf/hdi_impl/src/dstream_operator/dimage_buffer.cpp,533,VirtualCameraHdf,['VirtualCameraHdf'],False
camera_hdf/hdi_impl/src/dstream_operator/dimage_buffer.cpp,17,fence,var,camera_hdf/hdi_impl/src/dstream_operator/dimage_buffer.cpp,551,VirtualCameraHdf,['VirtualCameraHdf'],False
camera_hdf/hdi_impl/src/dstream_operator/dimage_buffer.cpp,17,SetEncodeType,functionimpl,camera_hdf/hdi_impl/src/dstream_operator/dimage_buffer.cpp,532,VirtualCameraHdf,['VirtualCameraHdf'],False
camera_hdf/hdi_impl/src/dstream_operator/dimage_buffer.cpp,17,type,var,camera_hdf/hdi_impl/src/dstream_operator/dimage_buffer.cpp,561,VirtualCameraHdf,['VirtualCameraHdf'],False
camera_hdf/hdi_impl/src/dstream_operator/dimage_buffer.cpp,17,SetBufferHandle,functionimpl,camera_hdf/hdi_impl/src/dstream_operator/dimage_buffer.cpp,530,VirtualCameraHdf,['VirtualCameraHdf'],False
camera_hdf/hdi_impl/src/dstream_operator/dimage_buffer.cpp,17,bufHandle,var,camera_hdf/hdi_impl/src/dstream_operator/dimage_buffer.cpp,549,VirtualCameraHdf,['VirtualCameraHdf'],False
camera_hdf/hdi_impl/src/dstream_operator/dimage_buffer.cpp,17,operator ==,functionimpl,camera_hdf/hdi_impl/src/dstream_operator/dimage_buffer.cpp,546,VirtualCameraHdf,['VirtualCameraHdf'],False
camera_hdf/hdi_impl/src/dstream_operator/dimage_buffer.cpp,17,u,var,camera_hdf/hdi_impl/src/dstream_operator/dimage_buffer.cpp,562,VirtualCameraHdf,['VirtualCameraHdf'],False
camera_hdf/hdi_impl/src/dstream_operator/dimage_buffer.cpp,17,GetPhyAddress,functionimpl,camera_hdf/hdi_impl/src/dstream_operator/dimage_buffer.cpp,523,VirtualCameraHdf,['VirtualCameraHdf'],False
camera_hdf/hdi_impl/src/dstream_operator/dimage_buffer.cpp,17,GetIndex,functionimpl,camera_hdf/hdi_impl/src/dstream_operator/dimage_buffer.cpp,522,VirtualCameraHdf,['VirtualCameraHdf'],False
services/cameraservice/cameraoperator/client/src/callback/dcamera_session_callback.cpp,129,DCameraSessionCallback,functionimpl,services/cameraservice/cameraoperator/client/src/callback/dcamera_session_callback.cpp,1995,utils,['utils'],False
services/cameraservice/cameraoperator/client/src/callback/dcamera_session_callback.cpp,129,callback,var,services/cameraservice/cameraoperator/client/src/callback/dcamera_session_callback.cpp,1997,utils,['utils'],False
services/cameraservice/cameraoperator/client/src/callback/dcamera_session_callback.cpp,129,OnError,functionimpl,services/cameraservice/cameraoperator/client/src/callback/dcamera_session_callback.cpp,1996,utils,['utils'],False
services/cameraservice/cameraoperator/client/src/callback/dcamera_session_callback.cpp,129,errorCode,var,services/cameraservice/cameraoperator/client/src/callback/dcamera_session_callback.cpp,1998,utils,['utils'],False
services/data_process/src/pipeline/dcamera_pipeline_source.cpp,271,dcamera_pipeline_source,file,services/data_process/src/pipeline/dcamera_pipeline_source.cpp,4156,CameraDataPostProcess,['CameraDataPostProcess'],False
services/data_process/src/pipeline/dcamera_pipeline_source.cpp,271,~DCameraPipelineSource,functionimpl,services/data_process/src/pipeline/dcamera_pipeline_source.cpp,4166,CameraDataPostProcess,['CameraDataPostProcess'],False
services/data_process/include/pipeline/dcamera_pipeline_source.h,261,~DCameraPipelineSource,functionproto,services/data_process/include/pipeline/dcamera_pipeline_source.h,3976,CameraDataPostProcess,['CameraDataPostProcess'],False
services/data_process/include/pipeline/dcamera_pipeline_source.h,261,InitDCameraPipEvent,functionproto,services/data_process/include/pipeline/dcamera_pipeline_source.h,3969,CameraDataPostProcess,['CameraDataPostProcess'],False
services/data_process/include/pipeline/dcamera_pipeline_source.h,261,ProcessData,functionproto,services/data_process/include/pipeline/dcamera_pipeline_source.h,3975,CameraDataPostProcess,['CameraDataPostProcess'],False
services/data_process/include/pipeline/dcamera_pipeline_source.h,261,DestroyDataProcessPipeline,functionproto,services/data_process/include/pipeline/dcamera_pipeline_source.h,3968,CameraDataPostProcess,['CameraDataPostProcess'],False
services/data_process/include/pipeline/dcamera_pipeline_source.h,261,OnProcessedVideoBuffer,functionproto,services/data_process/include/pipeline/dcamera_pipeline_source.h,3974,CameraDataPostProcess,['CameraDataPostProcess'],False
common/include/constants/distributed_camera_constants.h,74,DCAMERA_SHIFT_8,var,common/include/constants/distributed_camera_constants.h,1437,utils,['utils'],False
common/include/constants/distributed_camera_constants.h,74,DCAMERA_SHIFT_24,var,common/include/constants/distributed_camera_constants.h,1436,utils,['utils'],False
common/include/constants/distributed_camera_constants.h,74,DCAMERA_SHIFT_16,var,common/include/constants/distributed_camera_constants.h,1435,utils,['utils'],False
common/include/constants/distributed_camera_constants.h,74,UINT16_SHIFT_MASK_0,var,common/include/constants/distributed_camera_constants.h,1447,utils,['utils'],False
common/include/constants/distributed_camera_constants.h,74,UINT32_SHIFT_MASK_24,var,common/include/constants/distributed_camera_constants.h,1450,utils,['utils'],False
common/include/constants/distributed_camera_constants.h,74,UINT32_SHIFT_MASK_16,var,common/include/constants/distributed_camera_constants.h,1449,utils,['utils'],False
common/include/constants/distributed_camera_constants.h,74,UINT32_SHIFT_MASK_8,var,common/include/constants/distributed_camera_constants.h,1451,utils,['utils'],False
common/include/constants/distributed_camera_constants.h,74,UINT32_SHIFT_MASK_0,var,common/include/constants/distributed_camera_constants.h,1448,utils,['utils'],False
services/data_process/include/pipeline_node/colorspace_conversion/convert_nv12_to_nv21.h,262,ConvertNV12ToNV21,type,services/data_process/include/pipeline_node/colorspace_conversion/convert_nv12_to_nv21.h,3993,CameraDataProcessCommon,['CameraDataProcessCommon'],False
services/channel/include/dcamera_softbus_adapter.h,247,sessListeners_,var,services/channel/include/dcamera_softbus_adapter.h,3693,ChannelCommon,['ChannelCommon'],False
services/channel/include/dcamera_softbus_adapter.h,247,,type,services/channel/include/dcamera_softbus_adapter.h,3692,ChannelCommon,['ChannelCommon'],False
services/channel/include/dcamera_softbus_adapter.h,247,sourceSessions_,var,services/channel/include/dcamera_softbus_adapter.h,3696,ChannelCommon,['ChannelCommon'],False
services/channel/include/dcamera_softbus_adapter.h,247,sinkSessions_,var,services/channel/include/dcamera_softbus_adapter.h,3695,ChannelCommon,['ChannelCommon'],False
services/channel/include/dcamera_softbus_adapter.h,247,sessionIdMap_,var,services/channel/include/dcamera_softbus_adapter.h,3694,ChannelCommon,['ChannelCommon'],False
interfaces/inner_kits/native_cpp/camera_source/include/callback/idcamera_source_callback.h,90,,type,interfaces/inner_kits/native_cpp/camera_source/include/callback/idcamera_source_callback.h,1632,DistributedCameraSourceMgr,['DistributedCameraSourceMgr'],False
camera_hdf/hdi_impl/src/dstream_operator/doffline_stream_operator.cpp,18,doffline_stream_operator,file,camera_hdf/hdi_impl/src/dstream_operator/doffline_stream_operator.cpp,565,VirtualCameraHdf,['VirtualCameraHdf'],False
camera_hdf/hdi_impl/include/dstream_operator/doffline_stream_operator.h,7,CancelCapture,functionproto,camera_hdf/hdi_impl/include/dstream_operator/doffline_stream_operator.h,169,VirtualCameraHdf,['VirtualCameraHdf'],False
camera_hdf/hdi_impl/include/dstream_operator/doffline_stream_operator.h,7,ReleaseStreams,functionproto,camera_hdf/hdi_impl/include/dstream_operator/doffline_stream_operator.h,171,VirtualCameraHdf,['VirtualCameraHdf'],False
camera_hdf/hdi_impl/src/dstream_operator/doffline_stream_operator.cpp,18,Release,functionimpl,camera_hdf/hdi_impl/src/dstream_operator/doffline_stream_operator.cpp,567,VirtualCameraHdf,['VirtualCameraHdf'],False
camera_hdf/hdi_impl/include/dstream_operator/doffline_stream_operator.h,7,Release,functionproto,camera_hdf/hdi_impl/include/dstream_operator/doffline_stream_operator.h,170,VirtualCameraHdf,['VirtualCameraHdf'],False
services/cameraservice/cameraoperator/handler/src/dcamera_handler_common.cpp,140,ConfigFormatAndResolution,functionimpl,services/cameraservice/cameraoperator/handler/src/dcamera_handler_common.cpp,2181,utils,['utils'],False
services/cameraservice/cameraoperator/handler/src/dcamera_handler_common.cpp,140,~DCameraHandler,functionimpl,services/cameraservice/cameraoperator/handler/src/dcamera_handler_common.cpp,2192,utils,['utils'],False
services/cameraservice/cameraoperator/handler/src/dcamera_handler_common.cpp,140,Query,functionimpl,services/cameraservice/cameraoperator/handler/src/dcamera_handler_common.cpp,2189,utils,['utils'],False
services/cameraservice/cameraoperator/handler/src/dcamera_handler_common.cpp,140,QueryExtraInfo,functionimpl,services/cameraservice/cameraoperator/handler/src/dcamera_handler_common.cpp,2190,utils,['utils'],False
services/cameraservice/cameraoperator/handler/src/dcamera_handler_common.cpp,140,IsSupportPlugin,functionimpl,services/cameraservice/cameraoperator/handler/src/dcamera_handler_common.cpp,2187,utils,['utils'],False
services/cameraservice/cameraoperator/handler/src/dcamera_handler_common.cpp,140,RegisterPluginListener,functionimpl,services/cameraservice/cameraoperator/handler/src/dcamera_handler_common.cpp,2191,utils,['utils'],False
services/cameraservice/cameraoperator/handler/src/dcamera_handler_common.cpp,140,GetCameras,functionimpl,services/cameraservice/cameraoperator/handler/src/dcamera_handler_common.cpp,2184,utils,['utils'],False
services/cameraservice/cameraoperator/handler/src/dcamera_handler_common.cpp,140,GetCameraPosition,functionimpl,services/cameraservice/cameraoperator/handler/src/dcamera_handler_common.cpp,2183,utils,['utils'],False
services/cameraservice/cameraoperator/handler/src/dcamera_handler_common.cpp,140,IsValid,functionimpl,services/cameraservice/cameraoperator/handler/src/dcamera_handler_common.cpp,2188,utils,['utils'],False
services/cameraservice/cameraoperator/handler/src/dcamera_handler_common.cpp,140,GetHardwareHandler,functionimpl,services/cameraservice/cameraoperator/handler/src/dcamera_handler_common.cpp,2185,utils,['utils'],False
camera_hdf/hdi_impl/include/dstream_operator/dimage_buffer.h,6,GetPhyAddress,functionproto,camera_hdf/hdi_impl/include/dstream_operator/dimage_buffer.h,140,VirtualCameraHdf,['VirtualCameraHdf'],False
camera_hdf/hdi_impl/include/dstream_operator/dimage_buffer.h,6,GetIndex,functionproto,camera_hdf/hdi_impl/include/dstream_operator/dimage_buffer.h,139,VirtualCameraHdf,['VirtualCameraHdf'],False
camera_hdf/hdi_impl/src/dstream_operator/dimage_buffer.cpp,17,dimage_buffer,file,camera_hdf/hdi_impl/src/dstream_operator/dimage_buffer.cpp,512,VirtualCameraHdf,['VirtualCameraHdf'],False
camera_hdf/hdi_impl/src/dstream_operator/dimage_buffer.cpp,17,~DImageBuffer,functionimpl,camera_hdf/hdi_impl/src/dstream_operator/dimage_buffer.cpp,547,VirtualCameraHdf,['VirtualCameraHdf'],False
camera_hdf/hdi_impl/include/dstream_operator/dimage_buffer.h,6,~DImageBuffer,functionproto,camera_hdf/hdi_impl/include/dstream_operator/dimage_buffer.h,164,VirtualCameraHdf,['VirtualCameraHdf'],False
camera_hdf/hdi_impl/src/dstream_operator/dimage_buffer.cpp,17,GetWidth,functionimpl,camera_hdf/hdi_impl/src/dstream_operator/dimage_buffer.cpp,529,VirtualCameraHdf,['VirtualCameraHdf'],False
camera_hdf/hdi_impl/include/dstream_operator/dimage_buffer.h,6,GetWidth,functionproto,camera_hdf/hdi_impl/include/dstream_operator/dimage_buffer.h,146,VirtualCameraHdf,['VirtualCameraHdf'],False
camera_hdf/hdi_impl/src/dstream_operator/dimage_buffer.cpp,17,GetHeight,functionimpl,camera_hdf/hdi_impl/src/dstream_operator/dimage_buffer.cpp,521,VirtualCameraHdf,['VirtualCameraHdf'],False
camera_hdf/hdi_impl/include/dstream_operator/dimage_buffer.h,6,GetHeight,functionproto,camera_hdf/hdi_impl/include/dstream_operator/dimage_buffer.h,138,VirtualCameraHdf,['VirtualCameraHdf'],False
camera_hdf/hdi_impl/src/dstream_operator/dimage_buffer.cpp,17,GetStride,functionimpl,camera_hdf/hdi_impl/src/dstream_operator/dimage_buffer.cpp,525,VirtualCameraHdf,['VirtualCameraHdf'],False
camera_hdf/hdi_impl/include/dstream_operator/dimage_buffer.h,6,GetStride,functionproto,camera_hdf/hdi_impl/include/dstream_operator/dimage_buffer.h,142,VirtualCameraHdf,['VirtualCameraHdf'],False
camera_hdf/hdi_impl/src/dstream_operator/dimage_buffer.cpp,17,GetFormat,functionimpl,camera_hdf/hdi_impl/src/dstream_operator/dimage_buffer.cpp,519,VirtualCameraHdf,['VirtualCameraHdf'],False
camera_hdf/hdi_impl/include/dstream_operator/dimage_buffer.h,6,GetFormat,functionproto,camera_hdf/hdi_impl/include/dstream_operator/dimage_buffer.h,136,VirtualCameraHdf,['VirtualCameraHdf'],False
camera_hdf/hdi_impl/src/dstream_operator/dimage_buffer.cpp,17,GetSize,functionimpl,camera_hdf/hdi_impl/src/dstream_operator/dimage_buffer.cpp,524,VirtualCameraHdf,['VirtualCameraHdf'],False
camera_hdf/hdi_impl/include/dstream_operator/dimage_buffer.h,6,GetSize,functionproto,camera_hdf/hdi_impl/include/dstream_operator/dimage_buffer.h,141,VirtualCameraHdf,['VirtualCameraHdf'],False
camera_hdf/hdi_impl/src/dstream_operator/dimage_buffer.cpp,17,GetUsage,functionimpl,camera_hdf/hdi_impl/src/dstream_operator/dimage_buffer.cpp,527,VirtualCameraHdf,['VirtualCameraHdf'],False
camera_hdf/hdi_impl/include/dstream_operator/dimage_buffer.h,6,GetUsage,functionproto,camera_hdf/hdi_impl/include/dstream_operator/dimage_buffer.h,144,VirtualCameraHdf,['VirtualCameraHdf'],False
camera_hdf/hdi_impl/src/dstream_operator/dimage_buffer.cpp,17,GetFileDescriptor,functionimpl,camera_hdf/hdi_impl/src/dstream_operator/dimage_buffer.cpp,518,VirtualCameraHdf,['VirtualCameraHdf'],False
camera_hdf/hdi_impl/include/dstream_operator/dimage_buffer.h,6,GetFileDescriptor,functionproto,camera_hdf/hdi_impl/include/dstream_operator/dimage_buffer.h,135,VirtualCameraHdf,['VirtualCameraHdf'],False
camera_hdf/hdi_impl/src/dstream_operator/dimage_buffer.cpp,17,GetTimestamp,functionimpl,camera_hdf/hdi_impl/src/dstream_operator/dimage_buffer.cpp,526,VirtualCameraHdf,['VirtualCameraHdf'],False
camera_hdf/hdi_impl/include/dstream_operator/dimage_buffer.h,6,GetTimestamp,functionproto,camera_hdf/hdi_impl/include/dstream_operator/dimage_buffer.h,143,VirtualCameraHdf,['VirtualCameraHdf'],False
camera_hdf/hdi_impl/src/dstream_operator/dimage_buffer.cpp,17,GetFrameNumber,functionimpl,camera_hdf/hdi_impl/src/dstream_operator/dimage_buffer.cpp,520,VirtualCameraHdf,['VirtualCameraHdf'],False
camera_hdf/hdi_impl/include/dstream_operator/dimage_buffer.h,6,GetFrameNumber,functionproto,camera_hdf/hdi_impl/include/dstream_operator/dimage_buffer.h,137,VirtualCameraHdf,['VirtualCameraHdf'],False
camera_hdf/hdi_impl/src/dstream_operator/dimage_buffer.cpp,17,GetCaptureId,functionimpl,camera_hdf/hdi_impl/src/dstream_operator/dimage_buffer.cpp,515,VirtualCameraHdf,['VirtualCameraHdf'],False
camera_hdf/hdi_impl/include/dstream_operator/dimage_buffer.h,6,GetCaptureId,functionproto,camera_hdf/hdi_impl/include/dstream_operator/dimage_buffer.h,132,VirtualCameraHdf,['VirtualCameraHdf'],False
camera_hdf/hdi_impl/src/dstream_operator/dimage_buffer.cpp,17,GetValidFlag,functionimpl,camera_hdf/hdi_impl/src/dstream_operator/dimage_buffer.cpp,528,VirtualCameraHdf,['VirtualCameraHdf'],False
camera_hdf/hdi_impl/include/dstream_operator/dimage_buffer.h,6,GetValidFlag,functionproto,camera_hdf/hdi_impl/include/dstream_operator/dimage_buffer.h,145,VirtualCameraHdf,['VirtualCameraHdf'],False
camera_hdf/hdi_impl/src/dstream_operator/dimage_buffer.cpp,17,GetFenceId,functionimpl,camera_hdf/hdi_impl/src/dstream_operator/dimage_buffer.cpp,517,VirtualCameraHdf,['VirtualCameraHdf'],False
camera_hdf/hdi_impl/include/dstream_operator/dimage_buffer.h,6,GetFenceId,functionproto,camera_hdf/hdi_impl/include/dstream_operator/dimage_buffer.h,134,VirtualCameraHdf,['VirtualCameraHdf'],False
camera_hdf/hdi_impl/src/dstream_operator/dimage_buffer.cpp,17,GetEncodeType,functionimpl,camera_hdf/hdi_impl/src/dstream_operator/dimage_buffer.cpp,516,VirtualCameraHdf,['VirtualCameraHdf'],False
camera_hdf/hdi_impl/include/dstream_operator/dimage_buffer.h,6,GetEncodeType,functionproto,camera_hdf/hdi_impl/include/dstream_operator/dimage_buffer.h,133,VirtualCameraHdf,['VirtualCameraHdf'],False
camera_hdf/hdi_impl/src/dstream_operator/dimage_buffer.cpp,17,GetBufferHandle,functionimpl,camera_hdf/hdi_impl/src/dstream_operator/dimage_buffer.cpp,514,VirtualCameraHdf,['VirtualCameraHdf'],False
camera_hdf/hdi_impl/include/dstream_operator/dimage_buffer.h,6,GetBufferHandle,functionproto,camera_hdf/hdi_impl/include/dstream_operator/dimage_buffer.h,131,VirtualCameraHdf,['VirtualCameraHdf'],False
camera_hdf/hdi_impl/include/dstream_operator/dimage_buffer.h,6,SetIndex,functionproto,camera_hdf/hdi_impl/include/dstream_operator/dimage_buffer.h,155,VirtualCameraHdf,['VirtualCameraHdf'],False
camera_hdf/hdi_impl/include/dstream_operator/dimage_buffer.h,6,SetWidth,functionproto,camera_hdf/hdi_impl/include/dstream_operator/dimage_buffer.h,162,VirtualCameraHdf,['VirtualCameraHdf'],False
camera_hdf/hdi_impl/include/dstream_operator/dimage_buffer.h,6,SetHeight,functionproto,camera_hdf/hdi_impl/include/dstream_operator/dimage_buffer.h,154,VirtualCameraHdf,['VirtualCameraHdf'],False
camera_hdf/hdi_impl/include/dstream_operator/dimage_buffer.h,6,SetStride,functionproto,camera_hdf/hdi_impl/include/dstream_operator/dimage_buffer.h,158,VirtualCameraHdf,['VirtualCameraHdf'],False
camera_hdf/hdi_impl/include/dstream_operator/dimage_buffer.h,6,SetFormat,functionproto,camera_hdf/hdi_impl/include/dstream_operator/dimage_buffer.h,152,VirtualCameraHdf,['VirtualCameraHdf'],False
camera_hdf/hdi_impl/include/dstream_operator/dimage_buffer.h,6,SetSize,functionproto,camera_hdf/hdi_impl/include/dstream_operator/dimage_buffer.h,157,VirtualCameraHdf,['VirtualCameraHdf'],False
camera_hdf/hdi_impl/include/dstream_operator/dimage_buffer.h,6,SetUsage,functionproto,camera_hdf/hdi_impl/include/dstream_operator/dimage_buffer.h,160,VirtualCameraHdf,['VirtualCameraHdf'],False
camera_hdf/hdi_impl/include/dstream_operator/dimage_buffer.h,6,SetPhyAddress,functionproto,camera_hdf/hdi_impl/include/dstream_operator/dimage_buffer.h,156,VirtualCameraHdf,['VirtualCameraHdf'],False
camera_hdf/hdi_impl/include/dstream_operator/dimage_buffer.h,6,SetFileDescriptor,functionproto,camera_hdf/hdi_impl/include/dstream_operator/dimage_buffer.h,151,VirtualCameraHdf,['VirtualCameraHdf'],False
camera_hdf/hdi_impl/include/dstream_operator/dimage_buffer.h,6,SetTimestamp,functionproto,camera_hdf/hdi_impl/include/dstream_operator/dimage_buffer.h,159,VirtualCameraHdf,['VirtualCameraHdf'],False
camera_hdf/hdi_impl/include/dstream_operator/dimage_buffer.h,6,SetFrameNumber,functionproto,camera_hdf/hdi_impl/include/dstream_operator/dimage_buffer.h,153,VirtualCameraHdf,['VirtualCameraHdf'],False
camera_hdf/hdi_impl/include/dstream_operator/dimage_buffer.h,6,SetCaptureId,functionproto,camera_hdf/hdi_impl/include/dstream_operator/dimage_buffer.h,148,VirtualCameraHdf,['VirtualCameraHdf'],False
camera_hdf/hdi_impl/include/dstream_operator/dimage_buffer.h,6,SetValidFlag,functionproto,camera_hdf/hdi_impl/include/dstream_operator/dimage_buffer.h,161,VirtualCameraHdf,['VirtualCameraHdf'],False
camera_hdf/hdi_impl/include/dstream_operator/dimage_buffer.h,6,SetFenceId,functionproto,camera_hdf/hdi_impl/include/dstream_operator/dimage_buffer.h,150,VirtualCameraHdf,['VirtualCameraHdf'],False
camera_hdf/hdi_impl/include/dstream_operator/dimage_buffer.h,6,SetEncodeType,functionproto,camera_hdf/hdi_impl/include/dstream_operator/dimage_buffer.h,149,VirtualCameraHdf,['VirtualCameraHdf'],False
camera_hdf/hdi_impl/include/dstream_operator/dimage_buffer.h,6,SetBufferHandle,functionproto,camera_hdf/hdi_impl/include/dstream_operator/dimage_buffer.h,147,VirtualCameraHdf,['VirtualCameraHdf'],False
camera_hdf/hdi_impl/src/dstream_operator/dimage_buffer.cpp,17,Free,functionimpl,camera_hdf/hdi_impl/src/dstream_operator/dimage_buffer.cpp,513,VirtualCameraHdf,['VirtualCameraHdf'],False
camera_hdf/hdi_impl/include/dstream_operator/dimage_buffer.h,6,Free,functionproto,camera_hdf/hdi_impl/include/dstream_operator/dimage_buffer.h,130,VirtualCameraHdf,['VirtualCameraHdf'],False
services/data_process/src/pipeline_node/multimedia_codec/encode_data_process_common.cpp,278,GetEncoderOutputBuffer,functionimpl,services/data_process/src/pipeline_node/multimedia_codec/encode_data_process_common.cpp,4504,CameraDataProcessCommon,['CameraDataProcessCommon'],False
services/data_process/src/pipeline_node/multimedia_codec/encode_data_process_common.cpp,278,GetEncoderTimeStamp,functionimpl,services/data_process/src/pipeline_node/multimedia_codec/encode_data_process_common.cpp,4505,CameraDataProcessCommon,['CameraDataProcessCommon'],False
services/data_process/src/pipeline_node/multimedia_codec/encode_data_process_common.cpp,278,encode_data_process_common,file,services/data_process/src/pipeline_node/multimedia_codec/encode_data_process_common.cpp,4500,CameraDataProcessCommon,['CameraDataProcessCommon'],False
services/cameraservice/cameraoperator/handler/src/dcamera_handler_common.cpp,140,info,var,services/cameraservice/cameraoperator/handler/src/dcamera_handler_common.cpp,2200,utils,['utils'],False
services/cameraservice/cameraoperator/handler/src/dcamera_handler_common.cpp,140,item,var,services/cameraservice/cameraoperator/handler/src/dcamera_handler_common.cpp,2201,utils,['utils'],False
services/cameraservice/cameraoperator/handler/src/dcamera_handler_common.cpp,140,listener,var,services/cameraservice/cameraoperator/handler/src/dcamera_handler_common.cpp,2203,utils,['utils'],False
services/cameraservice/cameraoperator/handler/src/dcamera_handler_common.cpp,140,dhId,var,services/cameraservice/cameraoperator/handler/src/dcamera_handler_common.cpp,2194,utils,['utils'],False
services/cameraservice/cameraoperator/handler/src/dcamera_handler_common.cpp,140,id,var,services/cameraservice/cameraoperator/handler/src/dcamera_handler_common.cpp,2199,utils,['utils'],False
services/cameraservice/cameraoperator/handler/src/dcamera_handler_common.cpp,140,root,var,services/cameraservice/cameraoperator/handler/src/dcamera_handler_common.cpp,2210,utils,['utils'],False
services/cameraservice/cameraoperator/handler/src/dcamera_handler_common.cpp,140,videoConfig,var,services/cameraservice/cameraoperator/handler/src/dcamera_handler_common.cpp,2213,utils,['utils'],False
services/cameraservice/cameraoperator/handler/src/dcamera_handler_common.cpp,140,outputFormat,var,services/cameraservice/cameraoperator/handler/src/dcamera_handler_common.cpp,2204,utils,['utils'],False
services/cameraservice/cameraoperator/handler/src/dcamera_handler_common.cpp,140,resolution,var,services/cameraservice/cameraoperator/handler/src/dcamera_handler_common.cpp,2208,utils,['utils'],False
services/cameraservice/cameraoperator/handler/src/dcamera_handler_common.cpp,140,previewInfo,var,services/cameraservice/cameraoperator/handler/src/dcamera_handler_common.cpp,2207,utils,['utils'],False
services/cameraservice/cameraoperator/handler/src/dcamera_handler_common.cpp,140,photoConfig,var,services/cameraservice/cameraoperator/handler/src/dcamera_handler_common.cpp,2205,utils,['utils'],False
services/cameraservice/cameraoperator/handler/src/dcamera_handler_common.cpp,140,abilityString,var,services/cameraservice/cameraoperator/handler/src/dcamera_handler_common.cpp,2193,utils,['utils'],False
services/cameraservice/cameraoperator/handler/src/dcamera_handler_common.cpp,140,encodeString,var,services/cameraservice/cameraoperator/handler/src/dcamera_handler_common.cpp,2195,utils,['utils'],False
services/cameraservice/cameraoperator/handler/src/dcamera_handler_common.cpp,140,position,var,services/cameraservice/cameraoperator/handler/src/dcamera_handler_common.cpp,2206,utils,['utils'],False
services/cameraservice/cameraoperator/handler/src/dcamera_handler_common.cpp,140,ret,var,services/cameraservice/cameraoperator/handler/src/dcamera_handler_common.cpp,2209,utils,['utils'],False
services/cameraservice/cameraoperator/handler/src/dcamera_handler_common.cpp,140,formatList,var,services/cameraservice/cameraoperator/handler/src/dcamera_handler_common.cpp,2197,utils,['utils'],False
services/cameraservice/cameraoperator/handler/src/dcamera_handler_common.cpp,140,format,var,services/cameraservice/cameraoperator/handler/src/dcamera_handler_common.cpp,2196,utils,['utils'],False
services/cameraservice/cameraoperator/handler/src/dcamera_handler_common.cpp,140,formatSet,var,services/cameraservice/cameraoperator/handler/src/dcamera_handler_common.cpp,2198,utils,['utils'],False
services/cameraservice/cameraoperator/handler/src/dcamera_handler_common.cpp,140,keyName,var,services/cameraservice/cameraoperator/handler/src/dcamera_handler_common.cpp,2202,utils,['utils'],False
services/cameraservice/cameraoperator/handler/src/dcamera_handler_common.cpp,140,type,var,services/cameraservice/cameraoperator/handler/src/dcamera_handler_common.cpp,2212,utils,['utils'],False
services/cameraservice/cameraoperator/handler/src/dcamera_handler_common.cpp,140,size,var,services/cameraservice/cameraoperator/handler/src/dcamera_handler_common.cpp,2211,utils,['utils'],False
camera_hdf/hdi_impl/src/dcamera_provider/dcamera_provider.cpp,14,OpenSession,functionimpl,camera_hdf/hdi_impl/src/dcamera_provider/dcamera_provider.cpp,435,VirtualCameraHdf,['VirtualCameraHdf'],False
camera_hdf/hdi_impl/src/dcamera_provider/dcamera_provider.cpp,14,CloseSession,functionimpl,camera_hdf/hdi_impl/src/dcamera_provider/dcamera_provider.cpp,425,VirtualCameraHdf,['VirtualCameraHdf'],False
camera_hdf/hdi_impl/src/dcamera_provider/dcamera_provider.cpp,14,ConfigureStreams,functionimpl,camera_hdf/hdi_impl/src/dcamera_provider/dcamera_provider.cpp,426,VirtualCameraHdf,['VirtualCameraHdf'],False
camera_hdf/hdi_impl/src/dcamera_provider/dcamera_provider.cpp,14,ReleaseStreams,functionimpl,camera_hdf/hdi_impl/src/dcamera_provider/dcamera_provider.cpp,436,VirtualCameraHdf,['VirtualCameraHdf'],False
camera_hdf/hdi_impl/src/dcamera_provider/dcamera_provider.cpp,14,StartCapture,functionimpl,camera_hdf/hdi_impl/src/dcamera_provider/dcamera_provider.cpp,438,VirtualCameraHdf,['VirtualCameraHdf'],False
camera_hdf/hdi_impl/src/dcamera_provider/dcamera_provider.cpp,14,StopCapture,functionimpl,camera_hdf/hdi_impl/src/dcamera_provider/dcamera_provider.cpp,439,VirtualCameraHdf,['VirtualCameraHdf'],False
camera_hdf/hdi_impl/src/dcamera_provider/dcamera_provider.cpp,14,UpdateSettings,functionimpl,camera_hdf/hdi_impl/src/dcamera_provider/dcamera_provider.cpp,440,VirtualCameraHdf,['VirtualCameraHdf'],False
camera_hdf/hdi_impl/src/dcamera_provider/dcamera_provider.cpp,14,GetCallbackBydhBase,functionimpl,camera_hdf/hdi_impl/src/dcamera_provider/dcamera_provider.cpp,429,VirtualCameraHdf,['VirtualCameraHdf'],False
camera_hdf/hdi_impl/include/dcamera_provider/dcamera_provider.h,3,operator =,functionimpl,camera_hdf/hdi_impl/include/dcamera_provider/dcamera_provider.h,75,VirtualCameraHdf,['VirtualCameraHdf'],False
camera_hdf/hdi_impl/include/dcamera_provider/dcamera_provider.h,3,DCameraProvider,functionimpl,camera_hdf/hdi_impl/include/dcamera_provider/dcamera_provider.h,74,VirtualCameraHdf,['VirtualCameraHdf'],False
camera_hdf/hdi_impl/include/dcamera_provider/dcamera_provider.h,3,instance_,var,camera_hdf/hdi_impl/include/dcamera_provider/dcamera_provider.h,95,VirtualCameraHdf,['VirtualCameraHdf'],False
camera_hdf/hdi_impl/include/dcamera_provider/dcamera_provider.h,3,AutoRelease,type,camera_hdf/hdi_impl/include/dcamera_provider/dcamera_provider.h,93,VirtualCameraHdf,['VirtualCameraHdf'],False
camera_hdf/hdi_impl/src/dcamera_provider/dcamera_provider.cpp,14,EnableDCameraDevice,functionimpl,camera_hdf/hdi_impl/src/dcamera_provider/dcamera_provider.cpp,428,VirtualCameraHdf,['VirtualCameraHdf'],False
camera_hdf/hdi_impl/src/dcamera_provider/dcamera_provider.cpp,14,DisableDCameraDevice,functionimpl,camera_hdf/hdi_impl/src/dcamera_provider/dcamera_provider.cpp,427,VirtualCameraHdf,['VirtualCameraHdf'],False
camera_hdf/hdi_impl/src/dcamera_provider/dcamera_provider.cpp,14,AcquireBuffer,functionimpl,camera_hdf/hdi_impl/src/dcamera_provider/dcamera_provider.cpp,424,VirtualCameraHdf,['VirtualCameraHdf'],False
camera_hdf/hdi_impl/src/dcamera_provider/dcamera_provider.cpp,14,ShutterBuffer,functionimpl,camera_hdf/hdi_impl/src/dcamera_provider/dcamera_provider.cpp,437,VirtualCameraHdf,['VirtualCameraHdf'],False
camera_hdf/hdi_impl/src/dcamera_provider/dcamera_provider.cpp,14,OnSettingsResult,functionimpl,camera_hdf/hdi_impl/src/dcamera_provider/dcamera_provider.cpp,434,VirtualCameraHdf,['VirtualCameraHdf'],False
camera_hdf/hdi_impl/src/dcamera_provider/dcamera_provider.cpp,14,Notify,functionimpl,camera_hdf/hdi_impl/src/dcamera_provider/dcamera_provider.cpp,433,VirtualCameraHdf,['VirtualCameraHdf'],False
camera_hdf/interfaces/include/types.h,73,DEVICE_NOT_INIT,var,camera_hdf/interfaces/include/types.h,1393,VirtualCameraHdf,['VirtualCameraHdf'],False
common/include/utils/dcamera_index.h,77,DCameraIndex,functionimpl,common/include/utils/dcamera_index.h,1472,utils,['utils'],False
common/include/utils/dcamera_index.h,77,devId,var,common/include/utils/dcamera_index.h,1476,utils,['utils'],False
common/include/utils/dcamera_index.h,77,dhId,var,common/include/utils/dcamera_index.h,1477,utils,['utils'],False
common/include/utils/dcamera_index.h,77,operator ==,functionimpl,common/include/utils/dcamera_index.h,1474,utils,['utils'],False
common/include/utils/dcamera_index.h,77,index,var,common/include/utils/dcamera_index.h,1478,utils,['utils'],False
common/include/utils/dcamera_index.h,77,operator <,functionimpl,common/include/utils/dcamera_index.h,1473,utils,['utils'],False
services/cameraservice/cameraoperator/client/src/callback/dcamera_photo_callback.cpp,127,dcamera_photo_callback,file,services/cameraservice/cameraoperator/client/src/callback/dcamera_photo_callback.cpp,1974,utils,['utils'],False
services/cameraservice/sinkservice/include/distributedcameramgr/listener/dcamera_sink_output_channel_listener.h,161,OnSessionState,functionproto,services/cameraservice/sinkservice/include/distributedcameramgr/listener/dcamera_sink_output_channel_listener.h,2398,DistributedCameraSinkMgr,['DistributedCameraSinkMgr'],False
services/cameraservice/sinkservice/include/distributedcameramgr/listener/dcamera_sink_output_channel_listener.h,161,OnSessionError,functionproto,services/cameraservice/sinkservice/include/distributedcameramgr/listener/dcamera_sink_output_channel_listener.h,2397,DistributedCameraSinkMgr,['DistributedCameraSinkMgr'],False
services/cameraservice/sinkservice/include/distributedcameramgr/listener/dcamera_sink_output_channel_listener.h,161,OnDataReceived,functionproto,services/cameraservice/sinkservice/include/distributedcameramgr/listener/dcamera_sink_output_channel_listener.h,2396,DistributedCameraSinkMgr,['DistributedCameraSinkMgr'],False
services/cameraservice/cameraoperator/client/src/callback/dcamera_preview_callback.cpp,128,DCameraPreviewCallback,functionimpl,services/cameraservice/cameraoperator/client/src/callback/dcamera_preview_callback.cpp,1987,utils,['utils'],False
services/cameraservice/cameraoperator/client/src/callback/dcamera_preview_callback.cpp,128,callback,var,services/cameraservice/cameraoperator/client/src/callback/dcamera_preview_callback.cpp,1991,utils,['utils'],False
services/cameraservice/cameraoperator/client/src/callback/dcamera_preview_callback.cpp,128,OnFrameEnded,functionimpl,services/cameraservice/cameraoperator/client/src/callback/dcamera_preview_callback.cpp,1989,utils,['utils'],False
services/cameraservice/cameraoperator/client/src/callback/dcamera_preview_callback.cpp,128,frameCount,var,services/cameraservice/cameraoperator/client/src/callback/dcamera_preview_callback.cpp,1993,utils,['utils'],False
services/cameraservice/cameraoperator/client/src/callback/dcamera_preview_callback.cpp,128,OnError,functionimpl,services/cameraservice/cameraoperator/client/src/callback/dcamera_preview_callback.cpp,1988,utils,['utils'],False
services/cameraservice/cameraoperator/client/src/callback/dcamera_preview_callback.cpp,128,errorCode,var,services/cameraservice/cameraoperator/client/src/callback/dcamera_preview_callback.cpp,1992,utils,['utils'],False
services/data_process/src/pipeline_node/multimedia_codec/encode_data_process_common.cpp,278,InitEncoder,functionimpl,services/data_process/src/pipeline_node/multimedia_codec/encode_data_process_common.cpp,4508,CameraDataProcessCommon,['CameraDataProcessCommon'],False
services/data_process/include/pipeline_node/multimedia_codec/encode_video_callback.h,267,EncodeVideoCallback,type,services/data_process/include/pipeline_node/multimedia_codec/encode_video_callback.h,4100,CameraDataProcessCommon,['CameraDataProcessCommon'],False
services/cameraservice/base/include/dcamera_capture_info_cmd.h,100,captureSettings_,var,services/cameraservice/base/include/dcamera_capture_info_cmd.h,1755,CameraServiceCommon,['CameraServiceCommon'],False
services/data_process/src/pipeline_node/multimedia_codec/encode_data_process_common.cpp,278,IsInEncoderRange,functionimpl,services/data_process/src/pipeline_node/multimedia_codec/encode_data_process_common.cpp,4513,CameraDataProcessCommon,['CameraDataProcessCommon'],False
services/data_process/src/pipeline_node/multimedia_codec/encode_data_process_common.cpp,278,IsConvertible,functionimpl,services/data_process/src/pipeline_node/multimedia_codec/encode_data_process_common.cpp,4512,CameraDataProcessCommon,['CameraDataProcessCommon'],False
services/data_process/src/pipeline_node/multimedia_codec/encode_data_process_common.cpp,278,GetSourceConfig,functionimpl,services/data_process/src/pipeline_node/multimedia_codec/encode_data_process_common.cpp,4506,CameraDataProcessCommon,['CameraDataProcessCommon'],False
services/data_process/src/pipeline_node/multimedia_codec/encode_data_process_common.cpp,278,GetTargetConfig,functionimpl,services/data_process/src/pipeline_node/multimedia_codec/encode_data_process_common.cpp,4507,CameraDataProcessCommon,['CameraDataProcessCommon'],False
services/data_process/src/pipeline_node/multimedia_codec/encode_data_process_common.cpp,278,~EncodeDataProcess,functionimpl,services/data_process/src/pipeline_node/multimedia_codec/encode_data_process_common.cpp,4520,CameraDataProcessCommon,['CameraDataProcessCommon'],False
services/data_process/include/pipeline_node/multimedia_codec/encode_data_process.h,266,~EncodeDataProcess,functionproto,services/data_process/include/pipeline_node/multimedia_codec/encode_data_process.h,4088,CameraDataProcessCommon,['CameraDataProcessCommon'],False
services/data_process/src/pipeline_node/multimedia_codec/encode_data_process_common.cpp,278,InitNode,functionimpl,services/data_process/src/pipeline_node/multimedia_codec/encode_data_process_common.cpp,4511,CameraDataProcessCommon,['CameraDataProcessCommon'],False
services/data_process/include/pipeline_node/multimedia_codec/encode_data_process.h,266,InitNode,functionproto,services/data_process/include/pipeline_node/multimedia_codec/encode_data_process.h,4079,CameraDataProcessCommon,['CameraDataProcessCommon'],False
services/data_process/include/pipeline_node/multimedia_codec/encode_data_process.h,266,InitEncoder,functionproto,services/data_process/include/pipeline_node/multimedia_codec/encode_data_process.h,4076,CameraDataProcessCommon,['CameraDataProcessCommon'],False
services/data_process/src/pipeline_node/multimedia_codec/encode_data_process_common.cpp,278,InitEncoderMetadataFormat,functionimpl,services/data_process/src/pipeline_node/multimedia_codec/encode_data_process_common.cpp,4510,CameraDataProcessCommon,['CameraDataProcessCommon'],False
services/data_process/include/pipeline_node/multimedia_codec/encode_data_process.h,266,InitEncoderMetadataFormat,functionproto,services/data_process/include/pipeline_node/multimedia_codec/encode_data_process.h,4078,CameraDataProcessCommon,['CameraDataProcessCommon'],False
services/data_process/src/pipeline_node/multimedia_codec/encode_data_process_common.cpp,278,InitEncoderBitrateFormat,functionimpl,services/data_process/src/pipeline_node/multimedia_codec/encode_data_process_common.cpp,4509,CameraDataProcessCommon,['CameraDataProcessCommon'],False
services/data_process/include/pipeline_node/multimedia_codec/encode_data_process.h,266,InitEncoderBitrateFormat,functionproto,services/data_process/include/pipeline_node/multimedia_codec/encode_data_process.h,4077,CameraDataProcessCommon,['CameraDataProcessCommon'],False
services/data_process/src/pipeline_node/multimedia_codec/encode_data_process_common.cpp,278,ReleaseProcessNode,functionimpl,services/data_process/src/pipeline_node/multimedia_codec/encode_data_process_common.cpp,4519,CameraDataProcessCommon,['CameraDataProcessCommon'],False
services/data_process/include/pipeline_node/multimedia_codec/encode_data_process.h,266,ReleaseProcessNode,functionproto,services/data_process/include/pipeline_node/multimedia_codec/encode_data_process.h,4087,CameraDataProcessCommon,['CameraDataProcessCommon'],False
services/data_process/src/pipeline_node/multimedia_codec/encode_data_process_common.cpp,278,ProcessData,functionimpl,services/data_process/src/pipeline_node/multimedia_codec/encode_data_process_common.cpp,4518,CameraDataProcessCommon,['CameraDataProcessCommon'],False
services/data_process/include/pipeline_node/multimedia_codec/encode_data_process.h,266,ProcessData,functionproto,services/data_process/include/pipeline_node/multimedia_codec/encode_data_process.h,4086,CameraDataProcessCommon,['CameraDataProcessCommon'],False
services/data_process/src/pipeline_node/multimedia_codec/encode_data_process_common.cpp,278,FeedEncoderInputBuffer,functionimpl,services/data_process/src/pipeline_node/multimedia_codec/encode_data_process_common.cpp,4502,CameraDataProcessCommon,['CameraDataProcessCommon'],False
services/data_process/include/pipeline_node/multimedia_codec/encode_data_process.h,266,FeedEncoderInputBuffer,functionproto,services/data_process/include/pipeline_node/multimedia_codec/encode_data_process.h,4070,CameraDataProcessCommon,['CameraDataProcessCommon'],False
services/data_process/src/pipeline_node/multimedia_codec/encode_data_process_common.cpp,278,GetEncoderInputSurfaceBuffer,functionimpl,services/data_process/src/pipeline_node/multimedia_codec/encode_data_process_common.cpp,4503,CameraDataProcessCommon,['CameraDataProcessCommon'],False
services/data_process/include/pipeline_node/multimedia_codec/encode_data_process.h,266,GetEncoderInputSurfaceBuffer,functionproto,services/data_process/include/pipeline_node/multimedia_codec/encode_data_process.h,4071,CameraDataProcessCommon,['CameraDataProcessCommon'],False
services/data_process/include/pipeline_node/multimedia_codec/encode_data_process.h,266,GetEncoderTimeStamp,functionproto,services/data_process/include/pipeline_node/multimedia_codec/encode_data_process.h,4073,CameraDataProcessCommon,['CameraDataProcessCommon'],False
services/data_process/include/pipeline_node/multimedia_codec/encode_data_process.h,266,GetEncoderOutputBuffer,functionproto,services/data_process/include/pipeline_node/multimedia_codec/encode_data_process.h,4072,CameraDataProcessCommon,['CameraDataProcessCommon'],False
services/data_process/src/pipeline_node/multimedia_codec/encode_data_process_common.cpp,278,EncodeDone,functionimpl,services/data_process/src/pipeline_node/multimedia_codec/encode_data_process_common.cpp,4501,CameraDataProcessCommon,['CameraDataProcessCommon'],False
services/data_process/include/pipeline_node/multimedia_codec/encode_data_process.h,266,EncodeDone,functionproto,services/data_process/include/pipeline_node/multimedia_codec/encode_data_process.h,4069,CameraDataProcessCommon,['CameraDataProcessCommon'],False
services/data_process/src/pipeline_node/multimedia_codec/encode_data_process_common.cpp,278,OnError,functionimpl,services/data_process/src/pipeline_node/multimedia_codec/encode_data_process_common.cpp,4514,CameraDataProcessCommon,['CameraDataProcessCommon'],False
services/data_process/include/pipeline_node/multimedia_codec/encode_data_process.h,266,OnError,functionproto,services/data_process/include/pipeline_node/multimedia_codec/encode_data_process.h,4082,CameraDataProcessCommon,['CameraDataProcessCommon'],False
services/data_process/src/pipeline_node/multimedia_codec/encode_data_process_common.cpp,278,OnInputBufferAvailable,functionimpl,services/data_process/src/pipeline_node/multimedia_codec/encode_data_process_common.cpp,4515,CameraDataProcessCommon,['CameraDataProcessCommon'],False
services/data_process/include/pipeline_node/multimedia_codec/encode_data_process.h,266,OnInputBufferAvailable,functionproto,services/data_process/include/pipeline_node/multimedia_codec/encode_data_process.h,4083,CameraDataProcessCommon,['CameraDataProcessCommon'],False
services/data_process/src/pipeline_node/multimedia_codec/encode_data_process_common.cpp,278,OnOutputFormatChanged,functionimpl,services/data_process/src/pipeline_node/multimedia_codec/encode_data_process_common.cpp,4517,CameraDataProcessCommon,['CameraDataProcessCommon'],False
services/data_process/include/pipeline_node/multimedia_codec/encode_data_process.h,266,OnOutputFormatChanged,functionproto,services/data_process/include/pipeline_node/multimedia_codec/encode_data_process.h,4085,CameraDataProcessCommon,['CameraDataProcessCommon'],False
services/data_process/src/pipeline_node/multimedia_codec/encode_data_process_common.cpp,278,OnOutputBufferAvailable,functionimpl,services/data_process/src/pipeline_node/multimedia_codec/encode_data_process_common.cpp,4516,CameraDataProcessCommon,['CameraDataProcessCommon'],False
services/data_process/include/pipeline_node/multimedia_codec/encode_data_process.h,266,OnOutputBufferAvailable,functionproto,services/data_process/include/pipeline_node/multimedia_codec/encode_data_process.h,4084,CameraDataProcessCommon,['CameraDataProcessCommon'],False
services/cameraservice/sourceservice/include/distributedcameramgr/dcamerastate/dcamera_source_state.h,216,Execute,functionproto,services/cameraservice/sourceservice/include/distributedcameramgr/dcamerastate/dcamera_source_state.h,3103,DistributedCameraSourceMgr,['DistributedCameraSourceMgr'],False
camera_hdf/hdi_impl/include/dcamera_device/dcamera_device.h,0,dCameraStreamOperator_,var,camera_hdf/hdi_impl/include/dcamera_device/dcamera_device.h,26,VirtualCameraHdf,['VirtualCameraHdf'],False
services/data_process/include/interfaces/data_process_listener.h,257,ERROR_PIPELINE_ENCODER,var,services/data_process/include/interfaces/data_process_listener.h,3944,CameraDataProcessCommon,['CameraDataProcessCommon'],False
camera_hdf/hdi_impl/include/dcamera_device/dcamera_device.h,0,dMetadataProcessor_,var,camera_hdf/hdi_impl/include/dcamera_device/dcamera_device.h,27,VirtualCameraHdf,['VirtualCameraHdf'],False
camera_hdf/hdi_impl/include/dcamera_device/dcamera_device.h,0,operator =,functionimpl,camera_hdf/hdi_impl/include/dcamera_device/dcamera_device.h,2,VirtualCameraHdf,['VirtualCameraHdf'],False
camera_hdf/hdi_impl/include/dcamera_device/dcamera_device.h,0,DCameraDevice,functionimpl,camera_hdf/hdi_impl/include/dcamera_device/dcamera_device.h,1,VirtualCameraHdf,['VirtualCameraHdf'],False
services/cameraservice/sourceservice/include/distributedcameramgr/dcameracontrol/dcamera_source_controller_channel_listener.h,200,DCameraSourceControllerChannelListener,functionproto,services/cameraservice/sourceservice/include/distributedcameramgr/dcameracontrol/dcamera_source_controller_channel_listener.h,2919,DistributedCameraSourceMgr,['DistributedCameraSourceMgr'],False
services/cameraservice/sourceservice/include/distributedcameramgr/dcameracontrol/dcamera_source_controller_channel_listener.h,200,~DCameraSourceControllerChannelListener,functionproto,services/cameraservice/sourceservice/include/distributedcameramgr/dcameracontrol/dcamera_source_controller_channel_listener.h,2923,DistributedCameraSourceMgr,['DistributedCameraSourceMgr'],False
services/cameraservice/sourceservice/include/distributedcameramgr/dcameracontrol/dcamera_source_controller_channel_listener.h,200,OnSessionState,functionproto,services/cameraservice/sourceservice/include/distributedcameramgr/dcameracontrol/dcamera_source_controller_channel_listener.h,2922,DistributedCameraSourceMgr,['DistributedCameraSourceMgr'],False
services/cameraservice/sourceservice/include/distributedcameramgr/dcameracontrol/dcamera_source_controller_channel_listener.h,200,OnSessionError,functionproto,services/cameraservice/sourceservice/include/distributedcameramgr/dcameracontrol/dcamera_source_controller_channel_listener.h,2921,DistributedCameraSourceMgr,['DistributedCameraSourceMgr'],False
services/cameraservice/sourceservice/include/distributedcameramgr/dcameracontrol/dcamera_source_controller_channel_listener.h,200,OnDataReceived,functionproto,services/cameraservice/sourceservice/include/distributedcameramgr/dcameracontrol/dcamera_source_controller_channel_listener.h,2920,DistributedCameraSourceMgr,['DistributedCameraSourceMgr'],False
services/cameraservice/sinkservice/include/distributedcameramgr/eventbus/dcamera_post_authorization_event.h,154,DCameraPostAuthorizationEvent,functionproto,services/cameraservice/sinkservice/include/distributedcameramgr/eventbus/dcamera_post_authorization_event.h,2366,DistributedCameraSinkMgr,['DistributedCameraSinkMgr'],False
services/cameraservice/cameraoperator/client/include/callback/dcamera_session_callback.h,119,DCameraSessionCallback,functionproto,services/cameraservice/cameraoperator/client/include/callback/dcamera_session_callback.h,1914,utils,['utils'],False
services/cameraservice/cameraoperator/client/include/callback/dcamera_session_callback.h,119,OnError,functionproto,services/cameraservice/cameraoperator/client/include/callback/dcamera_session_callback.h,1915,utils,['utils'],False
services/channel/include/dcamera_softbus_session.h,248,packBuffer_,var,services/channel/include/dcamera_softbus_session.h,3728,ChannelCommon,['ChannelCommon'],False
services/cameraservice/sourceservice/include/distributedcameramgr/dcameradata/dcamera_source_data_process.h,201,DCameraSourceDataProcess,functionproto,services/cameraservice/sourceservice/include/distributedcameramgr/dcameradata/dcamera_source_data_process.h,2927,DistributedCameraSourceMgr,['DistributedCameraSourceMgr'],False
services/cameraservice/sourceservice/include/distributedcameramgr/dcameradata/dcamera_source_data_process.h,201,~DCameraSourceDataProcess,functionproto,services/cameraservice/sourceservice/include/distributedcameramgr/dcameradata/dcamera_source_data_process.h,2933,DistributedCameraSourceMgr,['DistributedCameraSourceMgr'],False
services/cameraservice/sourceservice/include/distributedcameramgr/dcameradata/dcamera_source_data_process.h,201,FeedStream,functionproto,services/cameraservice/sourceservice/include/distributedcameramgr/dcameradata/dcamera_source_data_process.h,2928,DistributedCameraSourceMgr,['DistributedCameraSourceMgr'],False
services/cameraservice/sourceservice/include/distributedcameramgr/dcameradata/dcamera_source_data_process.h,201,ConfigStreams,functionproto,services/cameraservice/sourceservice/include/distributedcameramgr/dcameradata/dcamera_source_data_process.h,2926,DistributedCameraSourceMgr,['DistributedCameraSourceMgr'],False
services/cameraservice/sourceservice/include/distributedcameramgr/dcameradata/dcamera_source_data_process.h,201,ReleaseStreams,functionproto,services/cameraservice/sourceservice/include/distributedcameramgr/dcameradata/dcamera_source_data_process.h,2930,DistributedCameraSourceMgr,['DistributedCameraSourceMgr'],False
services/cameraservice/sourceservice/include/distributedcameramgr/dcameradata/dcamera_source_data_process.h,201,StartCapture,functionproto,services/cameraservice/sourceservice/include/distributedcameramgr/dcameradata/dcamera_source_data_process.h,2931,DistributedCameraSourceMgr,['DistributedCameraSourceMgr'],False
services/cameraservice/sourceservice/include/distributedcameramgr/dcameradata/dcamera_source_data_process.h,201,StopCapture,functionproto,services/cameraservice/sourceservice/include/distributedcameramgr/dcameradata/dcamera_source_data_process.h,2932,DistributedCameraSourceMgr,['DistributedCameraSourceMgr'],False
services/cameraservice/sourceservice/include/distributedcameramgr/dcameradata/dcamera_source_data_process.h,201,GetAllStreamIds,functionproto,services/cameraservice/sourceservice/include/distributedcameramgr/dcameradata/dcamera_source_data_process.h,2929,DistributedCameraSourceMgr,['DistributedCameraSourceMgr'],False
services/cameraservice/cameraoperator/client/include/callback/dcamera_preview_callback.h,118,DCameraPreviewCallback,functionproto,services/cameraservice/cameraoperator/client/include/callback/dcamera_preview_callback.h,1907,utils,['utils'],False
services/cameraservice/cameraoperator/client/src/callback/dcamera_preview_callback.cpp,128,OnFrameStarted,functionimpl,services/cameraservice/cameraoperator/client/src/callback/dcamera_preview_callback.cpp,1990,utils,['utils'],False
services/cameraservice/cameraoperator/client/include/callback/dcamera_preview_callback.h,118,OnFrameStarted,functionproto,services/cameraservice/cameraoperator/client/include/callback/dcamera_preview_callback.h,1910,utils,['utils'],False
services/cameraservice/cameraoperator/client/include/callback/dcamera_preview_callback.h,118,OnFrameEnded,functionproto,services/cameraservice/cameraoperator/client/include/callback/dcamera_preview_callback.h,1909,utils,['utils'],False
services/cameraservice/cameraoperator/client/include/callback/dcamera_preview_callback.h,118,OnError,functionproto,services/cameraservice/cameraoperator/client/include/callback/dcamera_preview_callback.h,1908,utils,['utils'],False
services/cameraservice/sinkservice/include/distributedcameramgr/dcamera_sink_dev.h,149,DCameraSinkDev,functionproto,services/cameraservice/sinkservice/include/distributedcameramgr/dcamera_sink_dev.h,2311,DistributedCameraSinkMgr,['DistributedCameraSinkMgr'],False
services/cameraservice/sinkservice/include/distributedcameramgr/dcamera_sink_dev.h,149,~DCameraSinkDev,functionproto,services/cameraservice/sinkservice/include/distributedcameramgr/dcamera_sink_dev.h,2319,DistributedCameraSinkMgr,['DistributedCameraSinkMgr'],False
services/cameraservice/sinkservice/include/distributedcameramgr/dcamera_sink_dev.h,149,Init,functionproto,services/cameraservice/sinkservice/include/distributedcameramgr/dcamera_sink_dev.h,2313,DistributedCameraSinkMgr,['DistributedCameraSinkMgr'],False
services/cameraservice/sinkservice/include/distributedcameramgr/dcamera_sink_dev.h,149,UnInit,functionproto,services/cameraservice/sinkservice/include/distributedcameramgr/dcamera_sink_dev.h,2317,DistributedCameraSinkMgr,['DistributedCameraSinkMgr'],False
services/cameraservice/sinkservice/include/distributedcameramgr/dcamera_sink_dev.h,149,SubscribeLocalHardware,functionproto,services/cameraservice/sinkservice/include/distributedcameramgr/dcamera_sink_dev.h,2316,DistributedCameraSinkMgr,['DistributedCameraSinkMgr'],False
services/cameraservice/sinkservice/include/distributedcameramgr/dcamera_sink_dev.h,149,UnsubscribeLocalHardware,functionproto,services/cameraservice/sinkservice/include/distributedcameramgr/dcamera_sink_dev.h,2318,DistributedCameraSinkMgr,['DistributedCameraSinkMgr'],False
services/cameraservice/sinkservice/include/distributedcameramgr/dcamera_sink_dev.h,149,StopCapture,functionproto,services/cameraservice/sinkservice/include/distributedcameramgr/dcamera_sink_dev.h,2315,DistributedCameraSinkMgr,['DistributedCameraSinkMgr'],False
services/cameraservice/sinkservice/include/distributedcameramgr/dcamera_sink_dev.h,149,ChannelNeg,functionproto,services/cameraservice/sinkservice/include/distributedcameramgr/dcamera_sink_dev.h,2309,DistributedCameraSinkMgr,['DistributedCameraSinkMgr'],False
services/cameraservice/sinkservice/include/distributedcameramgr/dcamera_sink_dev.h,149,GetCameraInfo,functionproto,services/cameraservice/sinkservice/include/distributedcameramgr/dcamera_sink_dev.h,2312,DistributedCameraSinkMgr,['DistributedCameraSinkMgr'],False
services/cameraservice/sinkservice/include/distributedcameramgr/dcamera_sink_dev.h,149,OpenChannel,functionproto,services/cameraservice/sinkservice/include/distributedcameramgr/dcamera_sink_dev.h,2314,DistributedCameraSinkMgr,['DistributedCameraSinkMgr'],False
services/cameraservice/sinkservice/include/distributedcameramgr/dcamera_sink_dev.h,149,CloseChannel,functionproto,services/cameraservice/sinkservice/include/distributedcameramgr/dcamera_sink_dev.h,2310,DistributedCameraSinkMgr,['DistributedCameraSinkMgr'],False
services/cameraservice/cameraoperator/client/src/callback/dcamera_photo_callback.cpp,127,DCameraPhotoCallback,functionimpl,services/cameraservice/cameraoperator/client/src/callback/dcamera_photo_callback.cpp,1975,utils,['utils'],False
services/cameraservice/cameraoperator/client/src/callback/dcamera_photo_callback.cpp,127,callback,var,services/cameraservice/cameraoperator/client/src/callback/dcamera_photo_callback.cpp,1980,utils,['utils'],False
services/cameraservice/cameraoperator/client/src/callback/dcamera_photo_callback.cpp,127,OnCaptureStarted,functionimpl,services/cameraservice/cameraoperator/client/src/callback/dcamera_photo_callback.cpp,1978,utils,['utils'],False
services/cameraservice/cameraoperator/client/src/callback/dcamera_photo_callback.cpp,127,captureID,var,services/cameraservice/cameraoperator/client/src/callback/dcamera_photo_callback.cpp,1981,utils,['utils'],False
services/cameraservice/cameraoperator/client/src/callback/dcamera_photo_callback.cpp,127,OnCaptureEnded,functionimpl,services/cameraservice/cameraoperator/client/src/callback/dcamera_photo_callback.cpp,1976,utils,['utils'],False
services/cameraservice/cameraoperator/client/src/callback/dcamera_photo_callback.cpp,127,frameCount,var,services/cameraservice/cameraoperator/client/src/callback/dcamera_photo_callback.cpp,1984,utils,['utils'],False
services/cameraservice/cameraoperator/client/src/callback/dcamera_photo_callback.cpp,127,OnFrameShutter,functionimpl,services/cameraservice/cameraoperator/client/src/callback/dcamera_photo_callback.cpp,1979,utils,['utils'],False
services/cameraservice/cameraoperator/client/src/callback/dcamera_photo_callback.cpp,127,captureId,var,services/cameraservice/cameraoperator/client/src/callback/dcamera_photo_callback.cpp,1982,utils,['utils'],False
services/cameraservice/cameraoperator/client/src/callback/dcamera_photo_callback.cpp,127,timestamp,var,services/cameraservice/cameraoperator/client/src/callback/dcamera_photo_callback.cpp,1985,utils,['utils'],False
services/cameraservice/cameraoperator/client/src/callback/dcamera_photo_callback.cpp,127,OnCaptureError,functionimpl,services/cameraservice/cameraoperator/client/src/callback/dcamera_photo_callback.cpp,1977,utils,['utils'],False
services/cameraservice/cameraoperator/client/src/callback/dcamera_photo_callback.cpp,127,errorCode,var,services/cameraservice/cameraoperator/client/src/callback/dcamera_photo_callback.cpp,1983,utils,['utils'],False
camera_hdf/interfaces/hdi_ipc/client/host/dcamera_host_callback.cpp,30,dcamera_host_callback,file,camera_hdf/interfaces/hdi_ipc/client/host/dcamera_host_callback.cpp,809,VirtualCameraHdf,['VirtualCameraHdf'],False
camera_hdf/interfaces/hdi_ipc/client/host/dcamera_host_callback.cpp,30,OnCameraStatus,functionimpl,camera_hdf/interfaces/hdi_ipc/client/host/dcamera_host_callback.cpp,811,VirtualCameraHdf,['VirtualCameraHdf'],False
camera_hdf/interfaces/hdi_ipc/client/host/dcamera_host_callback.h,31,OnCameraStatus,functionproto,camera_hdf/interfaces/hdi_ipc/client/host/dcamera_host_callback.h,815,VirtualCameraHdf,['VirtualCameraHdf'],False
camera_hdf/interfaces/hdi_ipc/client/host/dcamera_host_callback.cpp,30,OnFlashlightStatus,functionimpl,camera_hdf/interfaces/hdi_ipc/client/host/dcamera_host_callback.cpp,812,VirtualCameraHdf,['VirtualCameraHdf'],False
camera_hdf/interfaces/hdi_ipc/client/host/dcamera_host_callback.h,31,OnFlashlightStatus,functionproto,camera_hdf/interfaces/hdi_ipc/client/host/dcamera_host_callback.h,816,VirtualCameraHdf,['VirtualCameraHdf'],False
camera_hdf/interfaces/hdi_ipc/client/host/dcamera_host_callback.cpp,30,OnCameraEvent,functionimpl,camera_hdf/interfaces/hdi_ipc/client/host/dcamera_host_callback.cpp,810,VirtualCameraHdf,['VirtualCameraHdf'],False
camera_hdf/interfaces/hdi_ipc/client/host/dcamera_host_callback.h,31,OnCameraEvent,functionproto,camera_hdf/interfaces/hdi_ipc/client/host/dcamera_host_callback.h,814,VirtualCameraHdf,['VirtualCameraHdf'],False
camera_hdf/hdi_impl/src/dcamera_provider/dcamera_provider.cpp,14,dcamera_provider,file,camera_hdf/hdi_impl/src/dcamera_provider/dcamera_provider.cpp,423,VirtualCameraHdf,['VirtualCameraHdf'],False
camera_hdf/hdi_impl/include/utils/constants.h,9,INGNORE_STR_LEN,var,camera_hdf/hdi_impl/include/utils/constants.h,232,VirtualCameraHdf,['VirtualCameraHdf'],False
camera_hdf/hdi_impl/src/dcamera_provider/dcamera_provider.cpp,14,IsDhBaseInfoInvalid,functionimpl,camera_hdf/hdi_impl/src/dcamera_provider/dcamera_provider.cpp,432,VirtualCameraHdf,['VirtualCameraHdf'],False
camera_hdf/hdi_impl/include/utils/constants.h,9,DEVID_MAX_LENGTH,var,camera_hdf/hdi_impl/include/utils/constants.h,227,VirtualCameraHdf,['VirtualCameraHdf'],False
camera_hdf/hdi_impl/include/utils/constants.h,9,DHID_MAX_LENGTH,var,camera_hdf/hdi_impl/include/utils/constants.h,228,VirtualCameraHdf,['VirtualCameraHdf'],False
camera_hdf/hdi_impl/src/dcamera_provider/dcamera_provider.cpp,14,instance_,var,camera_hdf/hdi_impl/src/dcamera_provider/dcamera_provider.cpp,451,VirtualCameraHdf,['VirtualCameraHdf'],False
camera_hdf/hdi_impl/include/dcamera_provider/dcamera_provider.h,3,IsDhBaseInfoInvalid,functionproto,camera_hdf/hdi_impl/include/dcamera_provider/dcamera_provider.h,84,VirtualCameraHdf,['VirtualCameraHdf'],False
camera_hdf/hdi_impl/src/dcamera_provider/dcamera_provider.cpp,14,GetDCameraDevice,functionimpl,camera_hdf/hdi_impl/src/dcamera_provider/dcamera_provider.cpp,430,VirtualCameraHdf,['VirtualCameraHdf'],False
camera_hdf/hdi_impl/include/dcamera_provider/dcamera_provider.h,3,GetDCameraDevice,functionproto,camera_hdf/hdi_impl/include/dcamera_provider/dcamera_provider.h,82,VirtualCameraHdf,['VirtualCameraHdf'],False
camera_hdf/hdi_impl/src/dcamera_provider/dcamera_provider.cpp,14,DistributedHardware,package,camera_hdf/hdi_impl/src/dcamera_provider/dcamera_provider.cpp,441,VirtualCameraHdf,['VirtualCameraHdf'],False
services/cameraservice/cameraoperator/client/include/dcamera_client.h,121,photoListener_,var,services/cameraservice/cameraoperator/client/include/dcamera_client.h,1944,utils,['utils'],False
services/cameraservice/cameraoperator/client/include/dcamera_client.h,121,videoListener_,var,services/cameraservice/cameraoperator/client/include/dcamera_client.h,1947,utils,['utils'],False
services/cameraservice/cameraoperator/client/include/callback/dcamera_photo_callback.h,117,DCameraPhotoCallback,functionproto,services/cameraservice/cameraoperator/client/include/callback/dcamera_photo_callback.h,1899,utils,['utils'],False
services/cameraservice/cameraoperator/client/include/callback/dcamera_photo_callback.h,117,OnCaptureStarted,functionproto,services/cameraservice/cameraoperator/client/include/callback/dcamera_photo_callback.h,1902,utils,['utils'],False
services/cameraservice/cameraoperator/client/include/callback/dcamera_photo_callback.h,117,OnCaptureEnded,functionproto,services/cameraservice/cameraoperator/client/include/callback/dcamera_photo_callback.h,1900,utils,['utils'],False
services/cameraservice/cameraoperator/client/include/callback/dcamera_photo_callback.h,117,OnFrameShutter,functionproto,services/cameraservice/cameraoperator/client/include/callback/dcamera_photo_callback.h,1903,utils,['utils'],False
services/cameraservice/cameraoperator/client/include/callback/dcamera_photo_callback.h,117,OnCaptureError,functionproto,services/cameraservice/cameraoperator/client/include/callback/dcamera_photo_callback.h,1901,utils,['utils'],False
services/cameraservice/cameraoperator/client/include/dcamera_client.h,121,stateCallback_,var,services/cameraservice/cameraoperator/client/include/dcamera_client.h,1946,utils,['utils'],False
services/cameraservice/cameraoperator/client/include/dcamera_client.h,121,resultCallback_,var,services/cameraservice/cameraoperator/client/include/dcamera_client.h,1945,utils,['utils'],False
services/cameraservice/sinkservice/include/distributedcameramgr/eventbus/dcamera_frame_trigger_event.h,152,DCameraFrameTriggerEvent,functionproto,services/cameraservice/sinkservice/include/distributedcameramgr/eventbus/dcamera_frame_trigger_event.h,2357,DistributedCameraSinkMgr,['DistributedCameraSinkMgr'],False
interfaces/inner_kits/native_cpp/camera_source/include/distributed_camera_source_proxy.h,93,DistributedCameraSourceProxy,functionimpl,interfaces/inner_kits/native_cpp/camera_source/include/distributed_camera_source_proxy.h,1656,DistributedCameraSourceMgr,['DistributedCameraSourceMgr'],False
interfaces/inner_kits/native_cpp/camera_source/include/distributed_camera_source_proxy.h,93,impl,var,interfaces/inner_kits/native_cpp/camera_source/include/distributed_camera_source_proxy.h,1663,DistributedCameraSourceMgr,['DistributedCameraSourceMgr'],False
interfaces/inner_kits/native_cpp/camera_source/include/distributed_camera_source_proxy.h,93,delegator_,var,interfaces/inner_kits/native_cpp/camera_source/include/distributed_camera_source_proxy.h,1662,DistributedCameraSourceMgr,['DistributedCameraSourceMgr'],False
camera_hdf/interfaces/include/types.h,73,_DHBase,functionimpl,camera_hdf/interfaces/include/types.h,1380,VirtualCameraHdf,['VirtualCameraHdf'],False
camera_hdf/interfaces/include/types.h,73,deviceId,var,camera_hdf/interfaces/include/types.h,1408,VirtualCameraHdf,['VirtualCameraHdf'],False
camera_hdf/interfaces/include/types.h,73,dhId,var,camera_hdf/interfaces/include/types.h,1409,VirtualCameraHdf,['VirtualCameraHdf'],False
camera_hdf/interfaces/include/types.h,73,operator ==,functionimpl,camera_hdf/interfaces/include/types.h,1382,VirtualCameraHdf,['VirtualCameraHdf'],False
camera_hdf/interfaces/include/types.h,73,others,var,camera_hdf/interfaces/include/types.h,1410,VirtualCameraHdf,['VirtualCameraHdf'],False
camera_hdf/interfaces/include/types.h,73,operator <,functionimpl,camera_hdf/interfaces/include/types.h,1381,VirtualCameraHdf,['VirtualCameraHdf'],False
camera_hdf/interfaces/include/types.h,73,captureSettings_,var,camera_hdf/interfaces/include/types.h,1407,VirtualCameraHdf,['VirtualCameraHdf'],False
services/cameraservice/sinkservice/include/distributedcameramgr/eventbus/dcamera_photo_output_event.h,153,param_,var,services/cameraservice/sinkservice/include/distributedcameramgr/eventbus/dcamera_photo_output_event.h,2364,DistributedCameraSinkMgr,['DistributedCameraSinkMgr'],False
services/data_process/src/pipeline_node/multimedia_codec/encode_data_process.cpp,277,OnError,functionimpl,services/data_process/src/pipeline_node/multimedia_codec/encode_data_process.cpp,4465,CameraDataProcessCommon,['CameraDataProcessCommon'],False
services/cameraservice/sourceservice/include/distributedcameramgr/dcamera_source_dev.h,196,actualDevInfo_,var,services/cameraservice/sourceservice/include/distributedcameramgr/dcamera_source_dev.h,2847,DistributedCameraSourceMgr,['DistributedCameraSourceMgr'],False
camera_hdf/interfaces/hdi_ipc/client/operator/dstream_operator_callback_stub.cpp,40,OnRemoteRequest,functionimpl,camera_hdf/interfaces/hdi_ipc/client/operator/dstream_operator_callback_stub.cpp,893,VirtualCameraHdf,['VirtualCameraHdf'],False
camera_hdf/interfaces/hdi_ipc/client/operator/dstream_operator_callback_stub.cpp,40,code,var,camera_hdf/interfaces/hdi_ipc/client/operator/dstream_operator_callback_stub.cpp,895,VirtualCameraHdf,['VirtualCameraHdf'],False
camera_hdf/interfaces/hdi_ipc/client/operator/dstream_operator_callback_stub.cpp,40,ret,var,camera_hdf/interfaces/hdi_ipc/client/operator/dstream_operator_callback_stub.cpp,902,VirtualCameraHdf,['VirtualCameraHdf'],False
camera_hdf/interfaces/hdi_ipc/client/operator/dstream_operator_callback_stub.cpp,40,data,var,camera_hdf/interfaces/hdi_ipc/client/operator/dstream_operator_callback_stub.cpp,897,VirtualCameraHdf,['VirtualCameraHdf'],False
camera_hdf/interfaces/hdi_ipc/client/operator/dstream_operator_callback_stub.cpp,40,reply,var,camera_hdf/interfaces/hdi_ipc/client/operator/dstream_operator_callback_stub.cpp,901,VirtualCameraHdf,['VirtualCameraHdf'],False
camera_hdf/interfaces/hdi_ipc/client/operator/dstream_operator_callback_stub.cpp,40,option,var,camera_hdf/interfaces/hdi_ipc/client/operator/dstream_operator_callback_stub.cpp,899,VirtualCameraHdf,['VirtualCameraHdf'],False
camera_hdf/interfaces/hdi_ipc/client/operator/dstream_operator_callback_stub.cpp,40,OnCaptureStartedStub,functionimpl,camera_hdf/interfaces/hdi_ipc/client/operator/dstream_operator_callback_stub.cpp,891,VirtualCameraHdf,['VirtualCameraHdf'],False
camera_hdf/interfaces/hdi_ipc/client/operator/dstream_operator_callback_stub.cpp,40,captureId,var,camera_hdf/interfaces/hdi_ipc/client/operator/dstream_operator_callback_stub.cpp,894,VirtualCameraHdf,['VirtualCameraHdf'],False
camera_hdf/interfaces/hdi_ipc/client/operator/dstream_operator_callback_stub.cpp,40,OnCaptureEndedStub,functionimpl,camera_hdf/interfaces/hdi_ipc/client/operator/dstream_operator_callback_stub.cpp,889,VirtualCameraHdf,['VirtualCameraHdf'],False
camera_hdf/interfaces/hdi_ipc/client/operator/dstream_operator_callback_stub.cpp,40,i,var,camera_hdf/interfaces/hdi_ipc/client/operator/dstream_operator_callback_stub.cpp,898,VirtualCameraHdf,['VirtualCameraHdf'],False
camera_hdf/interfaces/hdi_ipc/client/operator/dstream_operator_callback_stub.cpp,40,count,var,camera_hdf/interfaces/hdi_ipc/client/operator/dstream_operator_callback_stub.cpp,896,VirtualCameraHdf,['VirtualCameraHdf'],False
camera_hdf/interfaces/hdi_ipc/client/operator/dstream_operator_callback_stub.cpp,40,pInfo,var,camera_hdf/interfaces/hdi_ipc/client/operator/dstream_operator_callback_stub.cpp,900,VirtualCameraHdf,['VirtualCameraHdf'],False
camera_hdf/interfaces/hdi_ipc/client/operator/dstream_operator_callback_stub.cpp,40,OnCaptureErrorStub,functionimpl,camera_hdf/interfaces/hdi_ipc/client/operator/dstream_operator_callback_stub.cpp,890,VirtualCameraHdf,['VirtualCameraHdf'],False
camera_hdf/interfaces/hdi_ipc/client/operator/dstream_operator_callback_stub.cpp,40,OnFrameShutterStub,functionimpl,camera_hdf/interfaces/hdi_ipc/client/operator/dstream_operator_callback_stub.cpp,892,VirtualCameraHdf,['VirtualCameraHdf'],False
camera_hdf/interfaces/hdi_ipc/client/operator/dstream_operator_callback_stub.cpp,40,timestamp,var,camera_hdf/interfaces/hdi_ipc/client/operator/dstream_operator_callback_stub.cpp,903,VirtualCameraHdf,['VirtualCameraHdf'],False
camera_hdf/hdi_impl/src/dcamera_provider/dcamera_provider.cpp,14,dhBase,var,camera_hdf/hdi_impl/src/dcamera_provider/dcamera_provider.cpp,446,VirtualCameraHdf,['VirtualCameraHdf'],False
camera_hdf/hdi_impl/src/dcamera_provider/dcamera_provider.cpp,14,abilityInfo,var,camera_hdf/hdi_impl/src/dcamera_provider/dcamera_provider.cpp,442,VirtualCameraHdf,['VirtualCameraHdf'],False
camera_hdf/hdi_impl/src/dcamera_provider/dcamera_provider.cpp,14,callback,var,camera_hdf/hdi_impl/src/dcamera_provider/dcamera_provider.cpp,444,VirtualCameraHdf,['VirtualCameraHdf'],False
camera_hdf/hdi_impl/src/dcamera_provider/dcamera_provider.cpp,14,ret,var,camera_hdf/hdi_impl/src/dcamera_provider/dcamera_provider.cpp,453,VirtualCameraHdf,['VirtualCameraHdf'],False
camera_hdf/hdi_impl/src/dcamera_provider/dcamera_provider.cpp,14,streamId,var,camera_hdf/hdi_impl/src/dcamera_provider/dcamera_provider.cpp,455,VirtualCameraHdf,['VirtualCameraHdf'],False
camera_hdf/hdi_impl/src/dcamera_provider/dcamera_provider.cpp,14,buffer,var,camera_hdf/hdi_impl/src/dcamera_provider/dcamera_provider.cpp,443,VirtualCameraHdf,['VirtualCameraHdf'],False
camera_hdf/hdi_impl/src/dcamera_provider/dcamera_provider.cpp,14,result,var,camera_hdf/hdi_impl/src/dcamera_provider/dcamera_provider.cpp,452,VirtualCameraHdf,['VirtualCameraHdf'],False
camera_hdf/hdi_impl/src/dcamera_provider/dcamera_provider.cpp,14,event,var,camera_hdf/hdi_impl/src/dcamera_provider/dcamera_provider.cpp,447,VirtualCameraHdf,['VirtualCameraHdf'],False
camera_hdf/hdi_impl/src/dcamera_provider/dcamera_provider.cpp,14,streamInfos,var,camera_hdf/hdi_impl/src/dcamera_provider/dcamera_provider.cpp,457,VirtualCameraHdf,['VirtualCameraHdf'],False
camera_hdf/hdi_impl/src/dcamera_provider/dcamera_provider.cpp,14,info,var,camera_hdf/hdi_impl/src/dcamera_provider/dcamera_provider.cpp,450,VirtualCameraHdf,['VirtualCameraHdf'],False
camera_hdf/hdi_impl/src/dcamera_provider/dcamera_provider.cpp,14,streamIds,var,camera_hdf/hdi_impl/src/dcamera_provider/dcamera_provider.cpp,456,VirtualCameraHdf,['VirtualCameraHdf'],False
camera_hdf/hdi_impl/src/dcamera_provider/dcamera_provider.cpp,14,idString,var,camera_hdf/hdi_impl/src/dcamera_provider/dcamera_provider.cpp,449,VirtualCameraHdf,['VirtualCameraHdf'],False
camera_hdf/hdi_impl/src/dcamera_provider/dcamera_provider.cpp,14,id,var,camera_hdf/hdi_impl/src/dcamera_provider/dcamera_provider.cpp,448,VirtualCameraHdf,['VirtualCameraHdf'],False
camera_hdf/hdi_impl/src/dcamera_provider/dcamera_provider.cpp,14,captureInfos,var,camera_hdf/hdi_impl/src/dcamera_provider/dcamera_provider.cpp,445,VirtualCameraHdf,['VirtualCameraHdf'],False
camera_hdf/hdi_impl/src/dcamera_provider/dcamera_provider.cpp,14,settings,var,camera_hdf/hdi_impl/src/dcamera_provider/dcamera_provider.cpp,454,VirtualCameraHdf,['VirtualCameraHdf'],False
camera_hdf/interfaces/hdi_ipc/client/operator/dstream_operator_callback_stub.cpp,40,dstream_operator_callback_stub,file,camera_hdf/interfaces/hdi_ipc/client/operator/dstream_operator_callback_stub.cpp,888,VirtualCameraHdf,['VirtualCameraHdf'],False
camera_hdf/interfaces/hdi_ipc/client/operator/dstream_operator_callback_stub.h,41,OnRemoteRequest,functionproto,camera_hdf/interfaces/hdi_ipc/client/operator/dstream_operator_callback_stub.h,909,VirtualCameraHdf,['VirtualCameraHdf'],False
camera_hdf/interfaces/hdi_ipc/client/operator/dstream_operator_callback_stub.h,41,OnCaptureStartedStub,functionproto,camera_hdf/interfaces/hdi_ipc/client/operator/dstream_operator_callback_stub.h,907,VirtualCameraHdf,['VirtualCameraHdf'],False
camera_hdf/interfaces/hdi_ipc/client/operator/dstream_operator_callback_stub.h,41,OnCaptureEndedStub,functionproto,camera_hdf/interfaces/hdi_ipc/client/operator/dstream_operator_callback_stub.h,905,VirtualCameraHdf,['VirtualCameraHdf'],False
camera_hdf/interfaces/hdi_ipc/client/operator/dstream_operator_callback_stub.h,41,OnCaptureErrorStub,functionproto,camera_hdf/interfaces/hdi_ipc/client/operator/dstream_operator_callback_stub.h,906,VirtualCameraHdf,['VirtualCameraHdf'],False
camera_hdf/interfaces/hdi_ipc/client/operator/dstream_operator_callback_stub.h,41,OnFrameShutterStub,functionproto,camera_hdf/interfaces/hdi_ipc/client/operator/dstream_operator_callback_stub.h,908,VirtualCameraHdf,['VirtualCameraHdf'],False
services/data_process/src/pipeline_node/multimedia_codec/encode_video_callback.cpp,279,OnError,functionimpl,services/data_process/src/pipeline_node/multimedia_codec/encode_video_callback.cpp,4552,CameraDataProcessCommon,['CameraDataProcessCommon'],False
services/data_process/src/pipeline_node/multimedia_codec/encode_video_callback.cpp,279,errorType,var,services/data_process/src/pipeline_node/multimedia_codec/encode_video_callback.cpp,4557,CameraDataProcessCommon,['CameraDataProcessCommon'],False
services/data_process/src/pipeline_node/multimedia_codec/encode_video_callback.cpp,279,errorCode,var,services/data_process/src/pipeline_node/multimedia_codec/encode_video_callback.cpp,4556,CameraDataProcessCommon,['CameraDataProcessCommon'],False
services/data_process/src/pipeline_node/multimedia_codec/encode_video_callback.cpp,279,OnInputBufferAvailable,functionimpl,services/data_process/src/pipeline_node/multimedia_codec/encode_video_callback.cpp,4553,CameraDataProcessCommon,['CameraDataProcessCommon'],False
services/data_process/src/pipeline_node/multimedia_codec/encode_video_callback.cpp,279,index,var,services/data_process/src/pipeline_node/multimedia_codec/encode_video_callback.cpp,4560,CameraDataProcessCommon,['CameraDataProcessCommon'],False
services/data_process/src/pipeline_node/multimedia_codec/encode_video_callback.cpp,279,OnOutputFormatChanged,functionimpl,services/data_process/src/pipeline_node/multimedia_codec/encode_video_callback.cpp,4555,CameraDataProcessCommon,['CameraDataProcessCommon'],False
services/data_process/src/pipeline_node/multimedia_codec/encode_video_callback.cpp,279,format,var,services/data_process/src/pipeline_node/multimedia_codec/encode_video_callback.cpp,4559,CameraDataProcessCommon,['CameraDataProcessCommon'],False
services/data_process/src/pipeline_node/multimedia_codec/encode_video_callback.cpp,279,OnOutputBufferAvailable,functionimpl,services/data_process/src/pipeline_node/multimedia_codec/encode_video_callback.cpp,4554,CameraDataProcessCommon,['CameraDataProcessCommon'],False
services/data_process/src/pipeline_node/multimedia_codec/encode_video_callback.cpp,279,info,var,services/data_process/src/pipeline_node/multimedia_codec/encode_video_callback.cpp,4561,CameraDataProcessCommon,['CameraDataProcessCommon'],False
services/data_process/src/pipeline_node/multimedia_codec/encode_video_callback.cpp,279,flag,var,services/data_process/src/pipeline_node/multimedia_codec/encode_video_callback.cpp,4558,CameraDataProcessCommon,['CameraDataProcessCommon'],False
camera_hdf/hdi_impl/include/utils/constants.h,9,BUFFER_QUEUE_SIZE,var,camera_hdf/hdi_impl/include/utils/constants.h,222,VirtualCameraHdf,['VirtualCameraHdf'],False
camera_hdf/hdi_impl/include/utils/constants.h,9,YUV_WIDTH_RATIO,var,camera_hdf/hdi_impl/include/utils/constants.h,247,VirtualCameraHdf,['VirtualCameraHdf'],False
camera_hdf/hdi_impl/include/utils/constants.h,9,YUV_HEIGHT_RATIO,var,camera_hdf/hdi_impl/include/utils/constants.h,246,VirtualCameraHdf,['VirtualCameraHdf'],False
services/data_process/src/pipeline_node/multimedia_codec/decode_video_callback.cpp,276,errorType,var,services/data_process/src/pipeline_node/multimedia_codec/decode_video_callback.cpp,4446,CameraDataProcessCommon,['CameraDataProcessCommon'],False
services/data_process/src/pipeline_node/multimedia_codec/decode_video_callback.cpp,276,errorCode,var,services/data_process/src/pipeline_node/multimedia_codec/decode_video_callback.cpp,4445,CameraDataProcessCommon,['CameraDataProcessCommon'],False
services/data_process/src/pipeline_node/multimedia_codec/decode_video_callback.cpp,276,index,var,services/data_process/src/pipeline_node/multimedia_codec/decode_video_callback.cpp,4449,CameraDataProcessCommon,['CameraDataProcessCommon'],False
services/data_process/src/pipeline_node/multimedia_codec/decode_video_callback.cpp,276,format,var,services/data_process/src/pipeline_node/multimedia_codec/decode_video_callback.cpp,4448,CameraDataProcessCommon,['CameraDataProcessCommon'],False
services/data_process/src/pipeline_node/multimedia_codec/decode_video_callback.cpp,276,info,var,services/data_process/src/pipeline_node/multimedia_codec/decode_video_callback.cpp,4450,CameraDataProcessCommon,['CameraDataProcessCommon'],False
services/data_process/src/pipeline_node/multimedia_codec/decode_video_callback.cpp,276,flag,var,services/data_process/src/pipeline_node/multimedia_codec/decode_video_callback.cpp,4447,CameraDataProcessCommon,['CameraDataProcessCommon'],False
services/data_process/src/pipeline_node/multimedia_codec/encode_data_process.cpp,277,~EncodeDataProcess,functionimpl,services/data_process/src/pipeline_node/multimedia_codec/encode_data_process.cpp,4471,CameraDataProcessCommon,['CameraDataProcessCommon'],False
services/data_process/src/pipeline_node/multimedia_codec/encode_data_process.cpp,277,InitNode,functionimpl,services/data_process/src/pipeline_node/multimedia_codec/encode_data_process.cpp,4462,CameraDataProcessCommon,['CameraDataProcessCommon'],False
services/data_process/src/pipeline_node/multimedia_codec/encode_data_process.cpp,277,IsInEncoderRange,functionimpl,services/data_process/src/pipeline_node/multimedia_codec/encode_data_process.cpp,4464,CameraDataProcessCommon,['CameraDataProcessCommon'],False
services/data_process/src/pipeline_node/multimedia_codec/encode_data_process.cpp,277,IsConvertible,functionimpl,services/data_process/src/pipeline_node/multimedia_codec/encode_data_process.cpp,4463,CameraDataProcessCommon,['CameraDataProcessCommon'],False
services/data_process/src/pipeline_node/multimedia_codec/encode_data_process.cpp,277,InitEncoder,functionimpl,services/data_process/src/pipeline_node/multimedia_codec/encode_data_process.cpp,4459,CameraDataProcessCommon,['CameraDataProcessCommon'],False
services/data_process/src/pipeline_node/multimedia_codec/encode_data_process.cpp,277,InitEncoderMetadataFormat,functionimpl,services/data_process/src/pipeline_node/multimedia_codec/encode_data_process.cpp,4461,CameraDataProcessCommon,['CameraDataProcessCommon'],False
services/data_process/src/pipeline_node/multimedia_codec/encode_data_process.cpp,277,InitEncoderBitrateFormat,functionimpl,services/data_process/src/pipeline_node/multimedia_codec/encode_data_process.cpp,4460,CameraDataProcessCommon,['CameraDataProcessCommon'],False
services/data_process/src/pipeline_node/multimedia_codec/encode_data_process.cpp,277,ReleaseProcessNode,functionimpl,services/data_process/src/pipeline_node/multimedia_codec/encode_data_process.cpp,4470,CameraDataProcessCommon,['CameraDataProcessCommon'],False
services/data_process/src/pipeline_node/multimedia_codec/encode_data_process.cpp,277,ProcessData,functionimpl,services/data_process/src/pipeline_node/multimedia_codec/encode_data_process.cpp,4469,CameraDataProcessCommon,['CameraDataProcessCommon'],False
services/data_process/src/pipeline_node/multimedia_codec/encode_data_process.cpp,277,FeedEncoderInputBuffer,functionimpl,services/data_process/src/pipeline_node/multimedia_codec/encode_data_process.cpp,4453,CameraDataProcessCommon,['CameraDataProcessCommon'],False
services/data_process/src/pipeline_node/multimedia_codec/encode_data_process.cpp,277,GetEncoderInputSurfaceBuffer,functionimpl,services/data_process/src/pipeline_node/multimedia_codec/encode_data_process.cpp,4454,CameraDataProcessCommon,['CameraDataProcessCommon'],False
services/data_process/src/pipeline_node/multimedia_codec/encode_data_process.cpp,277,EncodeDone,functionimpl,services/data_process/src/pipeline_node/multimedia_codec/encode_data_process.cpp,4452,CameraDataProcessCommon,['CameraDataProcessCommon'],False
services/data_process/src/pipeline_node/multimedia_codec/encode_data_process.cpp,277,OnInputBufferAvailable,functionimpl,services/data_process/src/pipeline_node/multimedia_codec/encode_data_process.cpp,4466,CameraDataProcessCommon,['CameraDataProcessCommon'],False
services/data_process/src/pipeline_node/multimedia_codec/encode_data_process.cpp,277,OnOutputFormatChanged,functionimpl,services/data_process/src/pipeline_node/multimedia_codec/encode_data_process.cpp,4468,CameraDataProcessCommon,['CameraDataProcessCommon'],False
services/data_process/src/pipeline_node/multimedia_codec/encode_data_process.cpp,277,OnOutputBufferAvailable,functionimpl,services/data_process/src/pipeline_node/multimedia_codec/encode_data_process.cpp,4467,CameraDataProcessCommon,['CameraDataProcessCommon'],False
services/data_process/src/pipeline_node/multimedia_codec/encode_data_process.cpp,277,GetSourceConfig,functionimpl,services/data_process/src/pipeline_node/multimedia_codec/encode_data_process.cpp,4457,CameraDataProcessCommon,['CameraDataProcessCommon'],False
services/data_process/src/pipeline_node/multimedia_codec/encode_data_process.cpp,277,GetTargetConfig,functionimpl,services/data_process/src/pipeline_node/multimedia_codec/encode_data_process.cpp,4458,CameraDataProcessCommon,['CameraDataProcessCommon'],False
camera_hdf/hdi_impl/include/dcamera_device/dcamera_device.h,0,dCameraProviderCallback_,var,camera_hdf/hdi_impl/include/dcamera_device/dcamera_device.h,25,VirtualCameraHdf,['VirtualCameraHdf'],False
camera_hdf/hdi_impl/include/dcamera_device/dcamera_device.h,0,dhBase_,var,camera_hdf/hdi_impl/include/dcamera_device/dcamera_device.h,28,VirtualCameraHdf,['VirtualCameraHdf'],False
services/cameraservice/sourceservice/include/distributedcameramgr/dcamera_source_dev.h,196,hdiCallback_,var,services/cameraservice/sourceservice/include/distributedcameramgr/dcamera_source_dev.h,2850,DistributedCameraSourceMgr,['DistributedCameraSourceMgr'],False
services/cameraservice/sourceservice/include/distributedcameramgr/dcamera_source_dev.h,196,eventResultMap_,var,services/cameraservice/sourceservice/include/distributedcameramgr/dcamera_source_dev.h,2849,DistributedCameraSourceMgr,['DistributedCameraSourceMgr'],False
common/include/constants/distributed_camera_constants.h,74,DCameraEventResult,alias,common/include/constants/distributed_camera_constants.h,1411,utils,['utils'],False
camera_hdf/hdi_impl/include/dcamera_device/dmetadata_processor.h,1,operator =,functionimpl,camera_hdf/hdi_impl/include/dcamera_device/dmetadata_processor.h,31,VirtualCameraHdf,['VirtualCameraHdf'],False
camera_hdf/hdi_impl/include/dcamera_device/dmetadata_processor.h,1,DMetadataProcessor,functionimpl,camera_hdf/hdi_impl/include/dcamera_device/dmetadata_processor.h,30,VirtualCameraHdf,['VirtualCameraHdf'],False
services/data_process/src/pipeline_node/multimedia_codec/encode_video_callback.cpp,279,encode_video_callback,file,services/data_process/src/pipeline_node/multimedia_codec/encode_video_callback.cpp,4551,CameraDataProcessCommon,['CameraDataProcessCommon'],False
services/data_process/include/pipeline_node/multimedia_codec/encode_video_callback.h,267,OnError,functionproto,services/data_process/include/pipeline_node/multimedia_codec/encode_video_callback.h,4096,CameraDataProcessCommon,['CameraDataProcessCommon'],False
services/data_process/include/pipeline_node/multimedia_codec/encode_video_callback.h,267,OnInputBufferAvailable,functionproto,services/data_process/include/pipeline_node/multimedia_codec/encode_video_callback.h,4097,CameraDataProcessCommon,['CameraDataProcessCommon'],False
services/data_process/include/pipeline_node/multimedia_codec/encode_video_callback.h,267,OnOutputFormatChanged,functionproto,services/data_process/include/pipeline_node/multimedia_codec/encode_video_callback.h,4099,CameraDataProcessCommon,['CameraDataProcessCommon'],False
services/data_process/include/pipeline_node/multimedia_codec/encode_video_callback.h,267,OnOutputBufferAvailable,functionproto,services/data_process/include/pipeline_node/multimedia_codec/encode_video_callback.h,4098,CameraDataProcessCommon,['CameraDataProcessCommon'],False
services/data_process/src/pipeline_node/multimedia_codec/encode_data_process.cpp,277,err,var,services/data_process/src/pipeline_node/multimedia_codec/encode_data_process.cpp,4475,CameraDataProcessCommon,['CameraDataProcessCommon'],False
services/data_process/src/pipeline_node/multimedia_codec/encode_data_process.cpp,277,curConfig,var,services/data_process/src/pipeline_node/multimedia_codec/encode_data_process.cpp,4474,CameraDataProcessCommon,['CameraDataProcessCommon'],False
services/data_process/src/pipeline_node/multimedia_codec/encode_data_process.cpp,277,sourceConfig,var,services/data_process/src/pipeline_node/multimedia_codec/encode_data_process.cpp,4498,CameraDataProcessCommon,['CameraDataProcessCommon'],False
services/data_process/src/pipeline_node/multimedia_codec/encode_data_process.cpp,277,targetConfig,var,services/data_process/src/pipeline_node/multimedia_codec/encode_data_process.cpp,4499,CameraDataProcessCommon,['CameraDataProcessCommon'],False
services/data_process/src/pipeline_node/multimedia_codec/encode_data_process.cpp,277,retVal,var,services/data_process/src/pipeline_node/multimedia_codec/encode_data_process.cpp,4496,CameraDataProcessCommon,['CameraDataProcessCommon'],False
services/data_process/src/pipeline_node/multimedia_codec/encode_data_process.cpp,277,pixelformat,var,services/data_process/src/pipeline_node/multimedia_codec/encode_data_process.cpp,4492,CameraDataProcessCommon,['CameraDataProcessCommon'],False
services/data_process/src/pipeline_node/multimedia_codec/encode_data_process.cpp,277,it,var,services/data_process/src/pipeline_node/multimedia_codec/encode_data_process.cpp,4485,CameraDataProcessCommon,['CameraDataProcessCommon'],False
services/data_process/src/pipeline_node/multimedia_codec/encode_data_process.cpp,277,pixelformatDiff,var,services/data_process/src/pipeline_node/multimedia_codec/encode_data_process.cpp,4493,CameraDataProcessCommon,['CameraDataProcessCommon'],False
services/data_process/src/pipeline_node/multimedia_codec/encode_data_process.cpp,277,matchedBitrate,var,services/data_process/src/pipeline_node/multimedia_codec/encode_data_process.cpp,4486,CameraDataProcessCommon,['CameraDataProcessCommon'],False
services/data_process/src/pipeline_node/multimedia_codec/encode_data_process.cpp,277,minPixelformatDiff,var,services/data_process/src/pipeline_node/multimedia_codec/encode_data_process.cpp,4487,CameraDataProcessCommon,['CameraDataProcessCommon'],False
services/data_process/src/pipeline_node/multimedia_codec/encode_data_process.cpp,277,inputBuffers,var,services/data_process/src/pipeline_node/multimedia_codec/encode_data_process.cpp,4484,CameraDataProcessCommon,['CameraDataProcessCommon'],False
services/data_process/src/pipeline_node/multimedia_codec/encode_data_process.cpp,277,inputBuffer,var,services/data_process/src/pipeline_node/multimedia_codec/encode_data_process.cpp,4483,CameraDataProcessCommon,['CameraDataProcessCommon'],False
services/data_process/src/pipeline_node/multimedia_codec/encode_data_process.cpp,277,addr,var,services/data_process/src/pipeline_node/multimedia_codec/encode_data_process.cpp,4473,CameraDataProcessCommon,['CameraDataProcessCommon'],False
services/data_process/src/pipeline_node/multimedia_codec/encode_data_process.cpp,277,size,var,services/data_process/src/pipeline_node/multimedia_codec/encode_data_process.cpp,4497,CameraDataProcessCommon,['CameraDataProcessCommon'],False
services/data_process/src/pipeline_node/multimedia_codec/encode_data_process.cpp,277,flushConfig,var,services/data_process/src/pipeline_node/multimedia_codec/encode_data_process.cpp,4478,CameraDataProcessCommon,['CameraDataProcessCommon'],False
services/data_process/src/pipeline_node/multimedia_codec/encode_data_process.cpp,277,ret,var,services/data_process/src/pipeline_node/multimedia_codec/encode_data_process.cpp,4495,CameraDataProcessCommon,['CameraDataProcessCommon'],False
services/data_process/src/pipeline_node/multimedia_codec/encode_data_process.cpp,277,requestConfig,var,services/data_process/src/pipeline_node/multimedia_codec/encode_data_process.cpp,4494,CameraDataProcessCommon,['CameraDataProcessCommon'],False
services/data_process/src/pipeline_node/multimedia_codec/encode_data_process.cpp,277,flushFence,var,services/data_process/src/pipeline_node/multimedia_codec/encode_data_process.cpp,4479,CameraDataProcessCommon,['CameraDataProcessCommon'],False
services/data_process/src/pipeline_node/multimedia_codec/encode_data_process.cpp,277,nsPerUs,var,services/data_process/src/pipeline_node/multimedia_codec/encode_data_process.cpp,4489,CameraDataProcessCommon,['CameraDataProcessCommon'],False
services/data_process/src/pipeline_node/multimedia_codec/encode_data_process.cpp,277,nowTimeUs,var,services/data_process/src/pipeline_node/multimedia_codec/encode_data_process.cpp,4488,CameraDataProcessCommon,['CameraDataProcessCommon'],False
services/data_process/src/pipeline_node/multimedia_codec/encode_data_process.cpp,277,TimeDifferenceStampUs,var,services/data_process/src/pipeline_node/multimedia_codec/encode_data_process.cpp,4472,CameraDataProcessCommon,['CameraDataProcessCommon'],False
services/data_process/src/pipeline_node/multimedia_codec/encode_data_process.cpp,277,index,var,services/data_process/src/pipeline_node/multimedia_codec/encode_data_process.cpp,4481,CameraDataProcessCommon,['CameraDataProcessCommon'],False
services/data_process/src/pipeline_node/multimedia_codec/encode_data_process.cpp,277,info,var,services/data_process/src/pipeline_node/multimedia_codec/encode_data_process.cpp,4482,CameraDataProcessCommon,['CameraDataProcessCommon'],False
services/data_process/src/pipeline_node/multimedia_codec/encode_data_process.cpp,277,outputMemoDataSize,var,services/data_process/src/pipeline_node/multimedia_codec/encode_data_process.cpp,4491,CameraDataProcessCommon,['CameraDataProcessCommon'],False
services/data_process/src/pipeline_node/multimedia_codec/encode_data_process.cpp,277,outputBuffers,var,services/data_process/src/pipeline_node/multimedia_codec/encode_data_process.cpp,4490,CameraDataProcessCommon,['CameraDataProcessCommon'],False
services/data_process/src/pipeline_node/multimedia_codec/encode_data_process.cpp,277,format,var,services/data_process/src/pipeline_node/multimedia_codec/encode_data_process.cpp,4480,CameraDataProcessCommon,['CameraDataProcessCommon'],False
services/data_process/src/pipeline_node/multimedia_codec/encode_data_process.cpp,277,flag,var,services/data_process/src/pipeline_node/multimedia_codec/encode_data_process.cpp,4477,CameraDataProcessCommon,['CameraDataProcessCommon'],False
services/data_process/src/pipeline_node/multimedia_codec/encode_data_process.cpp,277,errRelease,var,services/data_process/src/pipeline_node/multimedia_codec/encode_data_process.cpp,4476,CameraDataProcessCommon,['CameraDataProcessCommon'],False
services/cameraservice/cameraoperator/client/include/listener/dcamera_photo_surface_listener.h,123,callback_,var,services/cameraservice/cameraoperator/client/include/listener/dcamera_photo_surface_listener.h,1956,utils,['utils'],False
camera_hdf/interfaces/hdi_ipc/client/operator/doffline_stream_operator_proxy.h,37,DOfflineStreamOperatorProxy,functionimpl,camera_hdf/interfaces/hdi_ipc/client/operator/doffline_stream_operator_proxy.h,871,VirtualCameraHdf,['VirtualCameraHdf'],False
camera_hdf/interfaces/hdi_ipc/client/operator/doffline_stream_operator_proxy.h,37,impl,var,camera_hdf/interfaces/hdi_ipc/client/operator/doffline_stream_operator_proxy.h,876,VirtualCameraHdf,['VirtualCameraHdf'],False
camera_hdf/interfaces/hdi_ipc/client/operator/doffline_stream_operator_proxy.h,37,delegator_,var,camera_hdf/interfaces/hdi_ipc/client/operator/doffline_stream_operator_proxy.h,875,VirtualCameraHdf,['VirtualCameraHdf'],False
camera_hdf/interfaces/hdi_ipc/config/host/dcamera_host_config.cpp,50,HdfDCameraService,type,camera_hdf/interfaces/hdi_ipc/config/host/dcamera_host_config.cpp,1050,VirtualCameraHdf,['VirtualCameraHdf'],False
camera_hdf/interfaces/hdi_ipc/config/host/dcamera_host_config.cpp,50,HdfDCameraHostDriverInit,functionimpl,camera_hdf/interfaces/hdi_ipc/config/host/dcamera_host_config.cpp,1048,VirtualCameraHdf,['VirtualCameraHdf'],False
camera_hdf/interfaces/hdi_ipc/config/host/dcamera_host_config.cpp,50,HdfDCameraHostDriverRelease,functionimpl,camera_hdf/interfaces/hdi_ipc/config/host/dcamera_host_config.cpp,1049,VirtualCameraHdf,['VirtualCameraHdf'],False
camera_hdf/interfaces/hdi_ipc/config/host/dcamera_host_config.cpp,50,client,var,camera_hdf/interfaces/hdi_ipc/config/host/dcamera_host_config.cpp,1051,VirtualCameraHdf,['VirtualCameraHdf'],False
camera_hdf/interfaces/hdi_ipc/config/host/dcamera_host_config.cpp,50,service,var,camera_hdf/interfaces/hdi_ipc/config/host/dcamera_host_config.cpp,1056,VirtualCameraHdf,['VirtualCameraHdf'],False
camera_hdf/interfaces/hdi_ipc/config/host/dcamera_host_config.cpp,50,cmdId,var,camera_hdf/interfaces/hdi_ipc/config/host/dcamera_host_config.cpp,1052,VirtualCameraHdf,['VirtualCameraHdf'],False
camera_hdf/interfaces/hdi_ipc/config/host/dcamera_host_config.cpp,50,data,var,camera_hdf/interfaces/hdi_ipc/config/host/dcamera_host_config.cpp,1053,VirtualCameraHdf,['VirtualCameraHdf'],False
camera_hdf/interfaces/hdi_ipc/config/host/dcamera_host_config.cpp,50,reply,var,camera_hdf/interfaces/hdi_ipc/config/host/dcamera_host_config.cpp,1055,VirtualCameraHdf,['VirtualCameraHdf'],False
camera_hdf/interfaces/hdi_ipc/config/host/dcamera_host_config.cpp,50,deviceObject,var,camera_hdf/interfaces/hdi_ipc/config/host/dcamera_host_config.cpp,1054,VirtualCameraHdf,['VirtualCameraHdf'],False
services/cameraservice/sinkservice/include/distributedcameramgr/eventbus/dcamera_photo_output_event.h,153,DCameraPhotoOutputEvent,functionproto,services/cameraservice/sinkservice/include/distributedcameramgr/eventbus/dcamera_photo_output_event.h,2361,DistributedCameraSinkMgr,['DistributedCameraSinkMgr'],False
services/cameraservice/sourceservice/include/distributedcameramgr/dcamerastate/dcamera_source_state_machine.h,218,DCameraSourceStateMachine,functionproto,services/cameraservice/sourceservice/include/distributedcameramgr/dcamerastate/dcamera_source_state_machine.h,3110,DistributedCameraSourceMgr,['DistributedCameraSourceMgr'],False
services/cameraservice/sourceservice/include/distributedcameramgr/dcamerastate/dcamera_source_state_machine.h,218,~DCameraSourceStateMachine,functionproto,services/cameraservice/sourceservice/include/distributedcameramgr/dcamerastate/dcamera_source_state_machine.h,3113,DistributedCameraSourceMgr,['DistributedCameraSourceMgr'],False
services/cameraservice/sourceservice/include/distributedcameramgr/dcamerastate/dcamera_source_state_machine.h,218,Execute,functionproto,services/cameraservice/sourceservice/include/distributedcameramgr/dcamerastate/dcamera_source_state_machine.h,3111,DistributedCameraSourceMgr,['DistributedCameraSourceMgr'],False
camera_hdf/hdi_impl/include/dstream_operator/dbuffer_manager.h,4,NotifyStop,functionproto,camera_hdf/hdi_impl/include/dstream_operator/dbuffer_manager.h,103,VirtualCameraHdf,['VirtualCameraHdf'],False
camera_hdf/hdi_impl/include/dstream_operator/dbuffer_manager.h,4,CameraUsageToGrallocUsage,functionproto,camera_hdf/hdi_impl/include/dstream_operator/dbuffer_manager.h,101,VirtualCameraHdf,['VirtualCameraHdf'],False
services/cameraservice/cameraoperator/client/include/callback/dcamera_input_callback.h,115,DCameraInputCallback,functionproto,services/cameraservice/cameraoperator/client/include/callback/dcamera_input_callback.h,1890,utils,['utils'],False
services/cameraservice/cameraoperator/client/include/callback/dcamera_input_callback.h,115,OnError,functionproto,services/cameraservice/cameraoperator/client/include/callback/dcamera_input_callback.h,1891,utils,['utils'],False
services/data_process/src/pipeline_node/multimedia_codec/encode_data_process_common.cpp,278,err,var,services/data_process/src/pipeline_node/multimedia_codec/encode_data_process_common.cpp,4524,CameraDataProcessCommon,['CameraDataProcessCommon'],False
services/data_process/src/pipeline_node/multimedia_codec/encode_data_process_common.cpp,278,curConfig,var,services/data_process/src/pipeline_node/multimedia_codec/encode_data_process_common.cpp,4523,CameraDataProcessCommon,['CameraDataProcessCommon'],False
services/data_process/src/pipeline_node/multimedia_codec/encode_data_process_common.cpp,278,sourceConfig,var,services/data_process/src/pipeline_node/multimedia_codec/encode_data_process_common.cpp,4548,CameraDataProcessCommon,['CameraDataProcessCommon'],False
services/data_process/src/pipeline_node/multimedia_codec/encode_data_process_common.cpp,278,targetConfig,var,services/data_process/src/pipeline_node/multimedia_codec/encode_data_process_common.cpp,4549,CameraDataProcessCommon,['CameraDataProcessCommon'],False
services/data_process/src/pipeline_node/multimedia_codec/encode_data_process_common.cpp,278,retVal,var,services/data_process/src/pipeline_node/multimedia_codec/encode_data_process_common.cpp,4546,CameraDataProcessCommon,['CameraDataProcessCommon'],False
services/data_process/src/pipeline_node/multimedia_codec/encode_data_process_common.cpp,278,width,var,services/data_process/src/pipeline_node/multimedia_codec/encode_data_process_common.cpp,4550,CameraDataProcessCommon,['CameraDataProcessCommon'],False
services/data_process/src/pipeline_node/multimedia_codec/encode_data_process_common.cpp,278,height,var,services/data_process/src/pipeline_node/multimedia_codec/encode_data_process_common.cpp,4530,CameraDataProcessCommon,['CameraDataProcessCommon'],False
services/data_process/src/pipeline_node/multimedia_codec/encode_data_process_common.cpp,278,pixelformat,var,services/data_process/src/pipeline_node/multimedia_codec/encode_data_process_common.cpp,4542,CameraDataProcessCommon,['CameraDataProcessCommon'],False
services/data_process/src/pipeline_node/multimedia_codec/encode_data_process_common.cpp,278,it,var,services/data_process/src/pipeline_node/multimedia_codec/encode_data_process_common.cpp,4535,CameraDataProcessCommon,['CameraDataProcessCommon'],False
services/data_process/src/pipeline_node/multimedia_codec/encode_data_process_common.cpp,278,pixelformatDiff,var,services/data_process/src/pipeline_node/multimedia_codec/encode_data_process_common.cpp,4543,CameraDataProcessCommon,['CameraDataProcessCommon'],False
services/data_process/src/pipeline_node/multimedia_codec/encode_data_process_common.cpp,278,matchedBitrate,var,services/data_process/src/pipeline_node/multimedia_codec/encode_data_process_common.cpp,4536,CameraDataProcessCommon,['CameraDataProcessCommon'],False
services/data_process/src/pipeline_node/multimedia_codec/encode_data_process_common.cpp,278,minPixelformatDiff,var,services/data_process/src/pipeline_node/multimedia_codec/encode_data_process_common.cpp,4537,CameraDataProcessCommon,['CameraDataProcessCommon'],False
services/data_process/src/pipeline_node/multimedia_codec/encode_data_process_common.cpp,278,inputBuffers,var,services/data_process/src/pipeline_node/multimedia_codec/encode_data_process_common.cpp,4534,CameraDataProcessCommon,['CameraDataProcessCommon'],False
services/data_process/src/pipeline_node/multimedia_codec/encode_data_process_common.cpp,278,bufferSize,var,services/data_process/src/pipeline_node/multimedia_codec/encode_data_process_common.cpp,4522,CameraDataProcessCommon,['CameraDataProcessCommon'],False
services/data_process/src/pipeline_node/multimedia_codec/encode_data_process_common.cpp,278,inputBuffer,var,services/data_process/src/pipeline_node/multimedia_codec/encode_data_process_common.cpp,4533,CameraDataProcessCommon,['CameraDataProcessCommon'],False
services/data_process/src/pipeline_node/multimedia_codec/encode_data_process_common.cpp,278,addr,var,services/data_process/src/pipeline_node/multimedia_codec/encode_data_process_common.cpp,4521,CameraDataProcessCommon,['CameraDataProcessCommon'],False
services/data_process/src/pipeline_node/multimedia_codec/encode_data_process_common.cpp,278,size,var,services/data_process/src/pipeline_node/multimedia_codec/encode_data_process_common.cpp,4547,CameraDataProcessCommon,['CameraDataProcessCommon'],False
services/data_process/src/pipeline_node/multimedia_codec/encode_data_process_common.cpp,278,flushConfig,var,services/data_process/src/pipeline_node/multimedia_codec/encode_data_process_common.cpp,4527,CameraDataProcessCommon,['CameraDataProcessCommon'],False
services/data_process/src/pipeline_node/multimedia_codec/encode_data_process_common.cpp,278,ret,var,services/data_process/src/pipeline_node/multimedia_codec/encode_data_process_common.cpp,4545,CameraDataProcessCommon,['CameraDataProcessCommon'],False
services/data_process/src/pipeline_node/multimedia_codec/encode_data_process_common.cpp,278,requestConfig,var,services/data_process/src/pipeline_node/multimedia_codec/encode_data_process_common.cpp,4544,CameraDataProcessCommon,['CameraDataProcessCommon'],False
services/data_process/src/pipeline_node/multimedia_codec/encode_data_process_common.cpp,278,flushFence,var,services/data_process/src/pipeline_node/multimedia_codec/encode_data_process_common.cpp,4528,CameraDataProcessCommon,['CameraDataProcessCommon'],False
services/data_process/src/pipeline_node/multimedia_codec/encode_data_process_common.cpp,278,nsPerUs,var,services/data_process/src/pipeline_node/multimedia_codec/encode_data_process_common.cpp,4539,CameraDataProcessCommon,['CameraDataProcessCommon'],False
services/data_process/src/pipeline_node/multimedia_codec/encode_data_process_common.cpp,278,nowTimeUs,var,services/data_process/src/pipeline_node/multimedia_codec/encode_data_process_common.cpp,4538,CameraDataProcessCommon,['CameraDataProcessCommon'],False
services/data_process/src/pipeline_node/multimedia_codec/encode_data_process_common.cpp,278,index,var,services/data_process/src/pipeline_node/multimedia_codec/encode_data_process_common.cpp,4531,CameraDataProcessCommon,['CameraDataProcessCommon'],False
services/data_process/src/pipeline_node/multimedia_codec/encode_data_process_common.cpp,278,info,var,services/data_process/src/pipeline_node/multimedia_codec/encode_data_process_common.cpp,4532,CameraDataProcessCommon,['CameraDataProcessCommon'],False
services/data_process/src/pipeline_node/multimedia_codec/encode_data_process_common.cpp,278,outputMemoDataSize,var,services/data_process/src/pipeline_node/multimedia_codec/encode_data_process_common.cpp,4541,CameraDataProcessCommon,['CameraDataProcessCommon'],False
services/data_process/src/pipeline_node/multimedia_codec/encode_data_process_common.cpp,278,outputBuffers,var,services/data_process/src/pipeline_node/multimedia_codec/encode_data_process_common.cpp,4540,CameraDataProcessCommon,['CameraDataProcessCommon'],False
services/data_process/src/pipeline_node/multimedia_codec/encode_data_process_common.cpp,278,format,var,services/data_process/src/pipeline_node/multimedia_codec/encode_data_process_common.cpp,4529,CameraDataProcessCommon,['CameraDataProcessCommon'],False
services/data_process/src/pipeline_node/multimedia_codec/encode_data_process_common.cpp,278,flag,var,services/data_process/src/pipeline_node/multimedia_codec/encode_data_process_common.cpp,4526,CameraDataProcessCommon,['CameraDataProcessCommon'],False
services/data_process/src/pipeline_node/multimedia_codec/encode_data_process_common.cpp,278,errRelease,var,services/data_process/src/pipeline_node/multimedia_codec/encode_data_process_common.cpp,4525,CameraDataProcessCommon,['CameraDataProcessCommon'],False
services/cameraservice/cameraoperator/client/include/listener/dcamera_video_surface_listener.h,124,callback_,var,services/cameraservice/cameraoperator/client/include/listener/dcamera_video_surface_listener.h,1961,utils,['utils'],False
