Source_ID,Target_ID,Source_File,Target_File,Source_Member,Target_Member,Source_Member_Type,Target_Member_Type,Dependency_Type,Dependency_Count,Is_Member_Level,Source_Member_ID,Target_Member_ID,Source_Modules,Target_Modules,Source_Module,Target_Module
49,73,camera_hdf/interfaces/hdi_ipc/client/provider/dcamera_provider_proxy.h,camera_hdf/interfaces/include/types.h,EnableDCameraDevice,DCamRetCode,functionproto,alias,Return,6.0,True,1038,1374,['VirtualCameraHdf'],['VirtualCameraHdf'],VirtualCameraHdf,VirtualCameraHdf
49,73,camera_hdf/interfaces/hdi_ipc/client/provider/dcamera_provider_proxy.h,camera_hdf/interfaces/include/types.h,DisableDCameraDevice,DCamRetCode,functionproto,alias,Return,6.0,True,1037,1374,['VirtualCameraHdf'],['VirtualCameraHdf'],VirtualCameraHdf,VirtualCameraHdf
49,73,camera_hdf/interfaces/hdi_ipc/client/provider/dcamera_provider_proxy.h,camera_hdf/interfaces/include/types.h,AcquireBuffer,DCamRetCode,functionproto,alias,Return,6.0,True,1034,1374,['VirtualCameraHdf'],['VirtualCameraHdf'],VirtualCameraHdf,VirtualCameraHdf
49,73,camera_hdf/interfaces/hdi_ipc/client/provider/dcamera_provider_proxy.h,camera_hdf/interfaces/include/types.h,ShutterBuffer,DCamRetCode,functionproto,alias,Return,6.0,True,1041,1374,['VirtualCameraHdf'],['VirtualCameraHdf'],VirtualCameraHdf,VirtualCameraHdf
49,73,camera_hdf/interfaces/hdi_ipc/client/provider/dcamera_provider_proxy.h,camera_hdf/interfaces/include/types.h,OnSettingsResult,DCamRetCode,functionproto,alias,Return,6.0,True,1040,1374,['VirtualCameraHdf'],['VirtualCameraHdf'],VirtualCameraHdf,VirtualCameraHdf
49,73,camera_hdf/interfaces/hdi_ipc/client/provider/dcamera_provider_proxy.h,camera_hdf/interfaces/include/types.h,Notify,DCamRetCode,functionproto,alias,Return,6.0,True,1039,1374,['VirtualCameraHdf'],['VirtualCameraHdf'],VirtualCameraHdf,VirtualCameraHdf
130,74,services/cameraservice/cameraoperator/client/src/callback/dcamera_video_callback.cpp,common/include/constants/distributed_camera_constants.h,,,file,file,Import,1.0,False,,,['utils'],['utils'],utils,utils
49,71,camera_hdf/interfaces/hdi_ipc/client/provider/dcamera_provider_proxy.h,camera_hdf/interfaces/include/idistributed_camera_provider.h,,,file,file,Import,1.0,False,,,['VirtualCameraHdf'],['VirtualCameraHdf'],VirtualCameraHdf,VirtualCameraHdf
113,75,services/cameraservice/base/src/dcamera_open_info_cmd.cpp,common/include/constants/distributed_camera_errno.h,,,file,file,Import,1.0,False,,,['CameraServiceCommon'],['utils'],CameraServiceCommon,utils
113,74,services/cameraservice/base/src/dcamera_open_info_cmd.cpp,common/include/constants/distributed_camera_constants.h,,,file,file,Import,1.0,False,,,['CameraServiceCommon'],['utils'],CameraServiceCommon,utils
5,4,camera_hdf/hdi_impl/include/dstream_operator/dcamera_steam.h,camera_hdf/hdi_impl/include/dstream_operator/dbuffer_manager.h,,,file,file,Import,1.0,False,,,['VirtualCameraHdf'],['VirtualCameraHdf'],VirtualCameraHdf,VirtualCameraHdf
5,4,camera_hdf/hdi_impl/include/dstream_operator/dcamera_steam.h,camera_hdf/hdi_impl/include/dstream_operator/dbuffer_manager.h,dcStreamBufferMgr_,DBufferManager,var,type,Use,1.0,True,127,107,['VirtualCameraHdf'],['VirtualCameraHdf'],VirtualCameraHdf,VirtualCameraHdf
5,4,camera_hdf/hdi_impl/include/dstream_operator/dcamera_steam.h,camera_hdf/hdi_impl/include/dstream_operator/dbuffer_manager.h,dcStreamBufferMgr_,DBufferManager,var,type,Parameter,1.0,True,127,107,['VirtualCameraHdf'],['VirtualCameraHdf'],VirtualCameraHdf,VirtualCameraHdf
199,107,services/cameraservice/sourceservice/include/distributedcameramgr/dcameracontrol/dcamera_source_controller.h,services/cameraservice/base/include/icamera_controller.h,,,file,file,Import,1.0,False,,,['DistributedCameraSourceMgr'],['CameraServiceCommon'],DistributedCameraSourceMgr,CameraServiceCommon
199,107,services/cameraservice/sourceservice/include/distributedcameramgr/dcameracontrol/dcamera_source_controller.h,services/cameraservice/base/include/icamera_controller.h,DCameraSourceController,ICameraController,type,type,Extend,1.0,True,2913,1805,['DistributedCameraSourceMgr'],['CameraServiceCommon'],DistributedCameraSourceMgr,CameraServiceCommon
83,84,interfaces/inner_kits/native_cpp/camera_sink/include/distributed_camera_sink_proxy.h,interfaces/inner_kits/native_cpp/camera_sink/include/idistributed_camera_sink.h,,,file,file,Import,1.0,False,,,['DistributedCameraSinkMgr'],['DistributedCameraSinkMgr'],DistributedCameraSinkMgr,DistributedCameraSinkMgr
5,6,camera_hdf/hdi_impl/include/dstream_operator/dcamera_steam.h,camera_hdf/hdi_impl/include/dstream_operator/dimage_buffer.h,,,file,file,Import,1.0,False,,,['VirtualCameraHdf'],['VirtualCameraHdf'],VirtualCameraHdf,VirtualCameraHdf
5,6,camera_hdf/hdi_impl/include/dstream_operator/dcamera_steam.h,camera_hdf/hdi_impl/include/dstream_operator/dimage_buffer.h,bufferConfigMap_,DImageBuffer,var,type,Use,1.0,True,126,165,['VirtualCameraHdf'],['VirtualCameraHdf'],VirtualCameraHdf,VirtualCameraHdf
5,6,camera_hdf/hdi_impl/include/dstream_operator/dcamera_steam.h,camera_hdf/hdi_impl/include/dstream_operator/dimage_buffer.h,bufferConfigMap_,DImageBuffer,var,type,Parameter,1.0,True,126,165,['VirtualCameraHdf'],['VirtualCameraHdf'],VirtualCameraHdf,VirtualCameraHdf
99,93,interfaces/inner_kits/native_cpp/camera_source/src/distributed_camera_source_proxy.cpp,interfaces/inner_kits/native_cpp/camera_source/include/distributed_camera_source_proxy.h,,,file,file,Import,1.0,False,,,['DistributedCameraSourceMgr'],['DistributedCameraSourceMgr'],DistributedCameraSourceMgr,DistributedCameraSourceMgr
99,93,interfaces/inner_kits/native_cpp/camera_source/src/distributed_camera_source_proxy.cpp,interfaces/inner_kits/native_cpp/camera_source/include/distributed_camera_source_proxy.h,InitSource,InitSource,functionimpl,functionproto,Implement,5.0,True,1733,1658,['DistributedCameraSourceMgr'],['DistributedCameraSourceMgr'],DistributedCameraSourceMgr,DistributedCameraSourceMgr
99,93,interfaces/inner_kits/native_cpp/camera_source/src/distributed_camera_source_proxy.cpp,interfaces/inner_kits/native_cpp/camera_source/include/distributed_camera_source_proxy.h,ReleaseSource,ReleaseSource,functionimpl,functionproto,Implement,5.0,True,1735,1660,['DistributedCameraSourceMgr'],['DistributedCameraSourceMgr'],DistributedCameraSourceMgr,DistributedCameraSourceMgr
99,93,interfaces/inner_kits/native_cpp/camera_source/src/distributed_camera_source_proxy.cpp,interfaces/inner_kits/native_cpp/camera_source/include/distributed_camera_source_proxy.h,RegisterDistributedHardware,RegisterDistributedHardware,functionimpl,functionproto,Implement,5.0,True,1734,1659,['DistributedCameraSourceMgr'],['DistributedCameraSourceMgr'],DistributedCameraSourceMgr,DistributedCameraSourceMgr
99,93,interfaces/inner_kits/native_cpp/camera_source/src/distributed_camera_source_proxy.cpp,interfaces/inner_kits/native_cpp/camera_source/include/distributed_camera_source_proxy.h,UnregisterDistributedHardware,UnregisterDistributedHardware,functionimpl,functionproto,Implement,5.0,True,1736,1661,['DistributedCameraSourceMgr'],['DistributedCameraSourceMgr'],DistributedCameraSourceMgr,DistributedCameraSourceMgr
99,93,interfaces/inner_kits/native_cpp/camera_source/src/distributed_camera_source_proxy.cpp,interfaces/inner_kits/native_cpp/camera_source/include/distributed_camera_source_proxy.h,DCameraNotify,DCameraNotify,functionimpl,functionproto,Implement,5.0,True,1732,1657,['DistributedCameraSourceMgr'],['DistributedCameraSourceMgr'],DistributedCameraSourceMgr,DistributedCameraSourceMgr
260,76,services/data_process/include/pipeline/dcamera_pipeline_sink.h,common/include/utils/data_buffer.h,,,file,file,Import,1.0,False,,,['CameraDataPreProcess'],['utils'],CameraDataPreProcess,utils
260,75,services/data_process/include/pipeline/dcamera_pipeline_sink.h,common/include/constants/distributed_camera_errno.h,,,file,file,Import,1.0,False,,,['CameraDataPreProcess'],['utils'],CameraDataPreProcess,utils
24,25,camera_hdf/interfaces/hdi_ipc/client/device/dcamera_device_callback.cpp,camera_hdf/interfaces/hdi_ipc/client/device/dcamera_device_callback.h,,,file,file,Import,1.0,False,,,['VirtualCameraHdf'],['VirtualCameraHdf'],VirtualCameraHdf,VirtualCameraHdf
24,25,camera_hdf/interfaces/hdi_ipc/client/device/dcamera_device_callback.cpp,camera_hdf/interfaces/hdi_ipc/client/device/dcamera_device_callback.h,OnError,OnError,functionimpl,functionproto,Implement,2.0,True,759,762,['VirtualCameraHdf'],['VirtualCameraHdf'],VirtualCameraHdf,VirtualCameraHdf
24,25,camera_hdf/interfaces/hdi_ipc/client/device/dcamera_device_callback.cpp,camera_hdf/interfaces/hdi_ipc/client/device/dcamera_device_callback.h,OnResult,OnResult,functionimpl,functionproto,Implement,2.0,True,760,763,['VirtualCameraHdf'],['VirtualCameraHdf'],VirtualCameraHdf,VirtualCameraHdf
259,75,services/data_process/include/pipeline/abstract_data_process.h,common/include/constants/distributed_camera_errno.h,,,file,file,Import,1.0,False,,,['CameraDataProcessCommon'],['utils'],CameraDataProcessCommon,utils
259,76,services/data_process/include/pipeline/abstract_data_process.h,common/include/utils/data_buffer.h,,,file,file,Import,1.0,False,,,['CameraDataProcessCommon'],['utils'],CameraDataProcessCommon,utils
129,74,services/cameraservice/cameraoperator/client/src/callback/dcamera_session_callback.cpp,common/include/constants/distributed_camera_constants.h,,,file,file,Import,1.0,False,,,['utils'],['utils'],utils,utils
269,259,services/data_process/src/pipeline/abstract_data_process.cpp,services/data_process/include/pipeline/abstract_data_process.h,,,file,file,Import,1.0,False,,,['CameraDataProcessCommon'],['CameraDataProcessCommon'],CameraDataProcessCommon,CameraDataProcessCommon
269,259,services/data_process/src/pipeline/abstract_data_process.cpp,services/data_process/include/pipeline/abstract_data_process.h,SetNextNode,SetNextNode,functionimpl,functionproto,Implement,2.0,True,4133,3949,['CameraDataProcessCommon'],['CameraDataProcessCommon'],CameraDataProcessCommon,CameraDataProcessCommon
269,259,services/data_process/src/pipeline/abstract_data_process.cpp,services/data_process/include/pipeline/abstract_data_process.h,SetNodeRank,SetNodeRank,functionimpl,functionproto,Implement,2.0,True,4134,3950,['CameraDataProcessCommon'],['CameraDataProcessCommon'],CameraDataProcessCommon,CameraDataProcessCommon
16,73,camera_hdf/hdi_impl/src/dstream_operator/dcamera_steam.cpp,camera_hdf/interfaces/include/types.h,InitDCameraStream,DCamRetCode,functionimpl,alias,Return,11.0,True,489,1374,['VirtualCameraHdf'],['VirtualCameraHdf'],VirtualCameraHdf,VirtualCameraHdf
16,73,camera_hdf/hdi_impl/src/dstream_operator/dcamera_steam.cpp,camera_hdf/interfaces/include/types.h,InitDCameraBufferManager,DCamRetCode,functionimpl,alias,Return,11.0,True,488,1374,['VirtualCameraHdf'],['VirtualCameraHdf'],VirtualCameraHdf,VirtualCameraHdf
16,73,camera_hdf/hdi_impl/src/dstream_operator/dcamera_steam.cpp,camera_hdf/interfaces/include/types.h,GetDCameraStreamInfo,DCamRetCode,functionimpl,alias,Return,11.0,True,485,1374,['VirtualCameraHdf'],['VirtualCameraHdf'],VirtualCameraHdf,VirtualCameraHdf
16,73,camera_hdf/hdi_impl/src/dstream_operator/dcamera_steam.cpp,camera_hdf/interfaces/include/types.h,SetDCameraBufferQueue,DCamRetCode,functionimpl,alias,Return,11.0,True,492,1374,['VirtualCameraHdf'],['VirtualCameraHdf'],VirtualCameraHdf,VirtualCameraHdf
16,73,camera_hdf/hdi_impl/src/dstream_operator/dcamera_steam.cpp,camera_hdf/interfaces/include/types.h,ReleaseDCameraBufferQueue,DCamRetCode,functionimpl,alias,Return,11.0,True,490,1374,['VirtualCameraHdf'],['VirtualCameraHdf'],VirtualCameraHdf,VirtualCameraHdf
16,73,camera_hdf/hdi_impl/src/dstream_operator/dcamera_steam.cpp,camera_hdf/interfaces/include/types.h,GetDCameraStreamAttribute,DCamRetCode,functionimpl,alias,Return,11.0,True,484,1374,['VirtualCameraHdf'],['VirtualCameraHdf'],VirtualCameraHdf,VirtualCameraHdf
16,73,camera_hdf/hdi_impl/src/dstream_operator/dcamera_steam.cpp,camera_hdf/interfaces/include/types.h,FinishCommitStream,DCamRetCode,functionimpl,alias,Return,11.0,True,481,1374,['VirtualCameraHdf'],['VirtualCameraHdf'],VirtualCameraHdf,VirtualCameraHdf
16,73,camera_hdf/hdi_impl/src/dstream_operator/dcamera_steam.cpp,camera_hdf/interfaces/include/types.h,GetNextRequest,DCamRetCode,functionimpl,alias,Return,11.0,True,486,1374,['VirtualCameraHdf'],['VirtualCameraHdf'],VirtualCameraHdf,VirtualCameraHdf
16,73,camera_hdf/hdi_impl/src/dstream_operator/dcamera_steam.cpp,camera_hdf/interfaces/include/types.h,GetDCameraBuffer,DCamRetCode,functionimpl,alias,Return,11.0,True,483,1374,['VirtualCameraHdf'],['VirtualCameraHdf'],VirtualCameraHdf,VirtualCameraHdf
16,73,camera_hdf/hdi_impl/src/dstream_operator/dcamera_steam.cpp,camera_hdf/interfaces/include/types.h,ReturnDCameraBuffer,DCamRetCode,functionimpl,alias,Return,11.0,True,491,1374,['VirtualCameraHdf'],['VirtualCameraHdf'],VirtualCameraHdf,VirtualCameraHdf
16,73,camera_hdf/hdi_impl/src/dstream_operator/dcamera_steam.cpp,camera_hdf/interfaces/include/types.h,FlushDCameraBuffer,DCamRetCode,functionimpl,alias,Return,11.0,True,482,1374,['VirtualCameraHdf'],['VirtualCameraHdf'],VirtualCameraHdf,VirtualCameraHdf
16,73,camera_hdf/hdi_impl/src/dstream_operator/dcamera_steam.cpp,camera_hdf/interfaces/include/types.h,InitDCameraStream,INVALID_ARGUMENT,functionimpl,var,Use,37.0,True,489,1402,['VirtualCameraHdf'],['VirtualCameraHdf'],VirtualCameraHdf,VirtualCameraHdf
16,73,camera_hdf/hdi_impl/src/dstream_operator/dcamera_steam.cpp,camera_hdf/interfaces/include/types.h,InitDCameraStream,FAILED,functionimpl,var,Use,37.0,True,489,1401,['VirtualCameraHdf'],['VirtualCameraHdf'],VirtualCameraHdf,VirtualCameraHdf
16,73,camera_hdf/hdi_impl/src/dstream_operator/dcamera_steam.cpp,camera_hdf/interfaces/include/types.h,InitDCameraStream,SUCCESS,functionimpl,var,Use,37.0,True,489,1405,['VirtualCameraHdf'],['VirtualCameraHdf'],VirtualCameraHdf,VirtualCameraHdf
16,73,camera_hdf/hdi_impl/src/dstream_operator/dcamera_steam.cpp,camera_hdf/interfaces/include/types.h,InitDCameraBufferManager,INVALID_ARGUMENT,functionimpl,var,Use,37.0,True,488,1402,['VirtualCameraHdf'],['VirtualCameraHdf'],VirtualCameraHdf,VirtualCameraHdf
16,73,camera_hdf/hdi_impl/src/dstream_operator/dcamera_steam.cpp,camera_hdf/interfaces/include/types.h,InitDCameraBufferManager,SUCCESS,functionimpl,var,Use,37.0,True,488,1405,['VirtualCameraHdf'],['VirtualCameraHdf'],VirtualCameraHdf,VirtualCameraHdf
16,73,camera_hdf/hdi_impl/src/dstream_operator/dcamera_steam.cpp,camera_hdf/interfaces/include/types.h,GetDCameraStreamInfo,FAILED,functionimpl,var,Use,37.0,True,485,1401,['VirtualCameraHdf'],['VirtualCameraHdf'],VirtualCameraHdf,VirtualCameraHdf
16,73,camera_hdf/hdi_impl/src/dstream_operator/dcamera_steam.cpp,camera_hdf/interfaces/include/types.h,GetDCameraStreamInfo,SUCCESS,functionimpl,var,Use,37.0,True,485,1405,['VirtualCameraHdf'],['VirtualCameraHdf'],VirtualCameraHdf,VirtualCameraHdf
16,73,camera_hdf/hdi_impl/src/dstream_operator/dcamera_steam.cpp,camera_hdf/interfaces/include/types.h,SetDCameraBufferQueue,SUCCESS,functionimpl,var,Use,37.0,True,492,1405,['VirtualCameraHdf'],['VirtualCameraHdf'],VirtualCameraHdf,VirtualCameraHdf
16,73,camera_hdf/hdi_impl/src/dstream_operator/dcamera_steam.cpp,camera_hdf/interfaces/include/types.h,ReleaseDCameraBufferQueue,SUCCESS,functionimpl,var,Use,37.0,True,490,1405,['VirtualCameraHdf'],['VirtualCameraHdf'],VirtualCameraHdf,VirtualCameraHdf
16,73,camera_hdf/hdi_impl/src/dstream_operator/dcamera_steam.cpp,camera_hdf/interfaces/include/types.h,GetDCameraStreamAttribute,INVALID_ARGUMENT,functionimpl,var,Use,37.0,True,484,1402,['VirtualCameraHdf'],['VirtualCameraHdf'],VirtualCameraHdf,VirtualCameraHdf
16,73,camera_hdf/hdi_impl/src/dstream_operator/dcamera_steam.cpp,camera_hdf/interfaces/include/types.h,GetDCameraStreamAttribute,SUCCESS,functionimpl,var,Use,37.0,True,484,1405,['VirtualCameraHdf'],['VirtualCameraHdf'],VirtualCameraHdf,VirtualCameraHdf
16,73,camera_hdf/hdi_impl/src/dstream_operator/dcamera_steam.cpp,camera_hdf/interfaces/include/types.h,FinishCommitStream,SUCCESS,functionimpl,var,Use,37.0,True,481,1405,['VirtualCameraHdf'],['VirtualCameraHdf'],VirtualCameraHdf,VirtualCameraHdf
16,73,camera_hdf/hdi_impl/src/dstream_operator/dcamera_steam.cpp,camera_hdf/interfaces/include/types.h,GetNextRequest,INVALID_ARGUMENT,functionimpl,var,Use,37.0,True,486,1402,['VirtualCameraHdf'],['VirtualCameraHdf'],VirtualCameraHdf,VirtualCameraHdf
16,73,camera_hdf/hdi_impl/src/dstream_operator/dcamera_steam.cpp,camera_hdf/interfaces/include/types.h,GetNextRequest,EXCEED_MAX_NUMBER,functionimpl,var,Use,37.0,True,486,1400,['VirtualCameraHdf'],['VirtualCameraHdf'],VirtualCameraHdf,VirtualCameraHdf
16,73,camera_hdf/hdi_impl/src/dstream_operator/dcamera_steam.cpp,camera_hdf/interfaces/include/types.h,GetNextRequest,SUCCESS,functionimpl,var,Use,37.0,True,486,1405,['VirtualCameraHdf'],['VirtualCameraHdf'],VirtualCameraHdf,VirtualCameraHdf
16,73,camera_hdf/hdi_impl/src/dstream_operator/dcamera_steam.cpp,camera_hdf/interfaces/include/types.h,GetDCameraBuffer,SUCCESS,functionimpl,var,Use,37.0,True,483,1405,['VirtualCameraHdf'],['VirtualCameraHdf'],VirtualCameraHdf,VirtualCameraHdf
16,73,camera_hdf/hdi_impl/src/dstream_operator/dcamera_steam.cpp,camera_hdf/interfaces/include/types.h,GetDCameraBuffer,EXCEED_MAX_NUMBER,functionimpl,var,Use,37.0,True,483,1400,['VirtualCameraHdf'],['VirtualCameraHdf'],VirtualCameraHdf,VirtualCameraHdf
16,73,camera_hdf/hdi_impl/src/dstream_operator/dcamera_steam.cpp,camera_hdf/interfaces/include/types.h,GetDCameraBuffer,FAILED,functionimpl,var,Use,37.0,True,483,1401,['VirtualCameraHdf'],['VirtualCameraHdf'],VirtualCameraHdf,VirtualCameraHdf
16,73,camera_hdf/hdi_impl/src/dstream_operator/dcamera_steam.cpp,camera_hdf/interfaces/include/types.h,ReturnDCameraBuffer,INVALID_ARGUMENT,functionimpl,var,Use,37.0,True,491,1402,['VirtualCameraHdf'],['VirtualCameraHdf'],VirtualCameraHdf,VirtualCameraHdf
16,73,camera_hdf/hdi_impl/src/dstream_operator/dcamera_steam.cpp,camera_hdf/interfaces/include/types.h,ReturnDCameraBuffer,SUCCESS,functionimpl,var,Use,37.0,True,491,1405,['VirtualCameraHdf'],['VirtualCameraHdf'],VirtualCameraHdf,VirtualCameraHdf
16,73,camera_hdf/hdi_impl/src/dstream_operator/dcamera_steam.cpp,camera_hdf/interfaces/include/types.h,FlushDCameraBuffer,SUCCESS,functionimpl,var,Use,37.0,True,482,1405,['VirtualCameraHdf'],['VirtualCameraHdf'],VirtualCameraHdf,VirtualCameraHdf
16,73,camera_hdf/hdi_impl/src/dstream_operator/dcamera_steam.cpp,camera_hdf/interfaces/include/types.h,FlushDCameraBuffer,INVALID_ARGUMENT,functionimpl,var,Use,37.0,True,482,1402,['VirtualCameraHdf'],['VirtualCameraHdf'],VirtualCameraHdf,VirtualCameraHdf
16,73,camera_hdf/hdi_impl/src/dstream_operator/dcamera_steam.cpp,camera_hdf/interfaces/include/types.h,InitDCameraStream,_DCamRetCode,functionimpl,type,Contain,6.0,True,489,1388,['VirtualCameraHdf'],['VirtualCameraHdf'],VirtualCameraHdf,VirtualCameraHdf
16,73,camera_hdf/hdi_impl/src/dstream_operator/dcamera_steam.cpp,camera_hdf/interfaces/include/types.h,InitDCameraBufferManager,_DCamRetCode,functionimpl,type,Contain,6.0,True,488,1388,['VirtualCameraHdf'],['VirtualCameraHdf'],VirtualCameraHdf,VirtualCameraHdf
16,73,camera_hdf/hdi_impl/src/dstream_operator/dcamera_steam.cpp,camera_hdf/interfaces/include/types.h,SetDCameraBufferQueue,_DCamRetCode,functionimpl,type,Contain,6.0,True,492,1388,['VirtualCameraHdf'],['VirtualCameraHdf'],VirtualCameraHdf,VirtualCameraHdf
16,73,camera_hdf/hdi_impl/src/dstream_operator/dcamera_steam.cpp,camera_hdf/interfaces/include/types.h,ReleaseDCameraBufferQueue,_DCamRetCode,functionimpl,type,Contain,6.0,True,490,1388,['VirtualCameraHdf'],['VirtualCameraHdf'],VirtualCameraHdf,VirtualCameraHdf
16,73,camera_hdf/hdi_impl/src/dstream_operator/dcamera_steam.cpp,camera_hdf/interfaces/include/types.h,GetDCameraBuffer,_DCamRetCode,functionimpl,type,Contain,6.0,True,483,1388,['VirtualCameraHdf'],['VirtualCameraHdf'],VirtualCameraHdf,VirtualCameraHdf
144,147,services/cameraservice/sinkservice/include/distributedcameramgr/callback/dcamera_sink_controller_state_callback.h,services/cameraservice/sinkservice/include/distributedcameramgr/dcamera_sink_controller.h,,,file,file,Import,1.0,False,,,['DistributedCameraSinkMgr'],['DistributedCameraSinkMgr'],DistributedCameraSinkMgr,DistributedCameraSinkMgr
144,147,services/cameraservice/sinkservice/include/distributedcameramgr/callback/dcamera_sink_controller_state_callback.h,services/cameraservice/sinkservice/include/distributedcameramgr/dcamera_sink_controller.h,controller_,DCameraSinkController,var,type,Use,1.0,True,2252,2288,['DistributedCameraSinkMgr'],['DistributedCameraSinkMgr'],DistributedCameraSinkMgr,DistributedCameraSinkMgr
144,147,services/cameraservice/sinkservice/include/distributedcameramgr/callback/dcamera_sink_controller_state_callback.h,services/cameraservice/sinkservice/include/distributedcameramgr/dcamera_sink_controller.h,controller_,DCameraSinkController,var,type,Parameter,1.0,True,2252,2288,['DistributedCameraSinkMgr'],['DistributedCameraSinkMgr'],DistributedCameraSinkMgr,DistributedCameraSinkMgr
149,156,services/cameraservice/sinkservice/include/distributedcameramgr/dcamera_sink_dev.h,services/cameraservice/sinkservice/include/distributedcameramgr/interface/icamera_sink_access_control.h,,,file,file,Import,1.0,False,,,['DistributedCameraSinkMgr'],['DistributedCameraSinkMgr'],DistributedCameraSinkMgr,DistributedCameraSinkMgr
149,156,services/cameraservice/sinkservice/include/distributedcameramgr/dcamera_sink_dev.h,services/cameraservice/sinkservice/include/distributedcameramgr/interface/icamera_sink_access_control.h,accessControl_,ICameraSinkAccessControl,var,type,Use,1.0,True,2321,2376,['DistributedCameraSinkMgr'],['DistributedCameraSinkMgr'],DistributedCameraSinkMgr,DistributedCameraSinkMgr
149,156,services/cameraservice/sinkservice/include/distributedcameramgr/dcamera_sink_dev.h,services/cameraservice/sinkservice/include/distributedcameramgr/interface/icamera_sink_access_control.h,accessControl_,ICameraSinkAccessControl,var,type,Parameter,1.0,True,2321,2376,['DistributedCameraSinkMgr'],['DistributedCameraSinkMgr'],DistributedCameraSinkMgr,DistributedCameraSinkMgr
248,249,services/channel/include/dcamera_softbus_session.h,services/channel/include/icamera_channel.h,,,file,file,Import,1.0,False,,,['ChannelCommon'],['ChannelCommon'],ChannelCommon,ChannelCommon
248,249,services/channel/include/dcamera_softbus_session.h,services/channel/include/icamera_channel.h,sendFuncMap_,DCameraSessionMode,var,alias,Use,1.0,True,3729,3730,['ChannelCommon'],['ChannelCommon'],ChannelCommon,ChannelCommon
248,249,services/channel/include/dcamera_softbus_session.h,services/channel/include/icamera_channel.h,DCameraSoftbusSession,DCameraSessionMode,functionproto,alias,Parameter,3.0,True,3703,3730,['ChannelCommon'],['ChannelCommon'],ChannelCommon,ChannelCommon
248,249,services/channel/include/dcamera_softbus_session.h,services/channel/include/icamera_channel.h,SendData,DCameraSessionMode,functionproto,alias,Parameter,3.0,True,3718,3730,['ChannelCommon'],['ChannelCommon'],ChannelCommon,ChannelCommon
248,249,services/channel/include/dcamera_softbus_session.h,services/channel/include/icamera_channel.h,sendFuncMap_,DCameraSessionMode,var,alias,Parameter,3.0,True,3729,3730,['ChannelCommon'],['ChannelCommon'],ChannelCommon,ChannelCommon
248,249,services/channel/include/dcamera_softbus_session.h,services/channel/include/icamera_channel.h,DCameraSoftbusSession,icamera_channel,type,type,Contain,1.0,True,3725,,['ChannelCommon'],['ChannelCommon'],ChannelCommon,ChannelCommon
264,255,services/data_process/include/pipeline_node/multimedia_codec/decode_data_process.h,services/data_process/include/eventbus/dcamera_codec_event.h,,,file,file,Import,1.0,False,,,['CameraDataProcessCommon'],['CameraDataProcessCommon'],CameraDataProcessCommon,CameraDataProcessCommon
264,255,services/data_process/include/pipeline_node/multimedia_codec/decode_data_process.h,services/data_process/include/eventbus/dcamera_codec_event.h,OnEvent,DCameraCodecEvent,functionproto,type,Parameter,1.0,True,4035,3900,['CameraDataProcessCommon'],['CameraDataProcessCommon'],CameraDataProcessCommon,CameraDataProcessCommon
264,259,services/data_process/include/pipeline_node/multimedia_codec/decode_data_process.h,services/data_process/include/pipeline/abstract_data_process.h,,,file,file,Import,1.0,False,,,['CameraDataProcessCommon'],['CameraDataProcessCommon'],CameraDataProcessCommon,CameraDataProcessCommon
264,259,services/data_process/include/pipeline_node/multimedia_codec/decode_data_process.h,services/data_process/include/pipeline/abstract_data_process.h,DecodeDataProcess,AbstractDataProcess,type,type,Extend,1.0,True,4047,3951,['CameraDataProcessCommon'],['CameraDataProcessCommon'],CameraDataProcessCommon,CameraDataProcessCommon
220,193,services/cameraservice/sourceservice/src/distributedcamera/dcamera_source_callback_proxy.cpp,services/cameraservice/sourceservice/include/distributedcamera/dcamera_source_callback_proxy.h,,,file,file,Import,1.0,False,,,['DistributedCameraSourceMgr'],['DistributedCameraSourceMgr'],DistributedCameraSourceMgr,DistributedCameraSourceMgr
220,193,services/cameraservice/sourceservice/src/distributedcamera/dcamera_source_callback_proxy.cpp,services/cameraservice/sourceservice/include/distributedcamera/dcamera_source_callback_proxy.h,OnNotifyRegResult,OnNotifyRegResult,functionimpl,functionproto,Implement,2.0,True,3130,2783,['DistributedCameraSourceMgr'],['DistributedCameraSourceMgr'],DistributedCameraSourceMgr,DistributedCameraSourceMgr
220,193,services/cameraservice/sourceservice/src/distributedcamera/dcamera_source_callback_proxy.cpp,services/cameraservice/sourceservice/include/distributedcamera/dcamera_source_callback_proxy.h,OnNotifyUnregResult,OnNotifyUnregResult,functionimpl,functionproto,Implement,2.0,True,3131,2784,['DistributedCameraSourceMgr'],['DistributedCameraSourceMgr'],DistributedCameraSourceMgr,DistributedCameraSourceMgr
264,261,services/data_process/include/pipeline_node/multimedia_codec/decode_data_process.h,services/data_process/include/pipeline/dcamera_pipeline_source.h,,,file,file,Import,1.0,False,,,['CameraDataProcessCommon'],['CameraDataPostProcess'],CameraDataProcessCommon,CameraDataPostProcess
264,261,services/data_process/include/pipeline_node/multimedia_codec/decode_data_process.h,services/data_process/include/pipeline/dcamera_pipeline_source.h,callbackPipelineSource_,DCameraPipelineSource,var,type,Use,1.0,True,4050,3977,['CameraDataProcessCommon'],['CameraDataPostProcess'],CameraDataProcessCommon,CameraDataPostProcess
264,261,services/data_process/include/pipeline_node/multimedia_codec/decode_data_process.h,services/data_process/include/pipeline/dcamera_pipeline_source.h,callbackPipelineSource_,DCameraPipelineSource,var,type,Parameter,1.0,True,4050,3977,['CameraDataProcessCommon'],['CameraDataPostProcess'],CameraDataProcessCommon,CameraDataPostProcess
248,250,services/channel/include/dcamera_softbus_session.h,services/channel/include/icamera_channel_listener.h,,,file,file,Import,1.0,False,,,['ChannelCommon'],['ChannelCommon'],ChannelCommon,ChannelCommon
248,250,services/channel/include/dcamera_softbus_session.h,services/channel/include/icamera_channel_listener.h,listener_,ICameraChannelListener,var,type,Use,1.0,True,3727,3738,['ChannelCommon'],['ChannelCommon'],ChannelCommon,ChannelCommon
248,250,services/channel/include/dcamera_softbus_session.h,services/channel/include/icamera_channel_listener.h,listener_,ICameraChannelListener,var,type,Parameter,1.0,True,3727,3738,['ChannelCommon'],['ChannelCommon'],ChannelCommon,ChannelCommon
144,122,services/cameraservice/sinkservice/include/distributedcameramgr/callback/dcamera_sink_controller_state_callback.h,services/cameraservice/cameraoperator/client/include/icamera_operator.h,,,file,file,Import,1.0,False,,,['DistributedCameraSinkMgr'],['utils'],DistributedCameraSinkMgr,utils
144,122,services/cameraservice/sinkservice/include/distributedcameramgr/callback/dcamera_sink_controller_state_callback.h,services/cameraservice/cameraoperator/client/include/icamera_operator.h,DCameraSinkControllerStateCallback,StateCallback,type,type,Extend,1.0,True,2251,1951,['DistributedCameraSinkMgr'],['utils'],DistributedCameraSinkMgr,utils
264,268,services/data_process/include/pipeline_node/multimedia_codec/decode_data_process.h,services/data_process/include/utils/image_common_type.h,,,file,file,Import,1.0,False,,,['CameraDataProcessCommon'],['CameraDataProcessCommon'],CameraDataProcessCommon,CameraDataProcessCommon
264,268,services/data_process/include/pipeline_node/multimedia_codec/decode_data_process.h,services/data_process/include/utils/image_common_type.h,GetSourceConfig,VideoConfigParams,functionproto,type,Return,2.0,True,4024,4117,['CameraDataProcessCommon'],['CameraDataProcessCommon'],CameraDataProcessCommon,CameraDataProcessCommon
264,268,services/data_process/include/pipeline_node/multimedia_codec/decode_data_process.h,services/data_process/include/utils/image_common_type.h,GetTargetConfig,VideoConfigParams,functionproto,type,Return,2.0,True,4025,4117,['CameraDataProcessCommon'],['CameraDataProcessCommon'],CameraDataProcessCommon,CameraDataProcessCommon
264,268,services/data_process/include/pipeline_node/multimedia_codec/decode_data_process.h,services/data_process/include/utils/image_common_type.h,DecodeDataProcess,VideoConfigParams,functionimpl,type,Parameter,10.0,True,4014,4117,['CameraDataProcessCommon'],['CameraDataProcessCommon'],CameraDataProcessCommon,CameraDataProcessCommon
264,268,services/data_process/include/pipeline_node/multimedia_codec/decode_data_process.h,services/data_process/include/utils/image_common_type.h,IsInDecoderRange,VideoConfigParams,functionproto,type,Parameter,10.0,True,4032,4117,['CameraDataProcessCommon'],['CameraDataProcessCommon'],CameraDataProcessCommon,CameraDataProcessCommon
264,268,services/data_process/include/pipeline_node/multimedia_codec/decode_data_process.h,services/data_process/include/utils/image_common_type.h,IsConvertible,VideoConfigParams,functionproto,type,Parameter,10.0,True,4030,4117,['CameraDataProcessCommon'],['CameraDataProcessCommon'],CameraDataProcessCommon,CameraDataProcessCommon
264,268,services/data_process/include/pipeline_node/multimedia_codec/decode_data_process.h,services/data_process/include/utils/image_common_type.h,CopyYUVPlaneByRow,ImageUnitInfo,functionproto,type,Parameter,10.0,True,4018,4114,['CameraDataProcessCommon'],['CameraDataProcessCommon'],CameraDataProcessCommon,CameraDataProcessCommon
264,268,services/data_process/include/pipeline_node/multimedia_codec/decode_data_process.h,services/data_process/include/utils/image_common_type.h,CheckCopyImageInfo,ImageUnitInfo,functionproto,type,Parameter,10.0,True,4016,4114,['CameraDataProcessCommon'],['CameraDataProcessCommon'],CameraDataProcessCommon,CameraDataProcessCommon
264,268,services/data_process/include/pipeline_node/multimedia_codec/decode_data_process.h,services/data_process/include/utils/image_common_type.h,IsCorrectImageUnitInfo,ImageUnitInfo,functionproto,type,Parameter,10.0,True,4031,4114,['CameraDataProcessCommon'],['CameraDataProcessCommon'],CameraDataProcessCommon,CameraDataProcessCommon
264,268,services/data_process/include/pipeline_node/multimedia_codec/decode_data_process.h,services/data_process/include/utils/image_common_type.h,DecodeDataProcess,VideoConfigParams,type,type,Contain,2.0,True,4047,4117,['CameraDataProcessCommon'],['CameraDataProcessCommon'],CameraDataProcessCommon,CameraDataProcessCommon
252,74,services/channel/src/dcamera_channel_source_impl.cpp,common/include/constants/distributed_camera_constants.h,,,file,file,Import,1.0,False,,,['ChannelSource'],['utils'],ChannelSource,utils
252,74,services/channel/src/dcamera_channel_source_impl.cpp,common/include/constants/distributed_camera_constants.h,CreateSession,DCAMERA_MAX_NUM,functionimpl,var,Use,1.0,True,3758,1430,['ChannelSource'],['utils'],ChannelSource,utils
252,75,services/channel/src/dcamera_channel_source_impl.cpp,common/include/constants/distributed_camera_errno.h,,,file,file,Import,1.0,False,,,['ChannelSource'],['utils'],ChannelSource,utils
212,197,services/cameraservice/sourceservice/include/distributedcameramgr/dcamerastate/dcamera_source_config_stream_state.h,services/cameraservice/sourceservice/include/distributedcameramgr/dcamera_source_event.h,Execute,DCAMERA_EVENT,functionproto,alias,Parameter,12.0,True,3061,2855,['DistributedCameraSourceMgr'],['DistributedCameraSourceMgr'],DistributedCameraSourceMgr,DistributedCameraSourceMgr
212,197,services/cameraservice/sourceservice/include/distributedcameramgr/dcamerastate/dcamera_source_config_stream_state.h,services/cameraservice/sourceservice/include/distributedcameramgr/dcamera_source_event.h,Execute,DCameraSourceEvent,functionproto,type,Parameter,12.0,True,3061,2869,['DistributedCameraSourceMgr'],['DistributedCameraSourceMgr'],DistributedCameraSourceMgr,DistributedCameraSourceMgr
212,197,services/cameraservice/sourceservice/include/distributedcameramgr/dcamerastate/dcamera_source_config_stream_state.h,services/cameraservice/sourceservice/include/distributedcameramgr/dcamera_source_event.h,DoRegisterTask,DCameraSourceEvent,functionproto,type,Parameter,12.0,True,3055,2869,['DistributedCameraSourceMgr'],['DistributedCameraSourceMgr'],DistributedCameraSourceMgr,DistributedCameraSourceMgr
212,197,services/cameraservice/sourceservice/include/distributedcameramgr/dcamerastate/dcamera_source_config_stream_state.h,services/cameraservice/sourceservice/include/distributedcameramgr/dcamera_source_event.h,DoUnregisterTask,DCameraSourceEvent,functionproto,type,Parameter,12.0,True,3059,2869,['DistributedCameraSourceMgr'],['DistributedCameraSourceMgr'],DistributedCameraSourceMgr,DistributedCameraSourceMgr
212,197,services/cameraservice/sourceservice/include/distributedcameramgr/dcamerastate/dcamera_source_config_stream_state.h,services/cameraservice/sourceservice/include/distributedcameramgr/dcamera_source_event.h,DoOpenTask,DCameraSourceEvent,functionproto,type,Parameter,12.0,True,3054,2869,['DistributedCameraSourceMgr'],['DistributedCameraSourceMgr'],DistributedCameraSourceMgr,DistributedCameraSourceMgr
212,197,services/cameraservice/sourceservice/include/distributedcameramgr/dcamerastate/dcamera_source_config_stream_state.h,services/cameraservice/sourceservice/include/distributedcameramgr/dcamera_source_event.h,DoCloseTask,DCameraSourceEvent,functionproto,type,Parameter,12.0,True,3051,2869,['DistributedCameraSourceMgr'],['DistributedCameraSourceMgr'],DistributedCameraSourceMgr,DistributedCameraSourceMgr
212,197,services/cameraservice/sourceservice/include/distributedcameramgr/dcamerastate/dcamera_source_config_stream_state.h,services/cameraservice/sourceservice/include/distributedcameramgr/dcamera_source_event.h,DoConfigStreamsTask,DCameraSourceEvent,functionproto,type,Parameter,12.0,True,3052,2869,['DistributedCameraSourceMgr'],['DistributedCameraSourceMgr'],DistributedCameraSourceMgr,DistributedCameraSourceMgr
212,197,services/cameraservice/sourceservice/include/distributedcameramgr/dcamerastate/dcamera_source_config_stream_state.h,services/cameraservice/sourceservice/include/distributedcameramgr/dcamera_source_event.h,DoReleaseStreamsTask,DCameraSourceEvent,functionproto,type,Parameter,12.0,True,3056,2869,['DistributedCameraSourceMgr'],['DistributedCameraSourceMgr'],DistributedCameraSourceMgr,DistributedCameraSourceMgr
212,197,services/cameraservice/sourceservice/include/distributedcameramgr/dcamerastate/dcamera_source_config_stream_state.h,services/cameraservice/sourceservice/include/distributedcameramgr/dcamera_source_event.h,DoStartCaptureTask,DCameraSourceEvent,functionproto,type,Parameter,12.0,True,3057,2869,['DistributedCameraSourceMgr'],['DistributedCameraSourceMgr'],DistributedCameraSourceMgr,DistributedCameraSourceMgr
212,197,services/cameraservice/sourceservice/include/distributedcameramgr/dcamerastate/dcamera_source_config_stream_state.h,services/cameraservice/sourceservice/include/distributedcameramgr/dcamera_source_event.h,DoStopCaptureTask,DCameraSourceEvent,functionproto,type,Parameter,12.0,True,3058,2869,['DistributedCameraSourceMgr'],['DistributedCameraSourceMgr'],DistributedCameraSourceMgr,DistributedCameraSourceMgr
212,197,services/cameraservice/sourceservice/include/distributedcameramgr/dcamerastate/dcamera_source_config_stream_state.h,services/cameraservice/sourceservice/include/distributedcameramgr/dcamera_source_event.h,DoUpdateSettingsTask,DCameraSourceEvent,functionproto,type,Parameter,12.0,True,3060,2869,['DistributedCameraSourceMgr'],['DistributedCameraSourceMgr'],DistributedCameraSourceMgr,DistributedCameraSourceMgr
212,197,services/cameraservice/sourceservice/include/distributedcameramgr/dcamerastate/dcamera_source_config_stream_state.h,services/cameraservice/sourceservice/include/distributedcameramgr/dcamera_source_event.h,DoEventNofityTask,DCameraSourceEvent,functionproto,type,Parameter,12.0,True,3053,2869,['DistributedCameraSourceMgr'],['DistributedCameraSourceMgr'],DistributedCameraSourceMgr,DistributedCameraSourceMgr
122,73,services/cameraservice/cameraoperator/client/include/icamera_operator.h,camera_hdf/interfaces/include/types.h,,,file,file,Import,1.0,False,,,['utils'],['VirtualCameraHdf'],utils,VirtualCameraHdf
122,76,services/cameraservice/cameraoperator/client/include/icamera_operator.h,common/include/utils/data_buffer.h,,,file,file,Import,1.0,False,,,['utils'],['utils'],utils,utils
159,250,services/cameraservice/sinkservice/include/distributedcameramgr/listener/dcamera_sink_controller_channel_listener.h,services/channel/include/icamera_channel_listener.h,,,file,file,Import,1.0,False,,,['DistributedCameraSinkMgr'],['ChannelCommon'],DistributedCameraSinkMgr,ChannelCommon
159,250,services/cameraservice/sinkservice/include/distributedcameramgr/listener/dcamera_sink_controller_channel_listener.h,services/channel/include/icamera_channel_listener.h,DCameraSinkControllerChannelListener,ICameraChannelListener,type,type,Extend,1.0,True,2386,3738,['DistributedCameraSinkMgr'],['ChannelCommon'],DistributedCameraSinkMgr,ChannelCommon
160,148,services/cameraservice/sinkservice/include/distributedcameramgr/listener/dcamera_sink_data_process_listener.h,services/cameraservice/sinkservice/include/distributedcameramgr/dcamera_sink_data_process.h,,,file,file,Import,1.0,False,,,['DistributedCameraSinkMgr'],['DistributedCameraSinkMgr'],DistributedCameraSinkMgr,DistributedCameraSinkMgr
160,148,services/cameraservice/sinkservice/include/distributedcameramgr/listener/dcamera_sink_data_process_listener.h,services/cameraservice/sinkservice/include/distributedcameramgr/dcamera_sink_data_process.h,dataProcess_,DCameraSinkDataProcess,var,type,Use,1.0,True,2393,2304,['DistributedCameraSinkMgr'],['DistributedCameraSinkMgr'],DistributedCameraSinkMgr,DistributedCameraSinkMgr
160,148,services/cameraservice/sinkservice/include/distributedcameramgr/listener/dcamera_sink_data_process_listener.h,services/cameraservice/sinkservice/include/distributedcameramgr/dcamera_sink_data_process.h,dataProcess_,DCameraSinkDataProcess,var,type,Parameter,1.0,True,2393,2304,['DistributedCameraSinkMgr'],['DistributedCameraSinkMgr'],DistributedCameraSinkMgr,DistributedCameraSinkMgr
218,216,services/cameraservice/sourceservice/include/distributedcameramgr/dcamerastate/dcamera_source_state_machine.h,services/cameraservice/sourceservice/include/distributedcameramgr/dcamerastate/dcamera_source_state.h,,,file,file,Import,1.0,False,,,['DistributedCameraSourceMgr'],['DistributedCameraSourceMgr'],DistributedCameraSourceMgr,DistributedCameraSourceMgr
218,216,services/cameraservice/sourceservice/include/distributedcameramgr/dcamerastate/dcamera_source_state_machine.h,services/cameraservice/sourceservice/include/distributedcameramgr/dcamerastate/dcamera_source_state.h,currentState_,DCameraSourceState,var,type,Use,1.0,True,3115,3106,['DistributedCameraSourceMgr'],['DistributedCameraSourceMgr'],DistributedCameraSourceMgr,DistributedCameraSourceMgr
218,216,services/cameraservice/sourceservice/include/distributedcameramgr/dcamerastate/dcamera_source_state_machine.h,services/cameraservice/sourceservice/include/distributedcameramgr/dcamerastate/dcamera_source_state.h,UpdateState,DCameraStateType,functionproto,alias,Parameter,2.0,True,3112,3101,['DistributedCameraSourceMgr'],['DistributedCameraSourceMgr'],DistributedCameraSourceMgr,DistributedCameraSourceMgr
218,216,services/cameraservice/sourceservice/include/distributedcameramgr/dcamerastate/dcamera_source_state_machine.h,services/cameraservice/sourceservice/include/distributedcameramgr/dcamerastate/dcamera_source_state.h,currentState_,DCameraSourceState,var,type,Parameter,2.0,True,3115,3106,['DistributedCameraSourceMgr'],['DistributedCameraSourceMgr'],DistributedCameraSourceMgr,DistributedCameraSourceMgr
196,208,services/cameraservice/sourceservice/include/distributedcameramgr/dcamera_source_dev.h,services/cameraservice/sourceservice/include/distributedcameramgr/dcamerainterface/icamera_input.h,,,file,file,Import,1.0,False,,,['DistributedCameraSourceMgr'],['DistributedCameraSourceMgr'],DistributedCameraSourceMgr,DistributedCameraSourceMgr
196,208,services/cameraservice/sourceservice/include/distributedcameramgr/dcamera_source_dev.h,services/cameraservice/sourceservice/include/distributedcameramgr/dcamerainterface/icamera_input.h,input_,ICameraInput,var,type,Use,1.0,True,2851,3017,['DistributedCameraSourceMgr'],['DistributedCameraSourceMgr'],DistributedCameraSourceMgr,DistributedCameraSourceMgr
196,208,services/cameraservice/sourceservice/include/distributedcameramgr/dcamera_source_dev.h,services/cameraservice/sourceservice/include/distributedcameramgr/dcamerainterface/icamera_input.h,input_,ICameraInput,var,type,Parameter,1.0,True,2851,3017,['DistributedCameraSourceMgr'],['DistributedCameraSourceMgr'],DistributedCameraSourceMgr,DistributedCameraSourceMgr
155,76,services/cameraservice/sinkservice/include/distributedcameramgr/eventbus/dcamera_video_output_event.h,common/include/utils/data_buffer.h,,,file,file,Import,1.0,False,,,['DistributedCameraSinkMgr'],['utils'],DistributedCameraSinkMgr,utils
155,76,services/cameraservice/sinkservice/include/distributedcameramgr/eventbus/dcamera_video_output_event.h,common/include/utils/data_buffer.h,GetParam,DataBuffer,functionproto,type,Use,2.0,True,2372,1470,['DistributedCameraSinkMgr'],['utils'],DistributedCameraSinkMgr,utils
155,76,services/cameraservice/sinkservice/include/distributedcameramgr/eventbus/dcamera_video_output_event.h,common/include/utils/data_buffer.h,param_,DataBuffer,var,type,Use,2.0,True,2374,1470,['DistributedCameraSinkMgr'],['utils'],DistributedCameraSinkMgr,utils
155,76,services/cameraservice/sinkservice/include/distributedcameramgr/eventbus/dcamera_video_output_event.h,common/include/utils/data_buffer.h,GetParam,DataBuffer,functionproto,type,Parameter,2.0,True,2372,1470,['DistributedCameraSinkMgr'],['utils'],DistributedCameraSinkMgr,utils
155,76,services/cameraservice/sinkservice/include/distributedcameramgr/eventbus/dcamera_video_output_event.h,common/include/utils/data_buffer.h,param_,DataBuffer,var,type,Parameter,2.0,True,2374,1470,['DistributedCameraSinkMgr'],['utils'],DistributedCameraSinkMgr,utils
251,248,services/channel/src/dcamera_channel_sink_impl.cpp,services/channel/include/dcamera_softbus_session.h,CreateSession,DCameraSoftbusSession,functionimpl,type,Use,1.0,True,3741,3725,['ChannelSink'],['ChannelCommon'],ChannelSink,ChannelCommon
251,249,services/channel/src/dcamera_channel_sink_impl.cpp,services/channel/include/icamera_channel.h,CreateSession,icamera_channel,functionimpl,type,Use,1.0,True,3741,,['ChannelSink'],['ChannelCommon'],ChannelSink,ChannelCommon
251,249,services/channel/src/dcamera_channel_sink_impl.cpp,services/channel/include/icamera_channel.h,CreateSession,DCameraSessionMode,functionimpl,alias,Parameter,1.0,True,3741,3730,['ChannelSink'],['ChannelCommon'],ChannelSink,ChannelCommon
272,262,services/data_process/src/pipeline_node/colorspace_conversion/convert_nv12_to_nv21.cpp,services/data_process/include/pipeline_node/colorspace_conversion/convert_nv12_to_nv21.h,,,file,file,Import,1.0,False,,,['CameraDataProcessCommon'],['CameraDataProcessCommon'],CameraDataProcessCommon,CameraDataProcessCommon
272,262,services/data_process/src/pipeline_node/colorspace_conversion/convert_nv12_to_nv21.cpp,services/data_process/include/pipeline_node/colorspace_conversion/convert_nv12_to_nv21.h,IsConvertible,IsConvertible,functionimpl,functionproto,Implement,11.0,True,4187,3988,['CameraDataProcessCommon'],['CameraDataProcessCommon'],CameraDataProcessCommon,CameraDataProcessCommon
272,262,services/data_process/src/pipeline_node/colorspace_conversion/convert_nv12_to_nv21.cpp,services/data_process/include/pipeline_node/colorspace_conversion/convert_nv12_to_nv21.h,GetImageUnitInfo,GetImageUnitInfo,functionimpl,functionproto,Implement,11.0,True,4186,3987,['CameraDataProcessCommon'],['CameraDataProcessCommon'],CameraDataProcessCommon,CameraDataProcessCommon
272,262,services/data_process/src/pipeline_node/colorspace_conversion/convert_nv12_to_nv21.cpp,services/data_process/include/pipeline_node/colorspace_conversion/convert_nv12_to_nv21.h,IsCorrectImageUnitInfo,IsCorrectImageUnitInfo,functionimpl,functionproto,Implement,11.0,True,4188,3989,['CameraDataProcessCommon'],['CameraDataProcessCommon'],CameraDataProcessCommon,CameraDataProcessCommon
272,262,services/data_process/src/pipeline_node/colorspace_conversion/convert_nv12_to_nv21.cpp,services/data_process/include/pipeline_node/colorspace_conversion/convert_nv12_to_nv21.h,CheckColorConvertInfo,CheckColorConvertInfo,functionimpl,functionproto,Implement,11.0,True,4181,3982,['CameraDataProcessCommon'],['CameraDataProcessCommon'],CameraDataProcessCommon,CameraDataProcessCommon
272,262,services/data_process/src/pipeline_node/colorspace_conversion/convert_nv12_to_nv21.cpp,services/data_process/include/pipeline_node/colorspace_conversion/convert_nv12_to_nv21.h,SeparateUVPlaneByRow,SeparateUVPlaneByRow,functionimpl,functionproto,Implement,11.0,True,4191,3992,['CameraDataProcessCommon'],['CameraDataProcessCommon'],CameraDataProcessCommon,CameraDataProcessCommon
272,262,services/data_process/src/pipeline_node/colorspace_conversion/convert_nv12_to_nv21.cpp,services/data_process/include/pipeline_node/colorspace_conversion/convert_nv12_to_nv21.h,SeparateNV12UVPlane,SeparateNV12UVPlane,functionimpl,functionproto,Implement,11.0,True,4190,3991,['CameraDataProcessCommon'],['CameraDataProcessCommon'],CameraDataProcessCommon,CameraDataProcessCommon
272,262,services/data_process/src/pipeline_node/colorspace_conversion/convert_nv12_to_nv21.cpp,services/data_process/include/pipeline_node/colorspace_conversion/convert_nv12_to_nv21.h,CombineUVPlaneByRow,CombineUVPlaneByRow,functionimpl,functionproto,Implement,11.0,True,4184,3985,['CameraDataProcessCommon'],['CameraDataProcessCommon'],CameraDataProcessCommon,CameraDataProcessCommon
272,262,services/data_process/src/pipeline_node/colorspace_conversion/convert_nv12_to_nv21.cpp,services/data_process/include/pipeline_node/colorspace_conversion/convert_nv12_to_nv21.h,CombineNV12UVPlane,CombineNV12UVPlane,functionimpl,functionproto,Implement,11.0,True,4183,3984,['CameraDataProcessCommon'],['CameraDataProcessCommon'],CameraDataProcessCommon,CameraDataProcessCommon
272,262,services/data_process/src/pipeline_node/colorspace_conversion/convert_nv12_to_nv21.cpp,services/data_process/include/pipeline_node/colorspace_conversion/convert_nv12_to_nv21.h,CopyYPlane,CopyYPlane,functionimpl,functionproto,Implement,11.0,True,4185,3986,['CameraDataProcessCommon'],['CameraDataProcessCommon'],CameraDataProcessCommon,CameraDataProcessCommon
272,262,services/data_process/src/pipeline_node/colorspace_conversion/convert_nv12_to_nv21.cpp,services/data_process/include/pipeline_node/colorspace_conversion/convert_nv12_to_nv21.h,ColorConvertNV12ToNV21,ColorConvertNV12ToNV21,functionimpl,functionproto,Implement,11.0,True,4182,3983,['CameraDataProcessCommon'],['CameraDataProcessCommon'],CameraDataProcessCommon,CameraDataProcessCommon
272,262,services/data_process/src/pipeline_node/colorspace_conversion/convert_nv12_to_nv21.cpp,services/data_process/include/pipeline_node/colorspace_conversion/convert_nv12_to_nv21.h,ProcessData,ProcessData,functionimpl,functionproto,Implement,11.0,True,4189,3990,['CameraDataProcessCommon'],['CameraDataProcessCommon'],CameraDataProcessCommon,CameraDataProcessCommon
251,247,services/channel/src/dcamera_channel_sink_impl.cpp,services/channel/include/dcamera_softbus_adapter.h,,,file,file,Import,1.0,False,,,['ChannelSink'],['ChannelCommon'],ChannelSink,ChannelCommon
251,245,services/channel/src/dcamera_channel_sink_impl.cpp,services/channel/include/dcamera_channel_sink_impl.h,,,file,file,Import,1.0,False,,,['ChannelSink'],['ChannelSink'],ChannelSink,ChannelSink
251,245,services/channel/src/dcamera_channel_sink_impl.cpp,services/channel/include/dcamera_channel_sink_impl.h,DCameraChannelSinkImpl,DCameraChannelSinkImpl,functionimpl,functionproto,Implement,7.0,True,3742,3647,['ChannelSink'],['ChannelSink'],ChannelSink,ChannelSink
251,245,services/channel/src/dcamera_channel_sink_impl.cpp,services/channel/include/dcamera_channel_sink_impl.h,~DCameraChannelSinkImpl,~DCameraChannelSinkImpl,functionimpl,functionproto,Implement,7.0,True,3746,3651,['ChannelSink'],['ChannelSink'],ChannelSink,ChannelSink
251,245,services/channel/src/dcamera_channel_sink_impl.cpp,services/channel/include/dcamera_channel_sink_impl.h,OpenSession,OpenSession,functionimpl,functionproto,Implement,7.0,True,3743,3648,['ChannelSink'],['ChannelSink'],ChannelSink,ChannelSink
251,245,services/channel/src/dcamera_channel_sink_impl.cpp,services/channel/include/dcamera_channel_sink_impl.h,CloseSession,CloseSession,functionimpl,functionproto,Implement,7.0,True,3740,3645,['ChannelSink'],['ChannelSink'],ChannelSink,ChannelSink
251,245,services/channel/src/dcamera_channel_sink_impl.cpp,services/channel/include/dcamera_channel_sink_impl.h,CreateSession,CreateSession,functionimpl,functionproto,Implement,7.0,True,3741,3646,['ChannelSink'],['ChannelSink'],ChannelSink,ChannelSink
251,245,services/channel/src/dcamera_channel_sink_impl.cpp,services/channel/include/dcamera_channel_sink_impl.h,ReleaseSession,ReleaseSession,functionimpl,functionproto,Implement,7.0,True,3744,3649,['ChannelSink'],['ChannelSink'],ChannelSink,ChannelSink
251,245,services/channel/src/dcamera_channel_sink_impl.cpp,services/channel/include/dcamera_channel_sink_impl.h,SendData,SendData,functionimpl,functionproto,Implement,7.0,True,3745,3650,['ChannelSink'],['ChannelSink'],ChannelSink,ChannelSink
136,124,services/cameraservice/cameraoperator/client/src/listener/dcamera_video_surface_listener_common.cpp,services/cameraservice/cameraoperator/client/include/listener/dcamera_video_surface_listener.h,,,file,file,Import,1.0,False,,,['utils'],['utils'],utils,utils
136,124,services/cameraservice/cameraoperator/client/src/listener/dcamera_video_surface_listener_common.cpp,services/cameraservice/cameraoperator/client/include/listener/dcamera_video_surface_listener.h,DCameraVideoSurfaceListener,DCameraVideoSurfaceListener,functionimpl,functionproto,Implement,2.0,True,2101,1958,['utils'],['utils'],utils,utils
136,124,services/cameraservice/cameraoperator/client/src/listener/dcamera_video_surface_listener_common.cpp,services/cameraservice/cameraoperator/client/include/listener/dcamera_video_surface_listener.h,OnBufferAvailable,OnBufferAvailable,functionimpl,functionproto,Implement,2.0,True,2102,1959,['utils'],['utils'],utils,utils
273,261,services/data_process/src/pipeline_node/fpscontroller/fps_controller_process.cpp,services/data_process/include/pipeline/dcamera_pipeline_source.h,FpsControllerDone,DCameraPipelineSource,functionimpl,type,Use,1.0,True,4240,3977,['CameraDataProcessCommon'],['CameraDataPostProcess'],CameraDataProcessCommon,CameraDataPostProcess
273,263,services/data_process/src/pipeline_node/fpscontroller/fps_controller_process.cpp,services/data_process/include/pipeline_node/fpscontroller/fps_controller_process.h,,,file,file,Import,1.0,False,,,['CameraDataProcessCommon'],['CameraDataProcessCommon'],CameraDataProcessCommon,CameraDataProcessCommon
273,263,services/data_process/src/pipeline_node/fpscontroller/fps_controller_process.cpp,services/data_process/include/pipeline_node/fpscontroller/fps_controller_process.h,~FpsControllerProcess,~FpsControllerProcess,functionimpl,functionproto,Implement,11.0,True,4249,4006,['CameraDataProcessCommon'],['CameraDataProcessCommon'],CameraDataProcessCommon,CameraDataProcessCommon
273,263,services/data_process/src/pipeline_node/fpscontroller/fps_controller_process.cpp,services/data_process/include/pipeline_node/fpscontroller/fps_controller_process.h,InitNode,InitNode,functionimpl,functionproto,Implement,11.0,True,4241,3998,['CameraDataProcessCommon'],['CameraDataProcessCommon'],CameraDataProcessCommon,CameraDataProcessCommon
273,263,services/data_process/src/pipeline_node/fpscontroller/fps_controller_process.cpp,services/data_process/include/pipeline_node/fpscontroller/fps_controller_process.h,ReleaseProcessNode,ReleaseProcessNode,functionimpl,functionproto,Implement,11.0,True,4245,4002,['CameraDataProcessCommon'],['CameraDataProcessCommon'],CameraDataProcessCommon,CameraDataProcessCommon
273,263,services/data_process/src/pipeline_node/fpscontroller/fps_controller_process.cpp,services/data_process/include/pipeline_node/fpscontroller/fps_controller_process.h,ProcessData,ProcessData,functionimpl,functionproto,Implement,11.0,True,4243,4000,['CameraDataProcessCommon'],['CameraDataProcessCommon'],CameraDataProcessCommon,CameraDataProcessCommon
273,263,services/data_process/src/pipeline_node/fpscontroller/fps_controller_process.cpp,services/data_process/include/pipeline_node/fpscontroller/fps_controller_process.h,UpdateFPSControllerInfo,UpdateFPSControllerInfo,functionimpl,functionproto,Implement,11.0,True,4246,4003,['CameraDataProcessCommon'],['CameraDataProcessCommon'],CameraDataProcessCommon,CameraDataProcessCommon
273,263,services/data_process/src/pipeline_node/fpscontroller/fps_controller_process.cpp,services/data_process/include/pipeline_node/fpscontroller/fps_controller_process.h,UpdateFrameRateCorrectionFactor,UpdateFrameRateCorrectionFactor,functionimpl,functionproto,Implement,11.0,True,4247,4004,['CameraDataProcessCommon'],['CameraDataProcessCommon'],CameraDataProcessCommon,CameraDataProcessCommon
273,263,services/data_process/src/pipeline_node/fpscontroller/fps_controller_process.cpp,services/data_process/include/pipeline_node/fpscontroller/fps_controller_process.h,UpdateIncomingFrameTimes,UpdateIncomingFrameTimes,functionimpl,functionproto,Implement,11.0,True,4248,4005,['CameraDataProcessCommon'],['CameraDataProcessCommon'],CameraDataProcessCommon,CameraDataProcessCommon
273,263,services/data_process/src/pipeline_node/fpscontroller/fps_controller_process.cpp,services/data_process/include/pipeline_node/fpscontroller/fps_controller_process.h,CalculateFrameRate,CalculateFrameRate,functionimpl,functionproto,Implement,11.0,True,4239,3996,['CameraDataProcessCommon'],['CameraDataProcessCommon'],CameraDataProcessCommon,CameraDataProcessCommon
273,263,services/data_process/src/pipeline_node/fpscontroller/fps_controller_process.cpp,services/data_process/include/pipeline_node/fpscontroller/fps_controller_process.h,IsDropFrame,IsDropFrame,functionimpl,functionproto,Implement,11.0,True,4242,3999,['CameraDataProcessCommon'],['CameraDataProcessCommon'],CameraDataProcessCommon,CameraDataProcessCommon
273,263,services/data_process/src/pipeline_node/fpscontroller/fps_controller_process.cpp,services/data_process/include/pipeline_node/fpscontroller/fps_controller_process.h,ReduceFrameRateByUniformStrategy,ReduceFrameRateByUniformStrategy,functionimpl,functionproto,Implement,11.0,True,4244,4001,['CameraDataProcessCommon'],['CameraDataProcessCommon'],CameraDataProcessCommon,CameraDataProcessCommon
273,263,services/data_process/src/pipeline_node/fpscontroller/fps_controller_process.cpp,services/data_process/include/pipeline_node/fpscontroller/fps_controller_process.h,FpsControllerDone,FpsControllerDone,functionimpl,functionproto,Implement,11.0,True,4240,3997,['CameraDataProcessCommon'],['CameraDataProcessCommon'],CameraDataProcessCommon,CameraDataProcessCommon
135,124,services/cameraservice/cameraoperator/client/src/listener/dcamera_video_surface_listener.cpp,services/cameraservice/cameraoperator/client/include/listener/dcamera_video_surface_listener.h,,,file,file,Import,1.0,False,,,['utils'],['utils'],utils,utils
135,124,services/cameraservice/cameraoperator/client/src/listener/dcamera_video_surface_listener.cpp,services/cameraservice/cameraoperator/client/include/listener/dcamera_video_surface_listener.h,DCameraVideoSurfaceListener,DCameraVideoSurfaceListener,functionimpl,functionproto,Implement,2.0,True,2085,1958,['utils'],['utils'],utils,utils
135,124,services/cameraservice/cameraoperator/client/src/listener/dcamera_video_surface_listener.cpp,services/cameraservice/cameraoperator/client/include/listener/dcamera_video_surface_listener.h,OnBufferAvailable,OnBufferAvailable,functionimpl,functionproto,Implement,2.0,True,2086,1959,['utils'],['utils'],utils,utils
272,268,services/data_process/src/pipeline_node/colorspace_conversion/convert_nv12_to_nv21.cpp,services/data_process/include/utils/image_common_type.h,GetImageUnitInfo,Videoformat,functionimpl,type,Cast,1.0,True,4186,4118,['CameraDataProcessCommon'],['CameraDataProcessCommon'],CameraDataProcessCommon,CameraDataProcessCommon
272,268,services/data_process/src/pipeline_node/colorspace_conversion/convert_nv12_to_nv21.cpp,services/data_process/include/utils/image_common_type.h,IsConvertible,GetVideoformat,functionimpl,functionproto,Call,31.0,True,4187,4108,['CameraDataProcessCommon'],['CameraDataProcessCommon'],CameraDataProcessCommon,CameraDataProcessCommon
272,268,services/data_process/src/pipeline_node/colorspace_conversion/convert_nv12_to_nv21.cpp,services/data_process/include/utils/image_common_type.h,IsConvertible,GetWidth,functionimpl,functionproto,Call,31.0,True,4187,4109,['CameraDataProcessCommon'],['CameraDataProcessCommon'],CameraDataProcessCommon,CameraDataProcessCommon
272,268,services/data_process/src/pipeline_node/colorspace_conversion/convert_nv12_to_nv21.cpp,services/data_process/include/utils/image_common_type.h,IsConvertible,GetHeight,functionimpl,functionproto,Call,31.0,True,4187,4106,['CameraDataProcessCommon'],['CameraDataProcessCommon'],CameraDataProcessCommon,CameraDataProcessCommon
272,268,services/data_process/src/pipeline_node/colorspace_conversion/convert_nv12_to_nv21.cpp,services/data_process/include/utils/image_common_type.h,ProcessData,GetVideoformat,functionimpl,functionproto,Call,31.0,True,4189,4108,['CameraDataProcessCommon'],['CameraDataProcessCommon'],CameraDataProcessCommon,CameraDataProcessCommon
272,268,services/data_process/src/pipeline_node/colorspace_conversion/convert_nv12_to_nv21.cpp,services/data_process/include/utils/image_common_type.h,ProcessData,GetWidth,functionimpl,functionproto,Call,31.0,True,4189,4109,['CameraDataProcessCommon'],['CameraDataProcessCommon'],CameraDataProcessCommon,CameraDataProcessCommon
272,268,services/data_process/src/pipeline_node/colorspace_conversion/convert_nv12_to_nv21.cpp,services/data_process/include/utils/image_common_type.h,ProcessData,GetHeight,functionimpl,functionproto,Call,31.0,True,4189,4106,['CameraDataProcessCommon'],['CameraDataProcessCommon'],CameraDataProcessCommon,CameraDataProcessCommon
272,268,services/data_process/src/pipeline_node/colorspace_conversion/convert_nv12_to_nv21.cpp,services/data_process/include/utils/image_common_type.h,IsConvertible,NV12,functionimpl,var,Use,101.0,True,4187,4122,['CameraDataProcessCommon'],['CameraDataProcessCommon'],CameraDataProcessCommon,CameraDataProcessCommon
272,268,services/data_process/src/pipeline_node/colorspace_conversion/convert_nv12_to_nv21.cpp,services/data_process/include/utils/image_common_type.h,IsConvertible,NV21,functionimpl,var,Use,101.0,True,4187,4123,['CameraDataProcessCommon'],['CameraDataProcessCommon'],CameraDataProcessCommon,CameraDataProcessCommon
272,268,services/data_process/src/pipeline_node/colorspace_conversion/convert_nv12_to_nv21.cpp,services/data_process/include/utils/image_common_type.h,GetImageUnitInfo,YUVI420,functionimpl,var,Use,101.0,True,4186,4126,['CameraDataProcessCommon'],['CameraDataProcessCommon'],CameraDataProcessCommon,CameraDataProcessCommon
272,268,services/data_process/src/pipeline_node/colorspace_conversion/convert_nv12_to_nv21.cpp,services/data_process/include/utils/image_common_type.h,GetImageUnitInfo,NV12,functionimpl,var,Use,101.0,True,4186,4122,['CameraDataProcessCommon'],['CameraDataProcessCommon'],CameraDataProcessCommon,CameraDataProcessCommon
272,268,services/data_process/src/pipeline_node/colorspace_conversion/convert_nv12_to_nv21.cpp,services/data_process/include/utils/image_common_type.h,GetImageUnitInfo,NV21,functionimpl,var,Use,101.0,True,4186,4123,['CameraDataProcessCommon'],['CameraDataProcessCommon'],CameraDataProcessCommon,CameraDataProcessCommon
272,268,services/data_process/src/pipeline_node/colorspace_conversion/convert_nv12_to_nv21.cpp,services/data_process/include/utils/image_common_type.h,GetImageUnitInfo,Videoformat,functionimpl,type,Use,101.0,True,4186,4118,['CameraDataProcessCommon'],['CameraDataProcessCommon'],CameraDataProcessCommon,CameraDataProcessCommon
272,268,services/data_process/src/pipeline_node/colorspace_conversion/convert_nv12_to_nv21.cpp,services/data_process/include/utils/image_common_type.h,GetImageUnitInfo,ImageUnitInfo,functionimpl,type,Use,101.0,True,4186,4114,['CameraDataProcessCommon'],['CameraDataProcessCommon'],CameraDataProcessCommon,CameraDataProcessCommon
272,268,services/data_process/src/pipeline_node/colorspace_conversion/convert_nv12_to_nv21.cpp,services/data_process/include/utils/image_common_type.h,IsCorrectImageUnitInfo,ImageUnitInfo,functionimpl,type,Use,101.0,True,4188,4114,['CameraDataProcessCommon'],['CameraDataProcessCommon'],CameraDataProcessCommon,CameraDataProcessCommon
272,268,services/data_process/src/pipeline_node/colorspace_conversion/convert_nv12_to_nv21.cpp,services/data_process/include/utils/image_common_type.h,CheckColorConvertInfo,ImageUnitInfo,functionimpl,type,Use,101.0,True,4181,4114,['CameraDataProcessCommon'],['CameraDataProcessCommon'],CameraDataProcessCommon,CameraDataProcessCommon
272,268,services/data_process/src/pipeline_node/colorspace_conversion/convert_nv12_to_nv21.cpp,services/data_process/include/utils/image_common_type.h,CheckColorConvertInfo,NV12,functionimpl,var,Use,101.0,True,4181,4122,['CameraDataProcessCommon'],['CameraDataProcessCommon'],CameraDataProcessCommon,CameraDataProcessCommon
272,268,services/data_process/src/pipeline_node/colorspace_conversion/convert_nv12_to_nv21.cpp,services/data_process/include/utils/image_common_type.h,CheckColorConvertInfo,NV21,functionimpl,var,Use,101.0,True,4181,4123,['CameraDataProcessCommon'],['CameraDataProcessCommon'],CameraDataProcessCommon,CameraDataProcessCommon
272,268,services/data_process/src/pipeline_node/colorspace_conversion/convert_nv12_to_nv21.cpp,services/data_process/include/utils/image_common_type.h,SeparateNV12UVPlane,ImageUnitInfo,functionimpl,type,Use,101.0,True,4190,4114,['CameraDataProcessCommon'],['CameraDataProcessCommon'],CameraDataProcessCommon,CameraDataProcessCommon
272,268,services/data_process/src/pipeline_node/colorspace_conversion/convert_nv12_to_nv21.cpp,services/data_process/include/utils/image_common_type.h,CombineNV12UVPlane,ImageUnitInfo,functionimpl,type,Use,101.0,True,4183,4114,['CameraDataProcessCommon'],['CameraDataProcessCommon'],CameraDataProcessCommon,CameraDataProcessCommon
272,268,services/data_process/src/pipeline_node/colorspace_conversion/convert_nv12_to_nv21.cpp,services/data_process/include/utils/image_common_type.h,CopyYPlane,ImageUnitInfo,functionimpl,type,Use,101.0,True,4185,4114,['CameraDataProcessCommon'],['CameraDataProcessCommon'],CameraDataProcessCommon,CameraDataProcessCommon
272,268,services/data_process/src/pipeline_node/colorspace_conversion/convert_nv12_to_nv21.cpp,services/data_process/include/utils/image_common_type.h,ColorConvertNV12ToNV21,ImageUnitInfo,functionimpl,type,Use,101.0,True,4182,4114,['CameraDataProcessCommon'],['CameraDataProcessCommon'],CameraDataProcessCommon,CameraDataProcessCommon
272,268,services/data_process/src/pipeline_node/colorspace_conversion/convert_nv12_to_nv21.cpp,services/data_process/include/utils/image_common_type.h,ProcessData,YUVI420,functionimpl,var,Use,101.0,True,4189,4126,['CameraDataProcessCommon'],['CameraDataProcessCommon'],CameraDataProcessCommon,CameraDataProcessCommon
272,268,services/data_process/src/pipeline_node/colorspace_conversion/convert_nv12_to_nv21.cpp,services/data_process/include/utils/image_common_type.h,IsConvertible,VideoConfigParams,functionimpl,type,Parameter,16.0,True,4187,4117,['CameraDataProcessCommon'],['CameraDataProcessCommon'],CameraDataProcessCommon,CameraDataProcessCommon
272,268,services/data_process/src/pipeline_node/colorspace_conversion/convert_nv12_to_nv21.cpp,services/data_process/include/utils/image_common_type.h,GetImageUnitInfo,ImageUnitInfo,functionimpl,type,Parameter,16.0,True,4186,4114,['CameraDataProcessCommon'],['CameraDataProcessCommon'],CameraDataProcessCommon,CameraDataProcessCommon
272,268,services/data_process/src/pipeline_node/colorspace_conversion/convert_nv12_to_nv21.cpp,services/data_process/include/utils/image_common_type.h,IsCorrectImageUnitInfo,ImageUnitInfo,functionimpl,type,Parameter,16.0,True,4188,4114,['CameraDataProcessCommon'],['CameraDataProcessCommon'],CameraDataProcessCommon,CameraDataProcessCommon
272,268,services/data_process/src/pipeline_node/colorspace_conversion/convert_nv12_to_nv21.cpp,services/data_process/include/utils/image_common_type.h,CheckColorConvertInfo,ImageUnitInfo,functionimpl,type,Parameter,16.0,True,4181,4114,['CameraDataProcessCommon'],['CameraDataProcessCommon'],CameraDataProcessCommon,CameraDataProcessCommon
272,268,services/data_process/src/pipeline_node/colorspace_conversion/convert_nv12_to_nv21.cpp,services/data_process/include/utils/image_common_type.h,SeparateNV12UVPlane,ImageUnitInfo,functionimpl,type,Parameter,16.0,True,4190,4114,['CameraDataProcessCommon'],['CameraDataProcessCommon'],CameraDataProcessCommon,CameraDataProcessCommon
272,268,services/data_process/src/pipeline_node/colorspace_conversion/convert_nv12_to_nv21.cpp,services/data_process/include/utils/image_common_type.h,CombineNV12UVPlane,ImageUnitInfo,functionimpl,type,Parameter,16.0,True,4183,4114,['CameraDataProcessCommon'],['CameraDataProcessCommon'],CameraDataProcessCommon,CameraDataProcessCommon
272,268,services/data_process/src/pipeline_node/colorspace_conversion/convert_nv12_to_nv21.cpp,services/data_process/include/utils/image_common_type.h,CopyYPlane,ImageUnitInfo,functionimpl,type,Parameter,16.0,True,4185,4114,['CameraDataProcessCommon'],['CameraDataProcessCommon'],CameraDataProcessCommon,CameraDataProcessCommon
272,268,services/data_process/src/pipeline_node/colorspace_conversion/convert_nv12_to_nv21.cpp,services/data_process/include/utils/image_common_type.h,ColorConvertNV12ToNV21,ImageUnitInfo,functionimpl,type,Parameter,16.0,True,4182,4114,['CameraDataProcessCommon'],['CameraDataProcessCommon'],CameraDataProcessCommon,CameraDataProcessCommon
272,268,services/data_process/src/pipeline_node/colorspace_conversion/convert_nv12_to_nv21.cpp,services/data_process/include/utils/image_common_type.h,ProcessData,VideoConfigParams,functionimpl,type,Parameter,16.0,True,4189,4117,['CameraDataProcessCommon'],['CameraDataProcessCommon'],CameraDataProcessCommon,CameraDataProcessCommon
272,268,services/data_process/src/pipeline_node/colorspace_conversion/convert_nv12_to_nv21.cpp,services/data_process/include/utils/image_common_type.h,ColorConvertNV12ToNV21,ImageUnitInfo,functionimpl,type,Contain,3.0,True,4182,4114,['CameraDataProcessCommon'],['CameraDataProcessCommon'],CameraDataProcessCommon,CameraDataProcessCommon
272,268,services/data_process/src/pipeline_node/colorspace_conversion/convert_nv12_to_nv21.cpp,services/data_process/include/utils/image_common_type.h,ProcessData,ImageUnitInfo,functionimpl,type,Contain,3.0,True,4189,4114,['CameraDataProcessCommon'],['CameraDataProcessCommon'],CameraDataProcessCommon,CameraDataProcessCommon
25,27,camera_hdf/interfaces/hdi_ipc/client/device/dcamera_device_callback.h,camera_hdf/interfaces/hdi_ipc/client/device/dcamera_device_callback_stub.h,,,file,file,Import,1.0,False,,,['VirtualCameraHdf'],['VirtualCameraHdf'],VirtualCameraHdf,VirtualCameraHdf
25,27,camera_hdf/interfaces/hdi_ipc/client/device/dcamera_device_callback.h,camera_hdf/interfaces/hdi_ipc/client/device/dcamera_device_callback_stub.h,DCameraDeviceCallback,DCameraDeviceCallbackStub,type,type,Extend,1.0,True,764,776,['VirtualCameraHdf'],['VirtualCameraHdf'],VirtualCameraHdf,VirtualCameraHdf
16,10,camera_hdf/hdi_impl/src/dstream_operator/dcamera_steam.cpp,camera_hdf/hdi_impl/include/utils/dcamera.h,ReturnDCameraBuffer,GetCurrentLocalTimeStamp,functionimpl,functionproto,Call,1.0,True,491,253,['VirtualCameraHdf'],['VirtualCameraHdf'],VirtualCameraHdf,VirtualCameraHdf
16,10,camera_hdf/hdi_impl/src/dstream_operator/dcamera_steam.cpp,camera_hdf/hdi_impl/include/utils/dcamera.h,,,file,file,Import,1.0,False,,,['VirtualCameraHdf'],['VirtualCameraHdf'],VirtualCameraHdf,VirtualCameraHdf
200,250,services/cameraservice/sourceservice/include/distributedcameramgr/dcameracontrol/dcamera_source_controller_channel_listener.h,services/channel/include/icamera_channel_listener.h,,,file,file,Import,1.0,False,,,['DistributedCameraSourceMgr'],['ChannelCommon'],DistributedCameraSourceMgr,ChannelCommon
200,250,services/cameraservice/sourceservice/include/distributedcameramgr/dcameracontrol/dcamera_source_controller_channel_listener.h,services/channel/include/icamera_channel_listener.h,DCameraSourceControllerChannelListener,ICameraChannelListener,type,type,Extend,1.0,True,2924,3738,['DistributedCameraSourceMgr'],['ChannelCommon'],DistributedCameraSourceMgr,ChannelCommon
260,256,services/data_process/include/pipeline/dcamera_pipeline_sink.h,services/data_process/include/eventbus/dcamera_pipeline_event.h,,,file,file,Import,1.0,False,,,['CameraDataPreProcess'],['CameraDataProcessCommon'],CameraDataPreProcess,CameraDataProcessCommon
260,258,services/data_process/include/pipeline/dcamera_pipeline_sink.h,services/data_process/include/interfaces/idata_process_pipeline.h,,,file,file,Import,1.0,False,,,['CameraDataPreProcess'],['CameraDataProcessCommon'],CameraDataPreProcess,CameraDataProcessCommon
260,258,services/data_process/include/pipeline/dcamera_pipeline_sink.h,services/data_process/include/interfaces/idata_process_pipeline.h,DCameraPipelineSink,IDataProcessPipeline,type,type,Extend,1.0,True,3962,3947,['CameraDataPreProcess'],['CameraDataProcessCommon'],CameraDataPreProcess,CameraDataProcessCommon
260,257,services/data_process/include/pipeline/dcamera_pipeline_sink.h,services/data_process/include/interfaces/data_process_listener.h,,,file,file,Import,1.0,False,,,['CameraDataPreProcess'],['CameraDataProcessCommon'],CameraDataPreProcess,CameraDataProcessCommon
260,257,services/data_process/include/pipeline/dcamera_pipeline_sink.h,services/data_process/include/interfaces/data_process_listener.h,processListener_,DataProcessListener,var,type,Use,1.0,True,3965,3942,['CameraDataPreProcess'],['CameraDataProcessCommon'],CameraDataPreProcess,CameraDataProcessCommon
260,257,services/data_process/include/pipeline/dcamera_pipeline_sink.h,services/data_process/include/interfaces/data_process_listener.h,OnError,DataProcessErrorType,functionproto,type,Parameter,2.0,True,3958,3941,['CameraDataPreProcess'],['CameraDataProcessCommon'],CameraDataPreProcess,CameraDataProcessCommon
260,257,services/data_process/include/pipeline/dcamera_pipeline_sink.h,services/data_process/include/interfaces/data_process_listener.h,processListener_,DataProcessListener,var,type,Parameter,2.0,True,3965,3942,['CameraDataPreProcess'],['CameraDataProcessCommon'],CameraDataPreProcess,CameraDataProcessCommon
260,259,services/data_process/include/pipeline/dcamera_pipeline_sink.h,services/data_process/include/pipeline/abstract_data_process.h,,,file,file,Import,1.0,False,,,['CameraDataPreProcess'],['CameraDataProcessCommon'],CameraDataPreProcess,CameraDataProcessCommon
260,259,services/data_process/include/pipeline/dcamera_pipeline_sink.h,services/data_process/include/pipeline/abstract_data_process.h,pipelineHead_,AbstractDataProcess,var,type,Use,2.0,True,3964,3951,['CameraDataPreProcess'],['CameraDataProcessCommon'],CameraDataPreProcess,CameraDataProcessCommon
260,259,services/data_process/include/pipeline/dcamera_pipeline_sink.h,services/data_process/include/pipeline/abstract_data_process.h,pipNodeRanks_,AbstractDataProcess,var,type,Use,2.0,True,3963,3951,['CameraDataPreProcess'],['CameraDataProcessCommon'],CameraDataPreProcess,CameraDataProcessCommon
260,259,services/data_process/include/pipeline/dcamera_pipeline_sink.h,services/data_process/include/pipeline/abstract_data_process.h,pipelineHead_,AbstractDataProcess,var,type,Parameter,2.0,True,3964,3951,['CameraDataPreProcess'],['CameraDataProcessCommon'],CameraDataPreProcess,CameraDataProcessCommon
260,259,services/data_process/include/pipeline/dcamera_pipeline_sink.h,services/data_process/include/pipeline/abstract_data_process.h,pipNodeRanks_,AbstractDataProcess,var,type,Parameter,2.0,True,3963,3951,['CameraDataPreProcess'],['CameraDataProcessCommon'],CameraDataPreProcess,CameraDataProcessCommon
195,94,services/cameraservice/sourceservice/include/distributedcamera/distributed_camera_source_stub.h,interfaces/inner_kits/native_cpp/camera_source/include/idistributed_camera_source.h,,,file,file,Import,1.0,False,,,['DistributedCameraSourceMgr'],['DistributedCameraSourceMgr'],DistributedCameraSourceMgr,DistributedCameraSourceMgr
214,216,services/cameraservice/sourceservice/include/distributedcameramgr/dcamerastate/dcamera_source_opened_state.h,services/cameraservice/sourceservice/include/distributedcameramgr/dcamerastate/dcamera_source_state.h,,,file,file,Import,1.0,False,,,['DistributedCameraSourceMgr'],['DistributedCameraSourceMgr'],DistributedCameraSourceMgr,DistributedCameraSourceMgr
214,216,services/cameraservice/sourceservice/include/distributedcameramgr/dcamerastate/dcamera_source_opened_state.h,services/cameraservice/sourceservice/include/distributedcameramgr/dcamerastate/dcamera_source_state.h,GetStateType,DCameraStateType,functionproto,alias,Return,1.0,True,3086,3101,['DistributedCameraSourceMgr'],['DistributedCameraSourceMgr'],DistributedCameraSourceMgr,DistributedCameraSourceMgr
214,216,services/cameraservice/sourceservice/include/distributedcameramgr/dcamerastate/dcamera_source_opened_state.h,services/cameraservice/sourceservice/include/distributedcameramgr/dcamerastate/dcamera_source_state.h,DCameraSourceOpenedState,DCameraSourceState,type,type,Extend,1.0,True,3087,3106,['DistributedCameraSourceMgr'],['DistributedCameraSourceMgr'],DistributedCameraSourceMgr,DistributedCameraSourceMgr
48,73,camera_hdf/interfaces/hdi_ipc/client/provider/dcamera_provider_proxy.cpp,camera_hdf/interfaces/include/types.h,EnableDCameraDevice,_DCamRetCode,functionimpl,type,Cast,6.0,True,1011,1388,['VirtualCameraHdf'],['VirtualCameraHdf'],VirtualCameraHdf,VirtualCameraHdf
48,73,camera_hdf/interfaces/hdi_ipc/client/provider/dcamera_provider_proxy.cpp,camera_hdf/interfaces/include/types.h,DisableDCameraDevice,_DCamRetCode,functionimpl,type,Cast,6.0,True,1010,1388,['VirtualCameraHdf'],['VirtualCameraHdf'],VirtualCameraHdf,VirtualCameraHdf
48,73,camera_hdf/interfaces/hdi_ipc/client/provider/dcamera_provider_proxy.cpp,camera_hdf/interfaces/include/types.h,AcquireBuffer,_DCamRetCode,functionimpl,type,Cast,6.0,True,1007,1388,['VirtualCameraHdf'],['VirtualCameraHdf'],VirtualCameraHdf,VirtualCameraHdf
48,73,camera_hdf/interfaces/hdi_ipc/client/provider/dcamera_provider_proxy.cpp,camera_hdf/interfaces/include/types.h,ShutterBuffer,_DCamRetCode,functionimpl,type,Cast,6.0,True,1015,1388,['VirtualCameraHdf'],['VirtualCameraHdf'],VirtualCameraHdf,VirtualCameraHdf
48,73,camera_hdf/interfaces/hdi_ipc/client/provider/dcamera_provider_proxy.cpp,camera_hdf/interfaces/include/types.h,OnSettingsResult,_DCamRetCode,functionimpl,type,Cast,6.0,True,1014,1388,['VirtualCameraHdf'],['VirtualCameraHdf'],VirtualCameraHdf,VirtualCameraHdf
48,73,camera_hdf/interfaces/hdi_ipc/client/provider/dcamera_provider_proxy.cpp,camera_hdf/interfaces/include/types.h,Notify,_DCamRetCode,functionimpl,type,Cast,6.0,True,1013,1388,['VirtualCameraHdf'],['VirtualCameraHdf'],VirtualCameraHdf,VirtualCameraHdf
48,73,camera_hdf/interfaces/hdi_ipc/client/provider/dcamera_provider_proxy.cpp,camera_hdf/interfaces/include/types.h,EnableDCameraDevice,DCamRetCode,functionimpl,alias,Return,6.0,True,1011,1374,['VirtualCameraHdf'],['VirtualCameraHdf'],VirtualCameraHdf,VirtualCameraHdf
48,73,camera_hdf/interfaces/hdi_ipc/client/provider/dcamera_provider_proxy.cpp,camera_hdf/interfaces/include/types.h,DisableDCameraDevice,DCamRetCode,functionimpl,alias,Return,6.0,True,1010,1374,['VirtualCameraHdf'],['VirtualCameraHdf'],VirtualCameraHdf,VirtualCameraHdf
48,73,camera_hdf/interfaces/hdi_ipc/client/provider/dcamera_provider_proxy.cpp,camera_hdf/interfaces/include/types.h,AcquireBuffer,DCamRetCode,functionimpl,alias,Return,6.0,True,1007,1374,['VirtualCameraHdf'],['VirtualCameraHdf'],VirtualCameraHdf,VirtualCameraHdf
48,73,camera_hdf/interfaces/hdi_ipc/client/provider/dcamera_provider_proxy.cpp,camera_hdf/interfaces/include/types.h,ShutterBuffer,DCamRetCode,functionimpl,alias,Return,6.0,True,1015,1374,['VirtualCameraHdf'],['VirtualCameraHdf'],VirtualCameraHdf,VirtualCameraHdf
48,73,camera_hdf/interfaces/hdi_ipc/client/provider/dcamera_provider_proxy.cpp,camera_hdf/interfaces/include/types.h,OnSettingsResult,DCamRetCode,functionimpl,alias,Return,6.0,True,1014,1374,['VirtualCameraHdf'],['VirtualCameraHdf'],VirtualCameraHdf,VirtualCameraHdf
48,73,camera_hdf/interfaces/hdi_ipc/client/provider/dcamera_provider_proxy.cpp,camera_hdf/interfaces/include/types.h,Notify,DCamRetCode,functionimpl,alias,Return,6.0,True,1013,1374,['VirtualCameraHdf'],['VirtualCameraHdf'],VirtualCameraHdf,VirtualCameraHdf
48,73,camera_hdf/interfaces/hdi_ipc/client/provider/dcamera_provider_proxy.cpp,camera_hdf/interfaces/include/types.h,EnableDCameraDevice,INVALID_ARGUMENT,functionimpl,var,Use,38.0,True,1011,1402,['VirtualCameraHdf'],['VirtualCameraHdf'],VirtualCameraHdf,VirtualCameraHdf
48,73,camera_hdf/interfaces/hdi_ipc/client/provider/dcamera_provider_proxy.cpp,camera_hdf/interfaces/include/types.h,DisableDCameraDevice,INVALID_ARGUMENT,functionimpl,var,Use,38.0,True,1010,1402,['VirtualCameraHdf'],['VirtualCameraHdf'],VirtualCameraHdf,VirtualCameraHdf
48,73,camera_hdf/interfaces/hdi_ipc/client/provider/dcamera_provider_proxy.cpp,camera_hdf/interfaces/include/types.h,AcquireBuffer,INVALID_ARGUMENT,functionimpl,var,Use,38.0,True,1007,1402,['VirtualCameraHdf'],['VirtualCameraHdf'],VirtualCameraHdf,VirtualCameraHdf
48,73,camera_hdf/interfaces/hdi_ipc/client/provider/dcamera_provider_proxy.cpp,camera_hdf/interfaces/include/types.h,AcquireBuffer,SUCCESS,functionimpl,var,Use,38.0,True,1007,1405,['VirtualCameraHdf'],['VirtualCameraHdf'],VirtualCameraHdf,VirtualCameraHdf
48,73,camera_hdf/interfaces/hdi_ipc/client/provider/dcamera_provider_proxy.cpp,camera_hdf/interfaces/include/types.h,ShutterBuffer,INVALID_ARGUMENT,functionimpl,var,Use,38.0,True,1015,1402,['VirtualCameraHdf'],['VirtualCameraHdf'],VirtualCameraHdf,VirtualCameraHdf
48,73,camera_hdf/interfaces/hdi_ipc/client/provider/dcamera_provider_proxy.cpp,camera_hdf/interfaces/include/types.h,ShutterBuffer,SUCCESS,functionimpl,var,Use,38.0,True,1015,1405,['VirtualCameraHdf'],['VirtualCameraHdf'],VirtualCameraHdf,VirtualCameraHdf
48,73,camera_hdf/interfaces/hdi_ipc/client/provider/dcamera_provider_proxy.cpp,camera_hdf/interfaces/include/types.h,ShutterBuffer,_DCamRetCode,functionimpl,type,Use,38.0,True,1015,1388,['VirtualCameraHdf'],['VirtualCameraHdf'],VirtualCameraHdf,VirtualCameraHdf
48,73,camera_hdf/interfaces/hdi_ipc/client/provider/dcamera_provider_proxy.cpp,camera_hdf/interfaces/include/types.h,ShutterBuffer,FAILED,functionimpl,var,Use,38.0,True,1015,1401,['VirtualCameraHdf'],['VirtualCameraHdf'],VirtualCameraHdf,VirtualCameraHdf
48,73,camera_hdf/interfaces/hdi_ipc/client/provider/dcamera_provider_proxy.cpp,camera_hdf/interfaces/include/types.h,OnSettingsResult,INVALID_ARGUMENT,functionimpl,var,Use,38.0,True,1014,1402,['VirtualCameraHdf'],['VirtualCameraHdf'],VirtualCameraHdf,VirtualCameraHdf
48,73,camera_hdf/interfaces/hdi_ipc/client/provider/dcamera_provider_proxy.cpp,camera_hdf/interfaces/include/types.h,Notify,INVALID_ARGUMENT,functionimpl,var,Use,38.0,True,1013,1402,['VirtualCameraHdf'],['VirtualCameraHdf'],VirtualCameraHdf,VirtualCameraHdf
48,73,camera_hdf/interfaces/hdi_ipc/client/provider/dcamera_provider_proxy.cpp,camera_hdf/interfaces/include/types.h,ShutterBuffer,_DCamRetCode,functionimpl,type,Contain,1.0,True,1015,1388,['VirtualCameraHdf'],['VirtualCameraHdf'],VirtualCameraHdf,VirtualCameraHdf
48,71,camera_hdf/interfaces/hdi_ipc/client/provider/dcamera_provider_proxy.cpp,camera_hdf/interfaces/include/idistributed_camera_provider.h,Get,IDCameraProvider,functionimpl,type,Use,1.0,True,1012,1359,['VirtualCameraHdf'],['VirtualCameraHdf'],VirtualCameraHdf,VirtualCameraHdf
48,71,camera_hdf/interfaces/hdi_ipc/client/provider/dcamera_provider_proxy.cpp,camera_hdf/interfaces/include/idistributed_camera_provider.h,Get,Get,functionimpl,functionproto,Implement,1.0,True,1012,1354,['VirtualCameraHdf'],['VirtualCameraHdf'],VirtualCameraHdf,VirtualCameraHdf
48,71,camera_hdf/interfaces/hdi_ipc/client/provider/dcamera_provider_proxy.cpp,camera_hdf/interfaces/include/idistributed_camera_provider.h,Get,IDCameraProvider,functionimpl,type,Parameter,1.0,True,1012,1359,['VirtualCameraHdf'],['VirtualCameraHdf'],VirtualCameraHdf,VirtualCameraHdf
110,102,services/cameraservice/base/src/dcamera_event_cmd.cpp,services/cameraservice/base/include/dcamera_event_cmd.h,,,file,file,Import,1.0,False,,,['CameraServiceCommon'],['CameraServiceCommon'],CameraServiceCommon,CameraServiceCommon
110,102,services/cameraservice/base/src/dcamera_event_cmd.cpp,services/cameraservice/base/include/dcamera_event_cmd.h,Unmarshal,DCameraEvent,functionimpl,type,Use,1.0,True,1845,1771,['CameraServiceCommon'],['CameraServiceCommon'],CameraServiceCommon,CameraServiceCommon
110,102,services/cameraservice/base/src/dcamera_event_cmd.cpp,services/cameraservice/base/include/dcamera_event_cmd.h,Marshal,Marshal,functionimpl,functionproto,Implement,2.0,True,1844,1769,['CameraServiceCommon'],['CameraServiceCommon'],CameraServiceCommon,CameraServiceCommon
110,102,services/cameraservice/base/src/dcamera_event_cmd.cpp,services/cameraservice/base/include/dcamera_event_cmd.h,Unmarshal,Unmarshal,functionimpl,functionproto,Implement,2.0,True,1845,1770,['CameraServiceCommon'],['CameraServiceCommon'],CameraServiceCommon,CameraServiceCommon
275,76,services/data_process/src/pipeline_node/multimedia_codec/decode_data_process_common.cpp,common/include/utils/data_buffer.h,ReleaseProcessNode,DataBuffer,functionimpl,type,Use,5.0,True,4384,1470,['CameraDataProcessCommon'],['utils'],CameraDataProcessCommon,utils
275,76,services/data_process/src/pipeline_node/multimedia_codec/decode_data_process_common.cpp,common/include/utils/data_buffer.h,FeedDecoderInputBuffer,DataBuffer,functionimpl,type,Use,5.0,True,4363,1470,['CameraDataProcessCommon'],['utils'],CameraDataProcessCommon,utils
275,76,services/data_process/src/pipeline_node/multimedia_codec/decode_data_process_common.cpp,common/include/utils/data_buffer.h,CopyDecodedImage,DataBuffer,functionimpl,type,Use,5.0,True,4360,1470,['CameraDataProcessCommon'],['utils'],CameraDataProcessCommon,utils
275,76,services/data_process/src/pipeline_node/multimedia_codec/decode_data_process_common.cpp,common/include/utils/data_buffer.h,PostOutputDataBuffers,DataBuffer,functionimpl,type,Use,5.0,True,4382,1470,['CameraDataProcessCommon'],['utils'],CameraDataProcessCommon,utils
275,78,services/data_process/src/pipeline_node/multimedia_codec/decode_data_process_common.cpp,common/include/utils/dcamera_utils_tools.h,GetDecoderTimeStamp,GetNowTimeStampUs,functionimpl,functionproto,Call,1.0,True,4366,1484,['CameraDataProcessCommon'],['utils'],CameraDataProcessCommon,utils
275,78,services/data_process/src/pipeline_node/multimedia_codec/decode_data_process_common.cpp,common/include/utils/dcamera_utils_tools.h,,,file,file,Import,1.0,False,,,['CameraDataProcessCommon'],['utils'],CameraDataProcessCommon,utils
112,73,services/cameraservice/base/src/dcamera_metadata_setting_cmd.cpp,camera_hdf/interfaces/include/types.h,Unmarshal,_DCSettingsType,functionimpl,type,Cast,1.0,True,1865,1385,['CameraServiceCommon'],['VirtualCameraHdf'],CameraServiceCommon,VirtualCameraHdf
112,73,services/cameraservice/base/src/dcamera_metadata_setting_cmd.cpp,camera_hdf/interfaces/include/types.h,Unmarshal,DCameraSettings,functionimpl,alias,Use,2.0,True,1865,1377,['CameraServiceCommon'],['VirtualCameraHdf'],CameraServiceCommon,VirtualCameraHdf
112,73,services/cameraservice/base/src/dcamera_metadata_setting_cmd.cpp,camera_hdf/interfaces/include/types.h,Unmarshal,_DCSettingsType,functionimpl,type,Use,2.0,True,1865,1385,['CameraServiceCommon'],['VirtualCameraHdf'],CameraServiceCommon,VirtualCameraHdf
196,218,services/cameraservice/sourceservice/include/distributedcameramgr/dcamera_source_dev.h,services/cameraservice/sourceservice/include/distributedcameramgr/dcamerastate/dcamera_source_state_machine.h,,,file,file,Import,1.0,False,,,['DistributedCameraSourceMgr'],['DistributedCameraSourceMgr'],DistributedCameraSourceMgr,DistributedCameraSourceMgr
196,218,services/cameraservice/sourceservice/include/distributedcameramgr/dcamera_source_dev.h,services/cameraservice/sourceservice/include/distributedcameramgr/dcamerastate/dcamera_source_state_machine.h,stateMachine_,DCameraSourceStateMachine,var,type,Use,1.0,True,2854,3114,['DistributedCameraSourceMgr'],['DistributedCameraSourceMgr'],DistributedCameraSourceMgr,DistributedCameraSourceMgr
196,218,services/cameraservice/sourceservice/include/distributedcameramgr/dcamera_source_dev.h,services/cameraservice/sourceservice/include/distributedcameramgr/dcamerastate/dcamera_source_state_machine.h,stateMachine_,DCameraSourceStateMachine,var,type,Parameter,1.0,True,2854,3114,['DistributedCameraSourceMgr'],['DistributedCameraSourceMgr'],DistributedCameraSourceMgr,DistributedCameraSourceMgr
112,74,services/cameraservice/base/src/dcamera_metadata_setting_cmd.cpp,common/include/constants/distributed_camera_constants.h,,,file,file,Import,1.0,False,,,['CameraServiceCommon'],['utils'],CameraServiceCommon,utils
112,75,services/cameraservice/base/src/dcamera_metadata_setting_cmd.cpp,common/include/constants/distributed_camera_errno.h,,,file,file,Import,1.0,False,,,['CameraServiceCommon'],['utils'],CameraServiceCommon,utils
150,249,services/cameraservice/sinkservice/include/distributedcameramgr/dcamera_sink_output.h,services/channel/include/icamera_channel.h,,,file,file,Import,1.0,False,,,['DistributedCameraSinkMgr'],['ChannelCommon'],DistributedCameraSinkMgr,ChannelCommon
150,249,services/cameraservice/sinkservice/include/distributedcameramgr/dcamera_sink_output.h,services/channel/include/icamera_channel.h,channels_,ICameraChannel,var,type,Use,1.0,True,2339,3734,['DistributedCameraSinkMgr'],['ChannelCommon'],DistributedCameraSinkMgr,ChannelCommon
150,249,services/cameraservice/sinkservice/include/distributedcameramgr/dcamera_sink_output.h,services/channel/include/icamera_channel.h,channels_,ICameraChannel,var,type,Parameter,1.0,True,2339,3734,['DistributedCameraSinkMgr'],['ChannelCommon'],DistributedCameraSinkMgr,ChannelCommon
265,264,services/data_process/include/pipeline_node/multimedia_codec/decode_video_callback.h,services/data_process/include/pipeline_node/multimedia_codec/decode_data_process.h,,,file,file,Import,1.0,False,,,['CameraDataProcessCommon'],['CameraDataProcessCommon'],CameraDataProcessCommon,CameraDataProcessCommon
265,264,services/data_process/include/pipeline_node/multimedia_codec/decode_video_callback.h,services/data_process/include/pipeline_node/multimedia_codec/decode_data_process.h,decodeVideoNode_,DecodeDataProcess,var,type,Use,1.0,True,4066,4047,['CameraDataProcessCommon'],['CameraDataProcessCommon'],CameraDataProcessCommon,CameraDataProcessCommon
265,264,services/data_process/include/pipeline_node/multimedia_codec/decode_video_callback.h,services/data_process/include/pipeline_node/multimedia_codec/decode_data_process.h,decodeVideoNode_,DecodeDataProcess,var,type,Parameter,1.0,True,4066,4047,['CameraDataProcessCommon'],['CameraDataProcessCommon'],CameraDataProcessCommon,CameraDataProcessCommon
196,210,services/cameraservice/sourceservice/include/distributedcameramgr/dcamera_source_dev.h,services/cameraservice/sourceservice/include/distributedcameramgr/dcamerainterface/icamera_state_listener.h,,,file,file,Import,1.0,False,,,['DistributedCameraSourceMgr'],['DistributedCameraSourceMgr'],DistributedCameraSourceMgr,DistributedCameraSourceMgr
196,210,services/cameraservice/sourceservice/include/distributedcameramgr/dcamera_source_dev.h,services/cameraservice/sourceservice/include/distributedcameramgr/dcamerainterface/icamera_state_listener.h,stateListener_,ICameraStateListener,var,type,Use,1.0,True,2853,3032,['DistributedCameraSourceMgr'],['DistributedCameraSourceMgr'],DistributedCameraSourceMgr,DistributedCameraSourceMgr
196,210,services/cameraservice/sourceservice/include/distributedcameramgr/dcamera_source_dev.h,services/cameraservice/sourceservice/include/distributedcameramgr/dcamerainterface/icamera_state_listener.h,stateListener_,ICameraStateListener,var,type,Parameter,1.0,True,2853,3032,['DistributedCameraSourceMgr'],['DistributedCameraSourceMgr'],DistributedCameraSourceMgr,DistributedCameraSourceMgr
6,74,camera_hdf/hdi_impl/include/dstream_operator/dimage_buffer.h,common/include/constants/distributed_camera_constants.h,,,file,file,Import,1.0,False,,,['VirtualCameraHdf'],['utils'],VirtualCameraHdf,utils
23,22,camera_hdf/hdi_impl/test/dcamera_hdi_sample.cpp,camera_hdf/hdi_impl/test/common.h,,,file,file,Import,1.0,False,,,['VirtualCameraHdf'],['VirtualCameraHdf'],VirtualCameraHdf,VirtualCameraHdf
48,52,camera_hdf/interfaces/hdi_ipc/client/provider/dcamera_provider_proxy.cpp,camera_hdf/interfaces/hdi_ipc/ipc_data_utils.h,OnSettingsResult,EncodeDCameraSettings,functionimpl,functionimpl,Call,2.0,True,1014,1074,['VirtualCameraHdf'],['VirtualCameraHdf'],VirtualCameraHdf,VirtualCameraHdf
48,52,camera_hdf/interfaces/hdi_ipc/client/provider/dcamera_provider_proxy.cpp,camera_hdf/interfaces/hdi_ipc/ipc_data_utils.h,Notify,EncodeDCameraHDFEvent,functionimpl,functionimpl,Call,2.0,True,1013,1073,['VirtualCameraHdf'],['VirtualCameraHdf'],VirtualCameraHdf,VirtualCameraHdf
48,52,camera_hdf/interfaces/hdi_ipc/client/provider/dcamera_provider_proxy.cpp,camera_hdf/interfaces/hdi_ipc/ipc_data_utils.h,,,file,file,Import,1.0,False,,,['VirtualCameraHdf'],['VirtualCameraHdf'],VirtualCameraHdf,VirtualCameraHdf
48,52,camera_hdf/interfaces/hdi_ipc/client/provider/dcamera_provider_proxy.cpp,camera_hdf/interfaces/hdi_ipc/ipc_data_utils.h,OnSettingsResult,EncodeDCameraSettings,functionimpl,functionimpl,Use,2.0,True,1014,1074,['VirtualCameraHdf'],['VirtualCameraHdf'],VirtualCameraHdf,VirtualCameraHdf
48,52,camera_hdf/interfaces/hdi_ipc/client/provider/dcamera_provider_proxy.cpp,camera_hdf/interfaces/hdi_ipc/ipc_data_utils.h,Notify,EncodeDCameraHDFEvent,functionimpl,functionimpl,Use,2.0,True,1013,1073,['VirtualCameraHdf'],['VirtualCameraHdf'],VirtualCameraHdf,VirtualCameraHdf
19,9,camera_hdf/hdi_impl/src/dstream_operator/dstream_operator.cpp,camera_hdf/hdi_impl/include/utils/constants.h,InitOutputConfigurations,PREVIEW,functionimpl,var,Use,26.0,True,589,241,['VirtualCameraHdf'],['VirtualCameraHdf'],VirtualCameraHdf,VirtualCameraHdf
19,9,camera_hdf/hdi_impl/src/dstream_operator/dstream_operator.cpp,camera_hdf/hdi_impl/include/utils/constants.h,InitOutputConfigurations,VIDEO,functionimpl,var,Use,26.0,True,589,244,['VirtualCameraHdf'],['VirtualCameraHdf'],VirtualCameraHdf,VirtualCameraHdf
19,9,camera_hdf/hdi_impl/src/dstream_operator/dstream_operator.cpp,camera_hdf/hdi_impl/include/utils/constants.h,InitOutputConfigurations,PHOTO,functionimpl,var,Use,26.0,True,589,240,['VirtualCameraHdf'],['VirtualCameraHdf'],VirtualCameraHdf,VirtualCameraHdf
19,9,camera_hdf/hdi_impl/src/dstream_operator/dstream_operator.cpp,camera_hdf/hdi_impl/include/utils/constants.h,InitOutputConfigurations,DCResolution,functionimpl,type,Use,26.0,True,589,218,['VirtualCameraHdf'],['VirtualCameraHdf'],VirtualCameraHdf,VirtualCameraHdf
19,9,camera_hdf/hdi_impl/src/dstream_operator/dstream_operator.cpp,camera_hdf/hdi_impl/include/utils/constants.h,InitOutputConfigurations,STAR_SEPARATOR,functionimpl,var,Use,26.0,True,589,243,['VirtualCameraHdf'],['VirtualCameraHdf'],VirtualCameraHdf,VirtualCameraHdf
19,9,camera_hdf/hdi_impl/src/dstream_operator/dstream_operator.cpp,camera_hdf/hdi_impl/include/utils/constants.h,InitOutputConfigurations,SIZE_FMT_LEN,functionimpl,var,Use,26.0,True,589,242,['VirtualCameraHdf'],['VirtualCameraHdf'],VirtualCameraHdf,VirtualCameraHdf
19,9,camera_hdf/hdi_impl/src/dstream_operator/dstream_operator.cpp,camera_hdf/hdi_impl/include/utils/constants.h,InitOutputConfigurations,MAX_SUPPORT_PHOTO_WIDTH,functionimpl,var,Use,26.0,True,589,236,['VirtualCameraHdf'],['VirtualCameraHdf'],VirtualCameraHdf,VirtualCameraHdf
19,9,camera_hdf/hdi_impl/src/dstream_operator/dstream_operator.cpp,camera_hdf/hdi_impl/include/utils/constants.h,InitOutputConfigurations,MAX_SUPPORT_PHOTO_HEIGHT,functionimpl,var,Use,26.0,True,589,235,['VirtualCameraHdf'],['VirtualCameraHdf'],VirtualCameraHdf,VirtualCameraHdf
19,9,camera_hdf/hdi_impl/src/dstream_operator/dstream_operator.cpp,camera_hdf/hdi_impl/include/utils/constants.h,InitOutputConfigurations,MAX_SUPPORT_PREVIEW_WIDTH,functionimpl,var,Use,26.0,True,589,238,['VirtualCameraHdf'],['VirtualCameraHdf'],VirtualCameraHdf,VirtualCameraHdf
19,9,camera_hdf/hdi_impl/src/dstream_operator/dstream_operator.cpp,camera_hdf/hdi_impl/include/utils/constants.h,InitOutputConfigurations,MAX_SUPPORT_PREVIEW_HEIGHT,functionimpl,var,Use,26.0,True,589,237,['VirtualCameraHdf'],['VirtualCameraHdf'],VirtualCameraHdf,VirtualCameraHdf
19,9,camera_hdf/hdi_impl/src/dstream_operator/dstream_operator.cpp,camera_hdf/hdi_impl/include/utils/constants.h,ChooseSuitableFormat,PREVIEW,functionimpl,var,Use,26.0,True,580,241,['VirtualCameraHdf'],['VirtualCameraHdf'],VirtualCameraHdf,VirtualCameraHdf
19,9,camera_hdf/hdi_impl/src/dstream_operator/dstream_operator.cpp,camera_hdf/hdi_impl/include/utils/constants.h,ChooseSuitableFormat,VIDEO,functionimpl,var,Use,26.0,True,580,244,['VirtualCameraHdf'],['VirtualCameraHdf'],VirtualCameraHdf,VirtualCameraHdf
19,9,camera_hdf/hdi_impl/src/dstream_operator/dstream_operator.cpp,camera_hdf/hdi_impl/include/utils/constants.h,ChooseSuitableFormat,PHOTO,functionimpl,var,Use,26.0,True,580,240,['VirtualCameraHdf'],['VirtualCameraHdf'],VirtualCameraHdf,VirtualCameraHdf
19,9,camera_hdf/hdi_impl/src/dstream_operator/dstream_operator.cpp,camera_hdf/hdi_impl/include/utils/constants.h,ChooseSuitableResolution,DCResolution,functionimpl,type,Use,26.0,True,581,218,['VirtualCameraHdf'],['VirtualCameraHdf'],VirtualCameraHdf,VirtualCameraHdf
19,9,camera_hdf/hdi_impl/src/dstream_operator/dstream_operator.cpp,camera_hdf/hdi_impl/include/utils/constants.h,ChooseSuitableResolution,MAX_SUPPORT_PREVIEW_WIDTH,functionimpl,var,Use,26.0,True,581,238,['VirtualCameraHdf'],['VirtualCameraHdf'],VirtualCameraHdf,VirtualCameraHdf
19,9,camera_hdf/hdi_impl/src/dstream_operator/dstream_operator.cpp,camera_hdf/hdi_impl/include/utils/constants.h,ChooseSuitableResolution,MAX_SUPPORT_PREVIEW_HEIGHT,functionimpl,var,Use,26.0,True,581,237,['VirtualCameraHdf'],['VirtualCameraHdf'],VirtualCameraHdf,VirtualCameraHdf
19,9,camera_hdf/hdi_impl/src/dstream_operator/dstream_operator.cpp,camera_hdf/hdi_impl/include/utils/constants.h,ConvertDCEncodeType,ENCODE_TYPE_STR_H264,functionimpl,var,Use,26.0,True,583,229,['VirtualCameraHdf'],['VirtualCameraHdf'],VirtualCameraHdf,VirtualCameraHdf
19,9,camera_hdf/hdi_impl/src/dstream_operator/dstream_operator.cpp,camera_hdf/hdi_impl/include/utils/constants.h,ConvertDCEncodeType,ENCODE_TYPE_STR_H265,functionimpl,var,Use,26.0,True,583,230,['VirtualCameraHdf'],['VirtualCameraHdf'],VirtualCameraHdf,VirtualCameraHdf
19,9,camera_hdf/hdi_impl/src/dstream_operator/dstream_operator.cpp,camera_hdf/hdi_impl/include/utils/constants.h,ConvertDCEncodeType,ENCODE_TYPE_STR_JPEG,functionimpl,var,Use,26.0,True,583,231,['VirtualCameraHdf'],['VirtualCameraHdf'],VirtualCameraHdf,VirtualCameraHdf
19,9,camera_hdf/hdi_impl/src/dstream_operator/dstream_operator.cpp,camera_hdf/hdi_impl/include/utils/constants.h,InitOutputConfigurations,DCResolution,functionimpl,type,Contain,2.0,True,589,218,['VirtualCameraHdf'],['VirtualCameraHdf'],VirtualCameraHdf,VirtualCameraHdf
19,9,camera_hdf/hdi_impl/src/dstream_operator/dstream_operator.cpp,camera_hdf/hdi_impl/include/utils/constants.h,ChooseSuitableResolution,DCResolution,functionimpl,type,Contain,2.0,True,581,218,['VirtualCameraHdf'],['VirtualCameraHdf'],VirtualCameraHdf,VirtualCameraHdf
19,8,camera_hdf/hdi_impl/src/dstream_operator/dstream_operator.cpp,camera_hdf/hdi_impl/include/dstream_operator/dstream_operator.h,,,file,file,Import,1.0,False,,,['VirtualCameraHdf'],['VirtualCameraHdf'],VirtualCameraHdf,VirtualCameraHdf
19,8,camera_hdf/hdi_impl/src/dstream_operator/dstream_operator.cpp,camera_hdf/hdi_impl/include/dstream_operator/dstream_operator.h,DStreamOperator,DStreamOperator,functionimpl,functionimpl,Implement,28.0,True,586,174,['VirtualCameraHdf'],['VirtualCameraHdf'],VirtualCameraHdf,VirtualCameraHdf
19,8,camera_hdf/hdi_impl/src/dstream_operator/dstream_operator.cpp,camera_hdf/hdi_impl/include/dstream_operator/dstream_operator.h,IsStreamsSupported,IsStreamsSupported,functionimpl,functionproto,Implement,28.0,True,591,194,['VirtualCameraHdf'],['VirtualCameraHdf'],VirtualCameraHdf,VirtualCameraHdf
19,8,camera_hdf/hdi_impl/src/dstream_operator/dstream_operator.cpp,camera_hdf/hdi_impl/include/dstream_operator/dstream_operator.h,CreateStreams,CreateStreams,functionimpl,functionproto,Implement,28.0,True,585,189,['VirtualCameraHdf'],['VirtualCameraHdf'],VirtualCameraHdf,VirtualCameraHdf
19,8,camera_hdf/hdi_impl/src/dstream_operator/dstream_operator.cpp,camera_hdf/hdi_impl/include/dstream_operator/dstream_operator.h,ReleaseStreams,ReleaseStreams,functionimpl,functionproto,Implement,28.0,True,594,197,['VirtualCameraHdf'],['VirtualCameraHdf'],VirtualCameraHdf,VirtualCameraHdf
19,8,camera_hdf/hdi_impl/src/dstream_operator/dstream_operator.cpp,camera_hdf/hdi_impl/include/dstream_operator/dstream_operator.h,CommitStreams,CommitStreams,functionimpl,functionproto,Implement,28.0,True,582,186,['VirtualCameraHdf'],['VirtualCameraHdf'],VirtualCameraHdf,VirtualCameraHdf
19,8,camera_hdf/hdi_impl/src/dstream_operator/dstream_operator.cpp,camera_hdf/hdi_impl/include/dstream_operator/dstream_operator.h,GetStreamAttributes,GetStreamAttributes,functionimpl,functionproto,Implement,28.0,True,588,191,['VirtualCameraHdf'],['VirtualCameraHdf'],VirtualCameraHdf,VirtualCameraHdf
19,8,camera_hdf/hdi_impl/src/dstream_operator/dstream_operator.cpp,camera_hdf/hdi_impl/include/dstream_operator/dstream_operator.h,AttachBufferQueue,AttachBufferQueue,functionimpl,functionproto,Implement,28.0,True,573,177,['VirtualCameraHdf'],['VirtualCameraHdf'],VirtualCameraHdf,VirtualCameraHdf
19,8,camera_hdf/hdi_impl/src/dstream_operator/dstream_operator.cpp,camera_hdf/hdi_impl/include/dstream_operator/dstream_operator.h,DetachBufferQueue,DetachBufferQueue,functionimpl,functionproto,Implement,28.0,True,587,190,['VirtualCameraHdf'],['VirtualCameraHdf'],VirtualCameraHdf,VirtualCameraHdf
19,8,camera_hdf/hdi_impl/src/dstream_operator/dstream_operator.cpp,camera_hdf/hdi_impl/include/dstream_operator/dstream_operator.h,Capture,Capture,functionimpl,functionproto,Implement,28.0,True,576,180,['VirtualCameraHdf'],['VirtualCameraHdf'],VirtualCameraHdf,VirtualCameraHdf
19,8,camera_hdf/hdi_impl/src/dstream_operator/dstream_operator.cpp,camera_hdf/hdi_impl/include/dstream_operator/dstream_operator.h,CancelCapture,CancelCapture,functionimpl,functionproto,Implement,28.0,True,575,179,['VirtualCameraHdf'],['VirtualCameraHdf'],VirtualCameraHdf,VirtualCameraHdf
19,8,camera_hdf/hdi_impl/src/dstream_operator/dstream_operator.cpp,camera_hdf/hdi_impl/include/dstream_operator/dstream_operator.h,ChangeToOfflineStream,ChangeToOfflineStream,functionimpl,functionproto,Implement,28.0,True,577,181,['VirtualCameraHdf'],['VirtualCameraHdf'],VirtualCameraHdf,VirtualCameraHdf
19,8,camera_hdf/hdi_impl/src/dstream_operator/dstream_operator.cpp,camera_hdf/hdi_impl/include/dstream_operator/dstream_operator.h,InitOutputConfigurations,InitOutputConfigurations,functionimpl,functionproto,Implement,28.0,True,589,192,['VirtualCameraHdf'],['VirtualCameraHdf'],VirtualCameraHdf,VirtualCameraHdf
19,8,camera_hdf/hdi_impl/src/dstream_operator/dstream_operator.cpp,camera_hdf/hdi_impl/include/dstream_operator/dstream_operator.h,AcquireBuffer,AcquireBuffer,functionimpl,functionproto,Implement,28.0,True,572,176,['VirtualCameraHdf'],['VirtualCameraHdf'],VirtualCameraHdf,VirtualCameraHdf
19,8,camera_hdf/hdi_impl/src/dstream_operator/dstream_operator.cpp,camera_hdf/hdi_impl/include/dstream_operator/dstream_operator.h,ShutterBuffer,ShutterBuffer,functionimpl,functionproto,Implement,28.0,True,598,201,['VirtualCameraHdf'],['VirtualCameraHdf'],VirtualCameraHdf,VirtualCameraHdf
19,8,camera_hdf/hdi_impl/src/dstream_operator/dstream_operator.cpp,camera_hdf/hdi_impl/include/dstream_operator/dstream_operator.h,SetCallBack,SetCallBack,functionimpl,functionproto,Implement,28.0,True,595,198,['VirtualCameraHdf'],['VirtualCameraHdf'],VirtualCameraHdf,VirtualCameraHdf
19,8,camera_hdf/hdi_impl/src/dstream_operator/dstream_operator.cpp,camera_hdf/hdi_impl/include/dstream_operator/dstream_operator.h,SetDeviceCallback,SetDeviceCallback,functionimpl,functionproto,Implement,28.0,True,597,200,['VirtualCameraHdf'],['VirtualCameraHdf'],VirtualCameraHdf,VirtualCameraHdf
19,8,camera_hdf/hdi_impl/src/dstream_operator/dstream_operator.cpp,camera_hdf/hdi_impl/include/dstream_operator/dstream_operator.h,SnapShotStreamOnCaptureEnded,SnapShotStreamOnCaptureEnded,functionimpl,functionproto,Implement,28.0,True,599,202,['VirtualCameraHdf'],['VirtualCameraHdf'],VirtualCameraHdf,VirtualCameraHdf
19,8,camera_hdf/hdi_impl/src/dstream_operator/dstream_operator.cpp,camera_hdf/hdi_impl/include/dstream_operator/dstream_operator.h,Release,Release,functionimpl,functionproto,Implement,28.0,True,593,196,['VirtualCameraHdf'],['VirtualCameraHdf'],VirtualCameraHdf,VirtualCameraHdf
19,8,camera_hdf/hdi_impl/src/dstream_operator/dstream_operator.cpp,camera_hdf/hdi_impl/include/dstream_operator/dstream_operator.h,IsCapturing,IsCapturing,functionimpl,functionproto,Implement,28.0,True,590,193,['VirtualCameraHdf'],['VirtualCameraHdf'],VirtualCameraHdf,VirtualCameraHdf
19,8,camera_hdf/hdi_impl/src/dstream_operator/dstream_operator.cpp,camera_hdf/hdi_impl/include/dstream_operator/dstream_operator.h,SetCapturing,SetCapturing,functionimpl,functionproto,Implement,28.0,True,596,199,['VirtualCameraHdf'],['VirtualCameraHdf'],VirtualCameraHdf,VirtualCameraHdf
19,8,camera_hdf/hdi_impl/src/dstream_operator/dstream_operator.cpp,camera_hdf/hdi_impl/include/dstream_operator/dstream_operator.h,ConvertStreamInfo,ConvertStreamInfo,functionimpl,functionproto,Implement,28.0,True,584,188,['VirtualCameraHdf'],['VirtualCameraHdf'],VirtualCameraHdf,VirtualCameraHdf
19,8,camera_hdf/hdi_impl/src/dstream_operator/dstream_operator.cpp,camera_hdf/hdi_impl/include/dstream_operator/dstream_operator.h,NegotiateSuitableCaptureInfo,NegotiateSuitableCaptureInfo,functionimpl,functionproto,Implement,28.0,True,592,195,['VirtualCameraHdf'],['VirtualCameraHdf'],VirtualCameraHdf,VirtualCameraHdf
19,8,camera_hdf/hdi_impl/src/dstream_operator/dstream_operator.cpp,camera_hdf/hdi_impl/include/dstream_operator/dstream_operator.h,BuildSuitableCaptureInfo,BuildSuitableCaptureInfo,functionimpl,functionproto,Implement,28.0,True,574,178,['VirtualCameraHdf'],['VirtualCameraHdf'],VirtualCameraHdf,VirtualCameraHdf
19,8,camera_hdf/hdi_impl/src/dstream_operator/dstream_operator.cpp,camera_hdf/hdi_impl/include/dstream_operator/dstream_operator.h,ChooseSuitableFormat,ChooseSuitableFormat,functionimpl,functionproto,Implement,28.0,True,580,184,['VirtualCameraHdf'],['VirtualCameraHdf'],VirtualCameraHdf,VirtualCameraHdf
19,8,camera_hdf/hdi_impl/src/dstream_operator/dstream_operator.cpp,camera_hdf/hdi_impl/include/dstream_operator/dstream_operator.h,ChooseSuitableResolution,ChooseSuitableResolution,functionimpl,functionproto,Implement,28.0,True,581,185,['VirtualCameraHdf'],['VirtualCameraHdf'],VirtualCameraHdf,VirtualCameraHdf
19,8,camera_hdf/hdi_impl/src/dstream_operator/dstream_operator.cpp,camera_hdf/hdi_impl/include/dstream_operator/dstream_operator.h,ChooseSuitableDataSpace,ChooseSuitableDataSpace,functionimpl,functionproto,Implement,28.0,True,578,182,['VirtualCameraHdf'],['VirtualCameraHdf'],VirtualCameraHdf,VirtualCameraHdf
19,8,camera_hdf/hdi_impl/src/dstream_operator/dstream_operator.cpp,camera_hdf/hdi_impl/include/dstream_operator/dstream_operator.h,ChooseSuitableEncodeType,ChooseSuitableEncodeType,functionimpl,functionproto,Implement,28.0,True,579,183,['VirtualCameraHdf'],['VirtualCameraHdf'],VirtualCameraHdf,VirtualCameraHdf
19,8,camera_hdf/hdi_impl/src/dstream_operator/dstream_operator.cpp,camera_hdf/hdi_impl/include/dstream_operator/dstream_operator.h,ConvertDCEncodeType,ConvertDCEncodeType,functionimpl,functionproto,Implement,28.0,True,583,187,['VirtualCameraHdf'],['VirtualCameraHdf'],VirtualCameraHdf,VirtualCameraHdf
82,84,interfaces/inner_kits/native_cpp/camera_sink/include/dcamera_sink_handler_ipc.h,interfaces/inner_kits/native_cpp/camera_sink/include/idistributed_camera_sink.h,,,file,file,Import,1.0,False,,,['DistributedCameraSinkMgr'],['DistributedCameraSinkMgr'],DistributedCameraSinkMgr,DistributedCameraSinkMgr
82,84,interfaces/inner_kits/native_cpp/camera_sink/include/dcamera_sink_handler_ipc.h,interfaces/inner_kits/native_cpp/camera_sink/include/idistributed_camera_sink.h,GetSinkLocalDHMS,IDistributedCameraSink,functionproto,type,Use,2.0,True,1544,1568,['DistributedCameraSinkMgr'],['DistributedCameraSinkMgr'],DistributedCameraSinkMgr,DistributedCameraSinkMgr
82,84,interfaces/inner_kits/native_cpp/camera_sink/include/dcamera_sink_handler_ipc.h,interfaces/inner_kits/native_cpp/camera_sink/include/idistributed_camera_sink.h,localSink_,IDistributedCameraSink,var,type,Use,2.0,True,1551,1568,['DistributedCameraSinkMgr'],['DistributedCameraSinkMgr'],DistributedCameraSinkMgr,DistributedCameraSinkMgr
82,84,interfaces/inner_kits/native_cpp/camera_sink/include/dcamera_sink_handler_ipc.h,interfaces/inner_kits/native_cpp/camera_sink/include/idistributed_camera_sink.h,GetSinkLocalDHMS,IDistributedCameraSink,functionproto,type,Parameter,2.0,True,1544,1568,['DistributedCameraSinkMgr'],['DistributedCameraSinkMgr'],DistributedCameraSinkMgr,DistributedCameraSinkMgr
82,84,interfaces/inner_kits/native_cpp/camera_sink/include/dcamera_sink_handler_ipc.h,interfaces/inner_kits/native_cpp/camera_sink/include/idistributed_camera_sink.h,localSink_,IDistributedCameraSink,var,type,Parameter,2.0,True,1551,1568,['DistributedCameraSinkMgr'],['DistributedCameraSinkMgr'],DistributedCameraSinkMgr,DistributedCameraSinkMgr
220,75,services/cameraservice/sourceservice/src/distributedcamera/dcamera_source_callback_proxy.cpp,common/include/constants/distributed_camera_errno.h,,,file,file,Import,1.0,False,,,['DistributedCameraSourceMgr'],['utils'],DistributedCameraSourceMgr,utils
157,100,services/cameraservice/sinkservice/include/distributedcameramgr/interface/icamera_sink_data_process.h,services/cameraservice/base/include/dcamera_capture_info_cmd.h,,,file,file,Import,1.0,False,,,['DistributedCameraSinkMgr'],['CameraServiceCommon'],DistributedCameraSinkMgr,CameraServiceCommon
221,210,services/cameraservice/sourceservice/src/distributedcamera/distributed_camera_source_service.cpp,services/cameraservice/sourceservice/include/distributedcameramgr/dcamerainterface/icamera_state_listener.h,RegisterDistributedHardware,ICameraStateListener,functionimpl,type,Use,1.0,True,3149,3032,['DistributedCameraSourceMgr'],['DistributedCameraSourceMgr'],DistributedCameraSourceMgr,DistributedCameraSourceMgr
277,76,services/data_process/src/pipeline_node/multimedia_codec/encode_data_process.cpp,common/include/utils/data_buffer.h,GetEncoderOutputBuffer,DataBuffer,functionimpl,type,Use,3.0,True,4455,1470,['CameraDataProcessCommon'],['utils'],CameraDataProcessCommon,utils
148,153,services/cameraservice/sinkservice/include/distributedcameramgr/dcamera_sink_data_process.h,services/cameraservice/sinkservice/include/distributedcameramgr/eventbus/dcamera_photo_output_event.h,,,file,file,Import,1.0,False,,,['DistributedCameraSinkMgr'],['DistributedCameraSinkMgr'],DistributedCameraSinkMgr,DistributedCameraSinkMgr
148,153,services/cameraservice/sinkservice/include/distributedcameramgr/dcamera_sink_data_process.h,services/cameraservice/sinkservice/include/distributedcameramgr/eventbus/dcamera_photo_output_event.h,OnEvent,DCameraPhotoOutputEvent,functionproto,type,Parameter,1.0,True,2300,2363,['DistributedCameraSinkMgr'],['DistributedCameraSinkMgr'],DistributedCameraSinkMgr,DistributedCameraSinkMgr
277,78,services/data_process/src/pipeline_node/multimedia_codec/encode_data_process.cpp,common/include/utils/dcamera_utils_tools.h,GetEncoderTimeStamp,GetNowTimeStampUs,functionimpl,functionproto,Call,1.0,True,4456,1484,['CameraDataProcessCommon'],['utils'],CameraDataProcessCommon,utils
277,78,services/data_process/src/pipeline_node/multimedia_codec/encode_data_process.cpp,common/include/utils/dcamera_utils_tools.h,,,file,file,Import,1.0,False,,,['CameraDataProcessCommon'],['utils'],CameraDataProcessCommon,utils
148,155,services/cameraservice/sinkservice/include/distributedcameramgr/dcamera_sink_data_process.h,services/cameraservice/sinkservice/include/distributedcameramgr/eventbus/dcamera_video_output_event.h,,,file,file,Import,1.0,False,,,['DistributedCameraSinkMgr'],['DistributedCameraSinkMgr'],DistributedCameraSinkMgr,DistributedCameraSinkMgr
148,155,services/cameraservice/sinkservice/include/distributedcameramgr/dcamera_sink_data_process.h,services/cameraservice/sinkservice/include/distributedcameramgr/eventbus/dcamera_video_output_event.h,OnEvent,DCameraVideoOutputEvent,functionproto,type,Parameter,1.0,True,2300,2373,['DistributedCameraSinkMgr'],['DistributedCameraSinkMgr'],DistributedCameraSinkMgr,DistributedCameraSinkMgr
48,49,camera_hdf/interfaces/hdi_ipc/client/provider/dcamera_provider_proxy.cpp,camera_hdf/interfaces/hdi_ipc/client/provider/dcamera_provider_proxy.h,,,file,file,Import,1.0,False,,,['VirtualCameraHdf'],['VirtualCameraHdf'],VirtualCameraHdf,VirtualCameraHdf
48,49,camera_hdf/interfaces/hdi_ipc/client/provider/dcamera_provider_proxy.cpp,camera_hdf/interfaces/hdi_ipc/client/provider/dcamera_provider_proxy.h,Get,DCameraProviderProxy,functionimpl,type,Use,1.0,True,1012,1042,['VirtualCameraHdf'],['VirtualCameraHdf'],VirtualCameraHdf,VirtualCameraHdf
48,49,camera_hdf/interfaces/hdi_ipc/client/provider/dcamera_provider_proxy.cpp,camera_hdf/interfaces/hdi_ipc/client/provider/dcamera_provider_proxy.h,EnableDCameraDevice,EnableDCameraDevice,functionimpl,functionproto,Implement,9.0,True,1011,1038,['VirtualCameraHdf'],['VirtualCameraHdf'],VirtualCameraHdf,VirtualCameraHdf
48,49,camera_hdf/interfaces/hdi_ipc/client/provider/dcamera_provider_proxy.cpp,camera_hdf/interfaces/hdi_ipc/client/provider/dcamera_provider_proxy.h,DisableDCameraDevice,DisableDCameraDevice,functionimpl,functionproto,Implement,9.0,True,1010,1037,['VirtualCameraHdf'],['VirtualCameraHdf'],VirtualCameraHdf,VirtualCameraHdf
48,49,camera_hdf/interfaces/hdi_ipc/client/provider/dcamera_provider_proxy.cpp,camera_hdf/interfaces/hdi_ipc/client/provider/dcamera_provider_proxy.h,AcquireBuffer,AcquireBuffer,functionimpl,functionproto,Implement,9.0,True,1007,1034,['VirtualCameraHdf'],['VirtualCameraHdf'],VirtualCameraHdf,VirtualCameraHdf
48,49,camera_hdf/interfaces/hdi_ipc/client/provider/dcamera_provider_proxy.cpp,camera_hdf/interfaces/hdi_ipc/client/provider/dcamera_provider_proxy.h,ShutterBuffer,ShutterBuffer,functionimpl,functionproto,Implement,9.0,True,1015,1041,['VirtualCameraHdf'],['VirtualCameraHdf'],VirtualCameraHdf,VirtualCameraHdf
48,49,camera_hdf/interfaces/hdi_ipc/client/provider/dcamera_provider_proxy.cpp,camera_hdf/interfaces/hdi_ipc/client/provider/dcamera_provider_proxy.h,OnSettingsResult,OnSettingsResult,functionimpl,functionproto,Implement,9.0,True,1014,1040,['VirtualCameraHdf'],['VirtualCameraHdf'],VirtualCameraHdf,VirtualCameraHdf
48,49,camera_hdf/interfaces/hdi_ipc/client/provider/dcamera_provider_proxy.cpp,camera_hdf/interfaces/hdi_ipc/client/provider/dcamera_provider_proxy.h,Notify,Notify,functionimpl,functionproto,Implement,9.0,True,1013,1039,['VirtualCameraHdf'],['VirtualCameraHdf'],VirtualCameraHdf,VirtualCameraHdf
48,49,camera_hdf/interfaces/hdi_ipc/client/provider/dcamera_provider_proxy.cpp,camera_hdf/interfaces/hdi_ipc/client/provider/dcamera_provider_proxy.h,DCameraMemoryMap,DCameraMemoryMap,functionimpl,functionproto,Implement,9.0,True,1008,1035,['VirtualCameraHdf'],['VirtualCameraHdf'],VirtualCameraHdf,VirtualCameraHdf
48,49,camera_hdf/interfaces/hdi_ipc/client/provider/dcamera_provider_proxy.cpp,camera_hdf/interfaces/hdi_ipc/client/provider/dcamera_provider_proxy.h,DCameraMemoryUnmap,DCameraMemoryUnmap,functionimpl,functionproto,Implement,9.0,True,1009,1036,['VirtualCameraHdf'],['VirtualCameraHdf'],VirtualCameraHdf,VirtualCameraHdf
4,6,camera_hdf/hdi_impl/include/dstream_operator/dbuffer_manager.h,camera_hdf/hdi_impl/include/dstream_operator/dimage_buffer.h,,,file,file,Import,1.0,False,,,['VirtualCameraHdf'],['VirtualCameraHdf'],VirtualCameraHdf,VirtualCameraHdf
4,6,camera_hdf/hdi_impl/include/dstream_operator/dbuffer_manager.h,camera_hdf/hdi_impl/include/dstream_operator/dimage_buffer.h,AcquireBuffer,DImageBuffer,functionproto,type,Use,3.0,True,99,165,['VirtualCameraHdf'],['VirtualCameraHdf'],VirtualCameraHdf,VirtualCameraHdf
4,6,camera_hdf/hdi_impl/include/dstream_operator/dbuffer_manager.h,camera_hdf/hdi_impl/include/dstream_operator/dimage_buffer.h,idleList_,DImageBuffer,var,type,Use,3.0,True,109,165,['VirtualCameraHdf'],['VirtualCameraHdf'],VirtualCameraHdf,VirtualCameraHdf
4,6,camera_hdf/hdi_impl/include/dstream_operator/dbuffer_manager.h,camera_hdf/hdi_impl/include/dstream_operator/dimage_buffer.h,busyList_,DImageBuffer,var,type,Use,3.0,True,108,165,['VirtualCameraHdf'],['VirtualCameraHdf'],VirtualCameraHdf,VirtualCameraHdf
4,6,camera_hdf/hdi_impl/include/dstream_operator/dbuffer_manager.h,camera_hdf/hdi_impl/include/dstream_operator/dimage_buffer.h,AcquireBuffer,DImageBuffer,functionproto,type,Parameter,3.0,True,99,165,['VirtualCameraHdf'],['VirtualCameraHdf'],VirtualCameraHdf,VirtualCameraHdf
4,6,camera_hdf/hdi_impl/include/dstream_operator/dbuffer_manager.h,camera_hdf/hdi_impl/include/dstream_operator/dimage_buffer.h,idleList_,DImageBuffer,var,type,Parameter,3.0,True,109,165,['VirtualCameraHdf'],['VirtualCameraHdf'],VirtualCameraHdf,VirtualCameraHdf
4,6,camera_hdf/hdi_impl/include/dstream_operator/dbuffer_manager.h,camera_hdf/hdi_impl/include/dstream_operator/dimage_buffer.h,busyList_,DImageBuffer,var,type,Parameter,3.0,True,108,165,['VirtualCameraHdf'],['VirtualCameraHdf'],VirtualCameraHdf,VirtualCameraHdf
4,9,camera_hdf/hdi_impl/include/dstream_operator/dbuffer_manager.h,camera_hdf/hdi_impl/include/utils/constants.h,,,file,file,Import,1.0,False,,,['VirtualCameraHdf'],['VirtualCameraHdf'],VirtualCameraHdf,VirtualCameraHdf
4,9,camera_hdf/hdi_impl/include/dstream_operator/dbuffer_manager.h,camera_hdf/hdi_impl/include/utils/constants.h,AddBuffer,RetCode,functionproto,alias,Return,4.0,True,100,213,['VirtualCameraHdf'],['VirtualCameraHdf'],VirtualCameraHdf,VirtualCameraHdf
4,9,camera_hdf/hdi_impl/include/dstream_operator/dbuffer_manager.h,camera_hdf/hdi_impl/include/utils/constants.h,RemoveBuffer,RetCode,functionproto,alias,Return,4.0,True,105,213,['VirtualCameraHdf'],['VirtualCameraHdf'],VirtualCameraHdf,VirtualCameraHdf
4,9,camera_hdf/hdi_impl/include/dstream_operator/dbuffer_manager.h,camera_hdf/hdi_impl/include/utils/constants.h,SurfaceBufferToDImageBuffer,RetCode,functionproto,alias,Return,4.0,True,106,213,['VirtualCameraHdf'],['VirtualCameraHdf'],VirtualCameraHdf,VirtualCameraHdf
4,9,camera_hdf/hdi_impl/include/dstream_operator/dbuffer_manager.h,camera_hdf/hdi_impl/include/utils/constants.h,DImageBufferToDCameraBuffer,RetCode,functionproto,alias,Return,4.0,True,102,213,['VirtualCameraHdf'],['VirtualCameraHdf'],VirtualCameraHdf,VirtualCameraHdf
148,157,services/cameraservice/sinkservice/include/distributedcameramgr/dcamera_sink_data_process.h,services/cameraservice/sinkservice/include/distributedcameramgr/interface/icamera_sink_data_process.h,,,file,file,Import,1.0,False,,,['DistributedCameraSinkMgr'],['DistributedCameraSinkMgr'],DistributedCameraSinkMgr,DistributedCameraSinkMgr
148,157,services/cameraservice/sinkservice/include/distributedcameramgr/dcamera_sink_data_process.h,services/cameraservice/sinkservice/include/distributedcameramgr/interface/icamera_sink_data_process.h,DCameraSinkDataProcess,ICameraSinkDataProcess,type,type,Extend,1.0,True,2304,2378,['DistributedCameraSinkMgr'],['DistributedCameraSinkMgr'],DistributedCameraSinkMgr,DistributedCameraSinkMgr
197,77,services/cameraservice/sourceservice/include/distributedcameramgr/dcamera_source_event.h,common/include/utils/dcamera_index.h,,,file,file,Import,1.0,False,,,['DistributedCameraSourceMgr'],['utils'],DistributedCameraSourceMgr,utils
197,77,services/cameraservice/sourceservice/include/distributedcameramgr/dcamera_source_event.h,common/include/utils/dcamera_index.h,DCameraSourceEvent,DCameraIndex,functionimpl,type,Use,1.0,True,2858,1475,['DistributedCameraSourceMgr'],['utils'],DistributedCameraSourceMgr,utils
197,77,services/cameraservice/sourceservice/include/distributedcameramgr/dcamera_source_event.h,common/include/utils/dcamera_index.h,DCameraSourceEvent,DCameraIndex,functionimpl,type,Parameter,2.0,True,2858,1475,['DistributedCameraSourceMgr'],['utils'],DistributedCameraSourceMgr,utils
197,77,services/cameraservice/sourceservice/include/distributedcameramgr/dcamera_source_event.h,common/include/utils/dcamera_index.h,GetDCameraIndex,DCameraIndex,functionproto,type,Parameter,2.0,True,2862,1475,['DistributedCameraSourceMgr'],['utils'],DistributedCameraSourceMgr,utils
197,73,services/cameraservice/sourceservice/include/distributedcameramgr/dcamera_source_event.h,camera_hdf/interfaces/include/types.h,,,file,file,Import,1.0,False,,,['DistributedCameraSourceMgr'],['VirtualCameraHdf'],DistributedCameraSourceMgr,VirtualCameraHdf
6,9,camera_hdf/hdi_impl/include/dstream_operator/dimage_buffer.h,camera_hdf/hdi_impl/include/utils/constants.h,,,file,file,Import,1.0,False,,,['VirtualCameraHdf'],['VirtualCameraHdf'],VirtualCameraHdf,VirtualCameraHdf
19,3,camera_hdf/hdi_impl/src/dstream_operator/dstream_operator.cpp,camera_hdf/hdi_impl/include/dcamera_provider/dcamera_provider.h,ReleaseStreams,GetInstance,functionimpl,functionproto,Call,4.0,True,594,83,['VirtualCameraHdf'],['VirtualCameraHdf'],VirtualCameraHdf,VirtualCameraHdf
19,3,camera_hdf/hdi_impl/src/dstream_operator/dstream_operator.cpp,camera_hdf/hdi_impl/include/dcamera_provider/dcamera_provider.h,CommitStreams,GetInstance,functionimpl,functionproto,Call,4.0,True,582,83,['VirtualCameraHdf'],['VirtualCameraHdf'],VirtualCameraHdf,VirtualCameraHdf
19,3,camera_hdf/hdi_impl/src/dstream_operator/dstream_operator.cpp,camera_hdf/hdi_impl/include/dcamera_provider/dcamera_provider.h,Capture,GetInstance,functionimpl,functionproto,Call,4.0,True,576,83,['VirtualCameraHdf'],['VirtualCameraHdf'],VirtualCameraHdf,VirtualCameraHdf
19,3,camera_hdf/hdi_impl/src/dstream_operator/dstream_operator.cpp,camera_hdf/hdi_impl/include/dcamera_provider/dcamera_provider.h,CancelCapture,GetInstance,functionimpl,functionproto,Call,4.0,True,575,83,['VirtualCameraHdf'],['VirtualCameraHdf'],VirtualCameraHdf,VirtualCameraHdf
19,3,camera_hdf/hdi_impl/src/dstream_operator/dstream_operator.cpp,camera_hdf/hdi_impl/include/dcamera_provider/dcamera_provider.h,,,file,file,Import,1.0,False,,,['VirtualCameraHdf'],['VirtualCameraHdf'],VirtualCameraHdf,VirtualCameraHdf
19,3,camera_hdf/hdi_impl/src/dstream_operator/dstream_operator.cpp,camera_hdf/hdi_impl/include/dcamera_provider/dcamera_provider.h,ReleaseStreams,DCameraProvider,functionimpl,type,Use,4.0,True,594,94,['VirtualCameraHdf'],['VirtualCameraHdf'],VirtualCameraHdf,VirtualCameraHdf
19,3,camera_hdf/hdi_impl/src/dstream_operator/dstream_operator.cpp,camera_hdf/hdi_impl/include/dcamera_provider/dcamera_provider.h,CommitStreams,DCameraProvider,functionimpl,type,Use,4.0,True,582,94,['VirtualCameraHdf'],['VirtualCameraHdf'],VirtualCameraHdf,VirtualCameraHdf
19,3,camera_hdf/hdi_impl/src/dstream_operator/dstream_operator.cpp,camera_hdf/hdi_impl/include/dcamera_provider/dcamera_provider.h,Capture,DCameraProvider,functionimpl,type,Use,4.0,True,576,94,['VirtualCameraHdf'],['VirtualCameraHdf'],VirtualCameraHdf,VirtualCameraHdf
19,3,camera_hdf/hdi_impl/src/dstream_operator/dstream_operator.cpp,camera_hdf/hdi_impl/include/dcamera_provider/dcamera_provider.h,CancelCapture,DCameraProvider,functionimpl,type,Use,4.0,True,575,94,['VirtualCameraHdf'],['VirtualCameraHdf'],VirtualCameraHdf,VirtualCameraHdf
19,5,camera_hdf/hdi_impl/src/dstream_operator/dstream_operator.cpp,camera_hdf/hdi_impl/include/dstream_operator/dcamera_steam.h,CreateStreams,DCameraStream,functionimpl,type,Use,1.0,True,585,125,['VirtualCameraHdf'],['VirtualCameraHdf'],VirtualCameraHdf,VirtualCameraHdf
19,4,camera_hdf/hdi_impl/src/dstream_operator/dstream_operator.cpp,camera_hdf/hdi_impl/include/dstream_operator/dbuffer_manager.h,ConvertStreamInfo,PixelFormatToDCameraFormat,functionimpl,functionproto,Call,1.0,True,584,104,['VirtualCameraHdf'],['VirtualCameraHdf'],VirtualCameraHdf,VirtualCameraHdf
19,4,camera_hdf/hdi_impl/src/dstream_operator/dstream_operator.cpp,camera_hdf/hdi_impl/include/dstream_operator/dbuffer_manager.h,,,file,file,Import,1.0,False,,,['VirtualCameraHdf'],['VirtualCameraHdf'],VirtualCameraHdf,VirtualCameraHdf
104,73,services/cameraservice/base/include/dcamera_metadata_setting_cmd.h,camera_hdf/interfaces/include/types.h,,,file,file,Import,1.0,False,,,['CameraServiceCommon'],['VirtualCameraHdf'],CameraServiceCommon,VirtualCameraHdf
104,73,services/cameraservice/base/include/dcamera_metadata_setting_cmd.h,camera_hdf/interfaces/include/types.h,value_,DCameraSettings,var,alias,Use,1.0,True,1785,1377,['CameraServiceCommon'],['VirtualCameraHdf'],CameraServiceCommon,VirtualCameraHdf
104,73,services/cameraservice/base/include/dcamera_metadata_setting_cmd.h,camera_hdf/interfaces/include/types.h,value_,DCameraSettings,var,alias,Parameter,1.0,True,1785,1377,['CameraServiceCommon'],['VirtualCameraHdf'],CameraServiceCommon,VirtualCameraHdf
219,77,services/cameraservice/sourceservice/src/distributedcamera/dcamera_service_state_listener.cpp,common/include/utils/dcamera_index.h,,,file,file,Import,1.0,False,,,['DistributedCameraSourceMgr'],['utils'],DistributedCameraSourceMgr,utils
219,77,services/cameraservice/sourceservice/src/distributedcamera/dcamera_service_state_listener.cpp,common/include/utils/dcamera_index.h,OnRegisterNotify,DCameraIndex,functionimpl,type,Contain,2.0,True,3118,1475,['DistributedCameraSourceMgr'],['utils'],DistributedCameraSourceMgr,utils
219,77,services/cameraservice/sourceservice/src/distributedcamera/dcamera_service_state_listener.cpp,common/include/utils/dcamera_index.h,OnUnregisterNotify,DCameraIndex,functionimpl,type,Contain,2.0,True,3119,1475,['DistributedCameraSourceMgr'],['utils'],DistributedCameraSourceMgr,utils
219,75,services/cameraservice/sourceservice/src/distributedcamera/dcamera_service_state_listener.cpp,common/include/constants/distributed_camera_errno.h,,,file,file,Import,1.0,False,,,['DistributedCameraSourceMgr'],['utils'],DistributedCameraSourceMgr,utils
145,150,services/cameraservice/sinkservice/include/distributedcameramgr/callback/dcamera_sink_output_result_callback.h,services/cameraservice/sinkservice/include/distributedcameramgr/dcamera_sink_output.h,,,file,file,Import,1.0,False,,,['DistributedCameraSinkMgr'],['DistributedCameraSinkMgr'],DistributedCameraSinkMgr,DistributedCameraSinkMgr
145,150,services/cameraservice/sinkservice/include/distributedcameramgr/callback/dcamera_sink_output_result_callback.h,services/cameraservice/sinkservice/include/distributedcameramgr/dcamera_sink_output.h,output_,DCameraSinkOutput,var,type,Use,1.0,True,2258,2338,['DistributedCameraSinkMgr'],['DistributedCameraSinkMgr'],DistributedCameraSinkMgr,DistributedCameraSinkMgr
145,150,services/cameraservice/sinkservice/include/distributedcameramgr/callback/dcamera_sink_output_result_callback.h,services/cameraservice/sinkservice/include/distributedcameramgr/dcamera_sink_output.h,output_,DCameraSinkOutput,var,type,Parameter,1.0,True,2258,2338,['DistributedCameraSinkMgr'],['DistributedCameraSinkMgr'],DistributedCameraSinkMgr,DistributedCameraSinkMgr
202,73,services/cameraservice/sourceservice/include/distributedcameramgr/dcameradata/dcamera_source_input.h,camera_hdf/interfaces/include/types.h,channels_,DCStreamType,var,alias,Use,4.0,True,2954,1373,['DistributedCameraSourceMgr'],['VirtualCameraHdf'],DistributedCameraSourceMgr,VirtualCameraHdf
202,73,services/cameraservice/sourceservice/include/distributedcameramgr/dcameradata/dcamera_source_input.h,camera_hdf/interfaces/include/types.h,listeners_,DCStreamType,var,alias,Use,4.0,True,2956,1373,['DistributedCameraSourceMgr'],['VirtualCameraHdf'],DistributedCameraSourceMgr,VirtualCameraHdf
202,73,services/cameraservice/sourceservice/include/distributedcameramgr/dcameradata/dcamera_source_input.h,camera_hdf/interfaces/include/types.h,dataProcess_,DCStreamType,var,alias,Use,4.0,True,2955,1373,['DistributedCameraSourceMgr'],['VirtualCameraHdf'],DistributedCameraSourceMgr,VirtualCameraHdf
202,73,services/cameraservice/sourceservice/include/distributedcameramgr/dcameradata/dcamera_source_input.h,camera_hdf/interfaces/include/types.h,channelState_,DCStreamType,var,alias,Use,4.0,True,2953,1373,['DistributedCameraSourceMgr'],['VirtualCameraHdf'],DistributedCameraSourceMgr,VirtualCameraHdf
202,73,services/cameraservice/sourceservice/include/distributedcameramgr/dcameradata/dcamera_source_input.h,camera_hdf/interfaces/include/types.h,OnSessionState,DCStreamType,functionproto,alias,Parameter,7.0,True,2943,1373,['DistributedCameraSourceMgr'],['VirtualCameraHdf'],DistributedCameraSourceMgr,VirtualCameraHdf
202,73,services/cameraservice/sourceservice/include/distributedcameramgr/dcameradata/dcamera_source_input.h,camera_hdf/interfaces/include/types.h,OnSessionError,DCStreamType,functionproto,alias,Parameter,7.0,True,2942,1373,['DistributedCameraSourceMgr'],['VirtualCameraHdf'],DistributedCameraSourceMgr,VirtualCameraHdf
202,73,services/cameraservice/sourceservice/include/distributedcameramgr/dcameradata/dcamera_source_input.h,camera_hdf/interfaces/include/types.h,OnDataReceived,DCStreamType,functionproto,alias,Parameter,7.0,True,2941,1373,['DistributedCameraSourceMgr'],['VirtualCameraHdf'],DistributedCameraSourceMgr,VirtualCameraHdf
202,73,services/cameraservice/sourceservice/include/distributedcameramgr/dcameradata/dcamera_source_input.h,camera_hdf/interfaces/include/types.h,channels_,DCStreamType,var,alias,Parameter,7.0,True,2954,1373,['DistributedCameraSourceMgr'],['VirtualCameraHdf'],DistributedCameraSourceMgr,VirtualCameraHdf
202,73,services/cameraservice/sourceservice/include/distributedcameramgr/dcameradata/dcamera_source_input.h,camera_hdf/interfaces/include/types.h,listeners_,DCStreamType,var,alias,Parameter,7.0,True,2956,1373,['DistributedCameraSourceMgr'],['VirtualCameraHdf'],DistributedCameraSourceMgr,VirtualCameraHdf
202,73,services/cameraservice/sourceservice/include/distributedcameramgr/dcameradata/dcamera_source_input.h,camera_hdf/interfaces/include/types.h,dataProcess_,DCStreamType,var,alias,Parameter,7.0,True,2955,1373,['DistributedCameraSourceMgr'],['VirtualCameraHdf'],DistributedCameraSourceMgr,VirtualCameraHdf
202,73,services/cameraservice/sourceservice/include/distributedcameramgr/dcameradata/dcamera_source_input.h,camera_hdf/interfaces/include/types.h,channelState_,DCStreamType,var,alias,Parameter,7.0,True,2953,1373,['DistributedCameraSourceMgr'],['VirtualCameraHdf'],DistributedCameraSourceMgr,VirtualCameraHdf
139,78,services/cameraservice/cameraoperator/handler/src/dcamera_handler.cpp,common/include/utils/dcamera_utils_tools.h,CreateDHItem,Base64Encode,functionimpl,functionproto,Call,1.0,True,2145,1481,['utils'],['utils'],utils,utils
139,78,services/cameraservice/cameraoperator/handler/src/dcamera_handler.cpp,common/include/utils/dcamera_utils_tools.h,,,file,file,Import,1.0,False,,,['utils'],['utils'],utils,utils
256,268,services/data_process/include/eventbus/dcamera_pipeline_event.h,services/data_process/include/utils/image_common_type.h,,,file,file,Import,1.0,False,,,['CameraDataProcessCommon'],['CameraDataProcessCommon'],CameraDataProcessCommon,CameraDataProcessCommon
256,268,services/data_process/include/eventbus/dcamera_pipeline_event.h,services/data_process/include/utils/image_common_type.h,GetPipelineType,PipelineType,functionimpl,type,Return,1.0,True,3919,4115,['CameraDataProcessCommon'],['CameraDataProcessCommon'],CameraDataProcessCommon,CameraDataProcessCommon
256,268,services/data_process/include/eventbus/dcamera_pipeline_event.h,services/data_process/include/utils/image_common_type.h,PipelineConfig,VIDEO,functionimpl,var,Use,2.0,True,3920,4125,['CameraDataProcessCommon'],['CameraDataProcessCommon'],CameraDataProcessCommon,CameraDataProcessCommon
256,268,services/data_process/include/eventbus/dcamera_pipeline_event.h,services/data_process/include/utils/image_common_type.h,SetPipelineType,PipelineType,functionimpl,type,Use,2.0,True,3923,4115,['CameraDataProcessCommon'],['CameraDataProcessCommon'],CameraDataProcessCommon,CameraDataProcessCommon
256,268,services/data_process/include/eventbus/dcamera_pipeline_event.h,services/data_process/include/utils/image_common_type.h,PipelineConfig,PipelineType,functionimpl,type,Parameter,2.0,True,3920,4115,['CameraDataProcessCommon'],['CameraDataProcessCommon'],CameraDataProcessCommon,CameraDataProcessCommon
256,268,services/data_process/include/eventbus/dcamera_pipeline_event.h,services/data_process/include/utils/image_common_type.h,SetPipelineType,PipelineType,functionimpl,type,Parameter,2.0,True,3923,4115,['CameraDataProcessCommon'],['CameraDataProcessCommon'],CameraDataProcessCommon,CameraDataProcessCommon
256,268,services/data_process/include/eventbus/dcamera_pipeline_event.h,services/data_process/include/utils/image_common_type.h,PipelineConfig,PipelineType,type,type,Contain,1.0,True,3926,4115,['CameraDataProcessCommon'],['CameraDataProcessCommon'],CameraDataProcessCommon,CameraDataProcessCommon
139,73,services/cameraservice/cameraoperator/handler/src/dcamera_handler.cpp,camera_hdf/interfaces/include/types.h,IsValid,DCStreamType,functionimpl,alias,Parameter,1.0,True,2151,1373,['utils'],['VirtualCameraHdf'],utils,VirtualCameraHdf
99,75,interfaces/inner_kits/native_cpp/camera_source/src/distributed_camera_source_proxy.cpp,common/include/constants/distributed_camera_errno.h,,,file,file,Import,1.0,False,,,['DistributedCameraSourceMgr'],['utils'],DistributedCameraSourceMgr,utils
205,257,services/cameraservice/sourceservice/include/distributedcameramgr/dcameradata/dcamera_stream_data_process_pipeline_listener.h,services/data_process/include/interfaces/data_process_listener.h,,,file,file,Import,1.0,False,,,['DistributedCameraSourceMgr'],['CameraDataProcessCommon'],DistributedCameraSourceMgr,CameraDataProcessCommon
205,257,services/cameraservice/sourceservice/include/distributedcameramgr/dcameradata/dcamera_stream_data_process_pipeline_listener.h,services/data_process/include/interfaces/data_process_listener.h,DCameraStreamDataProcessPipelineListener,DataProcessListener,type,type,Extend,1.0,True,2992,3942,['DistributedCameraSourceMgr'],['CameraDataProcessCommon'],DistributedCameraSourceMgr,CameraDataProcessCommon
205,257,services/cameraservice/sourceservice/include/distributedcameramgr/dcameradata/dcamera_stream_data_process_pipeline_listener.h,services/data_process/include/interfaces/data_process_listener.h,OnError,DataProcessErrorType,functionproto,type,Parameter,1.0,True,2989,3941,['DistributedCameraSourceMgr'],['CameraDataProcessCommon'],DistributedCameraSourceMgr,CameraDataProcessCommon
250,76,services/channel/include/icamera_channel_listener.h,common/include/utils/data_buffer.h,,,file,file,Import,1.0,False,,,['ChannelCommon'],['utils'],ChannelCommon,utils
139,75,services/cameraservice/cameraoperator/handler/src/dcamera_handler.cpp,common/include/constants/distributed_camera_errno.h,,,file,file,Import,1.0,False,,,['utils'],['utils'],utils,utils
139,74,services/cameraservice/cameraoperator/handler/src/dcamera_handler.cpp,common/include/constants/distributed_camera_constants.h,,,file,file,Import,1.0,False,,,['utils'],['utils'],utils,utils
139,74,services/cameraservice/cameraoperator/handler/src/dcamera_handler.cpp,common/include/constants/distributed_camera_constants.h,GetCameras,CAMERA_ID_PREFIX,functionimpl,var,Use,23.0,True,2147,1419,['utils'],['utils'],utils,utils
139,74,services/cameraservice/cameraoperator/handler/src/dcamera_handler.cpp,common/include/constants/distributed_camera_constants.h,CreateDHItem,CAMERA_ID_PREFIX,functionimpl,var,Use,23.0,True,2145,1419,['utils'],['utils'],utils,utils
139,74,services/cameraservice/cameraoperator/handler/src/dcamera_handler.cpp,common/include/constants/distributed_camera_constants.h,CreateDHItem,CAMERA_PROTOCOL_VERSION_KEY,functionimpl,var,Use,23.0,True,2145,1425,['utils'],['utils'],utils,utils
139,74,services/cameraservice/cameraoperator/handler/src/dcamera_handler.cpp,common/include/constants/distributed_camera_constants.h,CreateDHItem,CAMERA_PROTOCOL_VERSION_VALUE,functionimpl,var,Use,23.0,True,2145,1426,['utils'],['utils'],utils,utils
139,74,services/cameraservice/cameraoperator/handler/src/dcamera_handler.cpp,common/include/constants/distributed_camera_constants.h,CreateDHItem,CAMERA_POSITION_KEY,functionimpl,var,Use,23.0,True,2145,1423,['utils'],['utils'],utils,utils
139,74,services/cameraservice/cameraoperator/handler/src/dcamera_handler.cpp,common/include/constants/distributed_camera_constants.h,CreateDHItem,CAMERA_CODEC_TYPE_KEY,functionimpl,var,Use,23.0,True,2145,1414,['utils'],['utils'],utils,utils
139,74,services/cameraservice/cameraoperator/handler/src/dcamera_handler.cpp,common/include/constants/distributed_camera_constants.h,CreateDHItem,CAMERA_FORMAT_VIDEO,functionimpl,var,Use,23.0,True,2145,1418,['utils'],['utils'],utils,utils
139,74,services/cameraservice/cameraoperator/handler/src/dcamera_handler.cpp,common/include/constants/distributed_camera_constants.h,CreateDHItem,CAMERA_FORMAT_PREVIEW,functionimpl,var,Use,23.0,True,2145,1417,['utils'],['utils'],utils,utils
139,74,services/cameraservice/cameraoperator/handler/src/dcamera_handler.cpp,common/include/constants/distributed_camera_constants.h,CreateDHItem,CAMERA_FORMAT_PHOTO,functionimpl,var,Use,23.0,True,2145,1416,['utils'],['utils'],utils,utils
139,74,services/cameraservice/cameraoperator/handler/src/dcamera_handler.cpp,common/include/constants/distributed_camera_constants.h,CreateDHItem,CAMERA_FORMAT_KEY,functionimpl,var,Use,23.0,True,2145,1415,['utils'],['utils'],utils,utils
139,74,services/cameraservice/cameraoperator/handler/src/dcamera_handler.cpp,common/include/constants/distributed_camera_constants.h,CreateDHItem,CAMERA_RESOLUTION_KEY,functionimpl,var,Use,23.0,True,2145,1427,['utils'],['utils'],utils,utils
139,74,services/cameraservice/cameraoperator/handler/src/dcamera_handler.cpp,common/include/constants/distributed_camera_constants.h,CreateDHItem,CAMERA_METADATA_KEY,functionimpl,var,Use,23.0,True,2145,1420,['utils'],['utils'],utils,utils
139,74,services/cameraservice/cameraoperator/handler/src/dcamera_handler.cpp,common/include/constants/distributed_camera_constants.h,GetCameraPosition,CAMERA_POSITION_BACK,functionimpl,var,Use,23.0,True,2146,1421,['utils'],['utils'],utils,utils
139,74,services/cameraservice/cameraoperator/handler/src/dcamera_handler.cpp,common/include/constants/distributed_camera_constants.h,GetCameraPosition,CAMERA_POSITION_FRONT,functionimpl,var,Use,23.0,True,2146,1422,['utils'],['utils'],utils,utils
139,74,services/cameraservice/cameraoperator/handler/src/dcamera_handler.cpp,common/include/constants/distributed_camera_constants.h,GetCameraPosition,CAMERA_POSITION_UNSPECIFIED,functionimpl,var,Use,23.0,True,2146,1424,['utils'],['utils'],utils,utils
139,74,services/cameraservice/cameraoperator/handler/src/dcamera_handler.cpp,common/include/constants/distributed_camera_constants.h,IsValid,RESOLUTION_MIN_WIDTH,functionimpl,var,Use,23.0,True,2151,1445,['utils'],['utils'],utils,utils
139,74,services/cameraservice/cameraoperator/handler/src/dcamera_handler.cpp,common/include/constants/distributed_camera_constants.h,IsValid,RESOLUTION_MIN_HEIGHT,functionimpl,var,Use,23.0,True,2151,1444,['utils'],['utils'],utils,utils
139,74,services/cameraservice/cameraoperator/handler/src/dcamera_handler.cpp,common/include/constants/distributed_camera_constants.h,IsValid,RESOLUTION_MAX_WIDTH_CONTINUOUS,functionimpl,var,Use,23.0,True,2151,1442,['utils'],['utils'],utils,utils
139,74,services/cameraservice/cameraoperator/handler/src/dcamera_handler.cpp,common/include/constants/distributed_camera_constants.h,IsValid,RESOLUTION_MAX_HEIGHT_CONTINUOUS,functionimpl,var,Use,23.0,True,2151,1440,['utils'],['utils'],utils,utils
139,74,services/cameraservice/cameraoperator/handler/src/dcamera_handler.cpp,common/include/constants/distributed_camera_constants.h,IsValid,RESOLUTION_MAX_WIDTH_SNAPSHOT,functionimpl,var,Use,23.0,True,2151,1443,['utils'],['utils'],utils,utils
139,74,services/cameraservice/cameraoperator/handler/src/dcamera_handler.cpp,common/include/constants/distributed_camera_constants.h,IsValid,RESOLUTION_MAX_HEIGHT_SNAPSHOT,functionimpl,var,Use,23.0,True,2151,1441,['utils'],['utils'],utils,utils
194,195,services/cameraservice/sourceservice/include/distributedcamera/distributed_camera_source_service.h,services/cameraservice/sourceservice/include/distributedcamera/distributed_camera_source_stub.h,,,file,file,Import,1.0,False,,,['DistributedCameraSourceMgr'],['DistributedCameraSourceMgr'],DistributedCameraSourceMgr,DistributedCameraSourceMgr
194,195,services/cameraservice/sourceservice/include/distributedcamera/distributed_camera_source_service.h,services/cameraservice/sourceservice/include/distributedcamera/distributed_camera_source_stub.h,DistributedCameraSourceService,DistributedCameraSourceStub,type,type,Extend,1.0,True,2800,2813,['DistributedCameraSourceMgr'],['DistributedCameraSourceMgr'],DistributedCameraSourceMgr,DistributedCameraSourceMgr
209,76,services/cameraservice/sourceservice/include/distributedcameramgr/dcamerainterface/icamera_source_data_process.h,common/include/utils/data_buffer.h,,,file,file,Import,1.0,False,,,['DistributedCameraSourceMgr'],['utils'],DistributedCameraSourceMgr,utils
148,100,services/cameraservice/sinkservice/include/distributedcameramgr/dcamera_sink_data_process.h,services/cameraservice/base/include/dcamera_capture_info_cmd.h,captureInfo_,DCameraCaptureInfo,var,type,Use,1.0,True,2305,1753,['DistributedCameraSinkMgr'],['CameraServiceCommon'],DistributedCameraSinkMgr,CameraServiceCommon
148,100,services/cameraservice/sinkservice/include/distributedcameramgr/dcamera_sink_data_process.h,services/cameraservice/base/include/dcamera_capture_info_cmd.h,captureInfo_,DCameraCaptureInfo,var,type,Parameter,1.0,True,2305,1753,['DistributedCameraSinkMgr'],['CameraServiceCommon'],DistributedCameraSinkMgr,CameraServiceCommon
194,196,services/cameraservice/sourceservice/include/distributedcamera/distributed_camera_source_service.h,services/cameraservice/sourceservice/include/distributedcameramgr/dcamera_source_dev.h,,,file,file,Import,1.0,False,,,['DistributedCameraSourceMgr'],['DistributedCameraSourceMgr'],DistributedCameraSourceMgr,DistributedCameraSourceMgr
194,196,services/cameraservice/sourceservice/include/distributedcamera/distributed_camera_source_service.h,services/cameraservice/sourceservice/include/distributedcameramgr/dcamera_source_dev.h,camerasMap_,DCameraSourceDev,var,type,Use,1.0,True,2802,2846,['DistributedCameraSourceMgr'],['DistributedCameraSourceMgr'],DistributedCameraSourceMgr,DistributedCameraSourceMgr
194,196,services/cameraservice/sourceservice/include/distributedcamera/distributed_camera_source_service.h,services/cameraservice/sourceservice/include/distributedcameramgr/dcamera_source_dev.h,camerasMap_,DCameraSourceDev,var,type,Parameter,1.0,True,2802,2846,['DistributedCameraSourceMgr'],['DistributedCameraSourceMgr'],DistributedCameraSourceMgr,DistributedCameraSourceMgr
147,249,services/cameraservice/sinkservice/include/distributedcameramgr/dcamera_sink_controller.h,services/channel/include/icamera_channel.h,,,file,file,Import,1.0,False,,,['DistributedCameraSinkMgr'],['ChannelCommon'],DistributedCameraSinkMgr,ChannelCommon
147,249,services/cameraservice/sinkservice/include/distributedcameramgr/dcamera_sink_controller.h,services/channel/include/icamera_channel.h,channel_,ICameraChannel,var,type,Use,1.0,True,2290,3734,['DistributedCameraSinkMgr'],['ChannelCommon'],DistributedCameraSinkMgr,ChannelCommon
147,249,services/cameraservice/sinkservice/include/distributedcameramgr/dcamera_sink_controller.h,services/channel/include/icamera_channel.h,channel_,ICameraChannel,var,type,Parameter,1.0,True,2290,3734,['DistributedCameraSinkMgr'],['ChannelCommon'],DistributedCameraSinkMgr,ChannelCommon
89,90,interfaces/inner_kits/native_cpp/camera_source/include/callback/dcamera_source_callback_stub.h,interfaces/inner_kits/native_cpp/camera_source/include/callback/idcamera_source_callback.h,,,file,file,Import,1.0,False,,,['DistributedCameraSourceMgr'],['DistributedCameraSourceMgr'],DistributedCameraSourceMgr,DistributedCameraSourceMgr
92,94,interfaces/inner_kits/native_cpp/camera_source/include/dcamera_source_handler_ipc.h,interfaces/inner_kits/native_cpp/camera_source/include/idistributed_camera_source.h,,,file,file,Import,1.0,False,,,['DistributedCameraSourceMgr'],['DistributedCameraSourceMgr'],DistributedCameraSourceMgr,DistributedCameraSourceMgr
92,94,interfaces/inner_kits/native_cpp/camera_source/include/dcamera_source_handler_ipc.h,interfaces/inner_kits/native_cpp/camera_source/include/idistributed_camera_source.h,GetSourceLocalDHMS,IDistributedCameraSource,functionproto,type,Use,2.0,True,1646,1666,['DistributedCameraSourceMgr'],['DistributedCameraSourceMgr'],DistributedCameraSourceMgr,DistributedCameraSourceMgr
92,94,interfaces/inner_kits/native_cpp/camera_source/include/dcamera_source_handler_ipc.h,interfaces/inner_kits/native_cpp/camera_source/include/idistributed_camera_source.h,localSource_,IDistributedCameraSource,var,type,Use,2.0,True,1653,1666,['DistributedCameraSourceMgr'],['DistributedCameraSourceMgr'],DistributedCameraSourceMgr,DistributedCameraSourceMgr
92,94,interfaces/inner_kits/native_cpp/camera_source/include/dcamera_source_handler_ipc.h,interfaces/inner_kits/native_cpp/camera_source/include/idistributed_camera_source.h,GetSourceLocalDHMS,IDistributedCameraSource,functionproto,type,Parameter,2.0,True,1646,1666,['DistributedCameraSourceMgr'],['DistributedCameraSourceMgr'],DistributedCameraSourceMgr,DistributedCameraSourceMgr
92,94,interfaces/inner_kits/native_cpp/camera_source/include/dcamera_source_handler_ipc.h,interfaces/inner_kits/native_cpp/camera_source/include/idistributed_camera_source.h,localSource_,IDistributedCameraSource,var,type,Parameter,2.0,True,1653,1666,['DistributedCameraSourceMgr'],['DistributedCameraSourceMgr'],DistributedCameraSourceMgr,DistributedCameraSourceMgr
209,73,services/cameraservice/sourceservice/include/distributedcameramgr/dcamerainterface/icamera_source_data_process.h,camera_hdf/interfaces/include/types.h,,,file,file,Import,1.0,False,,,['DistributedCameraSourceMgr'],['VirtualCameraHdf'],DistributedCameraSourceMgr,VirtualCameraHdf
209,73,services/cameraservice/sourceservice/include/distributedcameramgr/dcamerainterface/icamera_source_data_process.h,camera_hdf/interfaces/include/types.h,DCameraStreamConfig,DCEncodeType,functionimpl,alias,Parameter,2.0,True,3019,1371,['DistributedCameraSourceMgr'],['VirtualCameraHdf'],DistributedCameraSourceMgr,VirtualCameraHdf
209,73,services/cameraservice/sourceservice/include/distributedcameramgr/dcamerainterface/icamera_source_data_process.h,camera_hdf/interfaces/include/types.h,DCameraStreamConfig,DCStreamType,functionimpl,alias,Parameter,2.0,True,3019,1373,['DistributedCameraSourceMgr'],['VirtualCameraHdf'],DistributedCameraSourceMgr,VirtualCameraHdf
209,73,services/cameraservice/sourceservice/include/distributedcameramgr/dcamerainterface/icamera_source_data_process.h,camera_hdf/interfaces/include/types.h,DCameraStreamConfig,_DCEncodeType,type,type,Contain,2.0,True,3022,1384,['DistributedCameraSourceMgr'],['VirtualCameraHdf'],DistributedCameraSourceMgr,VirtualCameraHdf
209,73,services/cameraservice/sourceservice/include/distributedcameramgr/dcamerainterface/icamera_source_data_process.h,camera_hdf/interfaces/include/types.h,DCameraStreamConfig,_DCStreamType,type,type,Contain,2.0,True,3022,1387,['DistributedCameraSourceMgr'],['VirtualCameraHdf'],DistributedCameraSourceMgr,VirtualCameraHdf
31,33,camera_hdf/interfaces/hdi_ipc/client/host/dcamera_host_callback.h,camera_hdf/interfaces/hdi_ipc/client/host/dcamera_host_callback_stub.h,,,file,file,Import,1.0,False,,,['VirtualCameraHdf'],['VirtualCameraHdf'],VirtualCameraHdf,VirtualCameraHdf
31,33,camera_hdf/interfaces/hdi_ipc/client/host/dcamera_host_callback.h,camera_hdf/interfaces/hdi_ipc/client/host/dcamera_host_callback_stub.h,DCameraHostCallback,DCameraHostCallbackStub,type,type,Extend,1.0,True,817,829,['VirtualCameraHdf'],['VirtualCameraHdf'],VirtualCameraHdf,VirtualCameraHdf
149,107,services/cameraservice/sinkservice/include/distributedcameramgr/dcamera_sink_dev.h,services/cameraservice/base/include/icamera_controller.h,,,file,file,Import,1.0,False,,,['DistributedCameraSinkMgr'],['CameraServiceCommon'],DistributedCameraSinkMgr,CameraServiceCommon
149,107,services/cameraservice/sinkservice/include/distributedcameramgr/dcamera_sink_dev.h,services/cameraservice/base/include/icamera_controller.h,controller_,ICameraController,var,type,Use,1.0,True,2322,1805,['DistributedCameraSinkMgr'],['CameraServiceCommon'],DistributedCameraSinkMgr,CameraServiceCommon
149,107,services/cameraservice/sinkservice/include/distributedcameramgr/dcamera_sink_dev.h,services/cameraservice/base/include/icamera_controller.h,controller_,ICameraController,var,type,Parameter,1.0,True,2322,1805,['DistributedCameraSinkMgr'],['CameraServiceCommon'],DistributedCameraSinkMgr,CameraServiceCommon
260,268,services/data_process/include/pipeline/dcamera_pipeline_sink.h,services/data_process/include/utils/image_common_type.h,,,file,file,Import,1.0,False,,,['CameraDataPreProcess'],['CameraDataProcessCommon'],CameraDataPreProcess,CameraDataProcessCommon
260,268,services/data_process/include/pipeline/dcamera_pipeline_sink.h,services/data_process/include/utils/image_common_type.h,DCameraPipelineSink,VIDEO,type,var,Use,1.0,True,3962,4125,['CameraDataPreProcess'],['CameraDataProcessCommon'],CameraDataPreProcess,CameraDataProcessCommon
260,268,services/data_process/include/pipeline/dcamera_pipeline_sink.h,services/data_process/include/utils/image_common_type.h,CreateDataProcessPipeline,PipelineType,functionproto,type,Parameter,6.0,True,3954,4115,['CameraDataPreProcess'],['CameraDataProcessCommon'],CameraDataPreProcess,CameraDataProcessCommon
260,268,services/data_process/include/pipeline/dcamera_pipeline_sink.h,services/data_process/include/utils/image_common_type.h,CreateDataProcessPipeline,VideoConfigParams,functionproto,type,Parameter,6.0,True,3954,4117,['CameraDataPreProcess'],['CameraDataProcessCommon'],CameraDataPreProcess,CameraDataProcessCommon
260,268,services/data_process/include/pipeline/dcamera_pipeline_sink.h,services/data_process/include/utils/image_common_type.h,IsInRange,VideoConfigParams,functionproto,type,Parameter,6.0,True,3957,4117,['CameraDataPreProcess'],['CameraDataProcessCommon'],CameraDataPreProcess,CameraDataProcessCommon
260,268,services/data_process/include/pipeline/dcamera_pipeline_sink.h,services/data_process/include/utils/image_common_type.h,InitDCameraPipNodes,VideoConfigParams,functionproto,type,Parameter,6.0,True,3956,4117,['CameraDataPreProcess'],['CameraDataProcessCommon'],CameraDataPreProcess,CameraDataProcessCommon
260,268,services/data_process/include/pipeline/dcamera_pipeline_sink.h,services/data_process/include/utils/image_common_type.h,DCameraPipelineSink,PipelineType,type,type,Contain,1.0,True,3962,4115,['CameraDataPreProcess'],['CameraDataProcessCommon'],CameraDataPreProcess,CameraDataProcessCommon
255,268,services/data_process/include/eventbus/dcamera_codec_event.h,services/data_process/include/utils/image_common_type.h,,,file,file,Import,1.0,False,,,['CameraDataProcessCommon'],['CameraDataProcessCommon'],CameraDataProcessCommon,CameraDataProcessCommon
255,268,services/data_process/include/eventbus/dcamera_codec_event.h,services/data_process/include/utils/image_common_type.h,GetVideoCodecType,VideoCodecType,functionimpl,type,Return,1.0,True,3896,4116,['CameraDataProcessCommon'],['CameraDataProcessCommon'],CameraDataProcessCommon,CameraDataProcessCommon
255,268,services/data_process/include/eventbus/dcamera_codec_event.h,services/data_process/include/utils/image_common_type.h,CodecPacket,NO_CODEC,functionimpl,var,Use,2.0,True,3891,4121,['CameraDataProcessCommon'],['CameraDataProcessCommon'],CameraDataProcessCommon,CameraDataProcessCommon
255,268,services/data_process/include/eventbus/dcamera_codec_event.h,services/data_process/include/utils/image_common_type.h,SetVideoCodecType,VideoCodecType,functionimpl,type,Use,2.0,True,3898,4116,['CameraDataProcessCommon'],['CameraDataProcessCommon'],CameraDataProcessCommon,CameraDataProcessCommon
255,268,services/data_process/include/eventbus/dcamera_codec_event.h,services/data_process/include/utils/image_common_type.h,CodecPacket,VideoCodecType,functionimpl,type,Parameter,2.0,True,3891,4116,['CameraDataProcessCommon'],['CameraDataProcessCommon'],CameraDataProcessCommon,CameraDataProcessCommon
255,268,services/data_process/include/eventbus/dcamera_codec_event.h,services/data_process/include/utils/image_common_type.h,SetVideoCodecType,VideoCodecType,functionimpl,type,Parameter,2.0,True,3898,4116,['CameraDataProcessCommon'],['CameraDataProcessCommon'],CameraDataProcessCommon,CameraDataProcessCommon
255,268,services/data_process/include/eventbus/dcamera_codec_event.h,services/data_process/include/utils/image_common_type.h,CodecPacket,VideoCodecType,type,type,Contain,1.0,True,3899,4116,['CameraDataProcessCommon'],['CameraDataProcessCommon'],CameraDataProcessCommon,CameraDataProcessCommon
213,216,services/cameraservice/sourceservice/include/distributedcameramgr/dcamerastate/dcamera_source_init_state.h,services/cameraservice/sourceservice/include/distributedcameramgr/dcamerastate/dcamera_source_state.h,,,file,file,Import,1.0,False,,,['DistributedCameraSourceMgr'],['DistributedCameraSourceMgr'],DistributedCameraSourceMgr,DistributedCameraSourceMgr
213,216,services/cameraservice/sourceservice/include/distributedcameramgr/dcamerastate/dcamera_source_init_state.h,services/cameraservice/sourceservice/include/distributedcameramgr/dcamerastate/dcamera_source_state.h,GetStateType,DCameraStateType,functionproto,alias,Return,1.0,True,3071,3101,['DistributedCameraSourceMgr'],['DistributedCameraSourceMgr'],DistributedCameraSourceMgr,DistributedCameraSourceMgr
213,216,services/cameraservice/sourceservice/include/distributedcameramgr/dcamerastate/dcamera_source_init_state.h,services/cameraservice/sourceservice/include/distributedcameramgr/dcamerastate/dcamera_source_state.h,DCameraSourceInitState,DCameraSourceState,type,type,Extend,1.0,True,3072,3106,['DistributedCameraSourceMgr'],['DistributedCameraSourceMgr'],DistributedCameraSourceMgr,DistributedCameraSourceMgr
194,90,services/cameraservice/sourceservice/include/distributedcamera/distributed_camera_source_service.h,interfaces/inner_kits/native_cpp/camera_source/include/callback/idcamera_source_callback.h,callbackProxy_,IDCameraSourceCallback,var,type,Use,1.0,True,2801,1633,['DistributedCameraSourceMgr'],['DistributedCameraSourceMgr'],DistributedCameraSourceMgr,DistributedCameraSourceMgr
194,90,services/cameraservice/sourceservice/include/distributedcamera/distributed_camera_source_service.h,interfaces/inner_kits/native_cpp/camera_source/include/callback/idcamera_source_callback.h,callbackProxy_,IDCameraSourceCallback,var,type,Parameter,1.0,True,2801,1633,['DistributedCameraSourceMgr'],['DistributedCameraSourceMgr'],DistributedCameraSourceMgr,DistributedCameraSourceMgr
207,45,services/cameraservice/sourceservice/include/distributedcameramgr/dcamerahdf/dcamera_provider_callback_impl.h,camera_hdf/interfaces/hdi_ipc/client/provider/dcamera_provider_callback.h,,,file,file,Import,1.0,False,,,['DistributedCameraSourceMgr'],['VirtualCameraHdf'],DistributedCameraSourceMgr,VirtualCameraHdf
207,45,services/cameraservice/sourceservice/include/distributedcameramgr/dcamerahdf/dcamera_provider_callback_impl.h,camera_hdf/interfaces/hdi_ipc/client/provider/dcamera_provider_callback.h,DCameraProviderCallbackImpl,DCameraProviderCallback,type,type,Extend,1.0,True,3015,975,['DistributedCameraSourceMgr'],['VirtualCameraHdf'],DistributedCameraSourceMgr,VirtualCameraHdf
196,197,services/cameraservice/sourceservice/include/distributedcameramgr/dcamera_source_dev.h,services/cameraservice/sourceservice/include/distributedcameramgr/dcamera_source_event.h,,,file,file,Import,1.0,False,,,['DistributedCameraSourceMgr'],['DistributedCameraSourceMgr'],DistributedCameraSourceMgr,DistributedCameraSourceMgr
196,197,services/cameraservice/sourceservice/include/distributedcameramgr/dcamera_source_dev.h,services/cameraservice/sourceservice/include/distributedcameramgr/dcamera_source_event.h,OnEvent,DCameraSourceEvent,functionproto,type,Parameter,9.0,True,2837,2869,['DistributedCameraSourceMgr'],['DistributedCameraSourceMgr'],DistributedCameraSourceMgr,DistributedCameraSourceMgr
196,197,services/cameraservice/sourceservice/include/distributedcameramgr/dcamera_source_dev.h,services/cameraservice/sourceservice/include/distributedcameramgr/dcamera_source_event.h,NotifyResult,DCAMERA_EVENT,functionproto,alias,Parameter,9.0,True,2835,2855,['DistributedCameraSourceMgr'],['DistributedCameraSourceMgr'],DistributedCameraSourceMgr,DistributedCameraSourceMgr
196,197,services/cameraservice/sourceservice/include/distributedcameramgr/dcamera_source_dev.h,services/cameraservice/sourceservice/include/distributedcameramgr/dcamera_source_event.h,NotifyResult,DCameraSourceEvent,functionproto,type,Parameter,9.0,True,2835,2869,['DistributedCameraSourceMgr'],['DistributedCameraSourceMgr'],DistributedCameraSourceMgr,DistributedCameraSourceMgr
196,197,services/cameraservice/sourceservice/include/distributedcameramgr/dcamera_source_dev.h,services/cameraservice/sourceservice/include/distributedcameramgr/dcamera_source_event.h,NotifyRegisterResult,DCAMERA_EVENT,functionproto,alias,Parameter,9.0,True,2834,2855,['DistributedCameraSourceMgr'],['DistributedCameraSourceMgr'],DistributedCameraSourceMgr,DistributedCameraSourceMgr
196,197,services/cameraservice/sourceservice/include/distributedcameramgr/dcamera_source_dev.h,services/cameraservice/sourceservice/include/distributedcameramgr/dcamera_source_event.h,NotifyRegisterResult,DCameraSourceEvent,functionproto,type,Parameter,9.0,True,2834,2869,['DistributedCameraSourceMgr'],['DistributedCameraSourceMgr'],DistributedCameraSourceMgr,DistributedCameraSourceMgr
196,197,services/cameraservice/sourceservice/include/distributedcameramgr/dcamera_source_dev.h,services/cameraservice/sourceservice/include/distributedcameramgr/dcamera_source_event.h,NotifyUnregisterResult,DCAMERA_EVENT,functionproto,alias,Parameter,9.0,True,2836,2855,['DistributedCameraSourceMgr'],['DistributedCameraSourceMgr'],DistributedCameraSourceMgr,DistributedCameraSourceMgr
196,197,services/cameraservice/sourceservice/include/distributedcameramgr/dcamera_source_dev.h,services/cameraservice/sourceservice/include/distributedcameramgr/dcamera_source_event.h,NotifyUnregisterResult,DCameraSourceEvent,functionproto,type,Parameter,9.0,True,2836,2869,['DistributedCameraSourceMgr'],['DistributedCameraSourceMgr'],DistributedCameraSourceMgr,DistributedCameraSourceMgr
196,197,services/cameraservice/sourceservice/include/distributedcameramgr/dcamera_source_dev.h,services/cameraservice/sourceservice/include/distributedcameramgr/dcamera_source_event.h,NotifyHalResult,DCAMERA_EVENT,functionproto,alias,Parameter,9.0,True,2833,2855,['DistributedCameraSourceMgr'],['DistributedCameraSourceMgr'],DistributedCameraSourceMgr,DistributedCameraSourceMgr
196,197,services/cameraservice/sourceservice/include/distributedcameramgr/dcamera_source_dev.h,services/cameraservice/sourceservice/include/distributedcameramgr/dcamera_source_event.h,NotifyHalResult,DCameraSourceEvent,functionproto,type,Parameter,9.0,True,2833,2869,['DistributedCameraSourceMgr'],['DistributedCameraSourceMgr'],DistributedCameraSourceMgr,DistributedCameraSourceMgr
221,194,services/cameraservice/sourceservice/src/distributedcamera/distributed_camera_source_service.cpp,services/cameraservice/sourceservice/include/distributedcamera/distributed_camera_source_service.h,,,file,file,Import,1.0,False,,,['DistributedCameraSourceMgr'],['DistributedCameraSourceMgr'],DistributedCameraSourceMgr,DistributedCameraSourceMgr
221,194,services/cameraservice/sourceservice/src/distributedcamera/distributed_camera_source_service.cpp,services/cameraservice/sourceservice/include/distributedcamera/distributed_camera_source_service.h,DistributedCameraSourceService,DistributedCameraSourceService,functionimpl,functionproto,Implement,11.0,True,3143,2790,['DistributedCameraSourceMgr'],['DistributedCameraSourceMgr'],DistributedCameraSourceMgr,DistributedCameraSourceMgr
221,194,services/cameraservice/sourceservice/src/distributedcamera/distributed_camera_source_service.cpp,services/cameraservice/sourceservice/include/distributedcamera/distributed_camera_source_service.h,OnStart,OnStart,functionimpl,functionproto,Implement,11.0,True,3147,2794,['DistributedCameraSourceMgr'],['DistributedCameraSourceMgr'],DistributedCameraSourceMgr,DistributedCameraSourceMgr
221,194,services/cameraservice/sourceservice/src/distributedcamera/distributed_camera_source_service.cpp,services/cameraservice/sourceservice/include/distributedcamera/distributed_camera_source_service.h,Init,Init,functionimpl,functionproto,Implement,11.0,True,3144,2791,['DistributedCameraSourceMgr'],['DistributedCameraSourceMgr'],DistributedCameraSourceMgr,DistributedCameraSourceMgr
221,194,services/cameraservice/sourceservice/src/distributedcamera/distributed_camera_source_service.cpp,services/cameraservice/sourceservice/include/distributedcamera/distributed_camera_source_service.h,OnStop,OnStop,functionimpl,functionproto,Implement,11.0,True,3148,2795,['DistributedCameraSourceMgr'],['DistributedCameraSourceMgr'],DistributedCameraSourceMgr,DistributedCameraSourceMgr
221,194,services/cameraservice/sourceservice/src/distributedcamera/distributed_camera_source_service.cpp,services/cameraservice/sourceservice/include/distributedcamera/distributed_camera_source_service.h,InitSource,InitSource,functionimpl,functionproto,Implement,11.0,True,3145,2792,['DistributedCameraSourceMgr'],['DistributedCameraSourceMgr'],DistributedCameraSourceMgr,DistributedCameraSourceMgr
221,194,services/cameraservice/sourceservice/src/distributedcamera/distributed_camera_source_service.cpp,services/cameraservice/sourceservice/include/distributedcamera/distributed_camera_source_service.h,ReleaseSource,ReleaseSource,functionimpl,functionproto,Implement,11.0,True,3150,2797,['DistributedCameraSourceMgr'],['DistributedCameraSourceMgr'],DistributedCameraSourceMgr,DistributedCameraSourceMgr
221,194,services/cameraservice/sourceservice/src/distributedcamera/distributed_camera_source_service.cpp,services/cameraservice/sourceservice/include/distributedcamera/distributed_camera_source_service.h,RegisterDistributedHardware,RegisterDistributedHardware,functionimpl,functionproto,Implement,11.0,True,3149,2796,['DistributedCameraSourceMgr'],['DistributedCameraSourceMgr'],DistributedCameraSourceMgr,DistributedCameraSourceMgr
221,194,services/cameraservice/sourceservice/src/distributedcamera/distributed_camera_source_service.cpp,services/cameraservice/sourceservice/include/distributedcamera/distributed_camera_source_service.h,UnregisterDistributedHardware,UnregisterDistributedHardware,functionimpl,functionproto,Implement,11.0,True,3152,2799,['DistributedCameraSourceMgr'],['DistributedCameraSourceMgr'],DistributedCameraSourceMgr,DistributedCameraSourceMgr
221,194,services/cameraservice/sourceservice/src/distributedcamera/distributed_camera_source_service.cpp,services/cameraservice/sourceservice/include/distributedcamera/distributed_camera_source_service.h,DCameraNotify,DCameraNotify,functionimpl,functionproto,Implement,11.0,True,3142,2789,['DistributedCameraSourceMgr'],['DistributedCameraSourceMgr'],DistributedCameraSourceMgr,DistributedCameraSourceMgr
221,194,services/cameraservice/sourceservice/src/distributedcamera/distributed_camera_source_service.cpp,services/cameraservice/sourceservice/include/distributedcamera/distributed_camera_source_service.h,LoadDCameraHDF,LoadDCameraHDF,functionimpl,functionproto,Implement,11.0,True,3146,2793,['DistributedCameraSourceMgr'],['DistributedCameraSourceMgr'],DistributedCameraSourceMgr,DistributedCameraSourceMgr
221,194,services/cameraservice/sourceservice/src/distributedcamera/distributed_camera_source_service.cpp,services/cameraservice/sourceservice/include/distributedcamera/distributed_camera_source_service.h,UnLoadCameraHDF,UnLoadCameraHDF,functionimpl,functionproto,Implement,11.0,True,3151,2798,['DistributedCameraSourceMgr'],['DistributedCameraSourceMgr'],DistributedCameraSourceMgr,DistributedCameraSourceMgr
221,192,services/cameraservice/sourceservice/src/distributedcamera/distributed_camera_source_service.cpp,services/cameraservice/sourceservice/include/distributedcamera/dcamera_service_state_listener.h,,,file,file,Import,1.0,False,,,['DistributedCameraSourceMgr'],['DistributedCameraSourceMgr'],DistributedCameraSourceMgr,DistributedCameraSourceMgr
221,192,services/cameraservice/sourceservice/src/distributedcamera/distributed_camera_source_service.cpp,services/cameraservice/sourceservice/include/distributedcamera/dcamera_service_state_listener.h,RegisterDistributedHardware,DCameraServiceStateListener,functionimpl,type,Use,1.0,True,3149,2779,['DistributedCameraSourceMgr'],['DistributedCameraSourceMgr'],DistributedCameraSourceMgr,DistributedCameraSourceMgr
161,73,services/cameraservice/sinkservice/include/distributedcameramgr/listener/dcamera_sink_output_channel_listener.h,camera_hdf/interfaces/include/types.h,DCameraSinkOutputChannelListener,DCStreamType,functionproto,alias,Parameter,1.0,True,2395,1373,['DistributedCameraSinkMgr'],['VirtualCameraHdf'],DistributedCameraSinkMgr,VirtualCameraHdf
161,73,services/cameraservice/sinkservice/include/distributedcameramgr/listener/dcamera_sink_output_channel_listener.h,camera_hdf/interfaces/include/types.h,DCameraSinkOutputChannelListener,_DCStreamType,type,type,Contain,1.0,True,2399,1387,['DistributedCameraSinkMgr'],['VirtualCameraHdf'],DistributedCameraSinkMgr,VirtualCameraHdf
113,105,services/cameraservice/base/src/dcamera_open_info_cmd.cpp,services/cameraservice/base/include/dcamera_open_info_cmd.h,,,file,file,Import,1.0,False,,,['CameraServiceCommon'],['CameraServiceCommon'],CameraServiceCommon,CameraServiceCommon
113,105,services/cameraservice/base/src/dcamera_open_info_cmd.cpp,services/cameraservice/base/include/dcamera_open_info_cmd.h,Unmarshal,DCameraOpenInfo,functionimpl,type,Use,1.0,True,1878,1790,['CameraServiceCommon'],['CameraServiceCommon'],CameraServiceCommon,CameraServiceCommon
113,105,services/cameraservice/base/src/dcamera_open_info_cmd.cpp,services/cameraservice/base/include/dcamera_open_info_cmd.h,Marshal,Marshal,functionimpl,functionproto,Implement,2.0,True,1877,1788,['CameraServiceCommon'],['CameraServiceCommon'],CameraServiceCommon,CameraServiceCommon
113,105,services/cameraservice/base/src/dcamera_open_info_cmd.cpp,services/cameraservice/base/include/dcamera_open_info_cmd.h,Unmarshal,Unmarshal,functionimpl,functionproto,Implement,2.0,True,1878,1789,['CameraServiceCommon'],['CameraServiceCommon'],CameraServiceCommon,CameraServiceCommon
8,10,camera_hdf/hdi_impl/include/dstream_operator/dstream_operator.h,camera_hdf/hdi_impl/include/utils/dcamera.h,,,file,file,Import,1.0,False,,,['VirtualCameraHdf'],['VirtualCameraHdf'],VirtualCameraHdf,VirtualCameraHdf
118,122,services/cameraservice/cameraoperator/client/include/callback/dcamera_preview_callback.h,services/cameraservice/cameraoperator/client/include/icamera_operator.h,,,file,file,Import,1.0,False,,,['utils'],['utils'],utils,utils
118,122,services/cameraservice/cameraoperator/client/include/callback/dcamera_preview_callback.h,services/cameraservice/cameraoperator/client/include/icamera_operator.h,callback_,StateCallback,var,type,Use,1.0,True,1912,1951,['utils'],['utils'],utils,utils
118,122,services/cameraservice/cameraoperator/client/include/callback/dcamera_preview_callback.h,services/cameraservice/cameraoperator/client/include/icamera_operator.h,callback_,StateCallback,var,type,Parameter,1.0,True,1912,1951,['utils'],['utils'],utils,utils
217,216,services/cameraservice/sourceservice/include/distributedcameramgr/dcamerastate/dcamera_source_state_factory.h,services/cameraservice/sourceservice/include/distributedcameramgr/dcamerastate/dcamera_source_state.h,,,file,file,Import,1.0,False,,,['DistributedCameraSourceMgr'],['DistributedCameraSourceMgr'],DistributedCameraSourceMgr,DistributedCameraSourceMgr
217,216,services/cameraservice/sourceservice/include/distributedcameramgr/dcamerastate/dcamera_source_state_factory.h,services/cameraservice/sourceservice/include/distributedcameramgr/dcamerastate/dcamera_source_state.h,CreateState,DCameraSourceState,functionproto,type,Use,1.0,True,3108,3106,['DistributedCameraSourceMgr'],['DistributedCameraSourceMgr'],DistributedCameraSourceMgr,DistributedCameraSourceMgr
217,216,services/cameraservice/sourceservice/include/distributedcameramgr/dcamerastate/dcamera_source_state_factory.h,services/cameraservice/sourceservice/include/distributedcameramgr/dcamerastate/dcamera_source_state.h,CreateState,DCameraStateType,functionproto,alias,Parameter,2.0,True,3108,3101,['DistributedCameraSourceMgr'],['DistributedCameraSourceMgr'],DistributedCameraSourceMgr,DistributedCameraSourceMgr
217,216,services/cameraservice/sourceservice/include/distributedcameramgr/dcamerastate/dcamera_source_state_factory.h,services/cameraservice/sourceservice/include/distributedcameramgr/dcamerastate/dcamera_source_state.h,CreateState,DCameraSourceState,functionproto,type,Parameter,2.0,True,3108,3106,['DistributedCameraSourceMgr'],['DistributedCameraSourceMgr'],DistributedCameraSourceMgr,DistributedCameraSourceMgr
263,261,services/data_process/include/pipeline_node/fpscontroller/fps_controller_process.h,services/data_process/include/pipeline/dcamera_pipeline_source.h,,,file,file,Import,1.0,False,,,['CameraDataProcessCommon'],['CameraDataPostProcess'],CameraDataProcessCommon,CameraDataPostProcess
263,261,services/data_process/include/pipeline_node/fpscontroller/fps_controller_process.h,services/data_process/include/pipeline/dcamera_pipeline_source.h,callbackPipelineSource_,DCameraPipelineSource,var,type,Use,1.0,True,4010,3977,['CameraDataProcessCommon'],['CameraDataPostProcess'],CameraDataProcessCommon,CameraDataPostProcess
263,261,services/data_process/include/pipeline_node/fpscontroller/fps_controller_process.h,services/data_process/include/pipeline/dcamera_pipeline_source.h,callbackPipelineSource_,DCameraPipelineSource,var,type,Parameter,1.0,True,4010,3977,['CameraDataProcessCommon'],['CameraDataPostProcess'],CameraDataProcessCommon,CameraDataPostProcess
262,76,services/data_process/include/pipeline_node/colorspace_conversion/convert_nv12_to_nv21.h,common/include/utils/data_buffer.h,,,file,file,Import,1.0,False,,,['CameraDataProcessCommon'],['utils'],CameraDataProcessCommon,utils
262,76,services/data_process/include/pipeline_node/colorspace_conversion/convert_nv12_to_nv21.h,common/include/utils/data_buffer.h,ProcessData,DataBuffer,functionproto,type,Use,1.0,True,3990,1470,['CameraDataProcessCommon'],['utils'],CameraDataProcessCommon,utils
262,76,services/data_process/include/pipeline_node/colorspace_conversion/convert_nv12_to_nv21.h,common/include/utils/data_buffer.h,ProcessData,DataBuffer,functionproto,type,Parameter,1.0,True,3990,1470,['CameraDataProcessCommon'],['utils'],CameraDataProcessCommon,utils
22,10,camera_hdf/hdi_impl/test/common.h,camera_hdf/hdi_impl/include/utils/dcamera.h,,,file,file,Import,1.0,False,,,['VirtualCameraHdf'],['VirtualCameraHdf'],VirtualCameraHdf,VirtualCameraHdf
204,209,services/cameraservice/sourceservice/include/distributedcameramgr/dcameradata/dcamera_stream_data_process.h,services/cameraservice/sourceservice/include/distributedcameramgr/dcamerainterface/icamera_source_data_process.h,,,file,file,Import,1.0,False,,,['DistributedCameraSourceMgr'],['DistributedCameraSourceMgr'],DistributedCameraSourceMgr,DistributedCameraSourceMgr
204,209,services/cameraservice/sourceservice/include/distributedcameramgr/dcameradata/dcamera_stream_data_process.h,services/cameraservice/sourceservice/include/distributedcameramgr/dcamerainterface/icamera_source_data_process.h,srcConfig_,DCameraStreamConfig,var,type,Use,2.0,True,2986,3022,['DistributedCameraSourceMgr'],['DistributedCameraSourceMgr'],DistributedCameraSourceMgr,DistributedCameraSourceMgr
204,209,services/cameraservice/sourceservice/include/distributedcameramgr/dcameradata/dcamera_stream_data_process.h,services/cameraservice/sourceservice/include/distributedcameramgr/dcamerainterface/icamera_source_data_process.h,dstConfig_,DCameraStreamConfig,var,type,Use,2.0,True,2982,3022,['DistributedCameraSourceMgr'],['DistributedCameraSourceMgr'],DistributedCameraSourceMgr,DistributedCameraSourceMgr
204,209,services/cameraservice/sourceservice/include/distributedcameramgr/dcameradata/dcamera_stream_data_process.h,services/cameraservice/sourceservice/include/distributedcameramgr/dcamerainterface/icamera_source_data_process.h,srcConfig_,DCameraStreamConfig,var,type,Parameter,2.0,True,2986,3022,['DistributedCameraSourceMgr'],['DistributedCameraSourceMgr'],DistributedCameraSourceMgr,DistributedCameraSourceMgr
204,209,services/cameraservice/sourceservice/include/distributedcameramgr/dcameradata/dcamera_stream_data_process.h,services/cameraservice/sourceservice/include/distributedcameramgr/dcamerainterface/icamera_source_data_process.h,dstConfig_,DCameraStreamConfig,var,type,Parameter,2.0,True,2982,3022,['DistributedCameraSourceMgr'],['DistributedCameraSourceMgr'],DistributedCameraSourceMgr,DistributedCameraSourceMgr
221,198,services/cameraservice/sourceservice/src/distributedcamera/distributed_camera_source_service.cpp,services/cameraservice/sourceservice/include/distributedcameramgr/dcamera_source_service_ipc.h,,,file,file,Import,1.0,False,,,['DistributedCameraSourceMgr'],['DistributedCameraSourceMgr'],DistributedCameraSourceMgr,DistributedCameraSourceMgr
204,206,services/cameraservice/sourceservice/include/distributedcameramgr/dcameradata/dcamera_stream_data_process.h,services/cameraservice/sourceservice/include/distributedcameramgr/dcameradata/dcamera_stream_data_process_producer.h,,,file,file,Import,1.0,False,,,['DistributedCameraSourceMgr'],['DistributedCameraSourceMgr'],DistributedCameraSourceMgr,DistributedCameraSourceMgr
204,206,services/cameraservice/sourceservice/include/distributedcameramgr/dcameradata/dcamera_stream_data_process.h,services/cameraservice/sourceservice/include/distributedcameramgr/dcameradata/dcamera_stream_data_process_producer.h,producers_,DCameraStreamDataProcessProducer,var,type,Use,1.0,True,2985,3003,['DistributedCameraSourceMgr'],['DistributedCameraSourceMgr'],DistributedCameraSourceMgr,DistributedCameraSourceMgr
204,206,services/cameraservice/sourceservice/include/distributedcameramgr/dcameradata/dcamera_stream_data_process.h,services/cameraservice/sourceservice/include/distributedcameramgr/dcameradata/dcamera_stream_data_process_producer.h,producers_,DCameraStreamDataProcessProducer,var,type,Parameter,1.0,True,2985,3003,['DistributedCameraSourceMgr'],['DistributedCameraSourceMgr'],DistributedCameraSourceMgr,DistributedCameraSourceMgr
221,196,services/cameraservice/sourceservice/src/distributedcamera/distributed_camera_source_service.cpp,services/cameraservice/sourceservice/include/distributedcameramgr/dcamera_source_dev.h,camerasMap_,DCameraSourceDev,var,type,Use,5.0,True,3155,2846,['DistributedCameraSourceMgr'],['DistributedCameraSourceMgr'],DistributedCameraSourceMgr,DistributedCameraSourceMgr
221,196,services/cameraservice/sourceservice/src/distributedcamera/distributed_camera_source_service.cpp,services/cameraservice/sourceservice/include/distributedcameramgr/dcamera_source_dev.h,RegisterDistributedHardware,DCameraSourceDev,functionimpl,type,Use,5.0,True,3149,2846,['DistributedCameraSourceMgr'],['DistributedCameraSourceMgr'],DistributedCameraSourceMgr,DistributedCameraSourceMgr
221,196,services/cameraservice/sourceservice/src/distributedcamera/distributed_camera_source_service.cpp,services/cameraservice/sourceservice/include/distributedcameramgr/dcamera_source_dev.h,UnregisterDistributedHardware,DCameraSourceDev,functionimpl,type,Use,5.0,True,3152,2846,['DistributedCameraSourceMgr'],['DistributedCameraSourceMgr'],DistributedCameraSourceMgr,DistributedCameraSourceMgr
221,196,services/cameraservice/sourceservice/src/distributedcamera/distributed_camera_source_service.cpp,services/cameraservice/sourceservice/include/distributedcameramgr/dcamera_source_dev.h,DCameraNotify,DCameraSourceDev,functionimpl,type,Use,5.0,True,3142,2846,['DistributedCameraSourceMgr'],['DistributedCameraSourceMgr'],DistributedCameraSourceMgr,DistributedCameraSourceMgr
221,196,services/cameraservice/sourceservice/src/distributedcamera/distributed_camera_source_service.cpp,services/cameraservice/sourceservice/include/distributedcameramgr/dcamera_source_dev.h,camerasMap_,DCameraSourceDev,var,type,Parameter,1.0,True,3155,2846,['DistributedCameraSourceMgr'],['DistributedCameraSourceMgr'],DistributedCameraSourceMgr,DistributedCameraSourceMgr
26,25,camera_hdf/interfaces/hdi_ipc/client/device/dcamera_device_callback_stub.cpp,camera_hdf/interfaces/hdi_ipc/client/device/dcamera_device_callback.h,,,file,file,Import,1.0,False,,,['VirtualCameraHdf'],['VirtualCameraHdf'],VirtualCameraHdf,VirtualCameraHdf
26,27,camera_hdf/interfaces/hdi_ipc/client/device/dcamera_device_callback_stub.cpp,camera_hdf/interfaces/hdi_ipc/client/device/dcamera_device_callback_stub.h,,,file,file,Import,1.0,False,,,['VirtualCameraHdf'],['VirtualCameraHdf'],VirtualCameraHdf,VirtualCameraHdf
26,27,camera_hdf/interfaces/hdi_ipc/client/device/dcamera_device_callback_stub.cpp,camera_hdf/interfaces/hdi_ipc/client/device/dcamera_device_callback_stub.h,OnRemoteRequest,OnRemoteRequest,functionimpl,functionproto,Implement,1.0,True,766,775,['VirtualCameraHdf'],['VirtualCameraHdf'],VirtualCameraHdf,VirtualCameraHdf
263,259,services/data_process/include/pipeline_node/fpscontroller/fps_controller_process.h,services/data_process/include/pipeline/abstract_data_process.h,,,file,file,Import,1.0,False,,,['CameraDataProcessCommon'],['CameraDataProcessCommon'],CameraDataProcessCommon,CameraDataProcessCommon
263,259,services/data_process/include/pipeline_node/fpscontroller/fps_controller_process.h,services/data_process/include/pipeline/abstract_data_process.h,FpsControllerProcess,AbstractDataProcess,type,type,Extend,1.0,True,4007,3951,['CameraDataProcessCommon'],['CameraDataProcessCommon'],CameraDataProcessCommon,CameraDataProcessCommon
85,75,interfaces/inner_kits/native_cpp/camera_sink/src/dcamera_sink_handler.cpp,common/include/constants/distributed_camera_errno.h,,,file,file,Import,1.0,False,,,['DistributedCameraSinkMgr'],['utils'],DistributedCameraSinkMgr,utils
132,117,services/cameraservice/cameraoperator/client/src/dcamera_client_common.cpp,services/cameraservice/cameraoperator/client/include/callback/dcamera_photo_callback.h,,,file,file,Import,1.0,False,,,['utils'],['utils'],utils,utils
132,117,services/cameraservice/cameraoperator/client/src/dcamera_client_common.cpp,services/cameraservice/cameraoperator/client/include/callback/dcamera_photo_callback.h,CreatePhotoOutput,DCameraPhotoCallback,functionimpl,type,Use,2.0,True,2040,1904,['utils'],['utils'],utils,utils
132,116,services/cameraservice/cameraoperator/client/src/dcamera_client_common.cpp,services/cameraservice/cameraoperator/client/include/callback/dcamera_manager_callback.h,,,file,file,Import,1.0,False,,,['utils'],['utils'],utils,utils
1,73,camera_hdf/hdi_impl/include/dcamera_device/dmetadata_processor.h,camera_hdf/interfaces/include/types.h,InitDCameraAbility,DCamRetCode,functionproto,alias,Return,13.0,True,40,1374,['VirtualCameraHdf'],['VirtualCameraHdf'],VirtualCameraHdf,VirtualCameraHdf
1,73,camera_hdf/hdi_impl/include/dcamera_device/dmetadata_processor.h,camera_hdf/interfaces/include/types.h,GetDCameraAbility,DCamRetCode,functionproto,alias,Return,13.0,True,36,1374,['VirtualCameraHdf'],['VirtualCameraHdf'],VirtualCameraHdf,VirtualCameraHdf
1,73,camera_hdf/hdi_impl/include/dcamera_device/dmetadata_processor.h,camera_hdf/interfaces/include/types.h,SetMetadataResultMode,DCamRetCode,functionproto,alias,Return,13.0,True,47,1374,['VirtualCameraHdf'],['VirtualCameraHdf'],VirtualCameraHdf,VirtualCameraHdf
1,73,camera_hdf/hdi_impl/include/dcamera_device/dmetadata_processor.h,camera_hdf/interfaces/include/types.h,GetEnabledMetadataResults,DCamRetCode,functionproto,alias,Return,13.0,True,39,1374,['VirtualCameraHdf'],['VirtualCameraHdf'],VirtualCameraHdf,VirtualCameraHdf
1,73,camera_hdf/hdi_impl/include/dcamera_device/dmetadata_processor.h,camera_hdf/interfaces/include/types.h,EnableMetadataResult,DCamRetCode,functionproto,alias,Return,13.0,True,35,1374,['VirtualCameraHdf'],['VirtualCameraHdf'],VirtualCameraHdf,VirtualCameraHdf
1,73,camera_hdf/hdi_impl/include/dcamera_device/dmetadata_processor.h,camera_hdf/interfaces/include/types.h,DisableMetadataResult,DCamRetCode,functionproto,alias,Return,13.0,True,34,1374,['VirtualCameraHdf'],['VirtualCameraHdf'],VirtualCameraHdf,VirtualCameraHdf
1,73,camera_hdf/hdi_impl/include/dcamera_device/dmetadata_processor.h,camera_hdf/interfaces/include/types.h,ResetEnableResults,DCamRetCode,functionproto,alias,Return,13.0,True,44,1374,['VirtualCameraHdf'],['VirtualCameraHdf'],VirtualCameraHdf,VirtualCameraHdf
1,73,camera_hdf/hdi_impl/include/dcamera_device/dmetadata_processor.h,camera_hdf/interfaces/include/types.h,SaveResultMetadata,DCamRetCode,functionproto,alias,Return,13.0,True,46,1374,['VirtualCameraHdf'],['VirtualCameraHdf'],VirtualCameraHdf,VirtualCameraHdf
1,73,camera_hdf/hdi_impl/include/dcamera_device/dmetadata_processor.h,camera_hdf/interfaces/include/types.h,UpdateResultMetadata,DCamRetCode,functionproto,alias,Return,13.0,True,49,1374,['VirtualCameraHdf'],['VirtualCameraHdf'],VirtualCameraHdf,VirtualCameraHdf
1,73,camera_hdf/hdi_impl/include/dcamera_device/dmetadata_processor.h,camera_hdf/interfaces/include/types.h,InitDCameraDefaultAbilityKeys,DCamRetCode,functionproto,alias,Return,13.0,True,41,1374,['VirtualCameraHdf'],['VirtualCameraHdf'],VirtualCameraHdf,VirtualCameraHdf
1,73,camera_hdf/hdi_impl/include/dcamera_device/dmetadata_processor.h,camera_hdf/interfaces/include/types.h,InitDCameraOutputAbilityKeys,DCamRetCode,functionproto,alias,Return,13.0,True,42,1374,['VirtualCameraHdf'],['VirtualCameraHdf'],VirtualCameraHdf,VirtualCameraHdf
1,73,camera_hdf/hdi_impl/include/dcamera_device/dmetadata_processor.h,camera_hdf/interfaces/include/types.h,AddAbilityEntry,DCamRetCode,functionproto,alias,Return,13.0,True,32,1374,['VirtualCameraHdf'],['VirtualCameraHdf'],VirtualCameraHdf,VirtualCameraHdf
1,73,camera_hdf/hdi_impl/include/dcamera_device/dmetadata_processor.h,camera_hdf/interfaces/include/types.h,UpdateAbilityEntry,DCamRetCode,functionproto,alias,Return,13.0,True,48,1374,['VirtualCameraHdf'],['VirtualCameraHdf'],VirtualCameraHdf,VirtualCameraHdf
132,119,services/cameraservice/cameraoperator/client/src/dcamera_client_common.cpp,services/cameraservice/cameraoperator/client/include/callback/dcamera_session_callback.h,,,file,file,Import,1.0,False,,,['utils'],['utils'],utils,utils
132,119,services/cameraservice/cameraoperator/client/src/dcamera_client_common.cpp,services/cameraservice/cameraoperator/client/include/callback/dcamera_session_callback.h,ConfigCaptureSession,DCameraSessionCallback,functionimpl,type,Use,1.0,True,2037,1916,['utils'],['utils'],utils,utils
132,118,services/cameraservice/cameraoperator/client/src/dcamera_client_common.cpp,services/cameraservice/cameraoperator/client/include/callback/dcamera_preview_callback.h,,,file,file,Import,1.0,False,,,['utils'],['utils'],utils,utils
132,118,services/cameraservice/cameraoperator/client/src/dcamera_client_common.cpp,services/cameraservice/cameraoperator/client/include/callback/dcamera_preview_callback.h,CreateVideoOutput,DCameraPreviewCallback,functionimpl,type,Use,2.0,True,2041,1911,['utils'],['utils'],utils,utils
132,115,services/cameraservice/cameraoperator/client/src/dcamera_client_common.cpp,services/cameraservice/cameraoperator/client/include/callback/dcamera_input_callback.h,,,file,file,Import,1.0,False,,,['utils'],['utils'],utils,utils
132,115,services/cameraservice/cameraoperator/client/src/dcamera_client_common.cpp,services/cameraservice/cameraoperator/client/include/callback/dcamera_input_callback.h,ConfigCaptureSession,DCameraInputCallback,functionimpl,type,Use,2.0,True,2037,1892,['utils'],['utils'],utils,utils
202,250,services/cameraservice/sourceservice/include/distributedcameramgr/dcameradata/dcamera_source_input.h,services/channel/include/icamera_channel_listener.h,,,file,file,Import,1.0,False,,,['DistributedCameraSourceMgr'],['ChannelCommon'],DistributedCameraSourceMgr,ChannelCommon
202,250,services/cameraservice/sourceservice/include/distributedcameramgr/dcameradata/dcamera_source_input.h,services/channel/include/icamera_channel_listener.h,listeners_,ICameraChannelListener,var,type,Use,2.0,True,2956,3738,['DistributedCameraSourceMgr'],['ChannelCommon'],DistributedCameraSourceMgr,ChannelCommon
202,250,services/cameraservice/sourceservice/include/distributedcameramgr/dcameradata/dcamera_source_input.h,services/channel/include/icamera_channel_listener.h,channelState_,DCameraChannelState,var,alias,Use,2.0,True,2953,3735,['DistributedCameraSourceMgr'],['ChannelCommon'],DistributedCameraSourceMgr,ChannelCommon
202,250,services/cameraservice/sourceservice/include/distributedcameramgr/dcameradata/dcamera_source_input.h,services/channel/include/icamera_channel_listener.h,listeners_,ICameraChannelListener,var,type,Parameter,2.0,True,2956,3738,['DistributedCameraSourceMgr'],['ChannelCommon'],DistributedCameraSourceMgr,ChannelCommon
202,250,services/cameraservice/sourceservice/include/distributedcameramgr/dcameradata/dcamera_source_input.h,services/channel/include/icamera_channel_listener.h,channelState_,DCameraChannelState,var,alias,Parameter,2.0,True,2953,3735,['DistributedCameraSourceMgr'],['ChannelCommon'],DistributedCameraSourceMgr,ChannelCommon
139,116,services/cameraservice/cameraoperator/handler/src/dcamera_handler.cpp,services/cameraservice/cameraoperator/client/include/callback/dcamera_manager_callback.h,,,file,file,Import,1.0,False,,,['utils'],['utils'],utils,utils
139,116,services/cameraservice/cameraoperator/handler/src/dcamera_handler.cpp,services/cameraservice/cameraoperator/client/include/callback/dcamera_manager_callback.h,Initialize,DCameraManagerCallback,functionimpl,type,Use,1.0,True,2149,1897,['utils'],['utils'],utils,utils
263,268,services/data_process/include/pipeline_node/fpscontroller/fps_controller_process.h,services/data_process/include/utils/image_common_type.h,FpsControllerProcess,VideoConfigParams,functionimpl,type,Parameter,2.0,True,3995,4117,['CameraDataProcessCommon'],['CameraDataProcessCommon'],CameraDataProcessCommon,CameraDataProcessCommon
263,268,services/data_process/include/pipeline_node/fpscontroller/fps_controller_process.h,services/data_process/include/utils/image_common_type.h,FpsControllerProcess,VideoConfigParams,type,type,Contain,2.0,True,4007,4117,['CameraDataProcessCommon'],['CameraDataProcessCommon'],CameraDataProcessCommon,CameraDataProcessCommon
148,73,services/cameraservice/sinkservice/include/distributedcameramgr/dcamera_sink_data_process.h,camera_hdf/interfaces/include/types.h,GetPipelineCodecType,DCEncodeType,functionproto,alias,Parameter,1.0,True,2297,1371,['DistributedCameraSinkMgr'],['VirtualCameraHdf'],DistributedCameraSinkMgr,VirtualCameraHdf
26,52,camera_hdf/interfaces/hdi_ipc/client/device/dcamera_device_callback_stub.cpp,camera_hdf/interfaces/hdi_ipc/ipc_data_utils.h,,,file,file,Import,1.0,False,,,['VirtualCameraHdf'],['VirtualCameraHdf'],VirtualCameraHdf,VirtualCameraHdf
85,84,interfaces/inner_kits/native_cpp/camera_sink/src/dcamera_sink_handler.cpp,interfaces/inner_kits/native_cpp/camera_sink/include/idistributed_camera_sink.h,InitSink,IDistributedCameraSink,functionimpl,type,Use,4.0,True,1571,1568,['DistributedCameraSinkMgr'],['DistributedCameraSinkMgr'],DistributedCameraSinkMgr,DistributedCameraSinkMgr
85,84,interfaces/inner_kits/native_cpp/camera_sink/src/dcamera_sink_handler.cpp,interfaces/inner_kits/native_cpp/camera_sink/include/idistributed_camera_sink.h,ReleaseSink,IDistributedCameraSink,functionimpl,type,Use,4.0,True,1572,1568,['DistributedCameraSinkMgr'],['DistributedCameraSinkMgr'],DistributedCameraSinkMgr,DistributedCameraSinkMgr
85,84,interfaces/inner_kits/native_cpp/camera_sink/src/dcamera_sink_handler.cpp,interfaces/inner_kits/native_cpp/camera_sink/include/idistributed_camera_sink.h,SubscribeLocalHardware,IDistributedCameraSink,functionimpl,type,Use,4.0,True,1573,1568,['DistributedCameraSinkMgr'],['DistributedCameraSinkMgr'],DistributedCameraSinkMgr,DistributedCameraSinkMgr
85,84,interfaces/inner_kits/native_cpp/camera_sink/src/dcamera_sink_handler.cpp,interfaces/inner_kits/native_cpp/camera_sink/include/idistributed_camera_sink.h,UnsubscribeLocalHardware,IDistributedCameraSink,functionimpl,type,Use,4.0,True,1574,1568,['DistributedCameraSinkMgr'],['DistributedCameraSinkMgr'],DistributedCameraSinkMgr,DistributedCameraSinkMgr
202,249,services/cameraservice/sourceservice/include/distributedcameramgr/dcameradata/dcamera_source_input.h,services/channel/include/icamera_channel.h,,,file,file,Import,1.0,False,,,['DistributedCameraSourceMgr'],['ChannelCommon'],DistributedCameraSourceMgr,ChannelCommon
202,249,services/cameraservice/sourceservice/include/distributedcameramgr/dcameradata/dcamera_source_input.h,services/channel/include/icamera_channel.h,channels_,ICameraChannel,var,type,Use,1.0,True,2954,3734,['DistributedCameraSourceMgr'],['ChannelCommon'],DistributedCameraSourceMgr,ChannelCommon
202,249,services/cameraservice/sourceservice/include/distributedcameramgr/dcameradata/dcamera_source_input.h,services/channel/include/icamera_channel.h,channels_,ICameraChannel,var,type,Parameter,1.0,True,2954,3734,['DistributedCameraSourceMgr'],['ChannelCommon'],DistributedCameraSourceMgr,ChannelCommon
85,82,interfaces/inner_kits/native_cpp/camera_sink/src/dcamera_sink_handler.cpp,interfaces/inner_kits/native_cpp/camera_sink/include/dcamera_sink_handler_ipc.h,,,file,file,Import,1.0,False,,,['DistributedCameraSinkMgr'],['DistributedCameraSinkMgr'],DistributedCameraSinkMgr,DistributedCameraSinkMgr
85,81,interfaces/inner_kits/native_cpp/camera_sink/src/dcamera_sink_handler.cpp,interfaces/inner_kits/native_cpp/camera_sink/include/dcamera_sink_handler.h,,,file,file,Import,1.0,False,,,['DistributedCameraSinkMgr'],['DistributedCameraSinkMgr'],DistributedCameraSinkMgr,DistributedCameraSinkMgr
85,81,interfaces/inner_kits/native_cpp/camera_sink/src/dcamera_sink_handler.cpp,interfaces/inner_kits/native_cpp/camera_sink/include/dcamera_sink_handler.h,~DCameraSinkHandler,~DCameraSinkHandler,functionimpl,functionproto,Implement,6.0,True,1575,1540,['DistributedCameraSinkMgr'],['DistributedCameraSinkMgr'],DistributedCameraSinkMgr,DistributedCameraSinkMgr
85,81,interfaces/inner_kits/native_cpp/camera_sink/src/dcamera_sink_handler.cpp,interfaces/inner_kits/native_cpp/camera_sink/include/dcamera_sink_handler.h,InitSink,InitSink,functionimpl,functionproto,Implement,6.0,True,1571,1536,['DistributedCameraSinkMgr'],['DistributedCameraSinkMgr'],DistributedCameraSinkMgr,DistributedCameraSinkMgr
85,81,interfaces/inner_kits/native_cpp/camera_sink/src/dcamera_sink_handler.cpp,interfaces/inner_kits/native_cpp/camera_sink/include/dcamera_sink_handler.h,ReleaseSink,ReleaseSink,functionimpl,functionproto,Implement,6.0,True,1572,1537,['DistributedCameraSinkMgr'],['DistributedCameraSinkMgr'],DistributedCameraSinkMgr,DistributedCameraSinkMgr
85,81,interfaces/inner_kits/native_cpp/camera_sink/src/dcamera_sink_handler.cpp,interfaces/inner_kits/native_cpp/camera_sink/include/dcamera_sink_handler.h,SubscribeLocalHardware,SubscribeLocalHardware,functionimpl,functionproto,Implement,6.0,True,1573,1538,['DistributedCameraSinkMgr'],['DistributedCameraSinkMgr'],DistributedCameraSinkMgr,DistributedCameraSinkMgr
85,81,interfaces/inner_kits/native_cpp/camera_sink/src/dcamera_sink_handler.cpp,interfaces/inner_kits/native_cpp/camera_sink/include/dcamera_sink_handler.h,UnsubscribeLocalHardware,UnsubscribeLocalHardware,functionimpl,functionproto,Implement,6.0,True,1574,1539,['DistributedCameraSinkMgr'],['DistributedCameraSinkMgr'],DistributedCameraSinkMgr,DistributedCameraSinkMgr
85,81,interfaces/inner_kits/native_cpp/camera_sink/src/dcamera_sink_handler.cpp,interfaces/inner_kits/native_cpp/camera_sink/include/dcamera_sink_handler.h,GetSinkHardwareHandler,GetSinkHardwareHandler,functionimpl,functionproto,Implement,6.0,True,1570,1535,['DistributedCameraSinkMgr'],['DistributedCameraSinkMgr'],DistributedCameraSinkMgr,DistributedCameraSinkMgr
132,124,services/cameraservice/cameraoperator/client/src/dcamera_client_common.cpp,services/cameraservice/cameraoperator/client/include/listener/dcamera_video_surface_listener.h,CreateVideoOutput,DCameraVideoSurfaceListener,functionimpl,type,Use,1.0,True,2041,1960,['utils'],['utils'],utils,utils
132,123,services/cameraservice/cameraoperator/client/src/dcamera_client_common.cpp,services/cameraservice/cameraoperator/client/include/listener/dcamera_photo_surface_listener.h,CreatePhotoOutput,DCameraPhotoSurfaceListener,functionimpl,type,Use,1.0,True,2040,1955,['utils'],['utils'],utils,utils
132,120,services/cameraservice/cameraoperator/client/src/dcamera_client_common.cpp,services/cameraservice/cameraoperator/client/include/callback/dcamera_video_callback.h,,,file,file,Import,1.0,False,,,['utils'],['utils'],utils,utils
207,73,services/cameraservice/sourceservice/include/distributedcameramgr/dcamerahdf/dcamera_provider_callback_impl.h,camera_hdf/interfaces/include/types.h,OpenSession,DCamRetCode,functionproto,alias,Return,7.0,True,3009,1374,['DistributedCameraSourceMgr'],['VirtualCameraHdf'],DistributedCameraSourceMgr,VirtualCameraHdf
207,73,services/cameraservice/sourceservice/include/distributedcameramgr/dcamerahdf/dcamera_provider_callback_impl.h,camera_hdf/interfaces/include/types.h,CloseSession,DCamRetCode,functionproto,alias,Return,7.0,True,3006,1374,['DistributedCameraSourceMgr'],['VirtualCameraHdf'],DistributedCameraSourceMgr,VirtualCameraHdf
207,73,services/cameraservice/sourceservice/include/distributedcameramgr/dcamerahdf/dcamera_provider_callback_impl.h,camera_hdf/interfaces/include/types.h,ConfigureStreams,DCamRetCode,functionproto,alias,Return,7.0,True,3007,1374,['DistributedCameraSourceMgr'],['VirtualCameraHdf'],DistributedCameraSourceMgr,VirtualCameraHdf
207,73,services/cameraservice/sourceservice/include/distributedcameramgr/dcamerahdf/dcamera_provider_callback_impl.h,camera_hdf/interfaces/include/types.h,ReleaseStreams,DCamRetCode,functionproto,alias,Return,7.0,True,3010,1374,['DistributedCameraSourceMgr'],['VirtualCameraHdf'],DistributedCameraSourceMgr,VirtualCameraHdf
207,73,services/cameraservice/sourceservice/include/distributedcameramgr/dcamerahdf/dcamera_provider_callback_impl.h,camera_hdf/interfaces/include/types.h,StartCapture,DCamRetCode,functionproto,alias,Return,7.0,True,3011,1374,['DistributedCameraSourceMgr'],['VirtualCameraHdf'],DistributedCameraSourceMgr,VirtualCameraHdf
207,73,services/cameraservice/sourceservice/include/distributedcameramgr/dcamerahdf/dcamera_provider_callback_impl.h,camera_hdf/interfaces/include/types.h,StopCapture,DCamRetCode,functionproto,alias,Return,7.0,True,3012,1374,['DistributedCameraSourceMgr'],['VirtualCameraHdf'],DistributedCameraSourceMgr,VirtualCameraHdf
207,73,services/cameraservice/sourceservice/include/distributedcameramgr/dcamerahdf/dcamera_provider_callback_impl.h,camera_hdf/interfaces/include/types.h,UpdateSettings,DCamRetCode,functionproto,alias,Return,7.0,True,3013,1374,['DistributedCameraSourceMgr'],['VirtualCameraHdf'],DistributedCameraSourceMgr,VirtualCameraHdf
132,121,services/cameraservice/cameraoperator/client/src/dcamera_client_common.cpp,services/cameraservice/cameraoperator/client/include/dcamera_client.h,,,file,file,Import,1.0,False,,,['utils'],['utils'],utils,utils
132,121,services/cameraservice/cameraoperator/client/src/dcamera_client_common.cpp,services/cameraservice/cameraoperator/client/include/dcamera_client.h,DCameraClient,DCameraClient,functionimpl,functionproto,Implement,17.0,True,2042,1931,['utils'],['utils'],utils,utils
132,121,services/cameraservice/cameraoperator/client/src/dcamera_client_common.cpp,services/cameraservice/cameraoperator/client/include/dcamera_client.h,~DCameraClient,~DCameraClient,functionimpl,functionproto,Implement,17.0,True,2053,1942,['utils'],['utils'],utils,utils
132,121,services/cameraservice/cameraoperator/client/src/dcamera_client_common.cpp,services/cameraservice/cameraoperator/client/include/dcamera_client.h,Init,Init,functionimpl,functionproto,Implement,17.0,True,2043,1932,['utils'],['utils'],utils,utils
132,121,services/cameraservice/cameraoperator/client/src/dcamera_client_common.cpp,services/cameraservice/cameraoperator/client/include/dcamera_client.h,UnInit,UnInit,functionimpl,functionproto,Implement,17.0,True,2051,1940,['utils'],['utils'],utils,utils
132,121,services/cameraservice/cameraoperator/client/src/dcamera_client_common.cpp,services/cameraservice/cameraoperator/client/include/dcamera_client.h,UpdateSettings,UpdateSettings,functionimpl,functionproto,Implement,17.0,True,2052,1941,['utils'],['utils'],utils,utils
132,121,services/cameraservice/cameraoperator/client/src/dcamera_client_common.cpp,services/cameraservice/cameraoperator/client/include/dcamera_client.h,StartCapture,StartCapture,functionimpl,functionproto,Implement,17.0,True,2046,1935,['utils'],['utils'],utils,utils
132,121,services/cameraservice/cameraoperator/client/src/dcamera_client_common.cpp,services/cameraservice/cameraoperator/client/include/dcamera_client.h,StopCapture,StopCapture,functionimpl,functionproto,Implement,17.0,True,2050,1939,['utils'],['utils'],utils,utils
132,121,services/cameraservice/cameraoperator/client/src/dcamera_client_common.cpp,services/cameraservice/cameraoperator/client/include/dcamera_client.h,SetStateCallback,SetStateCallback,functionimpl,functionproto,Implement,17.0,True,2045,1934,['utils'],['utils'],utils,utils
132,121,services/cameraservice/cameraoperator/client/src/dcamera_client_common.cpp,services/cameraservice/cameraoperator/client/include/dcamera_client.h,SetResultCallback,SetResultCallback,functionimpl,functionproto,Implement,17.0,True,2044,1933,['utils'],['utils'],utils,utils
132,121,services/cameraservice/cameraoperator/client/src/dcamera_client_common.cpp,services/cameraservice/cameraoperator/client/include/dcamera_client.h,ConfigCaptureSession,ConfigCaptureSession,functionimpl,functionproto,Implement,17.0,True,2037,1926,['utils'],['utils'],utils,utils
132,121,services/cameraservice/cameraoperator/client/src/dcamera_client_common.cpp,services/cameraservice/cameraoperator/client/include/dcamera_client.h,ConfigCaptureSessionInner,ConfigCaptureSessionInner,functionimpl,functionproto,Implement,17.0,True,2038,1927,['utils'],['utils'],utils,utils
132,121,services/cameraservice/cameraoperator/client/src/dcamera_client_common.cpp,services/cameraservice/cameraoperator/client/include/dcamera_client.h,CreateCaptureOutput,CreateCaptureOutput,functionimpl,functionproto,Implement,17.0,True,2039,1928,['utils'],['utils'],utils,utils
132,121,services/cameraservice/cameraoperator/client/src/dcamera_client_common.cpp,services/cameraservice/cameraoperator/client/include/dcamera_client.h,CreatePhotoOutput,CreatePhotoOutput,functionimpl,functionproto,Implement,17.0,True,2040,1929,['utils'],['utils'],utils,utils
132,121,services/cameraservice/cameraoperator/client/src/dcamera_client_common.cpp,services/cameraservice/cameraoperator/client/include/dcamera_client.h,CreateVideoOutput,CreateVideoOutput,functionimpl,functionproto,Implement,17.0,True,2041,1930,['utils'],['utils'],utils,utils
132,121,services/cameraservice/cameraoperator/client/src/dcamera_client_common.cpp,services/cameraservice/cameraoperator/client/include/dcamera_client.h,StartCaptureInner,StartCaptureInner,functionimpl,functionproto,Implement,17.0,True,2047,1936,['utils'],['utils'],utils,utils
132,121,services/cameraservice/cameraoperator/client/src/dcamera_client_common.cpp,services/cameraservice/cameraoperator/client/include/dcamera_client.h,StartPhotoOutput,StartPhotoOutput,functionimpl,functionproto,Implement,17.0,True,2048,1937,['utils'],['utils'],utils,utils
132,121,services/cameraservice/cameraoperator/client/src/dcamera_client_common.cpp,services/cameraservice/cameraoperator/client/include/dcamera_client.h,StartVideoOutput,StartVideoOutput,functionimpl,functionproto,Implement,17.0,True,2049,1938,['utils'],['utils'],utils,utils
198,84,services/cameraservice/sourceservice/include/distributedcameramgr/dcamera_source_service_ipc.h,interfaces/inner_kits/native_cpp/camera_sink/include/idistributed_camera_sink.h,,,file,file,Import,1.0,False,,,['DistributedCameraSourceMgr'],['DistributedCameraSinkMgr'],DistributedCameraSourceMgr,DistributedCameraSinkMgr
198,84,services/cameraservice/sourceservice/include/distributedcameramgr/dcamera_source_service_ipc.h,interfaces/inner_kits/native_cpp/camera_sink/include/idistributed_camera_sink.h,GetSinkRemoteDHMS,IDistributedCameraSink,functionproto,type,Use,2.0,True,2887,1568,['DistributedCameraSourceMgr'],['DistributedCameraSinkMgr'],DistributedCameraSourceMgr,DistributedCameraSinkMgr
198,84,services/cameraservice/sourceservice/include/distributedcameramgr/dcamera_source_service_ipc.h,interfaces/inner_kits/native_cpp/camera_sink/include/idistributed_camera_sink.h,remoteSinks_,IDistributedCameraSink,var,type,Use,2.0,True,2894,1568,['DistributedCameraSourceMgr'],['DistributedCameraSinkMgr'],DistributedCameraSourceMgr,DistributedCameraSinkMgr
198,84,services/cameraservice/sourceservice/include/distributedcameramgr/dcamera_source_service_ipc.h,interfaces/inner_kits/native_cpp/camera_sink/include/idistributed_camera_sink.h,GetSinkRemoteDHMS,IDistributedCameraSink,functionproto,type,Parameter,2.0,True,2887,1568,['DistributedCameraSourceMgr'],['DistributedCameraSinkMgr'],DistributedCameraSourceMgr,DistributedCameraSinkMgr
198,84,services/cameraservice/sourceservice/include/distributedcameramgr/dcamera_source_service_ipc.h,interfaces/inner_kits/native_cpp/camera_sink/include/idistributed_camera_sink.h,remoteSinks_,IDistributedCameraSink,var,type,Parameter,2.0,True,2894,1568,['DistributedCameraSourceMgr'],['DistributedCameraSinkMgr'],DistributedCameraSourceMgr,DistributedCameraSinkMgr
132,74,services/cameraservice/cameraoperator/client/src/dcamera_client_common.cpp,common/include/constants/distributed_camera_constants.h,,,file,file,Import,1.0,False,,,['utils'],['utils'],utils,utils
132,74,services/cameraservice/cameraoperator/client/src/dcamera_client_common.cpp,common/include/constants/distributed_camera_constants.h,DCameraClient,CAMERA_ID_PREFIX,functionimpl,var,Use,3.0,True,2042,1419,['utils'],['utils'],utils,utils
132,74,services/cameraservice/cameraoperator/client/src/dcamera_client_common.cpp,common/include/constants/distributed_camera_constants.h,CreatePhotoOutput,CAMERA_SURFACE_FORMAT,functionimpl,var,Use,3.0,True,2040,1428,['utils'],['utils'],utils,utils
132,74,services/cameraservice/cameraoperator/client/src/dcamera_client_common.cpp,common/include/constants/distributed_camera_constants.h,CreateVideoOutput,CAMERA_SURFACE_FORMAT,functionimpl,var,Use,3.0,True,2041,1428,['utils'],['utils'],utils,utils
132,75,services/cameraservice/cameraoperator/client/src/dcamera_client_common.cpp,common/include/constants/distributed_camera_errno.h,,,file,file,Import,1.0,False,,,['utils'],['utils'],utils,utils
132,78,services/cameraservice/cameraoperator/client/src/dcamera_client_common.cpp,common/include/utils/dcamera_utils_tools.h,UpdateSettings,Base64Decode,functionimpl,functionproto,Call,1.0,True,2052,1480,['utils'],['utils'],utils,utils
132,78,services/cameraservice/cameraoperator/client/src/dcamera_client_common.cpp,common/include/utils/dcamera_utils_tools.h,,,file,file,Import,1.0,False,,,['utils'],['utils'],utils,utils
253,74,services/channel/src/dcamera_softbus_adapter.cpp,common/include/constants/distributed_camera_constants.h,,,file,file,Import,1.0,False,,,['ChannelCommon'],['utils'],ChannelCommon,utils
253,74,services/channel/src/dcamera_softbus_adapter.cpp,common/include/constants/distributed_camera_constants.h,OnSourceBytesReceived,DCAMERA_MAX_RECV_DATA_LEN,functionimpl,var,Use,4.0,True,3801,1431,['ChannelCommon'],['utils'],ChannelCommon,utils
253,74,services/channel/src/dcamera_softbus_adapter.cpp,common/include/constants/distributed_camera_constants.h,OnSourceStreamReceived,DCAMERA_MAX_RECV_DATA_LEN,functionimpl,var,Use,4.0,True,3805,1431,['ChannelCommon'],['utils'],ChannelCommon,utils
253,74,services/channel/src/dcamera_softbus_adapter.cpp,common/include/constants/distributed_camera_constants.h,OnSinkBytesReceived,DCAMERA_MAX_RECV_DATA_LEN,functionimpl,var,Use,4.0,True,3796,1431,['ChannelCommon'],['utils'],ChannelCommon,utils
253,74,services/channel/src/dcamera_softbus_adapter.cpp,common/include/constants/distributed_camera_constants.h,OnSinkStreamReceived,DCAMERA_MAX_RECV_DATA_LEN,functionimpl,var,Use,4.0,True,3800,1431,['ChannelCommon'],['utils'],ChannelCommon,utils
253,76,services/channel/src/dcamera_softbus_adapter.cpp,common/include/utils/data_buffer.h,OnSourceBytesReceived,DataBuffer,functionimpl,type,Use,8.0,True,3801,1470,['ChannelCommon'],['utils'],ChannelCommon,utils
253,76,services/channel/src/dcamera_softbus_adapter.cpp,common/include/utils/data_buffer.h,OnSourceStreamReceived,DataBuffer,functionimpl,type,Use,8.0,True,3805,1470,['ChannelCommon'],['utils'],ChannelCommon,utils
253,76,services/channel/src/dcamera_softbus_adapter.cpp,common/include/utils/data_buffer.h,OnSinkBytesReceived,DataBuffer,functionimpl,type,Use,8.0,True,3796,1470,['ChannelCommon'],['utils'],ChannelCommon,utils
253,76,services/channel/src/dcamera_softbus_adapter.cpp,common/include/utils/data_buffer.h,OnSinkStreamReceived,DataBuffer,functionimpl,type,Use,8.0,True,3800,1470,['ChannelCommon'],['utils'],ChannelCommon,utils
253,75,services/channel/src/dcamera_softbus_adapter.cpp,common/include/constants/distributed_camera_errno.h,,,file,file,Import,1.0,False,,,['ChannelCommon'],['utils'],ChannelCommon,utils
8,1,camera_hdf/hdi_impl/include/dstream_operator/dstream_operator.h,camera_hdf/hdi_impl/include/dcamera_device/dmetadata_processor.h,,,file,file,Import,1.0,False,,,['VirtualCameraHdf'],['VirtualCameraHdf'],VirtualCameraHdf,VirtualCameraHdf
8,1,camera_hdf/hdi_impl/include/dstream_operator/dstream_operator.h,camera_hdf/hdi_impl/include/dcamera_device/dmetadata_processor.h,dMetadataProcessor_,DMetadataProcessor,var,type,Use,1.0,True,205,50,['VirtualCameraHdf'],['VirtualCameraHdf'],VirtualCameraHdf,VirtualCameraHdf
8,1,camera_hdf/hdi_impl/include/dstream_operator/dstream_operator.h,camera_hdf/hdi_impl/include/dcamera_device/dmetadata_processor.h,dMetadataProcessor_,DMetadataProcessor,var,type,Parameter,1.0,True,205,50,['VirtualCameraHdf'],['VirtualCameraHdf'],VirtualCameraHdf,VirtualCameraHdf
8,5,camera_hdf/hdi_impl/include/dstream_operator/dstream_operator.h,camera_hdf/hdi_impl/include/dstream_operator/dcamera_steam.h,,,file,file,Import,1.0,False,,,['VirtualCameraHdf'],['VirtualCameraHdf'],VirtualCameraHdf,VirtualCameraHdf
8,5,camera_hdf/hdi_impl/include/dstream_operator/dstream_operator.h,camera_hdf/hdi_impl/include/dstream_operator/dcamera_steam.h,halStreamMap_,DCameraStream,var,type,Use,1.0,True,211,125,['VirtualCameraHdf'],['VirtualCameraHdf'],VirtualCameraHdf,VirtualCameraHdf
8,5,camera_hdf/hdi_impl/include/dstream_operator/dstream_operator.h,camera_hdf/hdi_impl/include/dstream_operator/dcamera_steam.h,halStreamMap_,DCameraStream,var,type,Parameter,1.0,True,211,125,['VirtualCameraHdf'],['VirtualCameraHdf'],VirtualCameraHdf,VirtualCameraHdf
72,73,camera_hdf/interfaces/include/idistributed_camera_provider_callback.h,camera_hdf/interfaces/include/types.h,,,file,file,Import,1.0,False,,,['VirtualCameraHdf'],['VirtualCameraHdf'],VirtualCameraHdf,VirtualCameraHdf
72,73,camera_hdf/interfaces/include/idistributed_camera_provider_callback.h,camera_hdf/interfaces/include/types.h,OpenSession,DCamRetCode,functionproto,alias,Return,7.0,True,1363,1374,['VirtualCameraHdf'],['VirtualCameraHdf'],VirtualCameraHdf,VirtualCameraHdf
72,73,camera_hdf/interfaces/include/idistributed_camera_provider_callback.h,camera_hdf/interfaces/include/types.h,CloseSession,DCamRetCode,functionproto,alias,Return,7.0,True,1361,1374,['VirtualCameraHdf'],['VirtualCameraHdf'],VirtualCameraHdf,VirtualCameraHdf
72,73,camera_hdf/interfaces/include/idistributed_camera_provider_callback.h,camera_hdf/interfaces/include/types.h,ConfigureStreams,DCamRetCode,functionproto,alias,Return,7.0,True,1362,1374,['VirtualCameraHdf'],['VirtualCameraHdf'],VirtualCameraHdf,VirtualCameraHdf
72,73,camera_hdf/interfaces/include/idistributed_camera_provider_callback.h,camera_hdf/interfaces/include/types.h,ReleaseStreams,DCamRetCode,functionproto,alias,Return,7.0,True,1364,1374,['VirtualCameraHdf'],['VirtualCameraHdf'],VirtualCameraHdf,VirtualCameraHdf
72,73,camera_hdf/interfaces/include/idistributed_camera_provider_callback.h,camera_hdf/interfaces/include/types.h,StartCapture,DCamRetCode,functionproto,alias,Return,7.0,True,1365,1374,['VirtualCameraHdf'],['VirtualCameraHdf'],VirtualCameraHdf,VirtualCameraHdf
72,73,camera_hdf/interfaces/include/idistributed_camera_provider_callback.h,camera_hdf/interfaces/include/types.h,StopCapture,DCamRetCode,functionproto,alias,Return,7.0,True,1366,1374,['VirtualCameraHdf'],['VirtualCameraHdf'],VirtualCameraHdf,VirtualCameraHdf
72,73,camera_hdf/interfaces/include/idistributed_camera_provider_callback.h,camera_hdf/interfaces/include/types.h,UpdateSettings,DCamRetCode,functionproto,alias,Return,7.0,True,1367,1374,['VirtualCameraHdf'],['VirtualCameraHdf'],VirtualCameraHdf,VirtualCameraHdf
252,246,services/channel/src/dcamera_channel_source_impl.cpp,services/channel/include/dcamera_channel_source_impl.h,,,file,file,Import,1.0,False,,,['ChannelSource'],['ChannelSource'],ChannelSource,ChannelSource
252,246,services/channel/src/dcamera_channel_source_impl.cpp,services/channel/include/dcamera_channel_source_impl.h,DCameraChannelSourceImpl,DCameraChannelSourceImpl,functionimpl,functionproto,Implement,7.0,True,3759,3659,['ChannelSource'],['ChannelSource'],ChannelSource,ChannelSource
252,246,services/channel/src/dcamera_channel_source_impl.cpp,services/channel/include/dcamera_channel_source_impl.h,~DCameraChannelSourceImpl,~DCameraChannelSourceImpl,functionimpl,functionproto,Implement,7.0,True,3763,3663,['ChannelSource'],['ChannelSource'],ChannelSource,ChannelSource
252,246,services/channel/src/dcamera_channel_source_impl.cpp,services/channel/include/dcamera_channel_source_impl.h,OpenSession,OpenSession,functionimpl,functionproto,Implement,7.0,True,3760,3660,['ChannelSource'],['ChannelSource'],ChannelSource,ChannelSource
252,246,services/channel/src/dcamera_channel_source_impl.cpp,services/channel/include/dcamera_channel_source_impl.h,CloseSession,CloseSession,functionimpl,functionproto,Implement,7.0,True,3757,3657,['ChannelSource'],['ChannelSource'],ChannelSource,ChannelSource
252,246,services/channel/src/dcamera_channel_source_impl.cpp,services/channel/include/dcamera_channel_source_impl.h,CreateSession,CreateSession,functionimpl,functionproto,Implement,7.0,True,3758,3658,['ChannelSource'],['ChannelSource'],ChannelSource,ChannelSource
252,246,services/channel/src/dcamera_channel_source_impl.cpp,services/channel/include/dcamera_channel_source_impl.h,ReleaseSession,ReleaseSession,functionimpl,functionproto,Implement,7.0,True,3761,3661,['ChannelSource'],['ChannelSource'],ChannelSource,ChannelSource
252,246,services/channel/src/dcamera_channel_source_impl.cpp,services/channel/include/dcamera_channel_source_impl.h,SendData,SendData,functionimpl,functionproto,Implement,7.0,True,3762,3662,['ChannelSource'],['ChannelSource'],ChannelSource,ChannelSource
252,247,services/channel/src/dcamera_channel_source_impl.cpp,services/channel/include/dcamera_softbus_adapter.h,,,file,file,Import,1.0,False,,,['ChannelSource'],['ChannelCommon'],ChannelSource,ChannelCommon
9,73,camera_hdf/hdi_impl/include/utils/constants.h,camera_hdf/interfaces/include/types.h,,,file,file,Import,1.0,False,,,['VirtualCameraHdf'],['VirtualCameraHdf'],VirtualCameraHdf,VirtualCameraHdf
252,248,services/channel/src/dcamera_channel_source_impl.cpp,services/channel/include/dcamera_softbus_session.h,CreateSession,DCameraSoftbusSession,functionimpl,type,Use,2.0,True,3758,3725,['ChannelSource'],['ChannelCommon'],ChannelSource,ChannelCommon
249,76,services/channel/include/icamera_channel.h,common/include/utils/data_buffer.h,,,file,file,Import,1.0,False,,,['ChannelCommon'],['utils'],ChannelCommon,utils
249,77,services/channel/include/icamera_channel.h,common/include/utils/dcamera_index.h,,,file,file,Import,1.0,False,,,['ChannelCommon'],['utils'],ChannelCommon,utils
8,9,camera_hdf/hdi_impl/include/dstream_operator/dstream_operator.h,camera_hdf/hdi_impl/include/utils/constants.h,,,file,file,Import,1.0,False,,,['VirtualCameraHdf'],['VirtualCameraHdf'],VirtualCameraHdf,VirtualCameraHdf
8,9,camera_hdf/hdi_impl/include/dstream_operator/dstream_operator.h,camera_hdf/hdi_impl/include/utils/constants.h,dcSupportedFormatMap_,DCSceneType,var,alias,Use,2.0,True,208,212,['VirtualCameraHdf'],['VirtualCameraHdf'],VirtualCameraHdf,VirtualCameraHdf
8,9,camera_hdf/hdi_impl/include/dstream_operator/dstream_operator.h,camera_hdf/hdi_impl/include/utils/constants.h,dcSupportedResolutionMap_,DCResolution,var,type,Use,2.0,True,209,218,['VirtualCameraHdf'],['VirtualCameraHdf'],VirtualCameraHdf,VirtualCameraHdf
8,9,camera_hdf/hdi_impl/include/dstream_operator/dstream_operator.h,camera_hdf/hdi_impl/include/utils/constants.h,dcSupportedFormatMap_,DCSceneType,var,alias,Parameter,2.0,True,208,212,['VirtualCameraHdf'],['VirtualCameraHdf'],VirtualCameraHdf,VirtualCameraHdf
8,9,camera_hdf/hdi_impl/include/dstream_operator/dstream_operator.h,camera_hdf/hdi_impl/include/utils/constants.h,dcSupportedResolutionMap_,DCResolution,var,type,Parameter,2.0,True,209,218,['VirtualCameraHdf'],['VirtualCameraHdf'],VirtualCameraHdf,VirtualCameraHdf
134,123,services/cameraservice/cameraoperator/client/src/listener/dcamera_photo_surface_listener_common.cpp,services/cameraservice/cameraoperator/client/include/listener/dcamera_photo_surface_listener.h,,,file,file,Import,1.0,False,,,['utils'],['utils'],utils,utils
134,123,services/cameraservice/cameraoperator/client/src/listener/dcamera_photo_surface_listener_common.cpp,services/cameraservice/cameraoperator/client/include/listener/dcamera_photo_surface_listener.h,DCameraPhotoSurfaceListener,DCameraPhotoSurfaceListener,functionimpl,functionproto,Implement,2.0,True,2074,1953,['utils'],['utils'],utils,utils
134,123,services/cameraservice/cameraoperator/client/src/listener/dcamera_photo_surface_listener_common.cpp,services/cameraservice/cameraoperator/client/include/listener/dcamera_photo_surface_listener.h,OnBufferAvailable,OnBufferAvailable,functionimpl,functionproto,Implement,2.0,True,2075,1954,['utils'],['utils'],utils,utils
252,249,services/channel/src/dcamera_channel_source_impl.cpp,services/channel/include/icamera_channel.h,CreateSession,icamera_channel,functionimpl,type,Use,1.0,True,3758,,['ChannelSource'],['ChannelCommon'],ChannelSource,ChannelCommon
252,249,services/channel/src/dcamera_channel_source_impl.cpp,services/channel/include/icamera_channel.h,CreateSession,DCameraSessionMode,functionimpl,alias,Parameter,1.0,True,3758,3730,['ChannelSource'],['ChannelCommon'],ChannelSource,ChannelCommon
201,204,services/cameraservice/sourceservice/include/distributedcameramgr/dcameradata/dcamera_source_data_process.h,services/cameraservice/sourceservice/include/distributedcameramgr/dcameradata/dcamera_stream_data_process.h,,,file,file,Import,1.0,False,,,['DistributedCameraSourceMgr'],['DistributedCameraSourceMgr'],DistributedCameraSourceMgr,DistributedCameraSourceMgr
201,204,services/cameraservice/sourceservice/include/distributedcameramgr/dcameradata/dcamera_source_data_process.h,services/cameraservice/sourceservice/include/distributedcameramgr/dcameradata/dcamera_stream_data_process.h,streamProcess_,DCameraStreamDataProcess,var,type,Use,1.0,True,2935,2981,['DistributedCameraSourceMgr'],['DistributedCameraSourceMgr'],DistributedCameraSourceMgr,DistributedCameraSourceMgr
201,204,services/cameraservice/sourceservice/include/distributedcameramgr/dcameradata/dcamera_source_data_process.h,services/cameraservice/sourceservice/include/distributedcameramgr/dcameradata/dcamera_stream_data_process.h,streamProcess_,DCameraStreamDataProcess,var,type,Parameter,1.0,True,2935,2981,['DistributedCameraSourceMgr'],['DistributedCameraSourceMgr'],DistributedCameraSourceMgr,DistributedCameraSourceMgr
266,268,services/data_process/include/pipeline_node/multimedia_codec/encode_data_process.h,services/data_process/include/utils/image_common_type.h,,,file,file,Import,1.0,False,,,['CameraDataProcessCommon'],['CameraDataProcessCommon'],CameraDataProcessCommon,CameraDataProcessCommon
266,268,services/data_process/include/pipeline_node/multimedia_codec/encode_data_process.h,services/data_process/include/utils/image_common_type.h,GetSourceConfig,VideoConfigParams,functionproto,type,Return,2.0,True,4074,4117,['CameraDataProcessCommon'],['CameraDataProcessCommon'],CameraDataProcessCommon,CameraDataProcessCommon
266,268,services/data_process/include/pipeline_node/multimedia_codec/encode_data_process.h,services/data_process/include/utils/image_common_type.h,GetTargetConfig,VideoConfigParams,functionproto,type,Return,2.0,True,4075,4117,['CameraDataProcessCommon'],['CameraDataProcessCommon'],CameraDataProcessCommon,CameraDataProcessCommon
266,268,services/data_process/include/pipeline_node/multimedia_codec/encode_data_process.h,services/data_process/include/utils/image_common_type.h,EncodeDataProcess,VideoConfigParams,functionimpl,type,Parameter,5.0,True,4068,4117,['CameraDataProcessCommon'],['CameraDataProcessCommon'],CameraDataProcessCommon,CameraDataProcessCommon
266,268,services/data_process/include/pipeline_node/multimedia_codec/encode_data_process.h,services/data_process/include/utils/image_common_type.h,IsInEncoderRange,VideoConfigParams,functionproto,type,Parameter,5.0,True,4081,4117,['CameraDataProcessCommon'],['CameraDataProcessCommon'],CameraDataProcessCommon,CameraDataProcessCommon
266,268,services/data_process/include/pipeline_node/multimedia_codec/encode_data_process.h,services/data_process/include/utils/image_common_type.h,IsConvertible,VideoConfigParams,functionproto,type,Parameter,5.0,True,4080,4117,['CameraDataProcessCommon'],['CameraDataProcessCommon'],CameraDataProcessCommon,CameraDataProcessCommon
266,268,services/data_process/include/pipeline_node/multimedia_codec/encode_data_process.h,services/data_process/include/utils/image_common_type.h,EncodeDataProcess,VideoConfigParams,type,type,Contain,2.0,True,4089,4117,['CameraDataProcessCommon'],['CameraDataProcessCommon'],CameraDataProcessCommon,CameraDataProcessCommon
194,74,services/cameraservice/sourceservice/include/distributedcamera/distributed_camera_source_service.h,common/include/constants/distributed_camera_constants.h,,,file,file,Import,1.0,False,,,['DistributedCameraSourceMgr'],['utils'],DistributedCameraSourceMgr,utils
194,74,services/cameraservice/sourceservice/include/distributedcamera/distributed_camera_source_service.h,common/include/constants/distributed_camera_constants.h,DistributedCameraSourceService,distributed_camera_constants,type,type,Contain,1.0,True,2800,,['DistributedCameraSourceMgr'],['utils'],DistributedCameraSourceMgr,utils
266,260,services/data_process/include/pipeline_node/multimedia_codec/encode_data_process.h,services/data_process/include/pipeline/dcamera_pipeline_sink.h,,,file,file,Import,1.0,False,,,['CameraDataProcessCommon'],['CameraDataPreProcess'],CameraDataProcessCommon,CameraDataPreProcess
266,260,services/data_process/include/pipeline_node/multimedia_codec/encode_data_process.h,services/data_process/include/pipeline/dcamera_pipeline_sink.h,callbackPipelineSink_,DCameraPipelineSink,var,type,Use,1.0,True,4091,3962,['CameraDataProcessCommon'],['CameraDataPreProcess'],CameraDataProcessCommon,CameraDataPreProcess
266,260,services/data_process/include/pipeline_node/multimedia_codec/encode_data_process.h,services/data_process/include/pipeline/dcamera_pipeline_sink.h,callbackPipelineSink_,DCameraPipelineSink,var,type,Parameter,1.0,True,4091,3962,['CameraDataProcessCommon'],['CameraDataPreProcess'],CameraDataProcessCommon,CameraDataPreProcess
161,150,services/cameraservice/sinkservice/include/distributedcameramgr/listener/dcamera_sink_output_channel_listener.h,services/cameraservice/sinkservice/include/distributedcameramgr/dcamera_sink_output.h,,,file,file,Import,1.0,False,,,['DistributedCameraSinkMgr'],['DistributedCameraSinkMgr'],DistributedCameraSinkMgr,DistributedCameraSinkMgr
161,150,services/cameraservice/sinkservice/include/distributedcameramgr/listener/dcamera_sink_output_channel_listener.h,services/cameraservice/sinkservice/include/distributedcameramgr/dcamera_sink_output.h,output_,DCameraSinkOutput,var,type,Use,1.0,True,2400,2338,['DistributedCameraSinkMgr'],['DistributedCameraSinkMgr'],DistributedCameraSinkMgr,DistributedCameraSinkMgr
161,150,services/cameraservice/sinkservice/include/distributedcameramgr/listener/dcamera_sink_output_channel_listener.h,services/cameraservice/sinkservice/include/distributedcameramgr/dcamera_sink_output.h,output_,DCameraSinkOutput,var,type,Parameter,1.0,True,2400,2338,['DistributedCameraSinkMgr'],['DistributedCameraSinkMgr'],DistributedCameraSinkMgr,DistributedCameraSinkMgr
201,209,services/cameraservice/sourceservice/include/distributedcameramgr/dcameradata/dcamera_source_data_process.h,services/cameraservice/sourceservice/include/distributedcameramgr/dcamerainterface/icamera_source_data_process.h,,,file,file,Import,1.0,False,,,['DistributedCameraSourceMgr'],['DistributedCameraSourceMgr'],DistributedCameraSourceMgr,DistributedCameraSourceMgr
201,209,services/cameraservice/sourceservice/include/distributedcameramgr/dcameradata/dcamera_source_data_process.h,services/cameraservice/sourceservice/include/distributedcameramgr/dcamerainterface/icamera_source_data_process.h,DCameraSourceDataProcess,ICameraSourceDataProcess,type,type,Extend,1.0,True,2934,3023,['DistributedCameraSourceMgr'],['DistributedCameraSourceMgr'],DistributedCameraSourceMgr,DistributedCameraSourceMgr
194,77,services/cameraservice/sourceservice/include/distributedcamera/distributed_camera_source_service.h,common/include/utils/dcamera_index.h,,,file,file,Import,1.0,False,,,['DistributedCameraSourceMgr'],['utils'],DistributedCameraSourceMgr,utils
194,77,services/cameraservice/sourceservice/include/distributedcamera/distributed_camera_source_service.h,common/include/utils/dcamera_index.h,camerasMap_,DCameraIndex,var,type,Use,1.0,True,2802,1475,['DistributedCameraSourceMgr'],['utils'],DistributedCameraSourceMgr,utils
194,77,services/cameraservice/sourceservice/include/distributedcamera/distributed_camera_source_service.h,common/include/utils/dcamera_index.h,camerasMap_,DCameraIndex,var,type,Parameter,1.0,True,2802,1475,['DistributedCameraSourceMgr'],['utils'],DistributedCameraSourceMgr,utils
8,73,camera_hdf/hdi_impl/include/dstream_operator/dstream_operator.h,camera_hdf/interfaces/include/types.h,,,file,file,Import,1.0,False,,,['VirtualCameraHdf'],['VirtualCameraHdf'],VirtualCameraHdf,VirtualCameraHdf
8,73,camera_hdf/hdi_impl/include/dstream_operator/dstream_operator.h,camera_hdf/interfaces/include/types.h,InitOutputConfigurations,DCamRetCode,functionproto,alias,Return,7.0,True,192,1374,['VirtualCameraHdf'],['VirtualCameraHdf'],VirtualCameraHdf,VirtualCameraHdf
8,73,camera_hdf/hdi_impl/include/dstream_operator/dstream_operator.h,camera_hdf/interfaces/include/types.h,AcquireBuffer,DCamRetCode,functionproto,alias,Return,7.0,True,176,1374,['VirtualCameraHdf'],['VirtualCameraHdf'],VirtualCameraHdf,VirtualCameraHdf
8,73,camera_hdf/hdi_impl/include/dstream_operator/dstream_operator.h,camera_hdf/interfaces/include/types.h,ShutterBuffer,DCamRetCode,functionproto,alias,Return,7.0,True,201,1374,['VirtualCameraHdf'],['VirtualCameraHdf'],VirtualCameraHdf,VirtualCameraHdf
8,73,camera_hdf/hdi_impl/include/dstream_operator/dstream_operator.h,camera_hdf/interfaces/include/types.h,SetCallBack,DCamRetCode,functionproto,alias,Return,7.0,True,198,1374,['VirtualCameraHdf'],['VirtualCameraHdf'],VirtualCameraHdf,VirtualCameraHdf
8,73,camera_hdf/hdi_impl/include/dstream_operator/dstream_operator.h,camera_hdf/interfaces/include/types.h,SetDeviceCallback,DCamRetCode,functionproto,alias,Return,7.0,True,200,1374,['VirtualCameraHdf'],['VirtualCameraHdf'],VirtualCameraHdf,VirtualCameraHdf
8,73,camera_hdf/hdi_impl/include/dstream_operator/dstream_operator.h,camera_hdf/interfaces/include/types.h,NegotiateSuitableCaptureInfo,DCamRetCode,functionproto,alias,Return,7.0,True,195,1374,['VirtualCameraHdf'],['VirtualCameraHdf'],VirtualCameraHdf,VirtualCameraHdf
8,73,camera_hdf/hdi_impl/include/dstream_operator/dstream_operator.h,camera_hdf/interfaces/include/types.h,ConvertDCEncodeType,DCEncodeType,functionproto,alias,Return,7.0,True,187,1371,['VirtualCameraHdf'],['VirtualCameraHdf'],VirtualCameraHdf,VirtualCameraHdf
8,73,camera_hdf/hdi_impl/include/dstream_operator/dstream_operator.h,camera_hdf/interfaces/include/types.h,BuildSuitableCaptureInfo,DCCaptureInfo,functionproto,alias,Use,5.0,True,178,1370,['VirtualCameraHdf'],['VirtualCameraHdf'],VirtualCameraHdf,VirtualCameraHdf
8,73,camera_hdf/hdi_impl/include/dstream_operator/dstream_operator.h,camera_hdf/interfaces/include/types.h,dhBase_,DHBase,var,alias,Use,5.0,True,210,1378,['VirtualCameraHdf'],['VirtualCameraHdf'],VirtualCameraHdf,VirtualCameraHdf
8,73,camera_hdf/hdi_impl/include/dstream_operator/dstream_operator.h,camera_hdf/interfaces/include/types.h,dcSupportedCodecType_,DCEncodeType,var,alias,Use,5.0,True,207,1371,['VirtualCameraHdf'],['VirtualCameraHdf'],VirtualCameraHdf,VirtualCameraHdf
8,73,camera_hdf/hdi_impl/include/dstream_operator/dstream_operator.h,camera_hdf/interfaces/include/types.h,dcStreamInfoMap_,DCStreamInfo,var,alias,Use,5.0,True,206,1372,['VirtualCameraHdf'],['VirtualCameraHdf'],VirtualCameraHdf,VirtualCameraHdf
8,73,camera_hdf/hdi_impl/include/dstream_operator/dstream_operator.h,camera_hdf/interfaces/include/types.h,cachedDCaptureInfoList_,DCCaptureInfo,var,alias,Use,5.0,True,204,1370,['VirtualCameraHdf'],['VirtualCameraHdf'],VirtualCameraHdf,VirtualCameraHdf
8,73,camera_hdf/hdi_impl/include/dstream_operator/dstream_operator.h,camera_hdf/interfaces/include/types.h,BuildSuitableCaptureInfo,DCCaptureInfo,functionproto,alias,Parameter,5.0,True,178,1370,['VirtualCameraHdf'],['VirtualCameraHdf'],VirtualCameraHdf,VirtualCameraHdf
8,73,camera_hdf/hdi_impl/include/dstream_operator/dstream_operator.h,camera_hdf/interfaces/include/types.h,dhBase_,DHBase,var,alias,Parameter,5.0,True,210,1378,['VirtualCameraHdf'],['VirtualCameraHdf'],VirtualCameraHdf,VirtualCameraHdf
8,73,camera_hdf/hdi_impl/include/dstream_operator/dstream_operator.h,camera_hdf/interfaces/include/types.h,dcSupportedCodecType_,DCEncodeType,var,alias,Parameter,5.0,True,207,1371,['VirtualCameraHdf'],['VirtualCameraHdf'],VirtualCameraHdf,VirtualCameraHdf
8,73,camera_hdf/hdi_impl/include/dstream_operator/dstream_operator.h,camera_hdf/interfaces/include/types.h,dcStreamInfoMap_,DCStreamInfo,var,alias,Parameter,5.0,True,206,1372,['VirtualCameraHdf'],['VirtualCameraHdf'],VirtualCameraHdf,VirtualCameraHdf
8,73,camera_hdf/hdi_impl/include/dstream_operator/dstream_operator.h,camera_hdf/interfaces/include/types.h,cachedDCaptureInfoList_,DCCaptureInfo,var,alias,Parameter,5.0,True,204,1370,['VirtualCameraHdf'],['VirtualCameraHdf'],VirtualCameraHdf,VirtualCameraHdf
111,75,services/cameraservice/base/src/dcamera_info_cmd.cpp,common/include/constants/distributed_camera_errno.h,,,file,file,Import,1.0,False,,,['CameraServiceCommon'],['utils'],CameraServiceCommon,utils
111,74,services/cameraservice/base/src/dcamera_info_cmd.cpp,common/include/constants/distributed_camera_constants.h,,,file,file,Import,1.0,False,,,['CameraServiceCommon'],['utils'],CameraServiceCommon,utils
2,73,camera_hdf/hdi_impl/include/dcamera_host/dcamera_host.h,camera_hdf/interfaces/include/types.h,AddDCameraDevice,DCamRetCode,functionproto,alias,Return,2.0,True,56,1374,['VirtualCameraHdf'],['VirtualCameraHdf'],VirtualCameraHdf,VirtualCameraHdf
2,73,camera_hdf/hdi_impl/include/dcamera_host/dcamera_host.h,camera_hdf/interfaces/include/types.h,RemoveDCameraDevice,DCamRetCode,functionproto,alias,Return,2.0,True,65,1374,['VirtualCameraHdf'],['VirtualCameraHdf'],VirtualCameraHdf,VirtualCameraHdf
2,73,camera_hdf/hdi_impl/include/dcamera_host/dcamera_host.h,camera_hdf/interfaces/include/types.h,dhBaseHashDCamIdMap_,DHBase,var,alias,Use,1.0,True,71,1378,['VirtualCameraHdf'],['VirtualCameraHdf'],VirtualCameraHdf,VirtualCameraHdf
2,73,camera_hdf/hdi_impl/include/dcamera_host/dcamera_host.h,camera_hdf/interfaces/include/types.h,dhBaseHashDCamIdMap_,DHBase,var,alias,Parameter,1.0,True,71,1378,['VirtualCameraHdf'],['VirtualCameraHdf'],VirtualCameraHdf,VirtualCameraHdf
202,208,services/cameraservice/sourceservice/include/distributedcameramgr/dcameradata/dcamera_source_input.h,services/cameraservice/sourceservice/include/distributedcameramgr/dcamerainterface/icamera_input.h,,,file,file,Import,1.0,False,,,['DistributedCameraSourceMgr'],['DistributedCameraSourceMgr'],DistributedCameraSourceMgr,DistributedCameraSourceMgr
202,208,services/cameraservice/sourceservice/include/distributedcameramgr/dcameradata/dcamera_source_input.h,services/cameraservice/sourceservice/include/distributedcameramgr/dcamerainterface/icamera_input.h,DCameraSourceInput,ICameraInput,type,type,Extend,1.0,True,2952,3017,['DistributedCameraSourceMgr'],['DistributedCameraSourceMgr'],DistributedCameraSourceMgr,DistributedCameraSourceMgr
202,209,services/cameraservice/sourceservice/include/distributedcameramgr/dcameradata/dcamera_source_input.h,services/cameraservice/sourceservice/include/distributedcameramgr/dcamerainterface/icamera_source_data_process.h,,,file,file,Import,1.0,False,,,['DistributedCameraSourceMgr'],['DistributedCameraSourceMgr'],DistributedCameraSourceMgr,DistributedCameraSourceMgr
202,209,services/cameraservice/sourceservice/include/distributedcameramgr/dcameradata/dcamera_source_input.h,services/cameraservice/sourceservice/include/distributedcameramgr/dcamerainterface/icamera_source_data_process.h,dataProcess_,ICameraSourceDataProcess,var,type,Use,1.0,True,2955,3023,['DistributedCameraSourceMgr'],['DistributedCameraSourceMgr'],DistributedCameraSourceMgr,DistributedCameraSourceMgr
202,209,services/cameraservice/sourceservice/include/distributedcameramgr/dcameradata/dcamera_source_input.h,services/cameraservice/sourceservice/include/distributedcameramgr/dcamerainterface/icamera_source_data_process.h,dataProcess_,ICameraSourceDataProcess,var,type,Parameter,1.0,True,2955,3023,['DistributedCameraSourceMgr'],['DistributedCameraSourceMgr'],DistributedCameraSourceMgr,DistributedCameraSourceMgr
128,74,services/cameraservice/cameraoperator/client/src/callback/dcamera_preview_callback.cpp,common/include/constants/distributed_camera_constants.h,,,file,file,Import,1.0,False,,,['utils'],['utils'],utils,utils
115,122,services/cameraservice/cameraoperator/client/include/callback/dcamera_input_callback.h,services/cameraservice/cameraoperator/client/include/icamera_operator.h,,,file,file,Import,1.0,False,,,['utils'],['utils'],utils,utils
115,122,services/cameraservice/cameraoperator/client/include/callback/dcamera_input_callback.h,services/cameraservice/cameraoperator/client/include/icamera_operator.h,callback_,StateCallback,var,type,Use,1.0,True,1893,1951,['utils'],['utils'],utils,utils
115,122,services/cameraservice/cameraoperator/client/include/callback/dcamera_input_callback.h,services/cameraservice/cameraoperator/client/include/icamera_operator.h,callback_,StateCallback,var,type,Parameter,1.0,True,1893,1951,['utils'],['utils'],utils,utils
98,94,interfaces/inner_kits/native_cpp/camera_source/src/dcamera_source_handler_ipc.cpp,interfaces/inner_kits/native_cpp/camera_source/include/idistributed_camera_source.h,GetSourceLocalDHMS,IDistributedCameraSource,functionimpl,type,Use,3.0,True,1721,1666,['DistributedCameraSourceMgr'],['DistributedCameraSourceMgr'],DistributedCameraSourceMgr,DistributedCameraSourceMgr
98,94,interfaces/inner_kits/native_cpp/camera_source/src/dcamera_source_handler_ipc.cpp,interfaces/inner_kits/native_cpp/camera_source/include/idistributed_camera_source.h,GetSourceLocalDHMS,IDistributedCameraSource,functionimpl,type,Parameter,1.0,True,1721,1666,['DistributedCameraSourceMgr'],['DistributedCameraSourceMgr'],DistributedCameraSourceMgr,DistributedCameraSourceMgr
98,92,interfaces/inner_kits/native_cpp/camera_source/src/dcamera_source_handler_ipc.cpp,interfaces/inner_kits/native_cpp/camera_source/include/dcamera_source_handler_ipc.h,Init,SourceLocalRecipient,functionimpl,type,Call,1.0,True,1722,1652,['DistributedCameraSourceMgr'],['DistributedCameraSourceMgr'],DistributedCameraSourceMgr,DistributedCameraSourceMgr
98,92,interfaces/inner_kits/native_cpp/camera_source/src/dcamera_source_handler_ipc.cpp,interfaces/inner_kits/native_cpp/camera_source/include/dcamera_source_handler_ipc.h,,,file,file,Import,1.0,False,,,['DistributedCameraSourceMgr'],['DistributedCameraSourceMgr'],DistributedCameraSourceMgr,DistributedCameraSourceMgr
98,92,interfaces/inner_kits/native_cpp/camera_source/src/dcamera_source_handler_ipc.cpp,interfaces/inner_kits/native_cpp/camera_source/include/dcamera_source_handler_ipc.h,Init,SourceLocalRecipient,functionimpl,type,Use,1.0,True,1722,1652,['DistributedCameraSourceMgr'],['DistributedCameraSourceMgr'],DistributedCameraSourceMgr,DistributedCameraSourceMgr
98,92,interfaces/inner_kits/native_cpp/camera_source/src/dcamera_source_handler_ipc.cpp,interfaces/inner_kits/native_cpp/camera_source/include/dcamera_source_handler_ipc.h,Init,SourceLocalRecipient,functionimpl,type,Create,1.0,True,1722,1652,['DistributedCameraSourceMgr'],['DistributedCameraSourceMgr'],DistributedCameraSourceMgr,DistributedCameraSourceMgr
98,92,interfaces/inner_kits/native_cpp/camera_source/src/dcamera_source_handler_ipc.cpp,interfaces/inner_kits/native_cpp/camera_source/include/dcamera_source_handler_ipc.h,DCameraSourceHandlerIpc,DCameraSourceHandlerIpc,functionimpl,functionproto,Implement,9.0,True,1719,1644,['DistributedCameraSourceMgr'],['DistributedCameraSourceMgr'],DistributedCameraSourceMgr,DistributedCameraSourceMgr
98,92,interfaces/inner_kits/native_cpp/camera_source/src/dcamera_source_handler_ipc.cpp,interfaces/inner_kits/native_cpp/camera_source/include/dcamera_source_handler_ipc.h,~DCameraSourceHandlerIpc,~DCameraSourceHandlerIpc,functionimpl,functionproto,Implement,9.0,True,1726,1651,['DistributedCameraSourceMgr'],['DistributedCameraSourceMgr'],DistributedCameraSourceMgr,DistributedCameraSourceMgr
98,92,interfaces/inner_kits/native_cpp/camera_source/src/dcamera_source_handler_ipc.cpp,interfaces/inner_kits/native_cpp/camera_source/include/dcamera_source_handler_ipc.h,Init,Init,functionimpl,functionproto,Implement,9.0,True,1722,1647,['DistributedCameraSourceMgr'],['DistributedCameraSourceMgr'],DistributedCameraSourceMgr,DistributedCameraSourceMgr
98,92,interfaces/inner_kits/native_cpp/camera_source/src/dcamera_source_handler_ipc.cpp,interfaces/inner_kits/native_cpp/camera_source/include/dcamera_source_handler_ipc.h,UnInit,UnInit,functionimpl,functionproto,Implement,9.0,True,1725,1650,['DistributedCameraSourceMgr'],['DistributedCameraSourceMgr'],DistributedCameraSourceMgr,DistributedCameraSourceMgr
98,92,interfaces/inner_kits/native_cpp/camera_source/src/dcamera_source_handler_ipc.cpp,interfaces/inner_kits/native_cpp/camera_source/include/dcamera_source_handler_ipc.h,GetSourceLocalDHMS,GetSourceLocalDHMS,functionimpl,functionproto,Implement,9.0,True,1721,1646,['DistributedCameraSourceMgr'],['DistributedCameraSourceMgr'],DistributedCameraSourceMgr,DistributedCameraSourceMgr
98,92,interfaces/inner_kits/native_cpp/camera_source/src/dcamera_source_handler_ipc.cpp,interfaces/inner_kits/native_cpp/camera_source/include/dcamera_source_handler_ipc.h,DeleteSourceLocalDhms,DeleteSourceLocalDhms,functionimpl,functionproto,Implement,9.0,True,1720,1645,['DistributedCameraSourceMgr'],['DistributedCameraSourceMgr'],DistributedCameraSourceMgr,DistributedCameraSourceMgr
98,92,interfaces/inner_kits/native_cpp/camera_source/src/dcamera_source_handler_ipc.cpp,interfaces/inner_kits/native_cpp/camera_source/include/dcamera_source_handler_ipc.h,OnRemoteDied,OnRemoteDied,functionimpl,functionproto,Implement,9.0,True,1723,1648,['DistributedCameraSourceMgr'],['DistributedCameraSourceMgr'],DistributedCameraSourceMgr,DistributedCameraSourceMgr
98,92,interfaces/inner_kits/native_cpp/camera_source/src/dcamera_source_handler_ipc.cpp,interfaces/inner_kits/native_cpp/camera_source/include/dcamera_source_handler_ipc.h,OnSourceLocalDmsDied,OnSourceLocalDmsDied,functionimpl,functionproto,Implement,9.0,True,1724,1649,['DistributedCameraSourceMgr'],['DistributedCameraSourceMgr'],DistributedCameraSourceMgr,DistributedCameraSourceMgr
130,120,services/cameraservice/cameraoperator/client/src/callback/dcamera_video_callback.cpp,services/cameraservice/cameraoperator/client/include/callback/dcamera_video_callback.h,,,file,file,Import,1.0,False,,,['utils'],['utils'],utils,utils
130,120,services/cameraservice/cameraoperator/client/src/callback/dcamera_video_callback.cpp,services/cameraservice/cameraoperator/client/include/callback/dcamera_video_callback.h,DCameraVideoCallback,DCameraVideoCallback,functionimpl,functionproto,Implement,4.0,True,2000,1919,['utils'],['utils'],utils,utils
130,120,services/cameraservice/cameraoperator/client/src/callback/dcamera_video_callback.cpp,services/cameraservice/cameraoperator/client/include/callback/dcamera_video_callback.h,OnFrameStarted,OnFrameStarted,functionimpl,functionproto,Implement,4.0,True,2003,1922,['utils'],['utils'],utils,utils
130,120,services/cameraservice/cameraoperator/client/src/callback/dcamera_video_callback.cpp,services/cameraservice/cameraoperator/client/include/callback/dcamera_video_callback.h,OnFrameEnded,OnFrameEnded,functionimpl,functionproto,Implement,4.0,True,2002,1921,['utils'],['utils'],utils,utils
130,120,services/cameraservice/cameraoperator/client/src/callback/dcamera_video_callback.cpp,services/cameraservice/cameraoperator/client/include/callback/dcamera_video_callback.h,OnError,OnError,functionimpl,functionproto,Implement,4.0,True,2001,1920,['utils'],['utils'],utils,utils
131,74,services/cameraservice/cameraoperator/client/src/dcamera_client.cpp,common/include/constants/distributed_camera_constants.h,,,file,file,Import,1.0,False,,,['utils'],['utils'],utils,utils
131,74,services/cameraservice/cameraoperator/client/src/dcamera_client.cpp,common/include/constants/distributed_camera_constants.h,DCameraClient,CAMERA_ID_PREFIX,functionimpl,var,Use,3.0,True,2013,1419,['utils'],['utils'],utils,utils
131,74,services/cameraservice/cameraoperator/client/src/dcamera_client.cpp,common/include/constants/distributed_camera_constants.h,CreatePhotoOutput,CAMERA_SURFACE_FORMAT,functionimpl,var,Use,3.0,True,2011,1428,['utils'],['utils'],utils,utils
131,74,services/cameraservice/cameraoperator/client/src/dcamera_client.cpp,common/include/constants/distributed_camera_constants.h,CreateVideoOutput,CAMERA_SURFACE_FORMAT,functionimpl,var,Use,3.0,True,2012,1428,['utils'],['utils'],utils,utils
131,75,services/cameraservice/cameraoperator/client/src/dcamera_client.cpp,common/include/constants/distributed_camera_errno.h,,,file,file,Import,1.0,False,,,['utils'],['utils'],utils,utils
131,73,services/cameraservice/cameraoperator/client/src/dcamera_client.cpp,camera_hdf/interfaces/include/types.h,StartPhotoOutput,_DCameraSettings,functionimpl,type,Use,2.0,True,2019,1389,['utils'],['VirtualCameraHdf'],utils,VirtualCameraHdf
131,73,services/cameraservice/cameraoperator/client/src/dcamera_client.cpp,camera_hdf/interfaces/include/types.h,StartPhotoOutput,DCameraSettings,functionimpl,alias,Use,2.0,True,2019,1377,['utils'],['VirtualCameraHdf'],utils,VirtualCameraHdf
19,78,camera_hdf/hdi_impl/src/dstream_operator/dstream_operator.cpp,common/include/utils/dcamera_utils_tools.h,BuildSuitableCaptureInfo,Base64Encode,functionimpl,functionproto,Call,1.0,True,574,1481,['VirtualCameraHdf'],['utils'],VirtualCameraHdf,utils
19,78,camera_hdf/hdi_impl/src/dstream_operator/dstream_operator.cpp,common/include/utils/dcamera_utils_tools.h,,,file,file,Import,1.0,False,,,['VirtualCameraHdf'],['utils'],VirtualCameraHdf,utils
131,78,services/cameraservice/cameraoperator/client/src/dcamera_client.cpp,common/include/utils/dcamera_utils_tools.h,UpdateSettings,Base64Decode,functionimpl,functionproto,Call,2.0,True,2023,1480,['utils'],['utils'],utils,utils
131,78,services/cameraservice/cameraoperator/client/src/dcamera_client.cpp,common/include/utils/dcamera_utils_tools.h,StartPhotoOutput,Base64Decode,functionimpl,functionproto,Call,2.0,True,2019,1480,['utils'],['utils'],utils,utils
131,78,services/cameraservice/cameraoperator/client/src/dcamera_client.cpp,common/include/utils/dcamera_utils_tools.h,,,file,file,Import,1.0,False,,,['utils'],['utils'],utils,utils
19,73,camera_hdf/hdi_impl/src/dstream_operator/dstream_operator.cpp,camera_hdf/interfaces/include/types.h,ConvertStreamInfo,_DCEncodeType,functionimpl,type,Cast,1.0,True,584,1384,['VirtualCameraHdf'],['VirtualCameraHdf'],VirtualCameraHdf,VirtualCameraHdf
19,73,camera_hdf/hdi_impl/src/dstream_operator/dstream_operator.cpp,camera_hdf/interfaces/include/types.h,InitOutputConfigurations,DCamRetCode,functionimpl,alias,Return,7.0,True,589,1374,['VirtualCameraHdf'],['VirtualCameraHdf'],VirtualCameraHdf,VirtualCameraHdf
19,73,camera_hdf/hdi_impl/src/dstream_operator/dstream_operator.cpp,camera_hdf/interfaces/include/types.h,AcquireBuffer,DCamRetCode,functionimpl,alias,Return,7.0,True,572,1374,['VirtualCameraHdf'],['VirtualCameraHdf'],VirtualCameraHdf,VirtualCameraHdf
19,73,camera_hdf/hdi_impl/src/dstream_operator/dstream_operator.cpp,camera_hdf/interfaces/include/types.h,ShutterBuffer,DCamRetCode,functionimpl,alias,Return,7.0,True,598,1374,['VirtualCameraHdf'],['VirtualCameraHdf'],VirtualCameraHdf,VirtualCameraHdf
19,73,camera_hdf/hdi_impl/src/dstream_operator/dstream_operator.cpp,camera_hdf/interfaces/include/types.h,SetCallBack,DCamRetCode,functionimpl,alias,Return,7.0,True,595,1374,['VirtualCameraHdf'],['VirtualCameraHdf'],VirtualCameraHdf,VirtualCameraHdf
19,73,camera_hdf/hdi_impl/src/dstream_operator/dstream_operator.cpp,camera_hdf/interfaces/include/types.h,SetDeviceCallback,DCamRetCode,functionimpl,alias,Return,7.0,True,597,1374,['VirtualCameraHdf'],['VirtualCameraHdf'],VirtualCameraHdf,VirtualCameraHdf
19,73,camera_hdf/hdi_impl/src/dstream_operator/dstream_operator.cpp,camera_hdf/interfaces/include/types.h,NegotiateSuitableCaptureInfo,DCamRetCode,functionimpl,alias,Return,7.0,True,592,1374,['VirtualCameraHdf'],['VirtualCameraHdf'],VirtualCameraHdf,VirtualCameraHdf
19,73,camera_hdf/hdi_impl/src/dstream_operator/dstream_operator.cpp,camera_hdf/interfaces/include/types.h,ConvertDCEncodeType,DCEncodeType,functionimpl,alias,Return,7.0,True,583,1371,['VirtualCameraHdf'],['VirtualCameraHdf'],VirtualCameraHdf,VirtualCameraHdf
19,73,camera_hdf/hdi_impl/src/dstream_operator/dstream_operator.cpp,camera_hdf/interfaces/include/types.h,CreateStreams,DCStreamInfo,functionimpl,alias,Use,55.0,True,585,1372,['VirtualCameraHdf'],['VirtualCameraHdf'],VirtualCameraHdf,VirtualCameraHdf
19,73,camera_hdf/hdi_impl/src/dstream_operator/dstream_operator.cpp,camera_hdf/interfaces/include/types.h,CommitStreams,_DCStreamInfo,functionimpl,type,Use,55.0,True,582,1386,['VirtualCameraHdf'],['VirtualCameraHdf'],VirtualCameraHdf,VirtualCameraHdf
19,73,camera_hdf/hdi_impl/src/dstream_operator/dstream_operator.cpp,camera_hdf/interfaces/include/types.h,CommitStreams,DCStreamInfo,functionimpl,alias,Use,55.0,True,582,1372,['VirtualCameraHdf'],['VirtualCameraHdf'],VirtualCameraHdf,VirtualCameraHdf
19,73,camera_hdf/hdi_impl/src/dstream_operator/dstream_operator.cpp,camera_hdf/interfaces/include/types.h,CommitStreams,SUCCESS,functionimpl,var,Use,55.0,True,582,1405,['VirtualCameraHdf'],['VirtualCameraHdf'],VirtualCameraHdf,VirtualCameraHdf
19,73,camera_hdf/hdi_impl/src/dstream_operator/dstream_operator.cpp,camera_hdf/interfaces/include/types.h,AcquireBuffer,CAMERA_OFFLINE,functionimpl,var,Use,55.0,True,572,1391,['VirtualCameraHdf'],['VirtualCameraHdf'],VirtualCameraHdf,VirtualCameraHdf
19,73,camera_hdf/hdi_impl/src/dstream_operator/dstream_operator.cpp,camera_hdf/interfaces/include/types.h,AcquireBuffer,INVALID_ARGUMENT,functionimpl,var,Use,55.0,True,572,1402,['VirtualCameraHdf'],['VirtualCameraHdf'],VirtualCameraHdf,VirtualCameraHdf
19,73,camera_hdf/hdi_impl/src/dstream_operator/dstream_operator.cpp,camera_hdf/interfaces/include/types.h,AcquireBuffer,EXCEED_MAX_NUMBER,functionimpl,var,Use,55.0,True,572,1400,['VirtualCameraHdf'],['VirtualCameraHdf'],VirtualCameraHdf,VirtualCameraHdf
19,73,camera_hdf/hdi_impl/src/dstream_operator/dstream_operator.cpp,camera_hdf/interfaces/include/types.h,ShutterBuffer,INVALID_ARGUMENT,functionimpl,var,Use,55.0,True,598,1402,['VirtualCameraHdf'],['VirtualCameraHdf'],VirtualCameraHdf,VirtualCameraHdf
19,73,camera_hdf/hdi_impl/src/dstream_operator/dstream_operator.cpp,camera_hdf/interfaces/include/types.h,ShutterBuffer,SUCCESS,functionimpl,var,Use,55.0,True,598,1405,['VirtualCameraHdf'],['VirtualCameraHdf'],VirtualCameraHdf,VirtualCameraHdf
19,73,camera_hdf/hdi_impl/src/dstream_operator/dstream_operator.cpp,camera_hdf/interfaces/include/types.h,ShutterBuffer,FAILED,functionimpl,var,Use,55.0,True,598,1401,['VirtualCameraHdf'],['VirtualCameraHdf'],VirtualCameraHdf,VirtualCameraHdf
19,73,camera_hdf/hdi_impl/src/dstream_operator/dstream_operator.cpp,camera_hdf/interfaces/include/types.h,SnapShotStreamOnCaptureEnded,SNAPSHOT_FRAME,functionimpl,var,Use,55.0,True,599,1404,['VirtualCameraHdf'],['VirtualCameraHdf'],VirtualCameraHdf,VirtualCameraHdf
19,73,camera_hdf/hdi_impl/src/dstream_operator/dstream_operator.cpp,camera_hdf/interfaces/include/types.h,ConvertStreamInfo,_DCEncodeType,functionimpl,type,Use,55.0,True,584,1384,['VirtualCameraHdf'],['VirtualCameraHdf'],VirtualCameraHdf,VirtualCameraHdf
19,73,camera_hdf/hdi_impl/src/dstream_operator/dstream_operator.cpp,camera_hdf/interfaces/include/types.h,ConvertStreamInfo,_DCStreamType,functionimpl,type,Use,55.0,True,584,1387,['VirtualCameraHdf'],['VirtualCameraHdf'],VirtualCameraHdf,VirtualCameraHdf
19,73,camera_hdf/hdi_impl/src/dstream_operator/dstream_operator.cpp,camera_hdf/interfaces/include/types.h,ConvertStreamInfo,SNAPSHOT_FRAME,functionimpl,var,Use,55.0,True,584,1404,['VirtualCameraHdf'],['VirtualCameraHdf'],VirtualCameraHdf,VirtualCameraHdf
19,73,camera_hdf/hdi_impl/src/dstream_operator/dstream_operator.cpp,camera_hdf/interfaces/include/types.h,ConvertStreamInfo,CONTINUOUS_FRAME,functionimpl,var,Use,55.0,True,584,1392,['VirtualCameraHdf'],['VirtualCameraHdf'],VirtualCameraHdf,VirtualCameraHdf
19,73,camera_hdf/hdi_impl/src/dstream_operator/dstream_operator.cpp,camera_hdf/interfaces/include/types.h,NegotiateSuitableCaptureInfo,_DCStreamInfo,functionimpl,type,Use,55.0,True,592,1386,['VirtualCameraHdf'],['VirtualCameraHdf'],VirtualCameraHdf,VirtualCameraHdf
19,73,camera_hdf/hdi_impl/src/dstream_operator/dstream_operator.cpp,camera_hdf/interfaces/include/types.h,NegotiateSuitableCaptureInfo,DCStreamInfo,functionimpl,alias,Use,55.0,True,592,1372,['VirtualCameraHdf'],['VirtualCameraHdf'],VirtualCameraHdf,VirtualCameraHdf
19,73,camera_hdf/hdi_impl/src/dstream_operator/dstream_operator.cpp,camera_hdf/interfaces/include/types.h,NegotiateSuitableCaptureInfo,DCCaptureInfo,functionimpl,alias,Use,55.0,True,592,1370,['VirtualCameraHdf'],['VirtualCameraHdf'],VirtualCameraHdf,VirtualCameraHdf
19,73,camera_hdf/hdi_impl/src/dstream_operator/dstream_operator.cpp,camera_hdf/interfaces/include/types.h,NegotiateSuitableCaptureInfo,CONTINUOUS_FRAME,functionimpl,var,Use,55.0,True,592,1392,['VirtualCameraHdf'],['VirtualCameraHdf'],VirtualCameraHdf,VirtualCameraHdf
19,73,camera_hdf/hdi_impl/src/dstream_operator/dstream_operator.cpp,camera_hdf/interfaces/include/types.h,NegotiateSuitableCaptureInfo,SNAPSHOT_FRAME,functionimpl,var,Use,55.0,True,592,1404,['VirtualCameraHdf'],['VirtualCameraHdf'],VirtualCameraHdf,VirtualCameraHdf
19,73,camera_hdf/hdi_impl/src/dstream_operator/dstream_operator.cpp,camera_hdf/interfaces/include/types.h,BuildSuitableCaptureInfo,DCCaptureInfo,functionimpl,alias,Use,55.0,True,574,1370,['VirtualCameraHdf'],['VirtualCameraHdf'],VirtualCameraHdf,VirtualCameraHdf
19,73,camera_hdf/hdi_impl/src/dstream_operator/dstream_operator.cpp,camera_hdf/interfaces/include/types.h,BuildSuitableCaptureInfo,DCameraSettings,functionimpl,alias,Use,55.0,True,574,1377,['VirtualCameraHdf'],['VirtualCameraHdf'],VirtualCameraHdf,VirtualCameraHdf
19,73,camera_hdf/hdi_impl/src/dstream_operator/dstream_operator.cpp,camera_hdf/interfaces/include/types.h,BuildSuitableCaptureInfo,_DCSettingsType,functionimpl,type,Use,55.0,True,574,1385,['VirtualCameraHdf'],['VirtualCameraHdf'],VirtualCameraHdf,VirtualCameraHdf
19,73,camera_hdf/hdi_impl/src/dstream_operator/dstream_operator.cpp,camera_hdf/interfaces/include/types.h,BuildSuitableCaptureInfo,UPDATE_METADATA,functionimpl,var,Use,55.0,True,574,1406,['VirtualCameraHdf'],['VirtualCameraHdf'],VirtualCameraHdf,VirtualCameraHdf
19,73,camera_hdf/hdi_impl/src/dstream_operator/dstream_operator.cpp,camera_hdf/interfaces/include/types.h,ChooseSuitableFormat,CONTINUOUS_FRAME,functionimpl,var,Use,55.0,True,580,1392,['VirtualCameraHdf'],['VirtualCameraHdf'],VirtualCameraHdf,VirtualCameraHdf
19,73,camera_hdf/hdi_impl/src/dstream_operator/dstream_operator.cpp,camera_hdf/interfaces/include/types.h,ChooseSuitableEncodeType,CONTINUOUS_FRAME,functionimpl,var,Use,55.0,True,579,1392,['VirtualCameraHdf'],['VirtualCameraHdf'],VirtualCameraHdf,VirtualCameraHdf
19,73,camera_hdf/hdi_impl/src/dstream_operator/dstream_operator.cpp,camera_hdf/interfaces/include/types.h,ChooseSuitableEncodeType,ENCODE_TYPE_H265,functionimpl,var,Use,55.0,True,579,1397,['VirtualCameraHdf'],['VirtualCameraHdf'],VirtualCameraHdf,VirtualCameraHdf
19,73,camera_hdf/hdi_impl/src/dstream_operator/dstream_operator.cpp,camera_hdf/interfaces/include/types.h,ChooseSuitableEncodeType,_DCEncodeType,functionimpl,type,Use,55.0,True,579,1384,['VirtualCameraHdf'],['VirtualCameraHdf'],VirtualCameraHdf,VirtualCameraHdf
19,73,camera_hdf/hdi_impl/src/dstream_operator/dstream_operator.cpp,camera_hdf/interfaces/include/types.h,ChooseSuitableEncodeType,ENCODE_TYPE_H264,functionimpl,var,Use,55.0,True,579,1396,['VirtualCameraHdf'],['VirtualCameraHdf'],VirtualCameraHdf,VirtualCameraHdf
19,73,camera_hdf/hdi_impl/src/dstream_operator/dstream_operator.cpp,camera_hdf/interfaces/include/types.h,ChooseSuitableEncodeType,ENCODE_TYPE_NULL,functionimpl,var,Use,55.0,True,579,1399,['VirtualCameraHdf'],['VirtualCameraHdf'],VirtualCameraHdf,VirtualCameraHdf
19,73,camera_hdf/hdi_impl/src/dstream_operator/dstream_operator.cpp,camera_hdf/interfaces/include/types.h,ChooseSuitableEncodeType,ENCODE_TYPE_JPEG,functionimpl,var,Use,55.0,True,579,1398,['VirtualCameraHdf'],['VirtualCameraHdf'],VirtualCameraHdf,VirtualCameraHdf
19,73,camera_hdf/hdi_impl/src/dstream_operator/dstream_operator.cpp,camera_hdf/interfaces/include/types.h,ConvertDCEncodeType,ENCODE_TYPE_H264,functionimpl,var,Use,55.0,True,583,1396,['VirtualCameraHdf'],['VirtualCameraHdf'],VirtualCameraHdf,VirtualCameraHdf
19,73,camera_hdf/hdi_impl/src/dstream_operator/dstream_operator.cpp,camera_hdf/interfaces/include/types.h,ConvertDCEncodeType,ENCODE_TYPE_H265,functionimpl,var,Use,55.0,True,583,1397,['VirtualCameraHdf'],['VirtualCameraHdf'],VirtualCameraHdf,VirtualCameraHdf
19,73,camera_hdf/hdi_impl/src/dstream_operator/dstream_operator.cpp,camera_hdf/interfaces/include/types.h,ConvertDCEncodeType,ENCODE_TYPE_JPEG,functionimpl,var,Use,55.0,True,583,1398,['VirtualCameraHdf'],['VirtualCameraHdf'],VirtualCameraHdf,VirtualCameraHdf
19,73,camera_hdf/hdi_impl/src/dstream_operator/dstream_operator.cpp,camera_hdf/interfaces/include/types.h,ConvertDCEncodeType,ENCODE_TYPE_NULL,functionimpl,var,Use,55.0,True,583,1399,['VirtualCameraHdf'],['VirtualCameraHdf'],VirtualCameraHdf,VirtualCameraHdf
19,73,camera_hdf/hdi_impl/src/dstream_operator/dstream_operator.cpp,camera_hdf/interfaces/include/types.h,BuildSuitableCaptureInfo,DCCaptureInfo,functionimpl,alias,Parameter,1.0,True,574,1370,['VirtualCameraHdf'],['VirtualCameraHdf'],VirtualCameraHdf,VirtualCameraHdf
19,73,camera_hdf/hdi_impl/src/dstream_operator/dstream_operator.cpp,camera_hdf/interfaces/include/types.h,CreateStreams,_DCamRetCode,functionimpl,type,Contain,12.0,True,585,1388,['VirtualCameraHdf'],['VirtualCameraHdf'],VirtualCameraHdf,VirtualCameraHdf
19,73,camera_hdf/hdi_impl/src/dstream_operator/dstream_operator.cpp,camera_hdf/interfaces/include/types.h,ReleaseStreams,_DCamRetCode,functionimpl,type,Contain,12.0,True,594,1388,['VirtualCameraHdf'],['VirtualCameraHdf'],VirtualCameraHdf,VirtualCameraHdf
19,73,camera_hdf/hdi_impl/src/dstream_operator/dstream_operator.cpp,camera_hdf/interfaces/include/types.h,CommitStreams,_DCamRetCode,functionimpl,type,Contain,12.0,True,582,1388,['VirtualCameraHdf'],['VirtualCameraHdf'],VirtualCameraHdf,VirtualCameraHdf
19,73,camera_hdf/hdi_impl/src/dstream_operator/dstream_operator.cpp,camera_hdf/interfaces/include/types.h,GetStreamAttributes,_DCamRetCode,functionimpl,type,Contain,12.0,True,588,1388,['VirtualCameraHdf'],['VirtualCameraHdf'],VirtualCameraHdf,VirtualCameraHdf
19,73,camera_hdf/hdi_impl/src/dstream_operator/dstream_operator.cpp,camera_hdf/interfaces/include/types.h,AttachBufferQueue,_DCamRetCode,functionimpl,type,Contain,12.0,True,573,1388,['VirtualCameraHdf'],['VirtualCameraHdf'],VirtualCameraHdf,VirtualCameraHdf
19,73,camera_hdf/hdi_impl/src/dstream_operator/dstream_operator.cpp,camera_hdf/interfaces/include/types.h,DetachBufferQueue,_DCamRetCode,functionimpl,type,Contain,12.0,True,587,1388,['VirtualCameraHdf'],['VirtualCameraHdf'],VirtualCameraHdf,VirtualCameraHdf
19,73,camera_hdf/hdi_impl/src/dstream_operator/dstream_operator.cpp,camera_hdf/interfaces/include/types.h,Capture,_DCamRetCode,functionimpl,type,Contain,12.0,True,576,1388,['VirtualCameraHdf'],['VirtualCameraHdf'],VirtualCameraHdf,VirtualCameraHdf
19,73,camera_hdf/hdi_impl/src/dstream_operator/dstream_operator.cpp,camera_hdf/interfaces/include/types.h,CancelCapture,_DCamRetCode,functionimpl,type,Contain,12.0,True,575,1388,['VirtualCameraHdf'],['VirtualCameraHdf'],VirtualCameraHdf,VirtualCameraHdf
19,73,camera_hdf/hdi_impl/src/dstream_operator/dstream_operator.cpp,camera_hdf/interfaces/include/types.h,AcquireBuffer,_DCamRetCode,functionimpl,type,Contain,12.0,True,572,1388,['VirtualCameraHdf'],['VirtualCameraHdf'],VirtualCameraHdf,VirtualCameraHdf
19,73,camera_hdf/hdi_impl/src/dstream_operator/dstream_operator.cpp,camera_hdf/interfaces/include/types.h,ShutterBuffer,_DCamRetCode,functionimpl,type,Contain,12.0,True,598,1388,['VirtualCameraHdf'],['VirtualCameraHdf'],VirtualCameraHdf,VirtualCameraHdf
246,77,services/channel/include/dcamera_channel_source_impl.h,common/include/utils/dcamera_index.h,camIndexs_,DCameraIndex,var,type,Use,1.0,True,3665,1475,['ChannelSource'],['utils'],ChannelSource,utils
246,77,services/channel/include/dcamera_channel_source_impl.h,common/include/utils/dcamera_index.h,camIndexs_,DCameraIndex,var,type,Parameter,1.0,True,3665,1475,['ChannelSource'],['utils'],ChannelSource,utils
39,41,camera_hdf/interfaces/hdi_ipc/client/operator/dstream_operator_callback.h,camera_hdf/interfaces/hdi_ipc/client/operator/dstream_operator_callback_stub.h,,,file,file,Import,1.0,False,,,['VirtualCameraHdf'],['VirtualCameraHdf'],VirtualCameraHdf,VirtualCameraHdf
39,41,camera_hdf/interfaces/hdi_ipc/client/operator/dstream_operator_callback.h,camera_hdf/interfaces/hdi_ipc/client/operator/dstream_operator_callback_stub.h,DStreamOperatorCallback,DStreamOperatorCallbackStub,type,type,Extend,1.0,True,887,910,['VirtualCameraHdf'],['VirtualCameraHdf'],VirtualCameraHdf,VirtualCameraHdf
15,74,camera_hdf/hdi_impl/src/dstream_operator/dbuffer_manager.cpp,common/include/constants/distributed_camera_constants.h,,,file,file,Import,1.0,False,,,['VirtualCameraHdf'],['utils'],VirtualCameraHdf,utils
42,52,camera_hdf/interfaces/hdi_ipc/client/operator/dstream_operator_proxy.cpp,camera_hdf/interfaces/hdi_ipc/ipc_data_utils.h,IsStreamsSupported,EncodeStreamInfo,functionimpl,functionimpl,Call,2.0,True,920,1075,['VirtualCameraHdf'],['VirtualCameraHdf'],VirtualCameraHdf,VirtualCameraHdf
42,52,camera_hdf/interfaces/hdi_ipc/client/operator/dstream_operator_proxy.cpp,camera_hdf/interfaces/hdi_ipc/ipc_data_utils.h,CreateStreams,EncodeStreamInfo,functionimpl,functionimpl,Call,2.0,True,917,1075,['VirtualCameraHdf'],['VirtualCameraHdf'],VirtualCameraHdf,VirtualCameraHdf
42,52,camera_hdf/interfaces/hdi_ipc/client/operator/dstream_operator_proxy.cpp,camera_hdf/interfaces/hdi_ipc/ipc_data_utils.h,,,file,file,Import,1.0,False,,,['VirtualCameraHdf'],['VirtualCameraHdf'],VirtualCameraHdf,VirtualCameraHdf
42,52,camera_hdf/interfaces/hdi_ipc/client/operator/dstream_operator_proxy.cpp,camera_hdf/interfaces/hdi_ipc/ipc_data_utils.h,IsStreamsSupported,EncodeStreamInfo,functionimpl,functionimpl,Use,2.0,True,920,1075,['VirtualCameraHdf'],['VirtualCameraHdf'],VirtualCameraHdf,VirtualCameraHdf
42,52,camera_hdf/interfaces/hdi_ipc/client/operator/dstream_operator_proxy.cpp,camera_hdf/interfaces/hdi_ipc/ipc_data_utils.h,CreateStreams,EncodeStreamInfo,functionimpl,functionimpl,Use,2.0,True,917,1075,['VirtualCameraHdf'],['VirtualCameraHdf'],VirtualCameraHdf,VirtualCameraHdf
98,74,interfaces/inner_kits/native_cpp/camera_source/src/dcamera_source_handler_ipc.cpp,common/include/constants/distributed_camera_constants.h,,,file,file,Import,1.0,False,,,['DistributedCameraSourceMgr'],['utils'],DistributedCameraSourceMgr,utils
98,74,interfaces/inner_kits/native_cpp/camera_source/src/dcamera_source_handler_ipc.cpp,common/include/constants/distributed_camera_constants.h,GetSourceLocalDHMS,DISTRIBUTED_HARDWARE_CAMERA_SOURCE_SA_ID,functionimpl,var,Use,1.0,True,1721,1439,['DistributedCameraSourceMgr'],['utils'],DistributedCameraSourceMgr,utils
98,75,interfaces/inner_kits/native_cpp/camera_source/src/dcamera_source_handler_ipc.cpp,common/include/constants/distributed_camera_errno.h,,,file,file,Import,1.0,False,,,['DistributedCameraSourceMgr'],['utils'],DistributedCameraSourceMgr,utils
88,89,interfaces/inner_kits/native_cpp/camera_source/include/callback/dcamera_source_callback.h,interfaces/inner_kits/native_cpp/camera_source/include/callback/dcamera_source_callback_stub.h,,,file,file,Import,1.0,False,,,['DistributedCameraSourceMgr'],['DistributedCameraSourceMgr'],DistributedCameraSourceMgr,DistributedCameraSourceMgr
88,89,interfaces/inner_kits/native_cpp/camera_source/include/callback/dcamera_source_callback.h,interfaces/inner_kits/native_cpp/camera_source/include/callback/dcamera_source_callback_stub.h,DCameraSourceCallback,DCameraSourceCallbackStub,type,type,Extend,1.0,True,1621,1629,['DistributedCameraSourceMgr'],['DistributedCameraSourceMgr'],DistributedCameraSourceMgr,DistributedCameraSourceMgr
192,210,services/cameraservice/sourceservice/include/distributedcamera/dcamera_service_state_listener.h,services/cameraservice/sourceservice/include/distributedcameramgr/dcamerainterface/icamera_state_listener.h,,,file,file,Import,1.0,False,,,['DistributedCameraSourceMgr'],['DistributedCameraSourceMgr'],DistributedCameraSourceMgr,DistributedCameraSourceMgr
192,210,services/cameraservice/sourceservice/include/distributedcamera/dcamera_service_state_listener.h,services/cameraservice/sourceservice/include/distributedcameramgr/dcamerainterface/icamera_state_listener.h,DCameraServiceStateListener,ICameraStateListener,type,type,Extend,1.0,True,2779,3032,['DistributedCameraSourceMgr'],['DistributedCameraSourceMgr'],DistributedCameraSourceMgr,DistributedCameraSourceMgr
280,268,services/data_process/src/utils/image_common_type.cpp,services/data_process/include/utils/image_common_type.h,,,file,file,Import,1.0,False,,,['CameraDataProcessCommon'],['CameraDataProcessCommon'],CameraDataProcessCommon,CameraDataProcessCommon
280,268,services/data_process/src/utils/image_common_type.cpp,services/data_process/include/utils/image_common_type.h,GetVideoCodecType,VideoCodecType,functionimpl,type,Return,2.0,True,4565,4116,['CameraDataProcessCommon'],['CameraDataProcessCommon'],CameraDataProcessCommon,CameraDataProcessCommon
280,268,services/data_process/src/utils/image_common_type.cpp,services/data_process/include/utils/image_common_type.h,GetVideoformat,Videoformat,functionimpl,type,Return,2.0,True,4566,4118,['CameraDataProcessCommon'],['CameraDataProcessCommon'],CameraDataProcessCommon,CameraDataProcessCommon
280,268,services/data_process/src/utils/image_common_type.cpp,services/data_process/include/utils/image_common_type.h,SetVideoCodecType,VideoCodecType,functionimpl,type,Use,2.0,True,4569,4116,['CameraDataProcessCommon'],['CameraDataProcessCommon'],CameraDataProcessCommon,CameraDataProcessCommon
280,268,services/data_process/src/utils/image_common_type.cpp,services/data_process/include/utils/image_common_type.h,SetVideoformat,Videoformat,functionimpl,type,Use,2.0,True,4570,4118,['CameraDataProcessCommon'],['CameraDataProcessCommon'],CameraDataProcessCommon,CameraDataProcessCommon
280,268,services/data_process/src/utils/image_common_type.cpp,services/data_process/include/utils/image_common_type.h,SetVideoCodecType,SetVideoCodecType,functionimpl,functionproto,Implement,9.0,True,4569,4111,['CameraDataProcessCommon'],['CameraDataProcessCommon'],CameraDataProcessCommon,CameraDataProcessCommon
280,268,services/data_process/src/utils/image_common_type.cpp,services/data_process/include/utils/image_common_type.h,SetVideoformat,SetVideoformat,functionimpl,functionproto,Implement,9.0,True,4570,4112,['CameraDataProcessCommon'],['CameraDataProcessCommon'],CameraDataProcessCommon,CameraDataProcessCommon
280,268,services/data_process/src/utils/image_common_type.cpp,services/data_process/include/utils/image_common_type.h,SetFrameRate,SetFrameRate,functionimpl,functionproto,Implement,9.0,True,4568,4110,['CameraDataProcessCommon'],['CameraDataProcessCommon'],CameraDataProcessCommon,CameraDataProcessCommon
280,268,services/data_process/src/utils/image_common_type.cpp,services/data_process/include/utils/image_common_type.h,SetWidthAndHeight,SetWidthAndHeight,functionimpl,functionproto,Implement,9.0,True,4571,4113,['CameraDataProcessCommon'],['CameraDataProcessCommon'],CameraDataProcessCommon,CameraDataProcessCommon
280,268,services/data_process/src/utils/image_common_type.cpp,services/data_process/include/utils/image_common_type.h,GetVideoCodecType,GetVideoCodecType,functionimpl,functionproto,Implement,9.0,True,4565,4107,['CameraDataProcessCommon'],['CameraDataProcessCommon'],CameraDataProcessCommon,CameraDataProcessCommon
280,268,services/data_process/src/utils/image_common_type.cpp,services/data_process/include/utils/image_common_type.h,GetVideoformat,GetVideoformat,functionimpl,functionproto,Implement,9.0,True,4566,4108,['CameraDataProcessCommon'],['CameraDataProcessCommon'],CameraDataProcessCommon,CameraDataProcessCommon
280,268,services/data_process/src/utils/image_common_type.cpp,services/data_process/include/utils/image_common_type.h,GetFrameRate,GetFrameRate,functionimpl,functionproto,Implement,9.0,True,4563,4105,['CameraDataProcessCommon'],['CameraDataProcessCommon'],CameraDataProcessCommon,CameraDataProcessCommon
280,268,services/data_process/src/utils/image_common_type.cpp,services/data_process/include/utils/image_common_type.h,GetWidth,GetWidth,functionimpl,functionproto,Implement,9.0,True,4567,4109,['CameraDataProcessCommon'],['CameraDataProcessCommon'],CameraDataProcessCommon,CameraDataProcessCommon
280,268,services/data_process/src/utils/image_common_type.cpp,services/data_process/include/utils/image_common_type.h,GetHeight,GetHeight,functionimpl,functionproto,Implement,9.0,True,4564,4106,['CameraDataProcessCommon'],['CameraDataProcessCommon'],CameraDataProcessCommon,CameraDataProcessCommon
280,268,services/data_process/src/utils/image_common_type.cpp,services/data_process/include/utils/image_common_type.h,SetVideoCodecType,VideoCodecType,functionimpl,type,Parameter,2.0,True,4569,4116,['CameraDataProcessCommon'],['CameraDataProcessCommon'],CameraDataProcessCommon,CameraDataProcessCommon
280,268,services/data_process/src/utils/image_common_type.cpp,services/data_process/include/utils/image_common_type.h,SetVideoformat,Videoformat,functionimpl,type,Parameter,2.0,True,4570,4118,['CameraDataProcessCommon'],['CameraDataProcessCommon'],CameraDataProcessCommon,CameraDataProcessCommon
91,88,interfaces/inner_kits/native_cpp/camera_source/include/dcamera_source_handler.h,interfaces/inner_kits/native_cpp/camera_source/include/callback/dcamera_source_callback.h,,,file,file,Import,1.0,False,,,['DistributedCameraSourceMgr'],['DistributedCameraSourceMgr'],DistributedCameraSourceMgr,DistributedCameraSourceMgr
91,88,interfaces/inner_kits/native_cpp/camera_source/include/dcamera_source_handler.h,interfaces/inner_kits/native_cpp/camera_source/include/callback/dcamera_source_callback.h,callback_,DCameraSourceCallback,var,type,Use,1.0,True,1642,1621,['DistributedCameraSourceMgr'],['DistributedCameraSourceMgr'],DistributedCameraSourceMgr,DistributedCameraSourceMgr
91,88,interfaces/inner_kits/native_cpp/camera_source/include/dcamera_source_handler.h,interfaces/inner_kits/native_cpp/camera_source/include/callback/dcamera_source_callback.h,callback_,DCameraSourceCallback,var,type,Parameter,1.0,True,1642,1621,['DistributedCameraSourceMgr'],['DistributedCameraSourceMgr'],DistributedCameraSourceMgr,DistributedCameraSourceMgr
42,43,camera_hdf/interfaces/hdi_ipc/client/operator/dstream_operator_proxy.cpp,camera_hdf/interfaces/hdi_ipc/client/operator/dstream_operator_proxy.h,,,file,file,Import,1.0,False,,,['VirtualCameraHdf'],['VirtualCameraHdf'],VirtualCameraHdf,VirtualCameraHdf
42,43,camera_hdf/interfaces/hdi_ipc/client/operator/dstream_operator_proxy.cpp,camera_hdf/interfaces/hdi_ipc/client/operator/dstream_operator_proxy.h,IsStreamsSupported,IsStreamsSupported,functionimpl,functionproto,Implement,10.0,True,920,955,['VirtualCameraHdf'],['VirtualCameraHdf'],VirtualCameraHdf,VirtualCameraHdf
42,43,camera_hdf/interfaces/hdi_ipc/client/operator/dstream_operator_proxy.cpp,camera_hdf/interfaces/hdi_ipc/client/operator/dstream_operator_proxy.h,CreateStreams,CreateStreams,functionimpl,functionproto,Implement,10.0,True,917,952,['VirtualCameraHdf'],['VirtualCameraHdf'],VirtualCameraHdf,VirtualCameraHdf
42,43,camera_hdf/interfaces/hdi_ipc/client/operator/dstream_operator_proxy.cpp,camera_hdf/interfaces/hdi_ipc/client/operator/dstream_operator_proxy.h,ReleaseStreams,ReleaseStreams,functionimpl,functionproto,Implement,10.0,True,921,956,['VirtualCameraHdf'],['VirtualCameraHdf'],VirtualCameraHdf,VirtualCameraHdf
42,43,camera_hdf/interfaces/hdi_ipc/client/operator/dstream_operator_proxy.cpp,camera_hdf/interfaces/hdi_ipc/client/operator/dstream_operator_proxy.h,CommitStreams,CommitStreams,functionimpl,functionproto,Implement,10.0,True,916,951,['VirtualCameraHdf'],['VirtualCameraHdf'],VirtualCameraHdf,VirtualCameraHdf
42,43,camera_hdf/interfaces/hdi_ipc/client/operator/dstream_operator_proxy.cpp,camera_hdf/interfaces/hdi_ipc/client/operator/dstream_operator_proxy.h,GetStreamAttributes,GetStreamAttributes,functionimpl,functionproto,Implement,10.0,True,919,954,['VirtualCameraHdf'],['VirtualCameraHdf'],VirtualCameraHdf,VirtualCameraHdf
42,43,camera_hdf/interfaces/hdi_ipc/client/operator/dstream_operator_proxy.cpp,camera_hdf/interfaces/hdi_ipc/client/operator/dstream_operator_proxy.h,AttachBufferQueue,AttachBufferQueue,functionimpl,functionproto,Implement,10.0,True,912,947,['VirtualCameraHdf'],['VirtualCameraHdf'],VirtualCameraHdf,VirtualCameraHdf
42,43,camera_hdf/interfaces/hdi_ipc/client/operator/dstream_operator_proxy.cpp,camera_hdf/interfaces/hdi_ipc/client/operator/dstream_operator_proxy.h,DetachBufferQueue,DetachBufferQueue,functionimpl,functionproto,Implement,10.0,True,918,953,['VirtualCameraHdf'],['VirtualCameraHdf'],VirtualCameraHdf,VirtualCameraHdf
42,43,camera_hdf/interfaces/hdi_ipc/client/operator/dstream_operator_proxy.cpp,camera_hdf/interfaces/hdi_ipc/client/operator/dstream_operator_proxy.h,Capture,Capture,functionimpl,functionproto,Implement,10.0,True,914,949,['VirtualCameraHdf'],['VirtualCameraHdf'],VirtualCameraHdf,VirtualCameraHdf
42,43,camera_hdf/interfaces/hdi_ipc/client/operator/dstream_operator_proxy.cpp,camera_hdf/interfaces/hdi_ipc/client/operator/dstream_operator_proxy.h,CancelCapture,CancelCapture,functionimpl,functionproto,Implement,10.0,True,913,948,['VirtualCameraHdf'],['VirtualCameraHdf'],VirtualCameraHdf,VirtualCameraHdf
42,43,camera_hdf/interfaces/hdi_ipc/client/operator/dstream_operator_proxy.cpp,camera_hdf/interfaces/hdi_ipc/client/operator/dstream_operator_proxy.h,ChangeToOfflineStream,ChangeToOfflineStream,functionimpl,functionproto,Implement,10.0,True,915,950,['VirtualCameraHdf'],['VirtualCameraHdf'],VirtualCameraHdf,VirtualCameraHdf
135,76,services/cameraservice/cameraoperator/client/src/listener/dcamera_video_surface_listener.cpp,common/include/utils/data_buffer.h,,,file,file,Import,1.0,False,,,['utils'],['utils'],utils,utils
135,76,services/cameraservice/cameraoperator/client/src/listener/dcamera_video_surface_listener.cpp,common/include/utils/data_buffer.h,OnBufferAvailable,DataBuffer,functionimpl,type,Use,2.0,True,2086,1470,['utils'],['utils'],utils,utils
135,75,services/cameraservice/cameraoperator/client/src/listener/dcamera_video_surface_listener.cpp,common/include/constants/distributed_camera_errno.h,,,file,file,Import,1.0,False,,,['utils'],['utils'],utils,utils
131,124,services/cameraservice/cameraoperator/client/src/dcamera_client.cpp,services/cameraservice/cameraoperator/client/include/listener/dcamera_video_surface_listener.h,CreateVideoOutput,DCameraVideoSurfaceListener,functionimpl,type,Use,1.0,True,2012,1960,['utils'],['utils'],utils,utils
131,123,services/cameraservice/cameraoperator/client/src/dcamera_client.cpp,services/cameraservice/cameraoperator/client/include/listener/dcamera_photo_surface_listener.h,CreatePhotoOutput,DCameraPhotoSurfaceListener,functionimpl,type,Use,1.0,True,2011,1955,['utils'],['utils'],utils,utils
131,121,services/cameraservice/cameraoperator/client/src/dcamera_client.cpp,services/cameraservice/cameraoperator/client/include/dcamera_client.h,,,file,file,Import,1.0,False,,,['utils'],['utils'],utils,utils
131,121,services/cameraservice/cameraoperator/client/src/dcamera_client.cpp,services/cameraservice/cameraoperator/client/include/dcamera_client.h,DCameraClient,DCameraClient,functionimpl,functionproto,Implement,17.0,True,2013,1931,['utils'],['utils'],utils,utils
131,121,services/cameraservice/cameraoperator/client/src/dcamera_client.cpp,services/cameraservice/cameraoperator/client/include/dcamera_client.h,~DCameraClient,~DCameraClient,functionimpl,functionproto,Implement,17.0,True,2024,1942,['utils'],['utils'],utils,utils
131,121,services/cameraservice/cameraoperator/client/src/dcamera_client.cpp,services/cameraservice/cameraoperator/client/include/dcamera_client.h,Init,Init,functionimpl,functionproto,Implement,17.0,True,2014,1932,['utils'],['utils'],utils,utils
131,121,services/cameraservice/cameraoperator/client/src/dcamera_client.cpp,services/cameraservice/cameraoperator/client/include/dcamera_client.h,UnInit,UnInit,functionimpl,functionproto,Implement,17.0,True,2022,1940,['utils'],['utils'],utils,utils
131,121,services/cameraservice/cameraoperator/client/src/dcamera_client.cpp,services/cameraservice/cameraoperator/client/include/dcamera_client.h,UpdateSettings,UpdateSettings,functionimpl,functionproto,Implement,17.0,True,2023,1941,['utils'],['utils'],utils,utils
131,121,services/cameraservice/cameraoperator/client/src/dcamera_client.cpp,services/cameraservice/cameraoperator/client/include/dcamera_client.h,StartCapture,StartCapture,functionimpl,functionproto,Implement,17.0,True,2017,1935,['utils'],['utils'],utils,utils
131,121,services/cameraservice/cameraoperator/client/src/dcamera_client.cpp,services/cameraservice/cameraoperator/client/include/dcamera_client.h,StopCapture,StopCapture,functionimpl,functionproto,Implement,17.0,True,2021,1939,['utils'],['utils'],utils,utils
131,121,services/cameraservice/cameraoperator/client/src/dcamera_client.cpp,services/cameraservice/cameraoperator/client/include/dcamera_client.h,SetStateCallback,SetStateCallback,functionimpl,functionproto,Implement,17.0,True,2016,1934,['utils'],['utils'],utils,utils
131,121,services/cameraservice/cameraoperator/client/src/dcamera_client.cpp,services/cameraservice/cameraoperator/client/include/dcamera_client.h,SetResultCallback,SetResultCallback,functionimpl,functionproto,Implement,17.0,True,2015,1933,['utils'],['utils'],utils,utils
131,121,services/cameraservice/cameraoperator/client/src/dcamera_client.cpp,services/cameraservice/cameraoperator/client/include/dcamera_client.h,ConfigCaptureSession,ConfigCaptureSession,functionimpl,functionproto,Implement,17.0,True,2008,1926,['utils'],['utils'],utils,utils
131,121,services/cameraservice/cameraoperator/client/src/dcamera_client.cpp,services/cameraservice/cameraoperator/client/include/dcamera_client.h,ConfigCaptureSessionInner,ConfigCaptureSessionInner,functionimpl,functionproto,Implement,17.0,True,2009,1927,['utils'],['utils'],utils,utils
131,121,services/cameraservice/cameraoperator/client/src/dcamera_client.cpp,services/cameraservice/cameraoperator/client/include/dcamera_client.h,CreateCaptureOutput,CreateCaptureOutput,functionimpl,functionproto,Implement,17.0,True,2010,1928,['utils'],['utils'],utils,utils
131,121,services/cameraservice/cameraoperator/client/src/dcamera_client.cpp,services/cameraservice/cameraoperator/client/include/dcamera_client.h,CreatePhotoOutput,CreatePhotoOutput,functionimpl,functionproto,Implement,17.0,True,2011,1929,['utils'],['utils'],utils,utils
131,121,services/cameraservice/cameraoperator/client/src/dcamera_client.cpp,services/cameraservice/cameraoperator/client/include/dcamera_client.h,CreateVideoOutput,CreateVideoOutput,functionimpl,functionproto,Implement,17.0,True,2012,1930,['utils'],['utils'],utils,utils
131,121,services/cameraservice/cameraoperator/client/src/dcamera_client.cpp,services/cameraservice/cameraoperator/client/include/dcamera_client.h,StartCaptureInner,StartCaptureInner,functionimpl,functionproto,Implement,17.0,True,2018,1936,['utils'],['utils'],utils,utils
131,121,services/cameraservice/cameraoperator/client/src/dcamera_client.cpp,services/cameraservice/cameraoperator/client/include/dcamera_client.h,StartPhotoOutput,StartPhotoOutput,functionimpl,functionproto,Implement,17.0,True,2019,1937,['utils'],['utils'],utils,utils
131,121,services/cameraservice/cameraoperator/client/src/dcamera_client.cpp,services/cameraservice/cameraoperator/client/include/dcamera_client.h,StartVideoOutput,StartVideoOutput,functionimpl,functionproto,Implement,17.0,True,2020,1938,['utils'],['utils'],utils,utils
131,120,services/cameraservice/cameraoperator/client/src/dcamera_client.cpp,services/cameraservice/cameraoperator/client/include/callback/dcamera_video_callback.h,,,file,file,Import,1.0,False,,,['utils'],['utils'],utils,utils
131,120,services/cameraservice/cameraoperator/client/src/dcamera_client.cpp,services/cameraservice/cameraoperator/client/include/callback/dcamera_video_callback.h,CreateVideoOutput,DCameraVideoCallback,functionimpl,type,Use,2.0,True,2012,1923,['utils'],['utils'],utils,utils
266,75,services/data_process/include/pipeline_node/multimedia_codec/encode_data_process.h,common/include/constants/distributed_camera_errno.h,,,file,file,Import,1.0,False,,,['CameraDataProcessCommon'],['utils'],CameraDataProcessCommon,utils
12,73,camera_hdf/hdi_impl/src/dcamera_device/dmetadata_processor.cpp,camera_hdf/interfaces/include/types.h,InitDCameraAbility,DCamRetCode,functionimpl,alias,Return,13.0,True,309,1374,['VirtualCameraHdf'],['VirtualCameraHdf'],VirtualCameraHdf,VirtualCameraHdf
12,73,camera_hdf/hdi_impl/src/dcamera_device/dmetadata_processor.cpp,camera_hdf/interfaces/include/types.h,InitDCameraDefaultAbilityKeys,DCamRetCode,functionimpl,alias,Return,13.0,True,310,1374,['VirtualCameraHdf'],['VirtualCameraHdf'],VirtualCameraHdf,VirtualCameraHdf
12,73,camera_hdf/hdi_impl/src/dcamera_device/dmetadata_processor.cpp,camera_hdf/interfaces/include/types.h,InitDCameraOutputAbilityKeys,DCamRetCode,functionimpl,alias,Return,13.0,True,311,1374,['VirtualCameraHdf'],['VirtualCameraHdf'],VirtualCameraHdf,VirtualCameraHdf
12,73,camera_hdf/hdi_impl/src/dcamera_device/dmetadata_processor.cpp,camera_hdf/interfaces/include/types.h,AddAbilityEntry,DCamRetCode,functionimpl,alias,Return,13.0,True,301,1374,['VirtualCameraHdf'],['VirtualCameraHdf'],VirtualCameraHdf,VirtualCameraHdf
12,73,camera_hdf/hdi_impl/src/dcamera_device/dmetadata_processor.cpp,camera_hdf/interfaces/include/types.h,UpdateAbilityEntry,DCamRetCode,functionimpl,alias,Return,13.0,True,317,1374,['VirtualCameraHdf'],['VirtualCameraHdf'],VirtualCameraHdf,VirtualCameraHdf
12,73,camera_hdf/hdi_impl/src/dcamera_device/dmetadata_processor.cpp,camera_hdf/interfaces/include/types.h,GetDCameraAbility,DCamRetCode,functionimpl,alias,Return,13.0,True,305,1374,['VirtualCameraHdf'],['VirtualCameraHdf'],VirtualCameraHdf,VirtualCameraHdf
12,73,camera_hdf/hdi_impl/src/dcamera_device/dmetadata_processor.cpp,camera_hdf/interfaces/include/types.h,SetMetadataResultMode,DCamRetCode,functionimpl,alias,Return,13.0,True,316,1374,['VirtualCameraHdf'],['VirtualCameraHdf'],VirtualCameraHdf,VirtualCameraHdf
12,73,camera_hdf/hdi_impl/src/dcamera_device/dmetadata_processor.cpp,camera_hdf/interfaces/include/types.h,GetEnabledMetadataResults,DCamRetCode,functionimpl,alias,Return,13.0,True,308,1374,['VirtualCameraHdf'],['VirtualCameraHdf'],VirtualCameraHdf,VirtualCameraHdf
12,73,camera_hdf/hdi_impl/src/dcamera_device/dmetadata_processor.cpp,camera_hdf/interfaces/include/types.h,EnableMetadataResult,DCamRetCode,functionimpl,alias,Return,13.0,True,304,1374,['VirtualCameraHdf'],['VirtualCameraHdf'],VirtualCameraHdf,VirtualCameraHdf
12,73,camera_hdf/hdi_impl/src/dcamera_device/dmetadata_processor.cpp,camera_hdf/interfaces/include/types.h,DisableMetadataResult,DCamRetCode,functionimpl,alias,Return,13.0,True,303,1374,['VirtualCameraHdf'],['VirtualCameraHdf'],VirtualCameraHdf,VirtualCameraHdf
12,73,camera_hdf/hdi_impl/src/dcamera_device/dmetadata_processor.cpp,camera_hdf/interfaces/include/types.h,ResetEnableResults,DCamRetCode,functionimpl,alias,Return,13.0,True,313,1374,['VirtualCameraHdf'],['VirtualCameraHdf'],VirtualCameraHdf,VirtualCameraHdf
12,73,camera_hdf/hdi_impl/src/dcamera_device/dmetadata_processor.cpp,camera_hdf/interfaces/include/types.h,UpdateResultMetadata,DCamRetCode,functionimpl,alias,Return,13.0,True,318,1374,['VirtualCameraHdf'],['VirtualCameraHdf'],VirtualCameraHdf,VirtualCameraHdf
12,73,camera_hdf/hdi_impl/src/dcamera_device/dmetadata_processor.cpp,camera_hdf/interfaces/include/types.h,SaveResultMetadata,DCamRetCode,functionimpl,alias,Return,13.0,True,315,1374,['VirtualCameraHdf'],['VirtualCameraHdf'],VirtualCameraHdf,VirtualCameraHdf
12,73,camera_hdf/hdi_impl/src/dcamera_device/dmetadata_processor.cpp,camera_hdf/interfaces/include/types.h,InitDCameraAbility,_DCamRetCode,functionimpl,type,Contain,2.0,True,309,1388,['VirtualCameraHdf'],['VirtualCameraHdf'],VirtualCameraHdf,VirtualCameraHdf
266,76,services/data_process/include/pipeline_node/multimedia_codec/encode_data_process.h,common/include/utils/data_buffer.h,,,file,file,Import,1.0,False,,,['CameraDataProcessCommon'],['utils'],CameraDataProcessCommon,utils
12,78,camera_hdf/hdi_impl/src/dcamera_device/dmetadata_processor.cpp,common/include/utils/dcamera_utils_tools.h,InitDCameraAbility,Base64Decode,functionimpl,functionproto,Call,1.0,True,309,1480,['VirtualCameraHdf'],['utils'],VirtualCameraHdf,utils
12,78,camera_hdf/hdi_impl/src/dcamera_device/dmetadata_processor.cpp,common/include/utils/dcamera_utils_tools.h,,,file,file,Import,1.0,False,,,['VirtualCameraHdf'],['utils'],VirtualCameraHdf,utils
222,195,services/cameraservice/sourceservice/src/distributedcamera/distributed_camera_source_stub.cpp,services/cameraservice/sourceservice/include/distributedcamera/distributed_camera_source_stub.h,,,file,file,Import,1.0,False,,,['DistributedCameraSourceMgr'],['DistributedCameraSourceMgr'],DistributedCameraSourceMgr,DistributedCameraSourceMgr
222,195,services/cameraservice/sourceservice/src/distributedcamera/distributed_camera_source_stub.cpp,services/cameraservice/sourceservice/include/distributedcamera/distributed_camera_source_stub.h,DistributedCameraSourceStub,DistributedCameraSourceStub,functionimpl,functionproto,Implement,8.0,True,3168,2806,['DistributedCameraSourceMgr'],['DistributedCameraSourceMgr'],DistributedCameraSourceMgr,DistributedCameraSourceMgr
222,195,services/cameraservice/sourceservice/src/distributedcamera/distributed_camera_source_stub.cpp,services/cameraservice/sourceservice/include/distributedcamera/distributed_camera_source_stub.h,~DistributedCameraSourceStub,~DistributedCameraSourceStub,functionimpl,functionproto,Implement,8.0,True,3174,2812,['DistributedCameraSourceMgr'],['DistributedCameraSourceMgr'],DistributedCameraSourceMgr,DistributedCameraSourceMgr
222,195,services/cameraservice/sourceservice/src/distributedcamera/distributed_camera_source_stub.cpp,services/cameraservice/sourceservice/include/distributedcamera/distributed_camera_source_stub.h,OnRemoteRequest,OnRemoteRequest,functionimpl,functionproto,Implement,8.0,True,3170,2808,['DistributedCameraSourceMgr'],['DistributedCameraSourceMgr'],DistributedCameraSourceMgr,DistributedCameraSourceMgr
222,195,services/cameraservice/sourceservice/src/distributedcamera/distributed_camera_source_stub.cpp,services/cameraservice/sourceservice/include/distributedcamera/distributed_camera_source_stub.h,InitSourceInner,InitSourceInner,functionimpl,functionproto,Implement,8.0,True,3169,2807,['DistributedCameraSourceMgr'],['DistributedCameraSourceMgr'],DistributedCameraSourceMgr,DistributedCameraSourceMgr
222,195,services/cameraservice/sourceservice/src/distributedcamera/distributed_camera_source_stub.cpp,services/cameraservice/sourceservice/include/distributedcamera/distributed_camera_source_stub.h,ReleaseSourceInner,ReleaseSourceInner,functionimpl,functionproto,Implement,8.0,True,3172,2810,['DistributedCameraSourceMgr'],['DistributedCameraSourceMgr'],DistributedCameraSourceMgr,DistributedCameraSourceMgr
222,195,services/cameraservice/sourceservice/src/distributedcamera/distributed_camera_source_stub.cpp,services/cameraservice/sourceservice/include/distributedcamera/distributed_camera_source_stub.h,RegisterDistributedHardwareInner,RegisterDistributedHardwareInner,functionimpl,functionproto,Implement,8.0,True,3171,2809,['DistributedCameraSourceMgr'],['DistributedCameraSourceMgr'],DistributedCameraSourceMgr,DistributedCameraSourceMgr
222,195,services/cameraservice/sourceservice/src/distributedcamera/distributed_camera_source_stub.cpp,services/cameraservice/sourceservice/include/distributedcamera/distributed_camera_source_stub.h,UnregisterDistributedHardwareInner,UnregisterDistributedHardwareInner,functionimpl,functionproto,Implement,8.0,True,3173,2811,['DistributedCameraSourceMgr'],['DistributedCameraSourceMgr'],DistributedCameraSourceMgr,DistributedCameraSourceMgr
222,195,services/cameraservice/sourceservice/src/distributedcamera/distributed_camera_source_stub.cpp,services/cameraservice/sourceservice/include/distributedcamera/distributed_camera_source_stub.h,DCameraNotifyInner,DCameraNotifyInner,functionimpl,functionproto,Implement,8.0,True,3167,2805,['DistributedCameraSourceMgr'],['DistributedCameraSourceMgr'],DistributedCameraSourceMgr,DistributedCameraSourceMgr
22,35,camera_hdf/hdi_impl/test/common.h,camera_hdf/interfaces/hdi_ipc/client/host/dcamera_host_proxy.h,,,file,file,Import,1.0,False,,,['VirtualCameraHdf'],['VirtualCameraHdf'],VirtualCameraHdf,VirtualCameraHdf
22,39,camera_hdf/hdi_impl/test/common.h,camera_hdf/interfaces/hdi_ipc/client/operator/dstream_operator_callback.h,,,file,file,Import,1.0,False,,,['VirtualCameraHdf'],['VirtualCameraHdf'],VirtualCameraHdf,VirtualCameraHdf
22,39,camera_hdf/hdi_impl/test/common.h,camera_hdf/interfaces/hdi_ipc/client/operator/dstream_operator_callback.h,streamOperatorCallback,DStreamOperatorCallback,var,type,Use,1.0,True,748,887,['VirtualCameraHdf'],['VirtualCameraHdf'],VirtualCameraHdf,VirtualCameraHdf
22,39,camera_hdf/hdi_impl/test/common.h,camera_hdf/interfaces/hdi_ipc/client/operator/dstream_operator_callback.h,streamOperatorCallback,DStreamOperatorCallback,var,type,Parameter,1.0,True,748,887,['VirtualCameraHdf'],['VirtualCameraHdf'],VirtualCameraHdf,VirtualCameraHdf
131,116,services/cameraservice/cameraoperator/client/src/dcamera_client.cpp,services/cameraservice/cameraoperator/client/include/callback/dcamera_manager_callback.h,,,file,file,Import,1.0,False,,,['utils'],['utils'],utils,utils
117,122,services/cameraservice/cameraoperator/client/include/callback/dcamera_photo_callback.h,services/cameraservice/cameraoperator/client/include/icamera_operator.h,,,file,file,Import,1.0,False,,,['utils'],['utils'],utils,utils
117,122,services/cameraservice/cameraoperator/client/include/callback/dcamera_photo_callback.h,services/cameraservice/cameraoperator/client/include/icamera_operator.h,callback_,StateCallback,var,type,Use,1.0,True,1905,1951,['utils'],['utils'],utils,utils
117,122,services/cameraservice/cameraoperator/client/include/callback/dcamera_photo_callback.h,services/cameraservice/cameraoperator/client/include/icamera_operator.h,callback_,StateCallback,var,type,Parameter,1.0,True,1905,1951,['utils'],['utils'],utils,utils
131,115,services/cameraservice/cameraoperator/client/src/dcamera_client.cpp,services/cameraservice/cameraoperator/client/include/callback/dcamera_input_callback.h,,,file,file,Import,1.0,False,,,['utils'],['utils'],utils,utils
131,115,services/cameraservice/cameraoperator/client/src/dcamera_client.cpp,services/cameraservice/cameraoperator/client/include/callback/dcamera_input_callback.h,ConfigCaptureSession,DCameraInputCallback,functionimpl,type,Use,2.0,True,2008,1892,['utils'],['utils'],utils,utils
2,10,camera_hdf/hdi_impl/include/dcamera_host/dcamera_host.h,camera_hdf/hdi_impl/include/utils/dcamera.h,,,file,file,Import,1.0,False,,,['VirtualCameraHdf'],['VirtualCameraHdf'],VirtualCameraHdf,VirtualCameraHdf
131,119,services/cameraservice/cameraoperator/client/src/dcamera_client.cpp,services/cameraservice/cameraoperator/client/include/callback/dcamera_session_callback.h,,,file,file,Import,1.0,False,,,['utils'],['utils'],utils,utils
131,119,services/cameraservice/cameraoperator/client/src/dcamera_client.cpp,services/cameraservice/cameraoperator/client/include/callback/dcamera_session_callback.h,ConfigCaptureSession,DCameraSessionCallback,functionimpl,type,Use,1.0,True,2008,1916,['utils'],['utils'],utils,utils
222,193,services/cameraservice/sourceservice/src/distributedcamera/distributed_camera_source_stub.cpp,services/cameraservice/sourceservice/include/distributedcamera/dcamera_source_callback_proxy.h,InitSourceInner,DCameraSourceCallbackProxy,functionimpl,type,Call,1.0,True,3169,2785,['DistributedCameraSourceMgr'],['DistributedCameraSourceMgr'],DistributedCameraSourceMgr,DistributedCameraSourceMgr
222,193,services/cameraservice/sourceservice/src/distributedcamera/distributed_camera_source_stub.cpp,services/cameraservice/sourceservice/include/distributedcamera/dcamera_source_callback_proxy.h,,,file,file,Import,1.0,False,,,['DistributedCameraSourceMgr'],['DistributedCameraSourceMgr'],DistributedCameraSourceMgr,DistributedCameraSourceMgr
222,193,services/cameraservice/sourceservice/src/distributedcamera/distributed_camera_source_stub.cpp,services/cameraservice/sourceservice/include/distributedcamera/dcamera_source_callback_proxy.h,InitSourceInner,DCameraSourceCallbackProxy,functionimpl,type,Use,1.0,True,3169,2785,['DistributedCameraSourceMgr'],['DistributedCameraSourceMgr'],DistributedCameraSourceMgr,DistributedCameraSourceMgr
222,193,services/cameraservice/sourceservice/src/distributedcamera/distributed_camera_source_stub.cpp,services/cameraservice/sourceservice/include/distributedcamera/dcamera_source_callback_proxy.h,InitSourceInner,DCameraSourceCallbackProxy,functionimpl,type,Create,1.0,True,3169,2785,['DistributedCameraSourceMgr'],['DistributedCameraSourceMgr'],DistributedCameraSourceMgr,DistributedCameraSourceMgr
131,117,services/cameraservice/cameraoperator/client/src/dcamera_client.cpp,services/cameraservice/cameraoperator/client/include/callback/dcamera_photo_callback.h,,,file,file,Import,1.0,False,,,['utils'],['utils'],utils,utils
131,117,services/cameraservice/cameraoperator/client/src/dcamera_client.cpp,services/cameraservice/cameraoperator/client/include/callback/dcamera_photo_callback.h,CreatePhotoOutput,DCameraPhotoCallback,functionimpl,type,Use,2.0,True,2011,1904,['utils'],['utils'],utils,utils
22,9,camera_hdf/hdi_impl/test/common.h,camera_hdf/hdi_impl/include/utils/constants.h,,,file,file,Import,1.0,False,,,['VirtualCameraHdf'],['VirtualCameraHdf'],VirtualCameraHdf,VirtualCameraHdf
22,2,camera_hdf/hdi_impl/test/common.h,camera_hdf/hdi_impl/include/dcamera_host/dcamera_host.h,,,file,file,Import,1.0,False,,,['VirtualCameraHdf'],['VirtualCameraHdf'],VirtualCameraHdf,VirtualCameraHdf
32,33,camera_hdf/interfaces/hdi_ipc/client/host/dcamera_host_callback_stub.cpp,camera_hdf/interfaces/hdi_ipc/client/host/dcamera_host_callback_stub.h,,,file,file,Import,1.0,False,,,['VirtualCameraHdf'],['VirtualCameraHdf'],VirtualCameraHdf,VirtualCameraHdf
32,33,camera_hdf/interfaces/hdi_ipc/client/host/dcamera_host_callback_stub.cpp,camera_hdf/interfaces/hdi_ipc/client/host/dcamera_host_callback_stub.h,OnRemoteRequest,OnRemoteRequest,functionimpl,functionproto,Implement,1.0,True,819,828,['VirtualCameraHdf'],['VirtualCameraHdf'],VirtualCameraHdf,VirtualCameraHdf
32,31,camera_hdf/interfaces/hdi_ipc/client/host/dcamera_host_callback_stub.cpp,camera_hdf/interfaces/hdi_ipc/client/host/dcamera_host_callback.h,,,file,file,Import,1.0,False,,,['VirtualCameraHdf'],['VirtualCameraHdf'],VirtualCameraHdf,VirtualCameraHdf
256,76,services/data_process/include/eventbus/dcamera_pipeline_event.h,common/include/utils/data_buffer.h,,,file,file,Import,1.0,False,,,['CameraDataProcessCommon'],['utils'],CameraDataProcessCommon,utils
256,76,services/data_process/include/eventbus/dcamera_pipeline_event.h,common/include/utils/data_buffer.h,GetDataBuffers,DataBuffer,functionimpl,type,Use,2.0,True,3916,1470,['CameraDataProcessCommon'],['utils'],CameraDataProcessCommon,utils
256,76,services/data_process/include/eventbus/dcamera_pipeline_event.h,common/include/utils/data_buffer.h,multiDataBuffers_,DataBuffer,var,type,Use,2.0,True,3930,1470,['CameraDataProcessCommon'],['utils'],CameraDataProcessCommon,utils
256,76,services/data_process/include/eventbus/dcamera_pipeline_event.h,common/include/utils/data_buffer.h,GetDataBuffers,DataBuffer,functionimpl,type,Parameter,2.0,True,3916,1470,['CameraDataProcessCommon'],['utils'],CameraDataProcessCommon,utils
256,76,services/data_process/include/eventbus/dcamera_pipeline_event.h,common/include/utils/data_buffer.h,multiDataBuffers_,DataBuffer,var,type,Parameter,2.0,True,3930,1470,['CameraDataProcessCommon'],['utils'],CameraDataProcessCommon,utils
203,73,services/cameraservice/sourceservice/include/distributedcameramgr/dcameradata/dcamera_source_input_channel_listener.h,camera_hdf/interfaces/include/types.h,,,file,file,Import,1.0,False,,,['DistributedCameraSourceMgr'],['VirtualCameraHdf'],DistributedCameraSourceMgr,VirtualCameraHdf
203,73,services/cameraservice/sourceservice/include/distributedcameramgr/dcameradata/dcamera_source_input_channel_listener.h,camera_hdf/interfaces/include/types.h,DCameraSourceInputChannelListener,DCStreamType,functionproto,alias,Parameter,1.0,True,2958,1373,['DistributedCameraSourceMgr'],['VirtualCameraHdf'],DistributedCameraSourceMgr,VirtualCameraHdf
203,73,services/cameraservice/sourceservice/include/distributedcameramgr/dcameradata/dcamera_source_input_channel_listener.h,camera_hdf/interfaces/include/types.h,DCameraSourceInputChannelListener,_DCStreamType,type,type,Contain,1.0,True,2963,1387,['DistributedCameraSourceMgr'],['VirtualCameraHdf'],DistributedCameraSourceMgr,VirtualCameraHdf
45,73,camera_hdf/interfaces/hdi_ipc/client/provider/dcamera_provider_callback.h,camera_hdf/interfaces/include/types.h,OpenSession,DCamRetCode,functionproto,alias,Return,7.0,True,970,1374,['VirtualCameraHdf'],['VirtualCameraHdf'],VirtualCameraHdf,VirtualCameraHdf
45,73,camera_hdf/interfaces/hdi_ipc/client/provider/dcamera_provider_callback.h,camera_hdf/interfaces/include/types.h,CloseSession,DCamRetCode,functionproto,alias,Return,7.0,True,968,1374,['VirtualCameraHdf'],['VirtualCameraHdf'],VirtualCameraHdf,VirtualCameraHdf
45,73,camera_hdf/interfaces/hdi_ipc/client/provider/dcamera_provider_callback.h,camera_hdf/interfaces/include/types.h,ConfigureStreams,DCamRetCode,functionproto,alias,Return,7.0,True,969,1374,['VirtualCameraHdf'],['VirtualCameraHdf'],VirtualCameraHdf,VirtualCameraHdf
45,73,camera_hdf/interfaces/hdi_ipc/client/provider/dcamera_provider_callback.h,camera_hdf/interfaces/include/types.h,ReleaseStreams,DCamRetCode,functionproto,alias,Return,7.0,True,971,1374,['VirtualCameraHdf'],['VirtualCameraHdf'],VirtualCameraHdf,VirtualCameraHdf
45,73,camera_hdf/interfaces/hdi_ipc/client/provider/dcamera_provider_callback.h,camera_hdf/interfaces/include/types.h,StartCapture,DCamRetCode,functionproto,alias,Return,7.0,True,972,1374,['VirtualCameraHdf'],['VirtualCameraHdf'],VirtualCameraHdf,VirtualCameraHdf
45,73,camera_hdf/interfaces/hdi_ipc/client/provider/dcamera_provider_callback.h,camera_hdf/interfaces/include/types.h,StopCapture,DCamRetCode,functionproto,alias,Return,7.0,True,973,1374,['VirtualCameraHdf'],['VirtualCameraHdf'],VirtualCameraHdf,VirtualCameraHdf
45,73,camera_hdf/interfaces/hdi_ipc/client/provider/dcamera_provider_callback.h,camera_hdf/interfaces/include/types.h,UpdateSettings,DCamRetCode,functionproto,alias,Return,7.0,True,974,1374,['VirtualCameraHdf'],['VirtualCameraHdf'],VirtualCameraHdf,VirtualCameraHdf
130,102,services/cameraservice/cameraoperator/client/src/callback/dcamera_video_callback.cpp,services/cameraservice/base/include/dcamera_event_cmd.h,OnError,DCameraEvent,functionimpl,type,Use,1.0,True,2001,1771,['utils'],['CameraServiceCommon'],utils,CameraServiceCommon
22,31,camera_hdf/hdi_impl/test/common.h,camera_hdf/interfaces/hdi_ipc/client/host/dcamera_host_callback.h,,,file,file,Import,1.0,False,,,['VirtualCameraHdf'],['VirtualCameraHdf'],VirtualCameraHdf,VirtualCameraHdf
22,31,camera_hdf/hdi_impl/test/common.h,camera_hdf/interfaces/hdi_ipc/client/host/dcamera_host_callback.h,hostCallback,DCameraHostCallback,var,type,Use,1.0,True,743,817,['VirtualCameraHdf'],['VirtualCameraHdf'],VirtualCameraHdf,VirtualCameraHdf
22,31,camera_hdf/hdi_impl/test/common.h,camera_hdf/interfaces/hdi_ipc/client/host/dcamera_host_callback.h,hostCallback,DCameraHostCallback,var,type,Parameter,1.0,True,743,817,['VirtualCameraHdf'],['VirtualCameraHdf'],VirtualCameraHdf,VirtualCameraHdf
5,73,camera_hdf/hdi_impl/include/dstream_operator/dcamera_steam.h,camera_hdf/interfaces/include/types.h,InitDCameraStream,DCamRetCode,functionproto,alias,Return,11.0,True,121,1374,['VirtualCameraHdf'],['VirtualCameraHdf'],VirtualCameraHdf,VirtualCameraHdf
5,73,camera_hdf/hdi_impl/include/dstream_operator/dcamera_steam.h,camera_hdf/interfaces/include/types.h,GetDCameraStreamInfo,DCamRetCode,functionproto,alias,Return,11.0,True,117,1374,['VirtualCameraHdf'],['VirtualCameraHdf'],VirtualCameraHdf,VirtualCameraHdf
5,73,camera_hdf/hdi_impl/include/dstream_operator/dcamera_steam.h,camera_hdf/interfaces/include/types.h,SetDCameraBufferQueue,DCamRetCode,functionproto,alias,Return,11.0,True,124,1374,['VirtualCameraHdf'],['VirtualCameraHdf'],VirtualCameraHdf,VirtualCameraHdf
5,73,camera_hdf/hdi_impl/include/dstream_operator/dcamera_steam.h,camera_hdf/interfaces/include/types.h,ReleaseDCameraBufferQueue,DCamRetCode,functionproto,alias,Return,11.0,True,122,1374,['VirtualCameraHdf'],['VirtualCameraHdf'],VirtualCameraHdf,VirtualCameraHdf
5,73,camera_hdf/hdi_impl/include/dstream_operator/dcamera_steam.h,camera_hdf/interfaces/include/types.h,GetDCameraStreamAttribute,DCamRetCode,functionproto,alias,Return,11.0,True,116,1374,['VirtualCameraHdf'],['VirtualCameraHdf'],VirtualCameraHdf,VirtualCameraHdf
5,73,camera_hdf/hdi_impl/include/dstream_operator/dcamera_steam.h,camera_hdf/interfaces/include/types.h,GetDCameraBuffer,DCamRetCode,functionproto,alias,Return,11.0,True,115,1374,['VirtualCameraHdf'],['VirtualCameraHdf'],VirtualCameraHdf,VirtualCameraHdf
5,73,camera_hdf/hdi_impl/include/dstream_operator/dcamera_steam.h,camera_hdf/interfaces/include/types.h,ReturnDCameraBuffer,DCamRetCode,functionproto,alias,Return,11.0,True,123,1374,['VirtualCameraHdf'],['VirtualCameraHdf'],VirtualCameraHdf,VirtualCameraHdf
5,73,camera_hdf/hdi_impl/include/dstream_operator/dcamera_steam.h,camera_hdf/interfaces/include/types.h,FlushDCameraBuffer,DCamRetCode,functionproto,alias,Return,11.0,True,114,1374,['VirtualCameraHdf'],['VirtualCameraHdf'],VirtualCameraHdf,VirtualCameraHdf
5,73,camera_hdf/hdi_impl/include/dstream_operator/dcamera_steam.h,camera_hdf/interfaces/include/types.h,FinishCommitStream,DCamRetCode,functionproto,alias,Return,11.0,True,113,1374,['VirtualCameraHdf'],['VirtualCameraHdf'],VirtualCameraHdf,VirtualCameraHdf
5,73,camera_hdf/hdi_impl/include/dstream_operator/dcamera_steam.h,camera_hdf/interfaces/include/types.h,InitDCameraBufferManager,DCamRetCode,functionproto,alias,Return,11.0,True,120,1374,['VirtualCameraHdf'],['VirtualCameraHdf'],VirtualCameraHdf,VirtualCameraHdf
5,73,camera_hdf/hdi_impl/include/dstream_operator/dcamera_steam.h,camera_hdf/interfaces/include/types.h,GetNextRequest,DCamRetCode,functionproto,alias,Return,11.0,True,118,1374,['VirtualCameraHdf'],['VirtualCameraHdf'],VirtualCameraHdf,VirtualCameraHdf
19,10,camera_hdf/hdi_impl/src/dstream_operator/dstream_operator.cpp,camera_hdf/hdi_impl/include/utils/dcamera.h,ReleaseStreams,MapToExternalRetCode,functionimpl,functionproto,Call,12.0,True,594,254,['VirtualCameraHdf'],['VirtualCameraHdf'],VirtualCameraHdf,VirtualCameraHdf
19,10,camera_hdf/hdi_impl/src/dstream_operator/dstream_operator.cpp,camera_hdf/hdi_impl/include/utils/dcamera.h,CommitStreams,MapToExternalRetCode,functionimpl,functionproto,Call,12.0,True,582,254,['VirtualCameraHdf'],['VirtualCameraHdf'],VirtualCameraHdf,VirtualCameraHdf
19,10,camera_hdf/hdi_impl/src/dstream_operator/dstream_operator.cpp,camera_hdf/hdi_impl/include/utils/dcamera.h,GetStreamAttributes,MapToExternalRetCode,functionimpl,functionproto,Call,12.0,True,588,254,['VirtualCameraHdf'],['VirtualCameraHdf'],VirtualCameraHdf,VirtualCameraHdf
19,10,camera_hdf/hdi_impl/src/dstream_operator/dstream_operator.cpp,camera_hdf/hdi_impl/include/utils/dcamera.h,AttachBufferQueue,MapToExternalRetCode,functionimpl,functionproto,Call,12.0,True,573,254,['VirtualCameraHdf'],['VirtualCameraHdf'],VirtualCameraHdf,VirtualCameraHdf
19,10,camera_hdf/hdi_impl/src/dstream_operator/dstream_operator.cpp,camera_hdf/hdi_impl/include/utils/dcamera.h,DetachBufferQueue,MapToExternalRetCode,functionimpl,functionproto,Call,12.0,True,587,254,['VirtualCameraHdf'],['VirtualCameraHdf'],VirtualCameraHdf,VirtualCameraHdf
19,10,camera_hdf/hdi_impl/src/dstream_operator/dstream_operator.cpp,camera_hdf/hdi_impl/include/utils/dcamera.h,Capture,MapToExternalRetCode,functionimpl,functionproto,Call,12.0,True,576,254,['VirtualCameraHdf'],['VirtualCameraHdf'],VirtualCameraHdf,VirtualCameraHdf
19,10,camera_hdf/hdi_impl/src/dstream_operator/dstream_operator.cpp,camera_hdf/hdi_impl/include/utils/dcamera.h,CancelCapture,MapToExternalRetCode,functionimpl,functionproto,Call,12.0,True,575,254,['VirtualCameraHdf'],['VirtualCameraHdf'],VirtualCameraHdf,VirtualCameraHdf
19,10,camera_hdf/hdi_impl/src/dstream_operator/dstream_operator.cpp,camera_hdf/hdi_impl/include/utils/dcamera.h,InitOutputConfigurations,SplitString,functionimpl,functionproto,Call,12.0,True,589,256,['VirtualCameraHdf'],['VirtualCameraHdf'],VirtualCameraHdf,VirtualCameraHdf
19,10,camera_hdf/hdi_impl/src/dstream_operator/dstream_operator.cpp,camera_hdf/hdi_impl/include/utils/dcamera.h,ShutterBuffer,GetCurrentLocalTimeStamp,functionimpl,functionproto,Call,12.0,True,598,253,['VirtualCameraHdf'],['VirtualCameraHdf'],VirtualCameraHdf,VirtualCameraHdf
22,25,camera_hdf/hdi_impl/test/common.h,camera_hdf/interfaces/hdi_ipc/client/device/dcamera_device_callback.h,,,file,file,Import,1.0,False,,,['VirtualCameraHdf'],['VirtualCameraHdf'],VirtualCameraHdf,VirtualCameraHdf
22,25,camera_hdf/hdi_impl/test/common.h,camera_hdf/interfaces/hdi_ipc/client/device/dcamera_device_callback.h,deviceCallback,DCameraDeviceCallback,var,type,Use,1.0,True,741,764,['VirtualCameraHdf'],['VirtualCameraHdf'],VirtualCameraHdf,VirtualCameraHdf
22,25,camera_hdf/hdi_impl/test/common.h,camera_hdf/interfaces/hdi_ipc/client/device/dcamera_device_callback.h,deviceCallback,DCameraDeviceCallback,var,type,Parameter,1.0,True,741,764,['VirtualCameraHdf'],['VirtualCameraHdf'],VirtualCameraHdf,VirtualCameraHdf
119,122,services/cameraservice/cameraoperator/client/include/callback/dcamera_session_callback.h,services/cameraservice/cameraoperator/client/include/icamera_operator.h,,,file,file,Import,1.0,False,,,['utils'],['utils'],utils,utils
119,122,services/cameraservice/cameraoperator/client/include/callback/dcamera_session_callback.h,services/cameraservice/cameraoperator/client/include/icamera_operator.h,callback_,StateCallback,var,type,Use,1.0,True,1917,1951,['utils'],['utils'],utils,utils
119,122,services/cameraservice/cameraoperator/client/include/callback/dcamera_session_callback.h,services/cameraservice/cameraoperator/client/include/icamera_operator.h,callback_,StateCallback,var,type,Parameter,1.0,True,1917,1951,['utils'],['utils'],utils,utils
45,47,camera_hdf/interfaces/hdi_ipc/client/provider/dcamera_provider_callback.h,camera_hdf/interfaces/hdi_ipc/client/provider/dcamera_provider_callback_stub.h,,,file,file,Import,1.0,False,,,['VirtualCameraHdf'],['VirtualCameraHdf'],VirtualCameraHdf,VirtualCameraHdf
45,47,camera_hdf/interfaces/hdi_ipc/client/provider/dcamera_provider_callback.h,camera_hdf/interfaces/hdi_ipc/client/provider/dcamera_provider_callback_stub.h,DCameraProviderCallback,DCameraProviderCallbackStub,type,type,Extend,1.0,True,975,1005,['VirtualCameraHdf'],['VirtualCameraHdf'],VirtualCameraHdf,VirtualCameraHdf
270,257,services/data_process/src/pipeline/dcamera_pipeline_sink.cpp,services/data_process/include/interfaces/data_process_listener.h,OnError,DataProcessErrorType,functionimpl,type,Parameter,1.0,True,4142,3941,['CameraDataPreProcess'],['CameraDataProcessCommon'],CameraDataPreProcess,CameraDataProcessCommon
219,194,services/cameraservice/sourceservice/src/distributedcamera/dcamera_service_state_listener.cpp,services/cameraservice/sourceservice/include/distributedcamera/distributed_camera_source_service.h,,,file,file,Import,1.0,False,,,['DistributedCameraSourceMgr'],['DistributedCameraSourceMgr'],DistributedCameraSourceMgr,DistributedCameraSourceMgr
270,260,services/data_process/src/pipeline/dcamera_pipeline_sink.cpp,services/data_process/include/pipeline/dcamera_pipeline_sink.h,,,file,file,Import,1.0,False,,,['CameraDataPreProcess'],['CameraDataPreProcess'],CameraDataPreProcess,CameraDataPreProcess
270,260,services/data_process/src/pipeline/dcamera_pipeline_sink.cpp,services/data_process/include/pipeline/dcamera_pipeline_sink.h,~DCameraPipelineSink,~DCameraPipelineSink,functionimpl,functionproto,Implement,8.0,True,4145,3961,['CameraDataPreProcess'],['CameraDataPreProcess'],CameraDataPreProcess,CameraDataPreProcess
270,260,services/data_process/src/pipeline/dcamera_pipeline_sink.cpp,services/data_process/include/pipeline/dcamera_pipeline_sink.h,CreateDataProcessPipeline,CreateDataProcessPipeline,functionimpl,functionproto,Implement,8.0,True,4138,3954,['CameraDataPreProcess'],['CameraDataPreProcess'],CameraDataPreProcess,CameraDataPreProcess
270,260,services/data_process/src/pipeline/dcamera_pipeline_sink.cpp,services/data_process/include/pipeline/dcamera_pipeline_sink.h,IsInRange,IsInRange,functionimpl,functionproto,Implement,8.0,True,4141,3957,['CameraDataPreProcess'],['CameraDataPreProcess'],CameraDataPreProcess,CameraDataPreProcess
270,260,services/data_process/src/pipeline/dcamera_pipeline_sink.cpp,services/data_process/include/pipeline/dcamera_pipeline_sink.h,InitDCameraPipNodes,InitDCameraPipNodes,functionimpl,functionproto,Implement,8.0,True,4140,3956,['CameraDataPreProcess'],['CameraDataPreProcess'],CameraDataPreProcess,CameraDataPreProcess
270,260,services/data_process/src/pipeline/dcamera_pipeline_sink.cpp,services/data_process/include/pipeline/dcamera_pipeline_sink.h,ProcessData,ProcessData,functionimpl,functionproto,Implement,8.0,True,4144,3960,['CameraDataPreProcess'],['CameraDataPreProcess'],CameraDataPreProcess,CameraDataPreProcess
270,260,services/data_process/src/pipeline/dcamera_pipeline_sink.cpp,services/data_process/include/pipeline/dcamera_pipeline_sink.h,DestroyDataProcessPipeline,DestroyDataProcessPipeline,functionimpl,functionproto,Implement,8.0,True,4139,3955,['CameraDataPreProcess'],['CameraDataPreProcess'],CameraDataPreProcess,CameraDataPreProcess
270,260,services/data_process/src/pipeline/dcamera_pipeline_sink.cpp,services/data_process/include/pipeline/dcamera_pipeline_sink.h,OnError,OnError,functionimpl,functionproto,Implement,8.0,True,4142,3958,['CameraDataPreProcess'],['CameraDataPreProcess'],CameraDataPreProcess,CameraDataPreProcess
270,260,services/data_process/src/pipeline/dcamera_pipeline_sink.cpp,services/data_process/include/pipeline/dcamera_pipeline_sink.h,OnProcessedVideoBuffer,OnProcessedVideoBuffer,functionimpl,functionproto,Implement,8.0,True,4143,3959,['CameraDataPreProcess'],['CameraDataPreProcess'],CameraDataPreProcess,CameraDataPreProcess
270,266,services/data_process/src/pipeline/dcamera_pipeline_sink.cpp,services/data_process/include/pipeline_node/multimedia_codec/encode_data_process.h,,,file,file,Import,1.0,False,,,['CameraDataPreProcess'],['CameraDataProcessCommon'],CameraDataPreProcess,CameraDataProcessCommon
270,266,services/data_process/src/pipeline/dcamera_pipeline_sink.cpp,services/data_process/include/pipeline_node/multimedia_codec/encode_data_process.h,InitDCameraPipNodes,EncodeDataProcess,functionimpl,type,Use,1.0,True,4140,4089,['CameraDataPreProcess'],['CameraDataProcessCommon'],CameraDataPreProcess,CameraDataProcessCommon
219,192,services/cameraservice/sourceservice/src/distributedcamera/dcamera_service_state_listener.cpp,services/cameraservice/sourceservice/include/distributedcamera/dcamera_service_state_listener.h,,,file,file,Import,1.0,False,,,['DistributedCameraSourceMgr'],['DistributedCameraSourceMgr'],DistributedCameraSourceMgr,DistributedCameraSourceMgr
219,192,services/cameraservice/sourceservice/src/distributedcamera/dcamera_service_state_listener.cpp,services/cameraservice/sourceservice/include/distributedcamera/dcamera_service_state_listener.h,DCameraServiceStateListener,DCameraServiceStateListener,functionimpl,functionproto,Implement,4.0,True,3117,2775,['DistributedCameraSourceMgr'],['DistributedCameraSourceMgr'],DistributedCameraSourceMgr,DistributedCameraSourceMgr
219,192,services/cameraservice/sourceservice/src/distributedcamera/dcamera_service_state_listener.cpp,services/cameraservice/sourceservice/include/distributedcamera/dcamera_service_state_listener.h,~DCameraServiceStateListener,~DCameraServiceStateListener,functionimpl,functionproto,Implement,4.0,True,3120,2778,['DistributedCameraSourceMgr'],['DistributedCameraSourceMgr'],DistributedCameraSourceMgr,DistributedCameraSourceMgr
219,192,services/cameraservice/sourceservice/src/distributedcamera/dcamera_service_state_listener.cpp,services/cameraservice/sourceservice/include/distributedcamera/dcamera_service_state_listener.h,OnRegisterNotify,OnRegisterNotify,functionimpl,functionproto,Implement,4.0,True,3118,2776,['DistributedCameraSourceMgr'],['DistributedCameraSourceMgr'],DistributedCameraSourceMgr,DistributedCameraSourceMgr
219,192,services/cameraservice/sourceservice/src/distributedcamera/dcamera_service_state_listener.cpp,services/cameraservice/sourceservice/include/distributedcamera/dcamera_service_state_listener.h,OnUnregisterNotify,OnUnregisterNotify,functionimpl,functionproto,Implement,4.0,True,3119,2777,['DistributedCameraSourceMgr'],['DistributedCameraSourceMgr'],DistributedCameraSourceMgr,DistributedCameraSourceMgr
211,216,services/cameraservice/sourceservice/include/distributedcameramgr/dcamerastate/dcamera_source_capture_state.h,services/cameraservice/sourceservice/include/distributedcameramgr/dcamerastate/dcamera_source_state.h,,,file,file,Import,1.0,False,,,['DistributedCameraSourceMgr'],['DistributedCameraSourceMgr'],DistributedCameraSourceMgr,DistributedCameraSourceMgr
211,216,services/cameraservice/sourceservice/include/distributedcameramgr/dcamerastate/dcamera_source_capture_state.h,services/cameraservice/sourceservice/include/distributedcameramgr/dcamerastate/dcamera_source_state.h,GetStateType,DCameraStateType,functionproto,alias,Return,1.0,True,3045,3101,['DistributedCameraSourceMgr'],['DistributedCameraSourceMgr'],DistributedCameraSourceMgr,DistributedCameraSourceMgr
211,216,services/cameraservice/sourceservice/include/distributedcameramgr/dcamerastate/dcamera_source_capture_state.h,services/cameraservice/sourceservice/include/distributedcameramgr/dcamerastate/dcamera_source_state.h,DCameraSourceCaptureState,DCameraSourceState,type,type,Extend,1.0,True,3046,3106,['DistributedCameraSourceMgr'],['DistributedCameraSourceMgr'],DistributedCameraSourceMgr,DistributedCameraSourceMgr
28,52,camera_hdf/interfaces/hdi_ipc/client/device/dcamera_device_proxy.cpp,camera_hdf/interfaces/hdi_ipc/ipc_data_utils.h,,,file,file,Import,1.0,False,,,['VirtualCameraHdf'],['VirtualCameraHdf'],VirtualCameraHdf,VirtualCameraHdf
95,75,interfaces/inner_kits/native_cpp/camera_source/src/callback/dcamera_source_callback.cpp,common/include/constants/distributed_camera_errno.h,,,file,file,Import,1.0,False,,,['DistributedCameraSourceMgr'],['utils'],DistributedCameraSourceMgr,utils
270,268,services/data_process/src/pipeline/dcamera_pipeline_sink.cpp,services/data_process/include/utils/image_common_type.h,IsInRange,GetFrameRate,functionimpl,functionproto,Call,5.0,True,4141,4105,['CameraDataPreProcess'],['CameraDataProcessCommon'],CameraDataPreProcess,CameraDataProcessCommon
270,268,services/data_process/src/pipeline/dcamera_pipeline_sink.cpp,services/data_process/include/utils/image_common_type.h,IsInRange,GetWidth,functionimpl,functionproto,Call,5.0,True,4141,4109,['CameraDataPreProcess'],['CameraDataProcessCommon'],CameraDataPreProcess,CameraDataProcessCommon
270,268,services/data_process/src/pipeline/dcamera_pipeline_sink.cpp,services/data_process/include/utils/image_common_type.h,IsInRange,GetHeight,functionimpl,functionproto,Call,5.0,True,4141,4106,['CameraDataPreProcess'],['CameraDataProcessCommon'],CameraDataPreProcess,CameraDataProcessCommon
270,268,services/data_process/src/pipeline/dcamera_pipeline_sink.cpp,services/data_process/include/utils/image_common_type.h,CreateDataProcessPipeline,VIDEO,functionimpl,var,Use,7.0,True,4138,4125,['CameraDataPreProcess'],['CameraDataProcessCommon'],CameraDataPreProcess,CameraDataProcessCommon
270,268,services/data_process/src/pipeline/dcamera_pipeline_sink.cpp,services/data_process/include/utils/image_common_type.h,CreateDataProcessPipeline,PipelineType,functionimpl,type,Use,7.0,True,4138,4115,['CameraDataPreProcess'],['CameraDataProcessCommon'],CameraDataPreProcess,CameraDataProcessCommon
270,268,services/data_process/src/pipeline/dcamera_pipeline_sink.cpp,services/data_process/include/utils/image_common_type.h,InitDCameraPipNodes,PHOTO_JPEG,functionimpl,var,Use,7.0,True,4140,4124,['CameraDataPreProcess'],['CameraDataProcessCommon'],CameraDataPreProcess,CameraDataProcessCommon
270,268,services/data_process/src/pipeline/dcamera_pipeline_sink.cpp,services/data_process/include/utils/image_common_type.h,InitDCameraPipNodes,VideoConfigParams,functionimpl,type,Use,7.0,True,4140,4117,['CameraDataPreProcess'],['CameraDataProcessCommon'],CameraDataPreProcess,CameraDataProcessCommon
270,268,services/data_process/src/pipeline/dcamera_pipeline_sink.cpp,services/data_process/include/utils/image_common_type.h,ProcessData,PHOTO_JPEG,functionimpl,var,Use,7.0,True,4144,4124,['CameraDataPreProcess'],['CameraDataProcessCommon'],CameraDataPreProcess,CameraDataProcessCommon
270,268,services/data_process/src/pipeline/dcamera_pipeline_sink.cpp,services/data_process/include/utils/image_common_type.h,DestroyDataProcessPipeline,PipelineType,functionimpl,type,Use,7.0,True,4139,4115,['CameraDataPreProcess'],['CameraDataProcessCommon'],CameraDataPreProcess,CameraDataProcessCommon
270,268,services/data_process/src/pipeline/dcamera_pipeline_sink.cpp,services/data_process/include/utils/image_common_type.h,DestroyDataProcessPipeline,VIDEO,functionimpl,var,Use,7.0,True,4139,4125,['CameraDataPreProcess'],['CameraDataProcessCommon'],CameraDataPreProcess,CameraDataProcessCommon
270,268,services/data_process/src/pipeline/dcamera_pipeline_sink.cpp,services/data_process/include/utils/image_common_type.h,CreateDataProcessPipeline,PipelineType,functionimpl,type,Parameter,6.0,True,4138,4115,['CameraDataPreProcess'],['CameraDataProcessCommon'],CameraDataPreProcess,CameraDataProcessCommon
270,268,services/data_process/src/pipeline/dcamera_pipeline_sink.cpp,services/data_process/include/utils/image_common_type.h,CreateDataProcessPipeline,VideoConfigParams,functionimpl,type,Parameter,6.0,True,4138,4117,['CameraDataPreProcess'],['CameraDataProcessCommon'],CameraDataPreProcess,CameraDataProcessCommon
270,268,services/data_process/src/pipeline/dcamera_pipeline_sink.cpp,services/data_process/include/utils/image_common_type.h,IsInRange,VideoConfigParams,functionimpl,type,Parameter,6.0,True,4141,4117,['CameraDataPreProcess'],['CameraDataProcessCommon'],CameraDataPreProcess,CameraDataProcessCommon
270,268,services/data_process/src/pipeline/dcamera_pipeline_sink.cpp,services/data_process/include/utils/image_common_type.h,InitDCameraPipNodes,VideoConfigParams,functionimpl,type,Parameter,6.0,True,4140,4117,['CameraDataPreProcess'],['CameraDataProcessCommon'],CameraDataPreProcess,CameraDataProcessCommon
199,218,services/cameraservice/sourceservice/include/distributedcameramgr/dcameracontrol/dcamera_source_controller.h,services/cameraservice/sourceservice/include/distributedcameramgr/dcamerastate/dcamera_source_state_machine.h,,,file,file,Import,1.0,False,,,['DistributedCameraSourceMgr'],['DistributedCameraSourceMgr'],DistributedCameraSourceMgr,DistributedCameraSourceMgr
199,218,services/cameraservice/sourceservice/include/distributedcameramgr/dcameracontrol/dcamera_source_controller.h,services/cameraservice/sourceservice/include/distributedcameramgr/dcamerastate/dcamera_source_state_machine.h,stateMachine_,DCameraSourceStateMachine,var,type,Use,1.0,True,2917,3114,['DistributedCameraSourceMgr'],['DistributedCameraSourceMgr'],DistributedCameraSourceMgr,DistributedCameraSourceMgr
199,218,services/cameraservice/sourceservice/include/distributedcameramgr/dcameracontrol/dcamera_source_controller.h,services/cameraservice/sourceservice/include/distributedcameramgr/dcamerastate/dcamera_source_state_machine.h,stateMachine_,DCameraSourceStateMachine,var,type,Parameter,1.0,True,2917,3114,['DistributedCameraSourceMgr'],['DistributedCameraSourceMgr'],DistributedCameraSourceMgr,DistributedCameraSourceMgr
3,72,camera_hdf/hdi_impl/include/dcamera_provider/dcamera_provider.h,camera_hdf/interfaces/include/idistributed_camera_provider_callback.h,,,file,file,Import,1.0,False,,,['VirtualCameraHdf'],['VirtualCameraHdf'],VirtualCameraHdf,VirtualCameraHdf
3,72,camera_hdf/hdi_impl/include/dcamera_provider/dcamera_provider.h,camera_hdf/interfaces/include/idistributed_camera_provider_callback.h,GetCallbackBydhBase,IDCameraProviderCallback,functionproto,type,Use,1.0,True,81,1369,['VirtualCameraHdf'],['VirtualCameraHdf'],VirtualCameraHdf,VirtualCameraHdf
3,72,camera_hdf/hdi_impl/include/dcamera_provider/dcamera_provider.h,camera_hdf/interfaces/include/idistributed_camera_provider_callback.h,GetCallbackBydhBase,IDCameraProviderCallback,functionproto,type,Parameter,1.0,True,81,1369,['VirtualCameraHdf'],['VirtualCameraHdf'],VirtualCameraHdf,VirtualCameraHdf
3,73,camera_hdf/hdi_impl/include/dcamera_provider/dcamera_provider.h,camera_hdf/interfaces/include/types.h,EnableDCameraDevice,DCamRetCode,functionproto,alias,Return,13.0,True,80,1374,['VirtualCameraHdf'],['VirtualCameraHdf'],VirtualCameraHdf,VirtualCameraHdf
3,73,camera_hdf/hdi_impl/include/dcamera_provider/dcamera_provider.h,camera_hdf/interfaces/include/types.h,DisableDCameraDevice,DCamRetCode,functionproto,alias,Return,13.0,True,79,1374,['VirtualCameraHdf'],['VirtualCameraHdf'],VirtualCameraHdf,VirtualCameraHdf
3,73,camera_hdf/hdi_impl/include/dcamera_provider/dcamera_provider.h,camera_hdf/interfaces/include/types.h,AcquireBuffer,DCamRetCode,functionproto,alias,Return,13.0,True,76,1374,['VirtualCameraHdf'],['VirtualCameraHdf'],VirtualCameraHdf,VirtualCameraHdf
3,73,camera_hdf/hdi_impl/include/dcamera_provider/dcamera_provider.h,camera_hdf/interfaces/include/types.h,ShutterBuffer,DCamRetCode,functionproto,alias,Return,13.0,True,89,1374,['VirtualCameraHdf'],['VirtualCameraHdf'],VirtualCameraHdf,VirtualCameraHdf
3,73,camera_hdf/hdi_impl/include/dcamera_provider/dcamera_provider.h,camera_hdf/interfaces/include/types.h,OnSettingsResult,DCamRetCode,functionproto,alias,Return,13.0,True,86,1374,['VirtualCameraHdf'],['VirtualCameraHdf'],VirtualCameraHdf,VirtualCameraHdf
3,73,camera_hdf/hdi_impl/include/dcamera_provider/dcamera_provider.h,camera_hdf/interfaces/include/types.h,Notify,DCamRetCode,functionproto,alias,Return,13.0,True,85,1374,['VirtualCameraHdf'],['VirtualCameraHdf'],VirtualCameraHdf,VirtualCameraHdf
3,73,camera_hdf/hdi_impl/include/dcamera_provider/dcamera_provider.h,camera_hdf/interfaces/include/types.h,OpenSession,DCamRetCode,functionproto,alias,Return,13.0,True,87,1374,['VirtualCameraHdf'],['VirtualCameraHdf'],VirtualCameraHdf,VirtualCameraHdf
3,73,camera_hdf/hdi_impl/include/dcamera_provider/dcamera_provider.h,camera_hdf/interfaces/include/types.h,CloseSession,DCamRetCode,functionproto,alias,Return,13.0,True,77,1374,['VirtualCameraHdf'],['VirtualCameraHdf'],VirtualCameraHdf,VirtualCameraHdf
3,73,camera_hdf/hdi_impl/include/dcamera_provider/dcamera_provider.h,camera_hdf/interfaces/include/types.h,ConfigureStreams,DCamRetCode,functionproto,alias,Return,13.0,True,78,1374,['VirtualCameraHdf'],['VirtualCameraHdf'],VirtualCameraHdf,VirtualCameraHdf
3,73,camera_hdf/hdi_impl/include/dcamera_provider/dcamera_provider.h,camera_hdf/interfaces/include/types.h,ReleaseStreams,DCamRetCode,functionproto,alias,Return,13.0,True,88,1374,['VirtualCameraHdf'],['VirtualCameraHdf'],VirtualCameraHdf,VirtualCameraHdf
3,73,camera_hdf/hdi_impl/include/dcamera_provider/dcamera_provider.h,camera_hdf/interfaces/include/types.h,StartCapture,DCamRetCode,functionproto,alias,Return,13.0,True,90,1374,['VirtualCameraHdf'],['VirtualCameraHdf'],VirtualCameraHdf,VirtualCameraHdf
3,73,camera_hdf/hdi_impl/include/dcamera_provider/dcamera_provider.h,camera_hdf/interfaces/include/types.h,StopCapture,DCamRetCode,functionproto,alias,Return,13.0,True,91,1374,['VirtualCameraHdf'],['VirtualCameraHdf'],VirtualCameraHdf,VirtualCameraHdf
3,73,camera_hdf/hdi_impl/include/dcamera_provider/dcamera_provider.h,camera_hdf/interfaces/include/types.h,UpdateSettings,DCamRetCode,functionproto,alias,Return,13.0,True,92,1374,['VirtualCameraHdf'],['VirtualCameraHdf'],VirtualCameraHdf,VirtualCameraHdf
262,268,services/data_process/include/pipeline_node/colorspace_conversion/convert_nv12_to_nv21.h,services/data_process/include/utils/image_common_type.h,,,file,file,Import,1.0,False,,,['CameraDataProcessCommon'],['CameraDataProcessCommon'],CameraDataProcessCommon,CameraDataProcessCommon
262,268,services/data_process/include/pipeline_node/colorspace_conversion/convert_nv12_to_nv21.h,services/data_process/include/utils/image_common_type.h,ProcessData,VideoConfigParams,functionproto,type,Parameter,16.0,True,3990,4117,['CameraDataProcessCommon'],['CameraDataProcessCommon'],CameraDataProcessCommon,CameraDataProcessCommon
262,268,services/data_process/include/pipeline_node/colorspace_conversion/convert_nv12_to_nv21.h,services/data_process/include/utils/image_common_type.h,IsConvertible,VideoConfigParams,functionproto,type,Parameter,16.0,True,3988,4117,['CameraDataProcessCommon'],['CameraDataProcessCommon'],CameraDataProcessCommon,CameraDataProcessCommon
262,268,services/data_process/include/pipeline_node/colorspace_conversion/convert_nv12_to_nv21.h,services/data_process/include/utils/image_common_type.h,GetImageUnitInfo,ImageUnitInfo,functionproto,type,Parameter,16.0,True,3987,4114,['CameraDataProcessCommon'],['CameraDataProcessCommon'],CameraDataProcessCommon,CameraDataProcessCommon
262,268,services/data_process/include/pipeline_node/colorspace_conversion/convert_nv12_to_nv21.h,services/data_process/include/utils/image_common_type.h,IsCorrectImageUnitInfo,ImageUnitInfo,functionproto,type,Parameter,16.0,True,3989,4114,['CameraDataProcessCommon'],['CameraDataProcessCommon'],CameraDataProcessCommon,CameraDataProcessCommon
262,268,services/data_process/include/pipeline_node/colorspace_conversion/convert_nv12_to_nv21.h,services/data_process/include/utils/image_common_type.h,CheckColorConvertInfo,ImageUnitInfo,functionproto,type,Parameter,16.0,True,3982,4114,['CameraDataProcessCommon'],['CameraDataProcessCommon'],CameraDataProcessCommon,CameraDataProcessCommon
262,268,services/data_process/include/pipeline_node/colorspace_conversion/convert_nv12_to_nv21.h,services/data_process/include/utils/image_common_type.h,SeparateNV12UVPlane,ImageUnitInfo,functionproto,type,Parameter,16.0,True,3991,4114,['CameraDataProcessCommon'],['CameraDataProcessCommon'],CameraDataProcessCommon,CameraDataProcessCommon
262,268,services/data_process/include/pipeline_node/colorspace_conversion/convert_nv12_to_nv21.h,services/data_process/include/utils/image_common_type.h,CombineNV12UVPlane,ImageUnitInfo,functionproto,type,Parameter,16.0,True,3984,4114,['CameraDataProcessCommon'],['CameraDataProcessCommon'],CameraDataProcessCommon,CameraDataProcessCommon
262,268,services/data_process/include/pipeline_node/colorspace_conversion/convert_nv12_to_nv21.h,services/data_process/include/utils/image_common_type.h,CopyYPlane,ImageUnitInfo,functionproto,type,Parameter,16.0,True,3986,4114,['CameraDataProcessCommon'],['CameraDataProcessCommon'],CameraDataProcessCommon,CameraDataProcessCommon
262,268,services/data_process/include/pipeline_node/colorspace_conversion/convert_nv12_to_nv21.h,services/data_process/include/utils/image_common_type.h,ColorConvertNV12ToNV21,ImageUnitInfo,functionproto,type,Parameter,16.0,True,3983,4114,['CameraDataProcessCommon'],['CameraDataProcessCommon'],CameraDataProcessCommon,CameraDataProcessCommon
203,250,services/cameraservice/sourceservice/include/distributedcameramgr/dcameradata/dcamera_source_input_channel_listener.h,services/channel/include/icamera_channel_listener.h,,,file,file,Import,1.0,False,,,['DistributedCameraSourceMgr'],['ChannelCommon'],DistributedCameraSourceMgr,ChannelCommon
203,250,services/cameraservice/sourceservice/include/distributedcameramgr/dcameradata/dcamera_source_input_channel_listener.h,services/channel/include/icamera_channel_listener.h,DCameraSourceInputChannelListener,ICameraChannelListener,type,type,Extend,1.0,True,2963,3738,['DistributedCameraSourceMgr'],['ChannelCommon'],DistributedCameraSourceMgr,ChannelCommon
101,73,services/cameraservice/base/include/dcamera_channel_info_cmd.h,camera_hdf/interfaces/include/types.h,,,file,file,Import,1.0,False,,,['CameraServiceCommon'],['VirtualCameraHdf'],CameraServiceCommon,VirtualCameraHdf
101,73,services/cameraservice/base/include/dcamera_channel_info_cmd.h,camera_hdf/interfaces/include/types.h,DCameraChannelDetail,DCStreamType,functionimpl,alias,Parameter,1.0,True,1758,1373,['CameraServiceCommon'],['VirtualCameraHdf'],CameraServiceCommon,VirtualCameraHdf
101,73,services/cameraservice/base/include/dcamera_channel_info_cmd.h,camera_hdf/interfaces/include/types.h,DCameraChannelDetail,_DCStreamType,type,type,Contain,1.0,True,1761,1387,['CameraServiceCommon'],['VirtualCameraHdf'],CameraServiceCommon,VirtualCameraHdf
151,94,services/cameraservice/sinkservice/include/distributedcameramgr/dcamera_sink_service_ipc.h,interfaces/inner_kits/native_cpp/camera_source/include/idistributed_camera_source.h,,,file,file,Import,1.0,False,,,['DistributedCameraSinkMgr'],['DistributedCameraSourceMgr'],DistributedCameraSinkMgr,DistributedCameraSourceMgr
151,94,services/cameraservice/sinkservice/include/distributedcameramgr/dcamera_sink_service_ipc.h,interfaces/inner_kits/native_cpp/camera_source/include/idistributed_camera_source.h,GetSourceRemoteDHMS,IDistributedCameraSource,functionproto,type,Use,2.0,True,2347,1666,['DistributedCameraSinkMgr'],['DistributedCameraSourceMgr'],DistributedCameraSinkMgr,DistributedCameraSourceMgr
151,94,services/cameraservice/sinkservice/include/distributedcameramgr/dcamera_sink_service_ipc.h,interfaces/inner_kits/native_cpp/camera_source/include/idistributed_camera_source.h,remoteSources_,IDistributedCameraSource,var,type,Use,2.0,True,2354,1666,['DistributedCameraSinkMgr'],['DistributedCameraSourceMgr'],DistributedCameraSinkMgr,DistributedCameraSourceMgr
151,94,services/cameraservice/sinkservice/include/distributedcameramgr/dcamera_sink_service_ipc.h,interfaces/inner_kits/native_cpp/camera_source/include/idistributed_camera_source.h,GetSourceRemoteDHMS,IDistributedCameraSource,functionproto,type,Parameter,2.0,True,2347,1666,['DistributedCameraSinkMgr'],['DistributedCameraSourceMgr'],DistributedCameraSinkMgr,DistributedCameraSourceMgr
151,94,services/cameraservice/sinkservice/include/distributedcameramgr/dcamera_sink_service_ipc.h,interfaces/inner_kits/native_cpp/camera_source/include/idistributed_camera_source.h,remoteSources_,IDistributedCameraSource,var,type,Parameter,2.0,True,2354,1666,['DistributedCameraSinkMgr'],['DistributedCameraSourceMgr'],DistributedCameraSinkMgr,DistributedCameraSourceMgr
160,257,services/cameraservice/sinkservice/include/distributedcameramgr/listener/dcamera_sink_data_process_listener.h,services/data_process/include/interfaces/data_process_listener.h,,,file,file,Import,1.0,False,,,['DistributedCameraSinkMgr'],['CameraDataProcessCommon'],DistributedCameraSinkMgr,CameraDataProcessCommon
160,257,services/cameraservice/sinkservice/include/distributedcameramgr/listener/dcamera_sink_data_process_listener.h,services/data_process/include/interfaces/data_process_listener.h,DCameraSinkDataProcessListener,DataProcessListener,type,type,Extend,1.0,True,2392,3942,['DistributedCameraSinkMgr'],['CameraDataProcessCommon'],DistributedCameraSinkMgr,CameraDataProcessCommon
160,257,services/cameraservice/sinkservice/include/distributedcameramgr/listener/dcamera_sink_data_process_listener.h,services/data_process/include/interfaces/data_process_listener.h,OnError,DataProcessErrorType,functionproto,type,Parameter,1.0,True,2390,3941,['DistributedCameraSinkMgr'],['CameraDataProcessCommon'],DistributedCameraSinkMgr,CameraDataProcessCommon
275,255,services/data_process/src/pipeline_node/multimedia_codec/decode_data_process_common.cpp,services/data_process/include/eventbus/dcamera_codec_event.h,OnEvent,GetCodecPacket,functionimpl,functionimpl,Call,2.0,True,4378,3894,['CameraDataProcessCommon'],['CameraDataProcessCommon'],CameraDataProcessCommon,CameraDataProcessCommon
275,255,services/data_process/src/pipeline_node/multimedia_codec/decode_data_process_common.cpp,services/data_process/include/eventbus/dcamera_codec_event.h,OnEvent,GetAction,functionimpl,functionimpl,Call,2.0,True,4378,3893,['CameraDataProcessCommon'],['CameraDataProcessCommon'],CameraDataProcessCommon,CameraDataProcessCommon
275,255,services/data_process/src/pipeline_node/multimedia_codec/decode_data_process_common.cpp,services/data_process/include/eventbus/dcamera_codec_event.h,InitCodecEvent,DCameraCodecEvent,functionimpl,type,Use,16.0,True,4369,3900,['CameraDataProcessCommon'],['CameraDataProcessCommon'],CameraDataProcessCommon,CameraDataProcessCommon
275,255,services/data_process/src/pipeline_node/multimedia_codec/decode_data_process_common.cpp,services/data_process/include/eventbus/dcamera_codec_event.h,ReleaseProcessNode,DCameraCodecEvent,functionimpl,type,Use,16.0,True,4384,3900,['CameraDataProcessCommon'],['CameraDataProcessCommon'],CameraDataProcessCommon,CameraDataProcessCommon
275,255,services/data_process/src/pipeline_node/multimedia_codec/decode_data_process_common.cpp,services/data_process/include/eventbus/dcamera_codec_event.h,ProcessData,CodecPacket,functionimpl,type,Use,16.0,True,4383,3899,['CameraDataProcessCommon'],['CameraDataProcessCommon'],CameraDataProcessCommon,CameraDataProcessCommon
275,255,services/data_process/src/pipeline_node/multimedia_codec/decode_data_process_common.cpp,services/data_process/include/eventbus/dcamera_codec_event.h,ProcessData,ACTION_ONCE_AGAIN,functionimpl,var,Use,16.0,True,4383,3902,['CameraDataProcessCommon'],['CameraDataProcessCommon'],CameraDataProcessCommon,CameraDataProcessCommon
275,255,services/data_process/src/pipeline_node/multimedia_codec/decode_data_process_common.cpp,services/data_process/include/eventbus/dcamera_codec_event.h,ProcessData,DCameraCodecEvent,functionimpl,type,Use,16.0,True,4383,3900,['CameraDataProcessCommon'],['CameraDataProcessCommon'],CameraDataProcessCommon,CameraDataProcessCommon
275,255,services/data_process/src/pipeline_node/multimedia_codec/decode_data_process_common.cpp,services/data_process/include/eventbus/dcamera_codec_event.h,PostOutputDataBuffers,CodecPacket,functionimpl,type,Use,16.0,True,4382,3899,['CameraDataProcessCommon'],['CameraDataProcessCommon'],CameraDataProcessCommon,CameraDataProcessCommon
275,255,services/data_process/src/pipeline_node/multimedia_codec/decode_data_process_common.cpp,services/data_process/include/eventbus/dcamera_codec_event.h,PostOutputDataBuffers,NO_ACTION,functionimpl,var,Use,16.0,True,4382,3903,['CameraDataProcessCommon'],['CameraDataProcessCommon'],CameraDataProcessCommon,CameraDataProcessCommon
275,255,services/data_process/src/pipeline_node/multimedia_codec/decode_data_process_common.cpp,services/data_process/include/eventbus/dcamera_codec_event.h,PostOutputDataBuffers,DCameraCodecEvent,functionimpl,type,Use,16.0,True,4382,3900,['CameraDataProcessCommon'],['CameraDataProcessCommon'],CameraDataProcessCommon,CameraDataProcessCommon
275,255,services/data_process/src/pipeline_node/multimedia_codec/decode_data_process_common.cpp,services/data_process/include/eventbus/dcamera_codec_event.h,OnEvent,CodecPacket,functionimpl,type,Use,16.0,True,4378,3899,['CameraDataProcessCommon'],['CameraDataProcessCommon'],CameraDataProcessCommon,CameraDataProcessCommon
275,255,services/data_process/src/pipeline_node/multimedia_codec/decode_data_process_common.cpp,services/data_process/include/eventbus/dcamera_codec_event.h,OnEvent,NO_ACTION,functionimpl,var,Use,16.0,True,4378,3903,['CameraDataProcessCommon'],['CameraDataProcessCommon'],CameraDataProcessCommon,CameraDataProcessCommon
275,255,services/data_process/src/pipeline_node/multimedia_codec/decode_data_process_common.cpp,services/data_process/include/eventbus/dcamera_codec_event.h,OnEvent,ACTION_ONCE_AGAIN,functionimpl,var,Use,16.0,True,4378,3902,['CameraDataProcessCommon'],['CameraDataProcessCommon'],CameraDataProcessCommon,CameraDataProcessCommon
275,255,services/data_process/src/pipeline_node/multimedia_codec/decode_data_process_common.cpp,services/data_process/include/eventbus/dcamera_codec_event.h,OnEvent,DCameraCodecEvent,functionimpl,type,Parameter,1.0,True,4378,3900,['CameraDataProcessCommon'],['CameraDataProcessCommon'],CameraDataProcessCommon,CameraDataProcessCommon
275,255,services/data_process/src/pipeline_node/multimedia_codec/decode_data_process_common.cpp,services/data_process/include/eventbus/dcamera_codec_event.h,InitCodecEvent,DCameraCodecEvent,functionimpl,type,Contain,5.0,True,4369,3900,['CameraDataProcessCommon'],['CameraDataProcessCommon'],CameraDataProcessCommon,CameraDataProcessCommon
275,255,services/data_process/src/pipeline_node/multimedia_codec/decode_data_process_common.cpp,services/data_process/include/eventbus/dcamera_codec_event.h,ReleaseProcessNode,DCameraCodecEvent,functionimpl,type,Contain,5.0,True,4384,3900,['CameraDataProcessCommon'],['CameraDataProcessCommon'],CameraDataProcessCommon,CameraDataProcessCommon
275,255,services/data_process/src/pipeline_node/multimedia_codec/decode_data_process_common.cpp,services/data_process/include/eventbus/dcamera_codec_event.h,ProcessData,DCameraCodecEvent,functionimpl,type,Contain,5.0,True,4383,3900,['CameraDataProcessCommon'],['CameraDataProcessCommon'],CameraDataProcessCommon,CameraDataProcessCommon
275,255,services/data_process/src/pipeline_node/multimedia_codec/decode_data_process_common.cpp,services/data_process/include/eventbus/dcamera_codec_event.h,PostOutputDataBuffers,DCameraCodecEvent,functionimpl,type,Contain,5.0,True,4382,3900,['CameraDataProcessCommon'],['CameraDataProcessCommon'],CameraDataProcessCommon,CameraDataProcessCommon
275,255,services/data_process/src/pipeline_node/multimedia_codec/decode_data_process_common.cpp,services/data_process/include/eventbus/dcamera_codec_event.h,OnEvent,VideoCodecAction,functionimpl,type,Contain,5.0,True,4378,3901,['CameraDataProcessCommon'],['CameraDataProcessCommon'],CameraDataProcessCommon,CameraDataProcessCommon
255,76,services/data_process/include/eventbus/dcamera_codec_event.h,common/include/utils/data_buffer.h,,,file,file,Import,1.0,False,,,['CameraDataProcessCommon'],['utils'],CameraDataProcessCommon,utils
255,76,services/data_process/include/eventbus/dcamera_codec_event.h,common/include/utils/data_buffer.h,GetDataBuffers,DataBuffer,functionimpl,type,Use,2.0,True,3895,1470,['CameraDataProcessCommon'],['utils'],CameraDataProcessCommon,utils
255,76,services/data_process/include/eventbus/dcamera_codec_event.h,common/include/utils/data_buffer.h,multiDataBuffers_,DataBuffer,var,type,Use,2.0,True,3908,1470,['CameraDataProcessCommon'],['utils'],CameraDataProcessCommon,utils
255,76,services/data_process/include/eventbus/dcamera_codec_event.h,common/include/utils/data_buffer.h,GetDataBuffers,DataBuffer,functionimpl,type,Parameter,2.0,True,3895,1470,['CameraDataProcessCommon'],['utils'],CameraDataProcessCommon,utils
255,76,services/data_process/include/eventbus/dcamera_codec_event.h,common/include/utils/data_buffer.h,multiDataBuffers_,DataBuffer,var,type,Parameter,2.0,True,3908,1470,['CameraDataProcessCommon'],['utils'],CameraDataProcessCommon,utils
275,257,services/data_process/src/pipeline_node/multimedia_codec/decode_data_process_common.cpp,services/data_process/include/interfaces/data_process_listener.h,OnError,ERROR_PIPELINE_DECODER,functionimpl,var,Use,1.0,True,4377,3943,['CameraDataProcessCommon'],['CameraDataProcessCommon'],CameraDataProcessCommon,CameraDataProcessCommon
12,10,camera_hdf/hdi_impl/src/dcamera_device/dmetadata_processor.cpp,camera_hdf/hdi_impl/include/utils/dcamera.h,GetDCameraSupportedFormats,SplitString,functionimpl,functionproto,Call,1.0,True,306,256,['VirtualCameraHdf'],['VirtualCameraHdf'],VirtualCameraHdf,VirtualCameraHdf
12,10,camera_hdf/hdi_impl/src/dcamera_device/dmetadata_processor.cpp,camera_hdf/hdi_impl/include/utils/dcamera.h,InitDCameraAbility,MetaType,functionimpl,alias,Use,1.0,True,309,251,['VirtualCameraHdf'],['VirtualCameraHdf'],VirtualCameraHdf,VirtualCameraHdf
133,123,services/cameraservice/cameraoperator/client/src/listener/dcamera_photo_surface_listener.cpp,services/cameraservice/cameraoperator/client/include/listener/dcamera_photo_surface_listener.h,,,file,file,Import,1.0,False,,,['utils'],['utils'],utils,utils
133,123,services/cameraservice/cameraoperator/client/src/listener/dcamera_photo_surface_listener.cpp,services/cameraservice/cameraoperator/client/include/listener/dcamera_photo_surface_listener.h,DCameraPhotoSurfaceListener,DCameraPhotoSurfaceListener,functionimpl,functionproto,Implement,2.0,True,2063,1953,['utils'],['utils'],utils,utils
133,123,services/cameraservice/cameraoperator/client/src/listener/dcamera_photo_surface_listener.cpp,services/cameraservice/cameraoperator/client/include/listener/dcamera_photo_surface_listener.h,OnBufferAvailable,OnBufferAvailable,functionimpl,functionproto,Implement,2.0,True,2064,1954,['utils'],['utils'],utils,utils
142,74,services/cameraservice/sinkservice/include/distributedcamera/distributed_camera_sink_service.h,common/include/constants/distributed_camera_constants.h,,,file,file,Import,1.0,False,,,['DistributedCameraSinkMgr'],['utils'],DistributedCameraSinkMgr,utils
142,74,services/cameraservice/sinkservice/include/distributedcamera/distributed_camera_sink_service.h,common/include/constants/distributed_camera_constants.h,DistributedCameraSinkService,distributed_camera_constants,type,type,Contain,1.0,True,2229,,['DistributedCameraSinkMgr'],['utils'],DistributedCameraSinkMgr,utils
192,90,services/cameraservice/sourceservice/include/distributedcamera/dcamera_service_state_listener.h,interfaces/inner_kits/native_cpp/camera_source/include/callback/idcamera_source_callback.h,,,file,file,Import,1.0,False,,,['DistributedCameraSourceMgr'],['DistributedCameraSourceMgr'],DistributedCameraSourceMgr,DistributedCameraSourceMgr
192,90,services/cameraservice/sourceservice/include/distributedcamera/dcamera_service_state_listener.h,interfaces/inner_kits/native_cpp/camera_source/include/callback/idcamera_source_callback.h,callbackProxy_,IDCameraSourceCallback,var,type,Use,1.0,True,2780,1633,['DistributedCameraSourceMgr'],['DistributedCameraSourceMgr'],DistributedCameraSourceMgr,DistributedCameraSourceMgr
192,90,services/cameraservice/sourceservice/include/distributedcamera/dcamera_service_state_listener.h,interfaces/inner_kits/native_cpp/camera_source/include/callback/idcamera_source_callback.h,callbackProxy_,IDCameraSourceCallback,var,type,Parameter,1.0,True,2780,1633,['DistributedCameraSourceMgr'],['DistributedCameraSourceMgr'],DistributedCameraSourceMgr,DistributedCameraSourceMgr
275,261,services/data_process/src/pipeline_node/multimedia_codec/decode_data_process_common.cpp,services/data_process/include/pipeline/dcamera_pipeline_source.h,DecodeDone,DCameraPipelineSource,functionimpl,type,Use,2.0,True,4362,3977,['CameraDataProcessCommon'],['CameraDataPostProcess'],CameraDataProcessCommon,CameraDataPostProcess
275,261,services/data_process/src/pipeline_node/multimedia_codec/decode_data_process_common.cpp,services/data_process/include/pipeline/dcamera_pipeline_source.h,OnError,DCameraPipelineSource,functionimpl,type,Use,2.0,True,4377,3977,['CameraDataProcessCommon'],['CameraDataPostProcess'],CameraDataProcessCommon,CameraDataPostProcess
125,74,services/cameraservice/cameraoperator/client/src/callback/dcamera_input_callback.cpp,common/include/constants/distributed_camera_constants.h,,,file,file,Import,1.0,False,,,['utils'],['utils'],utils,utils
214,197,services/cameraservice/sourceservice/include/distributedcameramgr/dcamerastate/dcamera_source_opened_state.h,services/cameraservice/sourceservice/include/distributedcameramgr/dcamera_source_event.h,Execute,DCAMERA_EVENT,functionproto,alias,Parameter,10.0,True,3085,2855,['DistributedCameraSourceMgr'],['DistributedCameraSourceMgr'],DistributedCameraSourceMgr,DistributedCameraSourceMgr
214,197,services/cameraservice/sourceservice/include/distributedcameramgr/dcamerastate/dcamera_source_opened_state.h,services/cameraservice/sourceservice/include/distributedcameramgr/dcamera_source_event.h,Execute,DCameraSourceEvent,functionproto,type,Parameter,10.0,True,3085,2869,['DistributedCameraSourceMgr'],['DistributedCameraSourceMgr'],DistributedCameraSourceMgr,DistributedCameraSourceMgr
214,197,services/cameraservice/sourceservice/include/distributedcameramgr/dcamerastate/dcamera_source_opened_state.h,services/cameraservice/sourceservice/include/distributedcameramgr/dcamera_source_event.h,DoRegisterTask,DCameraSourceEvent,functionproto,type,Parameter,10.0,True,3081,2869,['DistributedCameraSourceMgr'],['DistributedCameraSourceMgr'],DistributedCameraSourceMgr,DistributedCameraSourceMgr
214,197,services/cameraservice/sourceservice/include/distributedcameramgr/dcamerastate/dcamera_source_opened_state.h,services/cameraservice/sourceservice/include/distributedcameramgr/dcamera_source_event.h,DoUnregisterTask,DCameraSourceEvent,functionproto,type,Parameter,10.0,True,3083,2869,['DistributedCameraSourceMgr'],['DistributedCameraSourceMgr'],DistributedCameraSourceMgr,DistributedCameraSourceMgr
214,197,services/cameraservice/sourceservice/include/distributedcameramgr/dcamerastate/dcamera_source_opened_state.h,services/cameraservice/sourceservice/include/distributedcameramgr/dcamera_source_event.h,DoConfigStreamsTask,DCameraSourceEvent,functionproto,type,Parameter,10.0,True,3078,2869,['DistributedCameraSourceMgr'],['DistributedCameraSourceMgr'],DistributedCameraSourceMgr,DistributedCameraSourceMgr
214,197,services/cameraservice/sourceservice/include/distributedcameramgr/dcamerastate/dcamera_source_opened_state.h,services/cameraservice/sourceservice/include/distributedcameramgr/dcamera_source_event.h,DoReleaseStreamsTask,DCameraSourceEvent,functionproto,type,Parameter,10.0,True,3082,2869,['DistributedCameraSourceMgr'],['DistributedCameraSourceMgr'],DistributedCameraSourceMgr,DistributedCameraSourceMgr
214,197,services/cameraservice/sourceservice/include/distributedcameramgr/dcamerastate/dcamera_source_opened_state.h,services/cameraservice/sourceservice/include/distributedcameramgr/dcamera_source_event.h,DoUpdateSettingsTask,DCameraSourceEvent,functionproto,type,Parameter,10.0,True,3084,2869,['DistributedCameraSourceMgr'],['DistributedCameraSourceMgr'],DistributedCameraSourceMgr,DistributedCameraSourceMgr
214,197,services/cameraservice/sourceservice/include/distributedcameramgr/dcamerastate/dcamera_source_opened_state.h,services/cameraservice/sourceservice/include/distributedcameramgr/dcamera_source_event.h,DoOpenTask,DCameraSourceEvent,functionproto,type,Parameter,10.0,True,3080,2869,['DistributedCameraSourceMgr'],['DistributedCameraSourceMgr'],DistributedCameraSourceMgr,DistributedCameraSourceMgr
214,197,services/cameraservice/sourceservice/include/distributedcameramgr/dcamerastate/dcamera_source_opened_state.h,services/cameraservice/sourceservice/include/distributedcameramgr/dcamera_source_event.h,DoCloseTask,DCameraSourceEvent,functionproto,type,Parameter,10.0,True,3077,2869,['DistributedCameraSourceMgr'],['DistributedCameraSourceMgr'],DistributedCameraSourceMgr,DistributedCameraSourceMgr
214,197,services/cameraservice/sourceservice/include/distributedcameramgr/dcamerastate/dcamera_source_opened_state.h,services/cameraservice/sourceservice/include/distributedcameramgr/dcamera_source_event.h,DoEventNofityTask,DCameraSourceEvent,functionproto,type,Parameter,10.0,True,3079,2869,['DistributedCameraSourceMgr'],['DistributedCameraSourceMgr'],DistributedCameraSourceMgr,DistributedCameraSourceMgr
264,75,services/data_process/include/pipeline_node/multimedia_codec/decode_data_process.h,common/include/constants/distributed_camera_errno.h,,,file,file,Import,1.0,False,,,['CameraDataProcessCommon'],['utils'],CameraDataProcessCommon,utils
264,76,services/data_process/include/pipeline_node/multimedia_codec/decode_data_process.h,common/include/utils/data_buffer.h,,,file,file,Import,1.0,False,,,['CameraDataProcessCommon'],['utils'],CameraDataProcessCommon,utils
264,76,services/data_process/include/pipeline_node/multimedia_codec/decode_data_process.h,common/include/utils/data_buffer.h,inputBuffersQueue_,DataBuffer,var,type,Use,1.0,True,4054,1470,['CameraDataProcessCommon'],['utils'],CameraDataProcessCommon,utils
264,76,services/data_process/include/pipeline_node/multimedia_codec/decode_data_process.h,common/include/utils/data_buffer.h,inputBuffersQueue_,DataBuffer,var,type,Parameter,1.0,True,4054,1470,['CameraDataProcessCommon'],['utils'],CameraDataProcessCommon,utils
120,122,services/cameraservice/cameraoperator/client/include/callback/dcamera_video_callback.h,services/cameraservice/cameraoperator/client/include/icamera_operator.h,,,file,file,Import,1.0,False,,,['utils'],['utils'],utils,utils
120,122,services/cameraservice/cameraoperator/client/include/callback/dcamera_video_callback.h,services/cameraservice/cameraoperator/client/include/icamera_operator.h,callback_,StateCallback,var,type,Use,1.0,True,1924,1951,['utils'],['utils'],utils,utils
120,122,services/cameraservice/cameraoperator/client/include/callback/dcamera_video_callback.h,services/cameraservice/cameraoperator/client/include/icamera_operator.h,callback_,StateCallback,var,type,Parameter,1.0,True,1924,1951,['utils'],['utils'],utils,utils
275,262,services/data_process/src/pipeline_node/multimedia_codec/decode_data_process_common.cpp,services/data_process/include/pipeline_node/colorspace_conversion/convert_nv12_to_nv21.h,,,file,file,Import,1.0,False,,,['CameraDataProcessCommon'],['CameraDataProcessCommon'],CameraDataProcessCommon,CameraDataProcessCommon
275,265,services/data_process/src/pipeline_node/multimedia_codec/decode_data_process_common.cpp,services/data_process/include/pipeline_node/multimedia_codec/decode_video_callback.h,,,file,file,Import,1.0,False,,,['CameraDataProcessCommon'],['CameraDataProcessCommon'],CameraDataProcessCommon,CameraDataProcessCommon
275,265,services/data_process/src/pipeline_node/multimedia_codec/decode_data_process_common.cpp,services/data_process/include/pipeline_node/multimedia_codec/decode_video_callback.h,InitDecoder,DecodeVideoCallback,functionimpl,type,Use,1.0,True,4370,4064,['CameraDataProcessCommon'],['CameraDataProcessCommon'],CameraDataProcessCommon,CameraDataProcessCommon
275,264,services/data_process/src/pipeline_node/multimedia_codec/decode_data_process_common.cpp,services/data_process/include/pipeline_node/multimedia_codec/decode_data_process.h,SetDecoderOutputSurface,DecodeSurfaceListener,functionimpl,type,Call,1.0,True,4386,4048,['CameraDataProcessCommon'],['CameraDataProcessCommon'],CameraDataProcessCommon,CameraDataProcessCommon
275,264,services/data_process/src/pipeline_node/multimedia_codec/decode_data_process_common.cpp,services/data_process/include/pipeline_node/multimedia_codec/decode_data_process.h,,,file,file,Import,1.0,False,,,['CameraDataProcessCommon'],['CameraDataProcessCommon'],CameraDataProcessCommon,CameraDataProcessCommon
275,264,services/data_process/src/pipeline_node/multimedia_codec/decode_data_process_common.cpp,services/data_process/include/pipeline_node/multimedia_codec/decode_data_process.h,SetDecoderOutputSurface,DecodeSurfaceListener,functionimpl,type,Use,2.0,True,4386,4048,['CameraDataProcessCommon'],['CameraDataProcessCommon'],CameraDataProcessCommon,CameraDataProcessCommon
275,264,services/data_process/src/pipeline_node/multimedia_codec/decode_data_process_common.cpp,services/data_process/include/pipeline_node/multimedia_codec/decode_data_process.h,OnBufferAvailable,DecodeDataProcess,functionimpl,type,Use,2.0,True,4376,4047,['CameraDataProcessCommon'],['CameraDataProcessCommon'],CameraDataProcessCommon,CameraDataProcessCommon
275,264,services/data_process/src/pipeline_node/multimedia_codec/decode_data_process_common.cpp,services/data_process/include/pipeline_node/multimedia_codec/decode_data_process.h,SetDecoderOutputSurface,DecodeSurfaceListener,functionimpl,type,Create,1.0,True,4386,4048,['CameraDataProcessCommon'],['CameraDataProcessCommon'],CameraDataProcessCommon,CameraDataProcessCommon
275,264,services/data_process/src/pipeline_node/multimedia_codec/decode_data_process_common.cpp,services/data_process/include/pipeline_node/multimedia_codec/decode_data_process.h,~DecodeDataProcess,~DecodeDataProcess,functionimpl,functionproto,Implement,31.0,True,4388,4045,['CameraDataProcessCommon'],['CameraDataProcessCommon'],CameraDataProcessCommon,CameraDataProcessCommon
275,264,services/data_process/src/pipeline_node/multimedia_codec/decode_data_process_common.cpp,services/data_process/include/pipeline_node/multimedia_codec/decode_data_process.h,InitNode,InitNode,functionimpl,functionproto,Implement,31.0,True,4372,4029,['CameraDataProcessCommon'],['CameraDataProcessCommon'],CameraDataProcessCommon,CameraDataProcessCommon
275,264,services/data_process/src/pipeline_node/multimedia_codec/decode_data_process_common.cpp,services/data_process/include/pipeline_node/multimedia_codec/decode_data_process.h,GetAlignedHeight,GetAlignedHeight,functionimpl,functionproto,Implement,31.0,True,4364,4021,['CameraDataProcessCommon'],['CameraDataProcessCommon'],CameraDataProcessCommon,CameraDataProcessCommon
275,264,services/data_process/src/pipeline_node/multimedia_codec/decode_data_process_common.cpp,services/data_process/include/pipeline_node/multimedia_codec/decode_data_process.h,IsInDecoderRange,IsInDecoderRange,functionimpl,functionproto,Implement,31.0,True,4375,4032,['CameraDataProcessCommon'],['CameraDataProcessCommon'],CameraDataProcessCommon,CameraDataProcessCommon
275,264,services/data_process/src/pipeline_node/multimedia_codec/decode_data_process_common.cpp,services/data_process/include/pipeline_node/multimedia_codec/decode_data_process.h,IsConvertible,IsConvertible,functionimpl,functionproto,Implement,31.0,True,4373,4030,['CameraDataProcessCommon'],['CameraDataProcessCommon'],CameraDataProcessCommon,CameraDataProcessCommon
275,264,services/data_process/src/pipeline_node/multimedia_codec/decode_data_process_common.cpp,services/data_process/include/pipeline_node/multimedia_codec/decode_data_process.h,InitCodecEvent,InitCodecEvent,functionimpl,functionproto,Implement,31.0,True,4369,4026,['CameraDataProcessCommon'],['CameraDataProcessCommon'],CameraDataProcessCommon,CameraDataProcessCommon
275,264,services/data_process/src/pipeline_node/multimedia_codec/decode_data_process_common.cpp,services/data_process/include/pipeline_node/multimedia_codec/decode_data_process.h,InitDecoder,InitDecoder,functionimpl,functionproto,Implement,31.0,True,4370,4027,['CameraDataProcessCommon'],['CameraDataProcessCommon'],CameraDataProcessCommon,CameraDataProcessCommon
275,264,services/data_process/src/pipeline_node/multimedia_codec/decode_data_process_common.cpp,services/data_process/include/pipeline_node/multimedia_codec/decode_data_process.h,InitDecoderMetadataFormat,InitDecoderMetadataFormat,functionimpl,functionproto,Implement,31.0,True,4371,4028,['CameraDataProcessCommon'],['CameraDataProcessCommon'],CameraDataProcessCommon,CameraDataProcessCommon
275,264,services/data_process/src/pipeline_node/multimedia_codec/decode_data_process_common.cpp,services/data_process/include/pipeline_node/multimedia_codec/decode_data_process.h,SetDecoderOutputSurface,SetDecoderOutputSurface,functionimpl,functionproto,Implement,31.0,True,4386,4043,['CameraDataProcessCommon'],['CameraDataProcessCommon'],CameraDataProcessCommon,CameraDataProcessCommon
275,264,services/data_process/src/pipeline_node/multimedia_codec/decode_data_process_common.cpp,services/data_process/include/pipeline_node/multimedia_codec/decode_data_process.h,ReleaseProcessNode,ReleaseProcessNode,functionimpl,functionproto,Implement,31.0,True,4384,4041,['CameraDataProcessCommon'],['CameraDataProcessCommon'],CameraDataProcessCommon,CameraDataProcessCommon
275,264,services/data_process/src/pipeline_node/multimedia_codec/decode_data_process_common.cpp,services/data_process/include/pipeline_node/multimedia_codec/decode_data_process.h,ProcessData,ProcessData,functionimpl,functionproto,Implement,31.0,True,4383,4040,['CameraDataProcessCommon'],['CameraDataProcessCommon'],CameraDataProcessCommon,CameraDataProcessCommon
275,264,services/data_process/src/pipeline_node/multimedia_codec/decode_data_process_common.cpp,services/data_process/include/pipeline_node/multimedia_codec/decode_data_process.h,FeedDecoderInputBuffer,FeedDecoderInputBuffer,functionimpl,functionproto,Implement,31.0,True,4363,4020,['CameraDataProcessCommon'],['CameraDataProcessCommon'],CameraDataProcessCommon,CameraDataProcessCommon
275,264,services/data_process/src/pipeline_node/multimedia_codec/decode_data_process_common.cpp,services/data_process/include/pipeline_node/multimedia_codec/decode_data_process.h,GetDecoderTimeStamp,GetDecoderTimeStamp,functionimpl,functionproto,Implement,31.0,True,4366,4023,['CameraDataProcessCommon'],['CameraDataProcessCommon'],CameraDataProcessCommon,CameraDataProcessCommon
275,264,services/data_process/src/pipeline_node/multimedia_codec/decode_data_process_common.cpp,services/data_process/include/pipeline_node/multimedia_codec/decode_data_process.h,GetDecoderOutputBuffer,GetDecoderOutputBuffer,functionimpl,functionproto,Implement,31.0,True,4365,4022,['CameraDataProcessCommon'],['CameraDataProcessCommon'],CameraDataProcessCommon,CameraDataProcessCommon
275,264,services/data_process/src/pipeline_node/multimedia_codec/decode_data_process_common.cpp,services/data_process/include/pipeline_node/multimedia_codec/decode_data_process.h,CopyDecodedImage,CopyDecodedImage,functionimpl,functionproto,Implement,31.0,True,4360,4017,['CameraDataProcessCommon'],['CameraDataProcessCommon'],CameraDataProcessCommon,CameraDataProcessCommon
275,264,services/data_process/src/pipeline_node/multimedia_codec/decode_data_process_common.cpp,services/data_process/include/pipeline_node/multimedia_codec/decode_data_process.h,CopyYUVPlaneByRow,CopyYUVPlaneByRow,functionimpl,functionproto,Implement,31.0,True,4361,4018,['CameraDataProcessCommon'],['CameraDataProcessCommon'],CameraDataProcessCommon,CameraDataProcessCommon
275,264,services/data_process/src/pipeline_node/multimedia_codec/decode_data_process_common.cpp,services/data_process/include/pipeline_node/multimedia_codec/decode_data_process.h,CheckCopyImageInfo,CheckCopyImageInfo,functionimpl,functionproto,Implement,31.0,True,4359,4016,['CameraDataProcessCommon'],['CameraDataProcessCommon'],CameraDataProcessCommon,CameraDataProcessCommon
275,264,services/data_process/src/pipeline_node/multimedia_codec/decode_data_process_common.cpp,services/data_process/include/pipeline_node/multimedia_codec/decode_data_process.h,IsCorrectImageUnitInfo,IsCorrectImageUnitInfo,functionimpl,functionproto,Implement,31.0,True,4374,4031,['CameraDataProcessCommon'],['CameraDataProcessCommon'],CameraDataProcessCommon,CameraDataProcessCommon
275,264,services/data_process/src/pipeline_node/multimedia_codec/decode_data_process_common.cpp,services/data_process/include/pipeline_node/multimedia_codec/decode_data_process.h,PostOutputDataBuffers,PostOutputDataBuffers,functionimpl,functionproto,Implement,31.0,True,4382,4039,['CameraDataProcessCommon'],['CameraDataProcessCommon'],CameraDataProcessCommon,CameraDataProcessCommon
275,264,services/data_process/src/pipeline_node/multimedia_codec/decode_data_process_common.cpp,services/data_process/include/pipeline_node/multimedia_codec/decode_data_process.h,DecodeDone,DecodeDone,functionimpl,functionproto,Implement,31.0,True,4362,4019,['CameraDataProcessCommon'],['CameraDataProcessCommon'],CameraDataProcessCommon,CameraDataProcessCommon
275,264,services/data_process/src/pipeline_node/multimedia_codec/decode_data_process_common.cpp,services/data_process/include/pipeline_node/multimedia_codec/decode_data_process.h,OnEvent,OnEvent,functionimpl,functionproto,Implement,31.0,True,4378,4035,['CameraDataProcessCommon'],['CameraDataProcessCommon'],CameraDataProcessCommon,CameraDataProcessCommon
275,264,services/data_process/src/pipeline_node/multimedia_codec/decode_data_process_common.cpp,services/data_process/include/pipeline_node/multimedia_codec/decode_data_process.h,OnError,OnError,functionimpl,functionproto,Implement,31.0,True,4377,4034,['CameraDataProcessCommon'],['CameraDataProcessCommon'],CameraDataProcessCommon,CameraDataProcessCommon
275,264,services/data_process/src/pipeline_node/multimedia_codec/decode_data_process_common.cpp,services/data_process/include/pipeline_node/multimedia_codec/decode_data_process.h,OnInputBufferAvailable,OnInputBufferAvailable,functionimpl,functionproto,Implement,31.0,True,4379,4036,['CameraDataProcessCommon'],['CameraDataProcessCommon'],CameraDataProcessCommon,CameraDataProcessCommon
275,264,services/data_process/src/pipeline_node/multimedia_codec/decode_data_process_common.cpp,services/data_process/include/pipeline_node/multimedia_codec/decode_data_process.h,OnOutputFormatChanged,OnOutputFormatChanged,functionimpl,functionproto,Implement,31.0,True,4381,4038,['CameraDataProcessCommon'],['CameraDataProcessCommon'],CameraDataProcessCommon,CameraDataProcessCommon
275,264,services/data_process/src/pipeline_node/multimedia_codec/decode_data_process_common.cpp,services/data_process/include/pipeline_node/multimedia_codec/decode_data_process.h,OnOutputBufferAvailable,OnOutputBufferAvailable,functionimpl,functionproto,Implement,31.0,True,4380,4037,['CameraDataProcessCommon'],['CameraDataProcessCommon'],CameraDataProcessCommon,CameraDataProcessCommon
275,264,services/data_process/src/pipeline_node/multimedia_codec/decode_data_process_common.cpp,services/data_process/include/pipeline_node/multimedia_codec/decode_data_process.h,GetSourceConfig,GetSourceConfig,functionimpl,functionproto,Implement,31.0,True,4367,4024,['CameraDataProcessCommon'],['CameraDataProcessCommon'],CameraDataProcessCommon,CameraDataProcessCommon
275,264,services/data_process/src/pipeline_node/multimedia_codec/decode_data_process_common.cpp,services/data_process/include/pipeline_node/multimedia_codec/decode_data_process.h,GetTargetConfig,GetTargetConfig,functionimpl,functionproto,Implement,31.0,True,4368,4025,['CameraDataProcessCommon'],['CameraDataProcessCommon'],CameraDataProcessCommon,CameraDataProcessCommon
275,264,services/data_process/src/pipeline_node/multimedia_codec/decode_data_process_common.cpp,services/data_process/include/pipeline_node/multimedia_codec/decode_data_process.h,OnBufferAvailable,OnBufferAvailable,functionimpl,functionproto,Implement,31.0,True,4376,4033,['CameraDataProcessCommon'],['CameraDataProcessCommon'],CameraDataProcessCommon,CameraDataProcessCommon
275,264,services/data_process/src/pipeline_node/multimedia_codec/decode_data_process_common.cpp,services/data_process/include/pipeline_node/multimedia_codec/decode_data_process.h,SetSurface,SetSurface,functionimpl,functionproto,Implement,31.0,True,4387,4044,['CameraDataProcessCommon'],['CameraDataProcessCommon'],CameraDataProcessCommon,CameraDataProcessCommon
275,264,services/data_process/src/pipeline_node/multimedia_codec/decode_data_process_common.cpp,services/data_process/include/pipeline_node/multimedia_codec/decode_data_process.h,SetDecodeVideoNode,SetDecodeVideoNode,functionimpl,functionproto,Implement,31.0,True,4385,4042,['CameraDataProcessCommon'],['CameraDataProcessCommon'],CameraDataProcessCommon,CameraDataProcessCommon
275,264,services/data_process/src/pipeline_node/multimedia_codec/decode_data_process_common.cpp,services/data_process/include/pipeline_node/multimedia_codec/decode_data_process.h,~DecodeSurfaceListener,~DecodeSurfaceListener,functionimpl,functionproto,Implement,31.0,True,4389,4046,['CameraDataProcessCommon'],['CameraDataProcessCommon'],CameraDataProcessCommon,CameraDataProcessCommon
36,37,camera_hdf/interfaces/hdi_ipc/client/operator/doffline_stream_operator_proxy.cpp,camera_hdf/interfaces/hdi_ipc/client/operator/doffline_stream_operator_proxy.h,,,file,file,Import,1.0,False,,,['VirtualCameraHdf'],['VirtualCameraHdf'],VirtualCameraHdf,VirtualCameraHdf
36,37,camera_hdf/interfaces/hdi_ipc/client/operator/doffline_stream_operator_proxy.cpp,camera_hdf/interfaces/hdi_ipc/client/operator/doffline_stream_operator_proxy.h,CancelCapture,CancelCapture,functionimpl,functionproto,Implement,3.0,True,861,872,['VirtualCameraHdf'],['VirtualCameraHdf'],VirtualCameraHdf,VirtualCameraHdf
36,37,camera_hdf/interfaces/hdi_ipc/client/operator/doffline_stream_operator_proxy.cpp,camera_hdf/interfaces/hdi_ipc/client/operator/doffline_stream_operator_proxy.h,ReleaseStreams,ReleaseStreams,functionimpl,functionproto,Implement,3.0,True,863,874,['VirtualCameraHdf'],['VirtualCameraHdf'],VirtualCameraHdf,VirtualCameraHdf
36,37,camera_hdf/interfaces/hdi_ipc/client/operator/doffline_stream_operator_proxy.cpp,camera_hdf/interfaces/hdi_ipc/client/operator/doffline_stream_operator_proxy.h,Release,Release,functionimpl,functionproto,Implement,3.0,True,862,873,['VirtualCameraHdf'],['VirtualCameraHdf'],VirtualCameraHdf,VirtualCameraHdf
275,268,services/data_process/src/pipeline_node/multimedia_codec/decode_data_process_common.cpp,services/data_process/include/utils/image_common_type.h,IsInDecoderRange,GetWidth,functionimpl,functionproto,Call,8.0,True,4375,4109,['CameraDataProcessCommon'],['CameraDataProcessCommon'],CameraDataProcessCommon,CameraDataProcessCommon
275,268,services/data_process/src/pipeline_node/multimedia_codec/decode_data_process_common.cpp,services/data_process/include/utils/image_common_type.h,IsInDecoderRange,GetHeight,functionimpl,functionproto,Call,8.0,True,4375,4106,['CameraDataProcessCommon'],['CameraDataProcessCommon'],CameraDataProcessCommon,CameraDataProcessCommon
275,268,services/data_process/src/pipeline_node/multimedia_codec/decode_data_process_common.cpp,services/data_process/include/utils/image_common_type.h,IsInDecoderRange,GetFrameRate,functionimpl,functionproto,Call,8.0,True,4375,4105,['CameraDataProcessCommon'],['CameraDataProcessCommon'],CameraDataProcessCommon,CameraDataProcessCommon
275,268,services/data_process/src/pipeline_node/multimedia_codec/decode_data_process_common.cpp,services/data_process/include/utils/image_common_type.h,IsConvertible,GetVideoCodecType,functionimpl,functionproto,Call,8.0,True,4373,4107,['CameraDataProcessCommon'],['CameraDataProcessCommon'],CameraDataProcessCommon,CameraDataProcessCommon
275,268,services/data_process/src/pipeline_node/multimedia_codec/decode_data_process_common.cpp,services/data_process/include/utils/image_common_type.h,GetSourceConfig,VideoConfigParams,functionimpl,type,Return,2.0,True,4367,4117,['CameraDataProcessCommon'],['CameraDataProcessCommon'],CameraDataProcessCommon,CameraDataProcessCommon
275,268,services/data_process/src/pipeline_node/multimedia_codec/decode_data_process_common.cpp,services/data_process/include/utils/image_common_type.h,GetTargetConfig,VideoConfigParams,functionimpl,type,Return,2.0,True,4368,4117,['CameraDataProcessCommon'],['CameraDataProcessCommon'],CameraDataProcessCommon,CameraDataProcessCommon
275,268,services/data_process/src/pipeline_node/multimedia_codec/decode_data_process_common.cpp,services/data_process/include/utils/image_common_type.h,IsConvertible,NO_CODEC,functionimpl,var,Use,54.0,True,4373,4121,['CameraDataProcessCommon'],['CameraDataProcessCommon'],CameraDataProcessCommon,CameraDataProcessCommon
275,268,services/data_process/src/pipeline_node/multimedia_codec/decode_data_process_common.cpp,services/data_process/include/utils/image_common_type.h,CopyYUVPlaneByRow,ImageUnitInfo,functionimpl,type,Use,54.0,True,4361,4114,['CameraDataProcessCommon'],['CameraDataProcessCommon'],CameraDataProcessCommon,CameraDataProcessCommon
275,268,services/data_process/src/pipeline_node/multimedia_codec/decode_data_process_common.cpp,services/data_process/include/utils/image_common_type.h,CheckCopyImageInfo,ImageUnitInfo,functionimpl,type,Use,54.0,True,4359,4114,['CameraDataProcessCommon'],['CameraDataProcessCommon'],CameraDataProcessCommon,CameraDataProcessCommon
275,268,services/data_process/src/pipeline_node/multimedia_codec/decode_data_process_common.cpp,services/data_process/include/utils/image_common_type.h,IsCorrectImageUnitInfo,ImageUnitInfo,functionimpl,type,Use,54.0,True,4374,4114,['CameraDataProcessCommon'],['CameraDataProcessCommon'],CameraDataProcessCommon,CameraDataProcessCommon
275,268,services/data_process/src/pipeline_node/multimedia_codec/decode_data_process_common.cpp,services/data_process/include/utils/image_common_type.h,PostOutputDataBuffers,VideoCodecType,functionimpl,type,Use,54.0,True,4382,4116,['CameraDataProcessCommon'],['CameraDataProcessCommon'],CameraDataProcessCommon,CameraDataProcessCommon
275,268,services/data_process/src/pipeline_node/multimedia_codec/decode_data_process_common.cpp,services/data_process/include/utils/image_common_type.h,PostOutputDataBuffers,NO_CODEC,functionimpl,var,Use,54.0,True,4382,4121,['CameraDataProcessCommon'],['CameraDataProcessCommon'],CameraDataProcessCommon,CameraDataProcessCommon
275,268,services/data_process/src/pipeline_node/multimedia_codec/decode_data_process_common.cpp,services/data_process/include/utils/image_common_type.h,IsInDecoderRange,VideoConfigParams,functionimpl,type,Parameter,8.0,True,4375,4117,['CameraDataProcessCommon'],['CameraDataProcessCommon'],CameraDataProcessCommon,CameraDataProcessCommon
275,268,services/data_process/src/pipeline_node/multimedia_codec/decode_data_process_common.cpp,services/data_process/include/utils/image_common_type.h,IsConvertible,VideoConfigParams,functionimpl,type,Parameter,8.0,True,4373,4117,['CameraDataProcessCommon'],['CameraDataProcessCommon'],CameraDataProcessCommon,CameraDataProcessCommon
275,268,services/data_process/src/pipeline_node/multimedia_codec/decode_data_process_common.cpp,services/data_process/include/utils/image_common_type.h,CopyYUVPlaneByRow,ImageUnitInfo,functionimpl,type,Parameter,8.0,True,4361,4114,['CameraDataProcessCommon'],['CameraDataProcessCommon'],CameraDataProcessCommon,CameraDataProcessCommon
275,268,services/data_process/src/pipeline_node/multimedia_codec/decode_data_process_common.cpp,services/data_process/include/utils/image_common_type.h,CheckCopyImageInfo,ImageUnitInfo,functionimpl,type,Parameter,8.0,True,4359,4114,['CameraDataProcessCommon'],['CameraDataProcessCommon'],CameraDataProcessCommon,CameraDataProcessCommon
275,268,services/data_process/src/pipeline_node/multimedia_codec/decode_data_process_common.cpp,services/data_process/include/utils/image_common_type.h,IsCorrectImageUnitInfo,ImageUnitInfo,functionimpl,type,Parameter,8.0,True,4374,4114,['CameraDataProcessCommon'],['CameraDataProcessCommon'],CameraDataProcessCommon,CameraDataProcessCommon
205,76,services/cameraservice/sourceservice/include/distributedcameramgr/dcameradata/dcamera_stream_data_process_pipeline_listener.h,common/include/utils/data_buffer.h,,,file,file,Import,1.0,False,,,['DistributedCameraSourceMgr'],['utils'],DistributedCameraSourceMgr,utils
12,4,camera_hdf/hdi_impl/src/dcamera_device/dmetadata_processor.cpp,camera_hdf/hdi_impl/include/dstream_operator/dbuffer_manager.h,,,file,file,Import,1.0,False,,,['VirtualCameraHdf'],['VirtualCameraHdf'],VirtualCameraHdf,VirtualCameraHdf
12,1,camera_hdf/hdi_impl/src/dcamera_device/dmetadata_processor.cpp,camera_hdf/hdi_impl/include/dcamera_device/dmetadata_processor.h,,,file,file,Import,1.0,False,,,['VirtualCameraHdf'],['VirtualCameraHdf'],VirtualCameraHdf,VirtualCameraHdf
12,1,camera_hdf/hdi_impl/src/dcamera_device/dmetadata_processor.cpp,camera_hdf/hdi_impl/include/dcamera_device/dmetadata_processor.h,InitDCameraAbility,InitDCameraAbility,functionimpl,functionproto,Implement,18.0,True,309,40,['VirtualCameraHdf'],['VirtualCameraHdf'],VirtualCameraHdf,VirtualCameraHdf
12,1,camera_hdf/hdi_impl/src/dcamera_device/dmetadata_processor.cpp,camera_hdf/hdi_impl/include/dcamera_device/dmetadata_processor.h,InitDCameraDefaultAbilityKeys,InitDCameraDefaultAbilityKeys,functionimpl,functionproto,Implement,18.0,True,310,41,['VirtualCameraHdf'],['VirtualCameraHdf'],VirtualCameraHdf,VirtualCameraHdf
12,1,camera_hdf/hdi_impl/src/dcamera_device/dmetadata_processor.cpp,camera_hdf/hdi_impl/include/dcamera_device/dmetadata_processor.h,InitDCameraOutputAbilityKeys,InitDCameraOutputAbilityKeys,functionimpl,functionproto,Implement,18.0,True,311,42,['VirtualCameraHdf'],['VirtualCameraHdf'],VirtualCameraHdf,VirtualCameraHdf
12,1,camera_hdf/hdi_impl/src/dcamera_device/dmetadata_processor.cpp,camera_hdf/hdi_impl/include/dcamera_device/dmetadata_processor.h,AddAbilityEntry,AddAbilityEntry,functionimpl,functionproto,Implement,18.0,True,301,32,['VirtualCameraHdf'],['VirtualCameraHdf'],VirtualCameraHdf,VirtualCameraHdf
12,1,camera_hdf/hdi_impl/src/dcamera_device/dmetadata_processor.cpp,camera_hdf/hdi_impl/include/dcamera_device/dmetadata_processor.h,UpdateAbilityEntry,UpdateAbilityEntry,functionimpl,functionproto,Implement,18.0,True,317,48,['VirtualCameraHdf'],['VirtualCameraHdf'],VirtualCameraHdf,VirtualCameraHdf
12,1,camera_hdf/hdi_impl/src/dcamera_device/dmetadata_processor.cpp,camera_hdf/hdi_impl/include/dcamera_device/dmetadata_processor.h,GetDCameraAbility,GetDCameraAbility,functionimpl,functionproto,Implement,18.0,True,305,36,['VirtualCameraHdf'],['VirtualCameraHdf'],VirtualCameraHdf,VirtualCameraHdf
12,1,camera_hdf/hdi_impl/src/dcamera_device/dmetadata_processor.cpp,camera_hdf/hdi_impl/include/dcamera_device/dmetadata_processor.h,SetMetadataResultMode,SetMetadataResultMode,functionimpl,functionproto,Implement,18.0,True,316,47,['VirtualCameraHdf'],['VirtualCameraHdf'],VirtualCameraHdf,VirtualCameraHdf
12,1,camera_hdf/hdi_impl/src/dcamera_device/dmetadata_processor.cpp,camera_hdf/hdi_impl/include/dcamera_device/dmetadata_processor.h,GetEnabledMetadataResults,GetEnabledMetadataResults,functionimpl,functionproto,Implement,18.0,True,308,39,['VirtualCameraHdf'],['VirtualCameraHdf'],VirtualCameraHdf,VirtualCameraHdf
12,1,camera_hdf/hdi_impl/src/dcamera_device/dmetadata_processor.cpp,camera_hdf/hdi_impl/include/dcamera_device/dmetadata_processor.h,EnableMetadataResult,EnableMetadataResult,functionimpl,functionproto,Implement,18.0,True,304,35,['VirtualCameraHdf'],['VirtualCameraHdf'],VirtualCameraHdf,VirtualCameraHdf
12,1,camera_hdf/hdi_impl/src/dcamera_device/dmetadata_processor.cpp,camera_hdf/hdi_impl/include/dcamera_device/dmetadata_processor.h,DisableMetadataResult,DisableMetadataResult,functionimpl,functionproto,Implement,18.0,True,303,34,['VirtualCameraHdf'],['VirtualCameraHdf'],VirtualCameraHdf,VirtualCameraHdf
12,1,camera_hdf/hdi_impl/src/dcamera_device/dmetadata_processor.cpp,camera_hdf/hdi_impl/include/dcamera_device/dmetadata_processor.h,ResetEnableResults,ResetEnableResults,functionimpl,functionproto,Implement,18.0,True,313,44,['VirtualCameraHdf'],['VirtualCameraHdf'],VirtualCameraHdf,VirtualCameraHdf
12,1,camera_hdf/hdi_impl/src/dcamera_device/dmetadata_processor.cpp,camera_hdf/hdi_impl/include/dcamera_device/dmetadata_processor.h,UpdateResultMetadata,UpdateResultMetadata,functionimpl,functionproto,Implement,18.0,True,318,49,['VirtualCameraHdf'],['VirtualCameraHdf'],VirtualCameraHdf,VirtualCameraHdf
12,1,camera_hdf/hdi_impl/src/dcamera_device/dmetadata_processor.cpp,camera_hdf/hdi_impl/include/dcamera_device/dmetadata_processor.h,SaveResultMetadata,SaveResultMetadata,functionimpl,functionproto,Implement,18.0,True,315,46,['VirtualCameraHdf'],['VirtualCameraHdf'],VirtualCameraHdf,VirtualCameraHdf
12,1,camera_hdf/hdi_impl/src/dcamera_device/dmetadata_processor.cpp,camera_hdf/hdi_impl/include/dcamera_device/dmetadata_processor.h,ConvertToCameraMetadata,ConvertToCameraMetadata,functionimpl,functionproto,Implement,18.0,True,302,33,['VirtualCameraHdf'],['VirtualCameraHdf'],VirtualCameraHdf,VirtualCameraHdf
12,1,camera_hdf/hdi_impl/src/dcamera_device/dmetadata_processor.cpp,camera_hdf/hdi_impl/include/dcamera_device/dmetadata_processor.h,ResizeMetadataHeader,ResizeMetadataHeader,functionimpl,functionproto,Implement,18.0,True,314,45,['VirtualCameraHdf'],['VirtualCameraHdf'],VirtualCameraHdf,VirtualCameraHdf
12,1,camera_hdf/hdi_impl/src/dcamera_device/dmetadata_processor.cpp,camera_hdf/hdi_impl/include/dcamera_device/dmetadata_processor.h,GetDataSize,GetDataSize,functionimpl,functionproto,Implement,18.0,True,307,38,['VirtualCameraHdf'],['VirtualCameraHdf'],VirtualCameraHdf,VirtualCameraHdf
12,1,camera_hdf/hdi_impl/src/dcamera_device/dmetadata_processor.cpp,camera_hdf/hdi_impl/include/dcamera_device/dmetadata_processor.h,GetDCameraSupportedFormats,GetDCameraSupportedFormats,functionimpl,functionproto,Implement,18.0,True,306,37,['VirtualCameraHdf'],['VirtualCameraHdf'],VirtualCameraHdf,VirtualCameraHdf
12,1,camera_hdf/hdi_impl/src/dcamera_device/dmetadata_processor.cpp,camera_hdf/hdi_impl/include/dcamera_device/dmetadata_processor.h,PrintDCameraMetadata,PrintDCameraMetadata,functionimpl,functionproto,Implement,18.0,True,312,43,['VirtualCameraHdf'],['VirtualCameraHdf'],VirtualCameraHdf,VirtualCameraHdf
12,9,camera_hdf/hdi_impl/src/dcamera_device/dmetadata_processor.cpp,camera_hdf/hdi_impl/include/utils/constants.h,InitDCameraAbility,DEFAULT_ENTRY_CAPACITY,functionimpl,var,Use,19.0,True,309,224,['VirtualCameraHdf'],['VirtualCameraHdf'],VirtualCameraHdf,VirtualCameraHdf
12,9,camera_hdf/hdi_impl/src/dcamera_device/dmetadata_processor.cpp,camera_hdf/hdi_impl/include/utils/constants.h,InitDCameraAbility,DEFAULT_DATA_CAPACITY,functionimpl,var,Use,19.0,True,309,223,['VirtualCameraHdf'],['VirtualCameraHdf'],VirtualCameraHdf,VirtualCameraHdf
12,9,camera_hdf/hdi_impl/src/dcamera_device/dmetadata_processor.cpp,camera_hdf/hdi_impl/include/utils/constants.h,InitDCameraDefaultAbilityKeys,MIN_SUPPORT_DEFAULT_FPS,functionimpl,var,Use,19.0,True,310,239,['VirtualCameraHdf'],['VirtualCameraHdf'],VirtualCameraHdf,VirtualCameraHdf
12,9,camera_hdf/hdi_impl/src/dcamera_device/dmetadata_processor.cpp,camera_hdf/hdi_impl/include/utils/constants.h,InitDCameraDefaultAbilityKeys,MAX_SUPPORT_DEFAULT_FPS,functionimpl,var,Use,19.0,True,310,234,['VirtualCameraHdf'],['VirtualCameraHdf'],VirtualCameraHdf,VirtualCameraHdf
12,9,camera_hdf/hdi_impl/src/dcamera_device/dmetadata_processor.cpp,camera_hdf/hdi_impl/include/utils/constants.h,InitDCameraDefaultAbilityKeys,DEGREE_240,functionimpl,var,Use,19.0,True,310,226,['VirtualCameraHdf'],['VirtualCameraHdf'],VirtualCameraHdf,VirtualCameraHdf
12,9,camera_hdf/hdi_impl/src/dcamera_device/dmetadata_processor.cpp,camera_hdf/hdi_impl/include/utils/constants.h,InitDCameraDefaultAbilityKeys,DEGREE_180,functionimpl,var,Use,19.0,True,310,225,['VirtualCameraHdf'],['VirtualCameraHdf'],VirtualCameraHdf,VirtualCameraHdf
12,9,camera_hdf/hdi_impl/src/dcamera_device/dmetadata_processor.cpp,camera_hdf/hdi_impl/include/utils/constants.h,InitDCameraOutputAbilityKeys,DCResolution,functionimpl,type,Use,19.0,True,311,218,['VirtualCameraHdf'],['VirtualCameraHdf'],VirtualCameraHdf,VirtualCameraHdf
12,9,camera_hdf/hdi_impl/src/dcamera_device/dmetadata_processor.cpp,camera_hdf/hdi_impl/include/utils/constants.h,InitDCameraOutputAbilityKeys,MAX_FRAME_DURATION,functionimpl,var,Use,19.0,True,311,233,['VirtualCameraHdf'],['VirtualCameraHdf'],VirtualCameraHdf,VirtualCameraHdf
12,9,camera_hdf/hdi_impl/src/dcamera_device/dmetadata_processor.cpp,camera_hdf/hdi_impl/include/utils/constants.h,supportedFormats,DCResolution,var,type,Use,19.0,True,389,218,['VirtualCameraHdf'],['VirtualCameraHdf'],VirtualCameraHdf,VirtualCameraHdf
12,9,camera_hdf/hdi_impl/src/dcamera_device/dmetadata_processor.cpp,camera_hdf/hdi_impl/include/utils/constants.h,iter,DCResolution,var,type,Use,19.0,True,364,218,['VirtualCameraHdf'],['VirtualCameraHdf'],VirtualCameraHdf,VirtualCameraHdf
12,9,camera_hdf/hdi_impl/src/dcamera_device/dmetadata_processor.cpp,camera_hdf/hdi_impl/include/utils/constants.h,GetDCameraSupportedFormats,DCResolution,functionimpl,type,Use,19.0,True,306,218,['VirtualCameraHdf'],['VirtualCameraHdf'],VirtualCameraHdf,VirtualCameraHdf
12,9,camera_hdf/hdi_impl/src/dcamera_device/dmetadata_processor.cpp,camera_hdf/hdi_impl/include/utils/constants.h,GetDCameraSupportedFormats,STAR_SEPARATOR,functionimpl,var,Use,19.0,True,306,243,['VirtualCameraHdf'],['VirtualCameraHdf'],VirtualCameraHdf,VirtualCameraHdf
12,9,camera_hdf/hdi_impl/src/dcamera_device/dmetadata_processor.cpp,camera_hdf/hdi_impl/include/utils/constants.h,GetDCameraSupportedFormats,SIZE_FMT_LEN,functionimpl,var,Use,19.0,True,306,242,['VirtualCameraHdf'],['VirtualCameraHdf'],VirtualCameraHdf,VirtualCameraHdf
12,9,camera_hdf/hdi_impl/src/dcamera_device/dmetadata_processor.cpp,camera_hdf/hdi_impl/include/utils/constants.h,GetDCameraSupportedFormats,MAX_SUPPORT_PHOTO_WIDTH,functionimpl,var,Use,19.0,True,306,236,['VirtualCameraHdf'],['VirtualCameraHdf'],VirtualCameraHdf,VirtualCameraHdf
12,9,camera_hdf/hdi_impl/src/dcamera_device/dmetadata_processor.cpp,camera_hdf/hdi_impl/include/utils/constants.h,GetDCameraSupportedFormats,MAX_SUPPORT_PHOTO_HEIGHT,functionimpl,var,Use,19.0,True,306,235,['VirtualCameraHdf'],['VirtualCameraHdf'],VirtualCameraHdf,VirtualCameraHdf
12,9,camera_hdf/hdi_impl/src/dcamera_device/dmetadata_processor.cpp,camera_hdf/hdi_impl/include/utils/constants.h,GetDCameraSupportedFormats,MAX_SUPPORT_PREVIEW_WIDTH,functionimpl,var,Use,19.0,True,306,238,['VirtualCameraHdf'],['VirtualCameraHdf'],VirtualCameraHdf,VirtualCameraHdf
12,9,camera_hdf/hdi_impl/src/dcamera_device/dmetadata_processor.cpp,camera_hdf/hdi_impl/include/utils/constants.h,GetDCameraSupportedFormats,MAX_SUPPORT_PREVIEW_HEIGHT,functionimpl,var,Use,19.0,True,306,237,['VirtualCameraHdf'],['VirtualCameraHdf'],VirtualCameraHdf,VirtualCameraHdf
12,9,camera_hdf/hdi_impl/src/dcamera_device/dmetadata_processor.cpp,camera_hdf/hdi_impl/include/utils/constants.h,supportedFormats,DCResolution,var,type,Use,19.0,True,389,218,['VirtualCameraHdf'],['VirtualCameraHdf'],VirtualCameraHdf,VirtualCameraHdf
12,9,camera_hdf/hdi_impl/src/dcamera_device/dmetadata_processor.cpp,camera_hdf/hdi_impl/include/utils/constants.h,supportedFormats,DCResolution,var,type,Parameter,4.0,True,389,218,['VirtualCameraHdf'],['VirtualCameraHdf'],VirtualCameraHdf,VirtualCameraHdf
12,9,camera_hdf/hdi_impl/src/dcamera_device/dmetadata_processor.cpp,camera_hdf/hdi_impl/include/utils/constants.h,iter,DCResolution,var,type,Parameter,4.0,True,364,218,['VirtualCameraHdf'],['VirtualCameraHdf'],VirtualCameraHdf,VirtualCameraHdf
12,9,camera_hdf/hdi_impl/src/dcamera_device/dmetadata_processor.cpp,camera_hdf/hdi_impl/include/utils/constants.h,GetDCameraSupportedFormats,DCResolution,functionimpl,type,Parameter,4.0,True,306,218,['VirtualCameraHdf'],['VirtualCameraHdf'],VirtualCameraHdf,VirtualCameraHdf
12,9,camera_hdf/hdi_impl/src/dcamera_device/dmetadata_processor.cpp,camera_hdf/hdi_impl/include/utils/constants.h,supportedFormats,DCResolution,var,type,Parameter,4.0,True,389,218,['VirtualCameraHdf'],['VirtualCameraHdf'],VirtualCameraHdf,VirtualCameraHdf
12,9,camera_hdf/hdi_impl/src/dcamera_device/dmetadata_processor.cpp,camera_hdf/hdi_impl/include/utils/constants.h,GetDCameraSupportedFormats,DCResolution,functionimpl,type,Contain,1.0,True,306,218,['VirtualCameraHdf'],['VirtualCameraHdf'],VirtualCameraHdf,VirtualCameraHdf
206,73,services/cameraservice/sourceservice/include/distributedcameramgr/dcameradata/dcamera_stream_data_process_producer.h,camera_hdf/interfaces/include/types.h,DCameraStreamDataProcessProducer,DCStreamType,functionproto,alias,Parameter,1.0,True,2994,1373,['DistributedCameraSourceMgr'],['VirtualCameraHdf'],DistributedCameraSourceMgr,VirtualCameraHdf
206,73,services/cameraservice/sourceservice/include/distributedcameramgr/dcameradata/dcamera_stream_data_process_producer.h,camera_hdf/interfaces/include/types.h,DCameraStreamDataProcessProducer,_DCStreamType,type,type,Contain,1.0,True,3003,1387,['DistributedCameraSourceMgr'],['VirtualCameraHdf'],DistributedCameraSourceMgr,VirtualCameraHdf
87,75,interfaces/inner_kits/native_cpp/camera_sink/src/distributed_camera_sink_proxy.cpp,common/include/constants/distributed_camera_errno.h,,,file,file,Import,1.0,False,,,['DistributedCameraSinkMgr'],['utils'],DistributedCameraSinkMgr,utils
206,71,services/cameraservice/sourceservice/include/distributedcameramgr/dcameradata/dcamera_stream_data_process_producer.h,camera_hdf/interfaces/include/idistributed_camera_provider.h,,,file,file,Import,1.0,False,,,['DistributedCameraSourceMgr'],['VirtualCameraHdf'],DistributedCameraSourceMgr,VirtualCameraHdf
206,76,services/cameraservice/sourceservice/include/distributedcameramgr/dcameradata/dcamera_stream_data_process_producer.h,common/include/utils/data_buffer.h,,,file,file,Import,1.0,False,,,['DistributedCameraSourceMgr'],['utils'],DistributedCameraSourceMgr,utils
206,76,services/cameraservice/sourceservice/include/distributedcameramgr/dcameradata/dcamera_stream_data_process_producer.h,common/include/utils/data_buffer.h,buffers_,DataBuffer,var,type,Use,1.0,True,3004,1470,['DistributedCameraSourceMgr'],['utils'],DistributedCameraSourceMgr,utils
206,76,services/cameraservice/sourceservice/include/distributedcameramgr/dcameradata/dcamera_stream_data_process_producer.h,common/include/utils/data_buffer.h,buffers_,DataBuffer,var,type,Parameter,1.0,True,3004,1470,['DistributedCameraSourceMgr'],['utils'],DistributedCameraSourceMgr,utils
112,104,services/cameraservice/base/src/dcamera_metadata_setting_cmd.cpp,services/cameraservice/base/include/dcamera_metadata_setting_cmd.h,,,file,file,Import,1.0,False,,,['CameraServiceCommon'],['CameraServiceCommon'],CameraServiceCommon,CameraServiceCommon
112,104,services/cameraservice/base/src/dcamera_metadata_setting_cmd.cpp,services/cameraservice/base/include/dcamera_metadata_setting_cmd.h,Marshal,Marshal,functionimpl,functionproto,Implement,2.0,True,1864,1782,['CameraServiceCommon'],['CameraServiceCommon'],CameraServiceCommon,CameraServiceCommon
112,104,services/cameraservice/base/src/dcamera_metadata_setting_cmd.cpp,services/cameraservice/base/include/dcamera_metadata_setting_cmd.h,Unmarshal,Unmarshal,functionimpl,functionproto,Implement,2.0,True,1865,1783,['CameraServiceCommon'],['CameraServiceCommon'],CameraServiceCommon,CameraServiceCommon
86,75,interfaces/inner_kits/native_cpp/camera_sink/src/dcamera_sink_handler_ipc.cpp,common/include/constants/distributed_camera_errno.h,,,file,file,Import,1.0,False,,,['DistributedCameraSinkMgr'],['utils'],DistributedCameraSinkMgr,utils
86,74,interfaces/inner_kits/native_cpp/camera_sink/src/dcamera_sink_handler_ipc.cpp,common/include/constants/distributed_camera_constants.h,,,file,file,Import,1.0,False,,,['DistributedCameraSinkMgr'],['utils'],DistributedCameraSinkMgr,utils
86,74,interfaces/inner_kits/native_cpp/camera_sink/src/dcamera_sink_handler_ipc.cpp,common/include/constants/distributed_camera_constants.h,GetSinkLocalDHMS,DISTRIBUTED_HARDWARE_CAMERA_SINK_SA_ID,functionimpl,var,Use,1.0,True,1583,1438,['DistributedCameraSinkMgr'],['utils'],DistributedCameraSinkMgr,utils
13,73,camera_hdf/hdi_impl/src/dcamera_host/dcamera_host.cpp,camera_hdf/interfaces/include/types.h,AddDCameraDevice,DCamRetCode,functionimpl,alias,Return,2.0,True,397,1374,['VirtualCameraHdf'],['VirtualCameraHdf'],VirtualCameraHdf,VirtualCameraHdf
13,73,camera_hdf/hdi_impl/src/dcamera_host/dcamera_host.cpp,camera_hdf/interfaces/include/types.h,RemoveDCameraDevice,DCamRetCode,functionimpl,alias,Return,2.0,True,406,1374,['VirtualCameraHdf'],['VirtualCameraHdf'],VirtualCameraHdf,VirtualCameraHdf
13,73,camera_hdf/hdi_impl/src/dcamera_host/dcamera_host.cpp,camera_hdf/interfaces/include/types.h,AddDCameraDevice,INVALID_ARGUMENT,functionimpl,var,Use,4.0,True,397,1402,['VirtualCameraHdf'],['VirtualCameraHdf'],VirtualCameraHdf,VirtualCameraHdf
13,73,camera_hdf/hdi_impl/src/dcamera_host/dcamera_host.cpp,camera_hdf/interfaces/include/types.h,AddDCameraDevice,SUCCESS,functionimpl,var,Use,4.0,True,397,1405,['VirtualCameraHdf'],['VirtualCameraHdf'],VirtualCameraHdf,VirtualCameraHdf
13,73,camera_hdf/hdi_impl/src/dcamera_host/dcamera_host.cpp,camera_hdf/interfaces/include/types.h,RemoveDCameraDevice,INVALID_ARGUMENT,functionimpl,var,Use,4.0,True,406,1402,['VirtualCameraHdf'],['VirtualCameraHdf'],VirtualCameraHdf,VirtualCameraHdf
13,73,camera_hdf/hdi_impl/src/dcamera_host/dcamera_host.cpp,camera_hdf/interfaces/include/types.h,RemoveDCameraDevice,SUCCESS,functionimpl,var,Use,4.0,True,406,1405,['VirtualCameraHdf'],['VirtualCameraHdf'],VirtualCameraHdf,VirtualCameraHdf
13,73,camera_hdf/hdi_impl/src/dcamera_host/dcamera_host.cpp,camera_hdf/interfaces/include/types.h,AddDCameraDevice,_DHBase,functionimpl,type,Contain,3.0,True,397,1390,['VirtualCameraHdf'],['VirtualCameraHdf'],VirtualCameraHdf,VirtualCameraHdf
13,73,camera_hdf/hdi_impl/src/dcamera_host/dcamera_host.cpp,camera_hdf/interfaces/include/types.h,RemoveDCameraDevice,_DHBase,functionimpl,type,Contain,3.0,True,406,1390,['VirtualCameraHdf'],['VirtualCameraHdf'],VirtualCameraHdf,VirtualCameraHdf
13,73,camera_hdf/hdi_impl/src/dcamera_host/dcamera_host.cpp,camera_hdf/interfaces/include/types.h,GetCameraIdByDHBase,_DHBase,functionimpl,type,Contain,3.0,True,399,1390,['VirtualCameraHdf'],['VirtualCameraHdf'],VirtualCameraHdf,VirtualCameraHdf
159,147,services/cameraservice/sinkservice/include/distributedcameramgr/listener/dcamera_sink_controller_channel_listener.h,services/cameraservice/sinkservice/include/distributedcameramgr/dcamera_sink_controller.h,,,file,file,Import,1.0,False,,,['DistributedCameraSinkMgr'],['DistributedCameraSinkMgr'],DistributedCameraSinkMgr,DistributedCameraSinkMgr
159,147,services/cameraservice/sinkservice/include/distributedcameramgr/listener/dcamera_sink_controller_channel_listener.h,services/cameraservice/sinkservice/include/distributedcameramgr/dcamera_sink_controller.h,controller_,DCameraSinkController,var,type,Use,1.0,True,2387,2288,['DistributedCameraSinkMgr'],['DistributedCameraSinkMgr'],DistributedCameraSinkMgr,DistributedCameraSinkMgr
159,147,services/cameraservice/sinkservice/include/distributedcameramgr/listener/dcamera_sink_controller_channel_listener.h,services/cameraservice/sinkservice/include/distributedcameramgr/dcamera_sink_controller.h,controller_,DCameraSinkController,var,type,Parameter,1.0,True,2387,2288,['DistributedCameraSinkMgr'],['DistributedCameraSinkMgr'],DistributedCameraSinkMgr,DistributedCameraSinkMgr
199,71,services/cameraservice/sourceservice/include/distributedcameramgr/dcameracontrol/dcamera_source_controller.h,camera_hdf/interfaces/include/idistributed_camera_provider.h,,,file,file,Import,1.0,False,,,['DistributedCameraSourceMgr'],['VirtualCameraHdf'],DistributedCameraSourceMgr,VirtualCameraHdf
199,77,services/cameraservice/sourceservice/include/distributedcameramgr/dcameracontrol/dcamera_source_controller.h,common/include/utils/dcamera_index.h,,,file,file,Import,1.0,False,,,['DistributedCameraSourceMgr'],['utils'],DistributedCameraSourceMgr,utils
199,77,services/cameraservice/sourceservice/include/distributedcameramgr/dcameracontrol/dcamera_source_controller.h,common/include/utils/dcamera_index.h,indexs_,DCameraIndex,var,type,Use,1.0,True,2915,1475,['DistributedCameraSourceMgr'],['utils'],DistributedCameraSourceMgr,utils
199,77,services/cameraservice/sourceservice/include/distributedcameramgr/dcameracontrol/dcamera_source_controller.h,common/include/utils/dcamera_index.h,indexs_,DCameraIndex,var,type,Parameter,1.0,True,2915,1475,['DistributedCameraSourceMgr'],['utils'],DistributedCameraSourceMgr,utils
87,83,interfaces/inner_kits/native_cpp/camera_sink/src/distributed_camera_sink_proxy.cpp,interfaces/inner_kits/native_cpp/camera_sink/include/distributed_camera_sink_proxy.h,,,file,file,Import,1.0,False,,,['DistributedCameraSinkMgr'],['DistributedCameraSinkMgr'],DistributedCameraSinkMgr,DistributedCameraSinkMgr
87,83,interfaces/inner_kits/native_cpp/camera_sink/src/distributed_camera_sink_proxy.cpp,interfaces/inner_kits/native_cpp/camera_sink/include/distributed_camera_sink_proxy.h,InitSink,InitSink,functionimpl,functionproto,Implement,9.0,True,1597,1558,['DistributedCameraSinkMgr'],['DistributedCameraSinkMgr'],DistributedCameraSinkMgr,DistributedCameraSinkMgr
87,83,interfaces/inner_kits/native_cpp/camera_sink/src/distributed_camera_sink_proxy.cpp,interfaces/inner_kits/native_cpp/camera_sink/include/distributed_camera_sink_proxy.h,ReleaseSink,ReleaseSink,functionimpl,functionproto,Implement,9.0,True,1599,1560,['DistributedCameraSinkMgr'],['DistributedCameraSinkMgr'],DistributedCameraSinkMgr,DistributedCameraSinkMgr
87,83,interfaces/inner_kits/native_cpp/camera_sink/src/distributed_camera_sink_proxy.cpp,interfaces/inner_kits/native_cpp/camera_sink/include/distributed_camera_sink_proxy.h,SubscribeLocalHardware,SubscribeLocalHardware,functionimpl,functionproto,Implement,9.0,True,1601,1562,['DistributedCameraSinkMgr'],['DistributedCameraSinkMgr'],DistributedCameraSinkMgr,DistributedCameraSinkMgr
87,83,interfaces/inner_kits/native_cpp/camera_sink/src/distributed_camera_sink_proxy.cpp,interfaces/inner_kits/native_cpp/camera_sink/include/distributed_camera_sink_proxy.h,UnsubscribeLocalHardware,UnsubscribeLocalHardware,functionimpl,functionproto,Implement,9.0,True,1602,1563,['DistributedCameraSinkMgr'],['DistributedCameraSinkMgr'],DistributedCameraSinkMgr,DistributedCameraSinkMgr
87,83,interfaces/inner_kits/native_cpp/camera_sink/src/distributed_camera_sink_proxy.cpp,interfaces/inner_kits/native_cpp/camera_sink/include/distributed_camera_sink_proxy.h,StopCapture,StopCapture,functionimpl,functionproto,Implement,9.0,True,1600,1561,['DistributedCameraSinkMgr'],['DistributedCameraSinkMgr'],DistributedCameraSinkMgr,DistributedCameraSinkMgr
87,83,interfaces/inner_kits/native_cpp/camera_sink/src/distributed_camera_sink_proxy.cpp,interfaces/inner_kits/native_cpp/camera_sink/include/distributed_camera_sink_proxy.h,ChannelNeg,ChannelNeg,functionimpl,functionproto,Implement,9.0,True,1594,1555,['DistributedCameraSinkMgr'],['DistributedCameraSinkMgr'],DistributedCameraSinkMgr,DistributedCameraSinkMgr
87,83,interfaces/inner_kits/native_cpp/camera_sink/src/distributed_camera_sink_proxy.cpp,interfaces/inner_kits/native_cpp/camera_sink/include/distributed_camera_sink_proxy.h,GetCameraInfo,GetCameraInfo,functionimpl,functionproto,Implement,9.0,True,1596,1557,['DistributedCameraSinkMgr'],['DistributedCameraSinkMgr'],DistributedCameraSinkMgr,DistributedCameraSinkMgr
87,83,interfaces/inner_kits/native_cpp/camera_sink/src/distributed_camera_sink_proxy.cpp,interfaces/inner_kits/native_cpp/camera_sink/include/distributed_camera_sink_proxy.h,OpenChannel,OpenChannel,functionimpl,functionproto,Implement,9.0,True,1598,1559,['DistributedCameraSinkMgr'],['DistributedCameraSinkMgr'],DistributedCameraSinkMgr,DistributedCameraSinkMgr
87,83,interfaces/inner_kits/native_cpp/camera_sink/src/distributed_camera_sink_proxy.cpp,interfaces/inner_kits/native_cpp/camera_sink/include/distributed_camera_sink_proxy.h,CloseChannel,CloseChannel,functionimpl,functionproto,Implement,9.0,True,1595,1556,['DistributedCameraSinkMgr'],['DistributedCameraSinkMgr'],DistributedCameraSinkMgr,DistributedCameraSinkMgr
108,75,services/cameraservice/base/src/dcamera_capture_info_cmd.cpp,common/include/constants/distributed_camera_errno.h,,,file,file,Import,1.0,False,,,['CameraServiceCommon'],['utils'],CameraServiceCommon,utils
95,88,interfaces/inner_kits/native_cpp/camera_source/src/callback/dcamera_source_callback.cpp,interfaces/inner_kits/native_cpp/camera_source/include/callback/dcamera_source_callback.h,,,file,file,Import,1.0,False,,,['DistributedCameraSourceMgr'],['DistributedCameraSourceMgr'],DistributedCameraSourceMgr,DistributedCameraSourceMgr
95,88,interfaces/inner_kits/native_cpp/camera_source/src/callback/dcamera_source_callback.cpp,interfaces/inner_kits/native_cpp/camera_source/include/callback/dcamera_source_callback.h,~DCameraSourceCallback,~DCameraSourceCallback,functionimpl,functionproto,Implement,7.0,True,1674,1620,['DistributedCameraSourceMgr'],['DistributedCameraSourceMgr'],DistributedCameraSourceMgr,DistributedCameraSourceMgr
95,88,interfaces/inner_kits/native_cpp/camera_source/src/callback/dcamera_source_callback.cpp,interfaces/inner_kits/native_cpp/camera_source/include/callback/dcamera_source_callback.h,OnNotifyRegResult,OnNotifyRegResult,functionimpl,functionproto,Implement,7.0,True,1668,1614,['DistributedCameraSourceMgr'],['DistributedCameraSourceMgr'],DistributedCameraSourceMgr,DistributedCameraSourceMgr
95,88,interfaces/inner_kits/native_cpp/camera_source/src/callback/dcamera_source_callback.cpp,interfaces/inner_kits/native_cpp/camera_source/include/callback/dcamera_source_callback.h,OnNotifyUnregResult,OnNotifyUnregResult,functionimpl,functionproto,Implement,7.0,True,1669,1615,['DistributedCameraSourceMgr'],['DistributedCameraSourceMgr'],DistributedCameraSourceMgr,DistributedCameraSourceMgr
95,88,interfaces/inner_kits/native_cpp/camera_source/src/callback/dcamera_source_callback.cpp,interfaces/inner_kits/native_cpp/camera_source/include/callback/dcamera_source_callback.h,PushRegCallback,PushRegCallback,functionimpl,functionproto,Implement,7.0,True,1672,1618,['DistributedCameraSourceMgr'],['DistributedCameraSourceMgr'],DistributedCameraSourceMgr,DistributedCameraSourceMgr
95,88,interfaces/inner_kits/native_cpp/camera_source/src/callback/dcamera_source_callback.cpp,interfaces/inner_kits/native_cpp/camera_source/include/callback/dcamera_source_callback.h,PopRegCallback,PopRegCallback,functionimpl,functionproto,Implement,7.0,True,1670,1616,['DistributedCameraSourceMgr'],['DistributedCameraSourceMgr'],DistributedCameraSourceMgr,DistributedCameraSourceMgr
95,88,interfaces/inner_kits/native_cpp/camera_source/src/callback/dcamera_source_callback.cpp,interfaces/inner_kits/native_cpp/camera_source/include/callback/dcamera_source_callback.h,PushUnregCallback,PushUnregCallback,functionimpl,functionproto,Implement,7.0,True,1673,1619,['DistributedCameraSourceMgr'],['DistributedCameraSourceMgr'],DistributedCameraSourceMgr,DistributedCameraSourceMgr
95,88,interfaces/inner_kits/native_cpp/camera_source/src/callback/dcamera_source_callback.cpp,interfaces/inner_kits/native_cpp/camera_source/include/callback/dcamera_source_callback.h,PopUnregCallback,PopUnregCallback,functionimpl,functionproto,Implement,7.0,True,1671,1617,['DistributedCameraSourceMgr'],['DistributedCameraSourceMgr'],DistributedCameraSourceMgr,DistributedCameraSourceMgr
108,74,services/cameraservice/base/src/dcamera_capture_info_cmd.cpp,common/include/constants/distributed_camera_constants.h,,,file,file,Import,1.0,False,,,['CameraServiceCommon'],['utils'],CameraServiceCommon,utils
108,73,services/cameraservice/base/src/dcamera_capture_info_cmd.cpp,camera_hdf/interfaces/include/types.h,UmarshalValue,_DCEncodeType,functionimpl,type,Cast,3.0,True,1809,1384,['CameraServiceCommon'],['VirtualCameraHdf'],CameraServiceCommon,VirtualCameraHdf
108,73,services/cameraservice/base/src/dcamera_capture_info_cmd.cpp,camera_hdf/interfaces/include/types.h,UmarshalValue,_DCStreamType,functionimpl,type,Cast,3.0,True,1809,1387,['CameraServiceCommon'],['VirtualCameraHdf'],CameraServiceCommon,VirtualCameraHdf
108,73,services/cameraservice/base/src/dcamera_capture_info_cmd.cpp,camera_hdf/interfaces/include/types.h,UmarshalSettings,_DCSettingsType,functionimpl,type,Cast,3.0,True,1808,1385,['CameraServiceCommon'],['VirtualCameraHdf'],CameraServiceCommon,VirtualCameraHdf
108,73,services/cameraservice/base/src/dcamera_capture_info_cmd.cpp,camera_hdf/interfaces/include/types.h,UmarshalValue,_DCEncodeType,functionimpl,type,Use,4.0,True,1809,1384,['CameraServiceCommon'],['VirtualCameraHdf'],CameraServiceCommon,VirtualCameraHdf
108,73,services/cameraservice/base/src/dcamera_capture_info_cmd.cpp,camera_hdf/interfaces/include/types.h,UmarshalValue,_DCStreamType,functionimpl,type,Use,4.0,True,1809,1387,['CameraServiceCommon'],['VirtualCameraHdf'],CameraServiceCommon,VirtualCameraHdf
108,73,services/cameraservice/base/src/dcamera_capture_info_cmd.cpp,camera_hdf/interfaces/include/types.h,UmarshalSettings,DCameraSettings,functionimpl,alias,Use,4.0,True,1808,1377,['CameraServiceCommon'],['VirtualCameraHdf'],CameraServiceCommon,VirtualCameraHdf
108,73,services/cameraservice/base/src/dcamera_capture_info_cmd.cpp,camera_hdf/interfaces/include/types.h,UmarshalSettings,_DCSettingsType,functionimpl,type,Use,4.0,True,1808,1385,['CameraServiceCommon'],['VirtualCameraHdf'],CameraServiceCommon,VirtualCameraHdf
71,73,camera_hdf/interfaces/include/idistributed_camera_provider.h,camera_hdf/interfaces/include/types.h,EnableDCameraDevice,DCamRetCode,functionproto,alias,Return,6.0,True,1353,1374,['VirtualCameraHdf'],['VirtualCameraHdf'],VirtualCameraHdf,VirtualCameraHdf
71,73,camera_hdf/interfaces/include/idistributed_camera_provider.h,camera_hdf/interfaces/include/types.h,DisableDCameraDevice,DCamRetCode,functionproto,alias,Return,6.0,True,1352,1374,['VirtualCameraHdf'],['VirtualCameraHdf'],VirtualCameraHdf,VirtualCameraHdf
71,73,camera_hdf/interfaces/include/idistributed_camera_provider.h,camera_hdf/interfaces/include/types.h,AcquireBuffer,DCamRetCode,functionproto,alias,Return,6.0,True,1351,1374,['VirtualCameraHdf'],['VirtualCameraHdf'],VirtualCameraHdf,VirtualCameraHdf
71,73,camera_hdf/interfaces/include/idistributed_camera_provider.h,camera_hdf/interfaces/include/types.h,ShutterBuffer,DCamRetCode,functionproto,alias,Return,6.0,True,1357,1374,['VirtualCameraHdf'],['VirtualCameraHdf'],VirtualCameraHdf,VirtualCameraHdf
71,73,camera_hdf/interfaces/include/idistributed_camera_provider.h,camera_hdf/interfaces/include/types.h,OnSettingsResult,DCamRetCode,functionproto,alias,Return,6.0,True,1356,1374,['VirtualCameraHdf'],['VirtualCameraHdf'],VirtualCameraHdf,VirtualCameraHdf
71,73,camera_hdf/interfaces/include/idistributed_camera_provider.h,camera_hdf/interfaces/include/types.h,Notify,DCamRetCode,functionproto,alias,Return,6.0,True,1355,1374,['VirtualCameraHdf'],['VirtualCameraHdf'],VirtualCameraHdf,VirtualCameraHdf
272,76,services/data_process/src/pipeline_node/colorspace_conversion/convert_nv12_to_nv21.cpp,common/include/utils/data_buffer.h,ColorConvertNV12ToNV21,DataBuffer,functionimpl,type,Use,5.0,True,4182,1470,['CameraDataProcessCommon'],['utils'],CameraDataProcessCommon,utils
272,76,services/data_process/src/pipeline_node/colorspace_conversion/convert_nv12_to_nv21.cpp,common/include/utils/data_buffer.h,ProcessData,DataBuffer,functionimpl,type,Use,5.0,True,4189,1470,['CameraDataProcessCommon'],['utils'],CameraDataProcessCommon,utils
272,76,services/data_process/src/pipeline_node/colorspace_conversion/convert_nv12_to_nv21.cpp,common/include/utils/data_buffer.h,ProcessData,DataBuffer,functionimpl,type,Parameter,1.0,True,4189,1470,['CameraDataProcessCommon'],['utils'],CameraDataProcessCommon,utils
108,100,services/cameraservice/base/src/dcamera_capture_info_cmd.cpp,services/cameraservice/base/include/dcamera_capture_info_cmd.h,,,file,file,Import,1.0,False,,,['CameraServiceCommon'],['CameraServiceCommon'],CameraServiceCommon,CameraServiceCommon
108,100,services/cameraservice/base/src/dcamera_capture_info_cmd.cpp,services/cameraservice/base/include/dcamera_capture_info_cmd.h,Marshal,DCameraCaptureInfo,functionimpl,type,Use,2.0,True,1807,1753,['CameraServiceCommon'],['CameraServiceCommon'],CameraServiceCommon,CameraServiceCommon
108,100,services/cameraservice/base/src/dcamera_capture_info_cmd.cpp,services/cameraservice/base/include/dcamera_capture_info_cmd.h,UmarshalValue,DCameraCaptureInfo,functionimpl,type,Use,2.0,True,1809,1753,['CameraServiceCommon'],['CameraServiceCommon'],CameraServiceCommon,CameraServiceCommon
108,100,services/cameraservice/base/src/dcamera_capture_info_cmd.cpp,services/cameraservice/base/include/dcamera_capture_info_cmd.h,Marshal,Marshal,functionimpl,functionproto,Implement,4.0,True,1807,1749,['CameraServiceCommon'],['CameraServiceCommon'],CameraServiceCommon,CameraServiceCommon
108,100,services/cameraservice/base/src/dcamera_capture_info_cmd.cpp,services/cameraservice/base/include/dcamera_capture_info_cmd.h,Unmarshal,Unmarshal,functionimpl,functionproto,Implement,4.0,True,1810,1752,['CameraServiceCommon'],['CameraServiceCommon'],CameraServiceCommon,CameraServiceCommon
108,100,services/cameraservice/base/src/dcamera_capture_info_cmd.cpp,services/cameraservice/base/include/dcamera_capture_info_cmd.h,UmarshalValue,UmarshalValue,functionimpl,functionproto,Implement,4.0,True,1809,1751,['CameraServiceCommon'],['CameraServiceCommon'],CameraServiceCommon,CameraServiceCommon
108,100,services/cameraservice/base/src/dcamera_capture_info_cmd.cpp,services/cameraservice/base/include/dcamera_capture_info_cmd.h,UmarshalSettings,UmarshalSettings,functionimpl,functionproto,Implement,4.0,True,1808,1750,['CameraServiceCommon'],['CameraServiceCommon'],CameraServiceCommon,CameraServiceCommon
245,250,services/channel/include/dcamera_channel_sink_impl.h,services/channel/include/icamera_channel_listener.h,listener_,ICameraChannelListener,var,type,Use,1.0,True,3654,3738,['ChannelSink'],['ChannelCommon'],ChannelSink,ChannelCommon
245,250,services/channel/include/dcamera_channel_sink_impl.h,services/channel/include/icamera_channel_listener.h,listener_,ICameraChannelListener,var,type,Parameter,1.0,True,3654,3738,['ChannelSink'],['ChannelCommon'],ChannelSink,ChannelCommon
86,82,interfaces/inner_kits/native_cpp/camera_sink/src/dcamera_sink_handler_ipc.cpp,interfaces/inner_kits/native_cpp/camera_sink/include/dcamera_sink_handler_ipc.h,Init,SinkLocalRecipient,functionimpl,type,Call,1.0,True,1584,1550,['DistributedCameraSinkMgr'],['DistributedCameraSinkMgr'],DistributedCameraSinkMgr,DistributedCameraSinkMgr
86,82,interfaces/inner_kits/native_cpp/camera_sink/src/dcamera_sink_handler_ipc.cpp,interfaces/inner_kits/native_cpp/camera_sink/include/dcamera_sink_handler_ipc.h,,,file,file,Import,1.0,False,,,['DistributedCameraSinkMgr'],['DistributedCameraSinkMgr'],DistributedCameraSinkMgr,DistributedCameraSinkMgr
86,82,interfaces/inner_kits/native_cpp/camera_sink/src/dcamera_sink_handler_ipc.cpp,interfaces/inner_kits/native_cpp/camera_sink/include/dcamera_sink_handler_ipc.h,Init,SinkLocalRecipient,functionimpl,type,Use,1.0,True,1584,1550,['DistributedCameraSinkMgr'],['DistributedCameraSinkMgr'],DistributedCameraSinkMgr,DistributedCameraSinkMgr
86,82,interfaces/inner_kits/native_cpp/camera_sink/src/dcamera_sink_handler_ipc.cpp,interfaces/inner_kits/native_cpp/camera_sink/include/dcamera_sink_handler_ipc.h,Init,SinkLocalRecipient,functionimpl,type,Create,1.0,True,1584,1550,['DistributedCameraSinkMgr'],['DistributedCameraSinkMgr'],DistributedCameraSinkMgr,DistributedCameraSinkMgr
86,82,interfaces/inner_kits/native_cpp/camera_sink/src/dcamera_sink_handler_ipc.cpp,interfaces/inner_kits/native_cpp/camera_sink/include/dcamera_sink_handler_ipc.h,DCameraSinkHandlerIpc,DCameraSinkHandlerIpc,functionimpl,functionproto,Implement,9.0,True,1581,1542,['DistributedCameraSinkMgr'],['DistributedCameraSinkMgr'],DistributedCameraSinkMgr,DistributedCameraSinkMgr
86,82,interfaces/inner_kits/native_cpp/camera_sink/src/dcamera_sink_handler_ipc.cpp,interfaces/inner_kits/native_cpp/camera_sink/include/dcamera_sink_handler_ipc.h,~DCameraSinkHandlerIpc,~DCameraSinkHandlerIpc,functionimpl,functionproto,Implement,9.0,True,1588,1549,['DistributedCameraSinkMgr'],['DistributedCameraSinkMgr'],DistributedCameraSinkMgr,DistributedCameraSinkMgr
86,82,interfaces/inner_kits/native_cpp/camera_sink/src/dcamera_sink_handler_ipc.cpp,interfaces/inner_kits/native_cpp/camera_sink/include/dcamera_sink_handler_ipc.h,Init,Init,functionimpl,functionproto,Implement,9.0,True,1584,1545,['DistributedCameraSinkMgr'],['DistributedCameraSinkMgr'],DistributedCameraSinkMgr,DistributedCameraSinkMgr
86,82,interfaces/inner_kits/native_cpp/camera_sink/src/dcamera_sink_handler_ipc.cpp,interfaces/inner_kits/native_cpp/camera_sink/include/dcamera_sink_handler_ipc.h,UnInit,UnInit,functionimpl,functionproto,Implement,9.0,True,1587,1548,['DistributedCameraSinkMgr'],['DistributedCameraSinkMgr'],DistributedCameraSinkMgr,DistributedCameraSinkMgr
86,82,interfaces/inner_kits/native_cpp/camera_sink/src/dcamera_sink_handler_ipc.cpp,interfaces/inner_kits/native_cpp/camera_sink/include/dcamera_sink_handler_ipc.h,GetSinkLocalDHMS,GetSinkLocalDHMS,functionimpl,functionproto,Implement,9.0,True,1583,1544,['DistributedCameraSinkMgr'],['DistributedCameraSinkMgr'],DistributedCameraSinkMgr,DistributedCameraSinkMgr
86,82,interfaces/inner_kits/native_cpp/camera_sink/src/dcamera_sink_handler_ipc.cpp,interfaces/inner_kits/native_cpp/camera_sink/include/dcamera_sink_handler_ipc.h,DeleteSinkLocalDhms,DeleteSinkLocalDhms,functionimpl,functionproto,Implement,9.0,True,1582,1543,['DistributedCameraSinkMgr'],['DistributedCameraSinkMgr'],DistributedCameraSinkMgr,DistributedCameraSinkMgr
86,82,interfaces/inner_kits/native_cpp/camera_sink/src/dcamera_sink_handler_ipc.cpp,interfaces/inner_kits/native_cpp/camera_sink/include/dcamera_sink_handler_ipc.h,OnRemoteDied,OnRemoteDied,functionimpl,functionproto,Implement,9.0,True,1585,1546,['DistributedCameraSinkMgr'],['DistributedCameraSinkMgr'],DistributedCameraSinkMgr,DistributedCameraSinkMgr
86,82,interfaces/inner_kits/native_cpp/camera_sink/src/dcamera_sink_handler_ipc.cpp,interfaces/inner_kits/native_cpp/camera_sink/include/dcamera_sink_handler_ipc.h,OnSinkLocalDmsDied,OnSinkLocalDmsDied,functionimpl,functionproto,Implement,9.0,True,1586,1547,['DistributedCameraSinkMgr'],['DistributedCameraSinkMgr'],DistributedCameraSinkMgr,DistributedCameraSinkMgr
86,84,interfaces/inner_kits/native_cpp/camera_sink/src/dcamera_sink_handler_ipc.cpp,interfaces/inner_kits/native_cpp/camera_sink/include/idistributed_camera_sink.h,GetSinkLocalDHMS,IDistributedCameraSink,functionimpl,type,Use,3.0,True,1583,1568,['DistributedCameraSinkMgr'],['DistributedCameraSinkMgr'],DistributedCameraSinkMgr,DistributedCameraSinkMgr
86,84,interfaces/inner_kits/native_cpp/camera_sink/src/dcamera_sink_handler_ipc.cpp,interfaces/inner_kits/native_cpp/camera_sink/include/idistributed_camera_sink.h,GetSinkLocalDHMS,IDistributedCameraSink,functionimpl,type,Parameter,1.0,True,1583,1568,['DistributedCameraSinkMgr'],['DistributedCameraSinkMgr'],DistributedCameraSinkMgr,DistributedCameraSinkMgr
20,10,camera_hdf/hdi_impl/src/utils/dcamera.cpp,camera_hdf/hdi_impl/include/utils/dcamera.h,,,file,file,Import,1.0,False,,,['VirtualCameraHdf'],['VirtualCameraHdf'],VirtualCameraHdf,VirtualCameraHdf
20,10,camera_hdf/hdi_impl/src/utils/dcamera.cpp,camera_hdf/hdi_impl/include/utils/dcamera.h,MapToExternalRetCode,MapToExternalRetCode,functionimpl,functionproto,Implement,4.0,True,660,254,['VirtualCameraHdf'],['VirtualCameraHdf'],VirtualCameraHdf,VirtualCameraHdf
20,10,camera_hdf/hdi_impl/src/utils/dcamera.cpp,camera_hdf/hdi_impl/include/utils/dcamera.h,MapToInternalRetCode,MapToInternalRetCode,functionimpl,functionproto,Implement,4.0,True,661,255,['VirtualCameraHdf'],['VirtualCameraHdf'],VirtualCameraHdf,VirtualCameraHdf
20,10,camera_hdf/hdi_impl/src/utils/dcamera.cpp,camera_hdf/hdi_impl/include/utils/dcamera.h,GetCurrentLocalTimeStamp,GetCurrentLocalTimeStamp,functionimpl,functionproto,Implement,4.0,True,659,253,['VirtualCameraHdf'],['VirtualCameraHdf'],VirtualCameraHdf,VirtualCameraHdf
20,10,camera_hdf/hdi_impl/src/utils/dcamera.cpp,camera_hdf/hdi_impl/include/utils/dcamera.h,SplitString,SplitString,functionimpl,functionproto,Implement,4.0,True,662,256,['VirtualCameraHdf'],['VirtualCameraHdf'],VirtualCameraHdf,VirtualCameraHdf
80,75,common/src/utils/dcamera_utils_tools.cpp,common/include/constants/distributed_camera_errno.h,,,file,file,Import,1.0,False,,,['utils'],['utils'],utils,utils
80,78,common/src/utils/dcamera_utils_tools.cpp,common/include/utils/dcamera_utils_tools.h,,,file,file,Import,1.0,False,,,['utils'],['utils'],utils,utils
80,78,common/src/utils/dcamera_utils_tools.cpp,common/include/utils/dcamera_utils_tools.h,Base64Encode,BASE_64_CHARS,functionimpl,var,Use,4.0,True,1508,1486,['utils'],['utils'],utils,utils
80,78,common/src/utils/dcamera_utils_tools.cpp,common/include/utils/dcamera_utils_tools.h,Base64Decode,BASE_64_CHARS,functionimpl,var,Use,4.0,True,1507,1486,['utils'],['utils'],utils,utils
80,78,common/src/utils/dcamera_utils_tools.cpp,common/include/utils/dcamera_utils_tools.h,GetLocalDeviceNetworkId,GetLocalDeviceNetworkId,functionimpl,functionproto,Implement,6.0,True,1509,1482,['utils'],['utils'],utils,utils
80,78,common/src/utils/dcamera_utils_tools.cpp,common/include/utils/dcamera_utils_tools.h,GetNowTimeStampMs,GetNowTimeStampMs,functionimpl,functionproto,Implement,6.0,True,1510,1483,['utils'],['utils'],utils,utils
80,78,common/src/utils/dcamera_utils_tools.cpp,common/include/utils/dcamera_utils_tools.h,GetNowTimeStampUs,GetNowTimeStampUs,functionimpl,functionproto,Implement,6.0,True,1511,1484,['utils'],['utils'],utils,utils
80,78,common/src/utils/dcamera_utils_tools.cpp,common/include/utils/dcamera_utils_tools.h,Base64Encode,Base64Encode,functionimpl,functionproto,Implement,6.0,True,1508,1481,['utils'],['utils'],utils,utils
80,78,common/src/utils/dcamera_utils_tools.cpp,common/include/utils/dcamera_utils_tools.h,Base64Decode,Base64Decode,functionimpl,functionproto,Implement,6.0,True,1507,1480,['utils'],['utils'],utils,utils
80,78,common/src/utils/dcamera_utils_tools.cpp,common/include/utils/dcamera_utils_tools.h,IsBase64,IsBase64,functionimpl,functionproto,Implement,6.0,True,1512,1485,['utils'],['utils'],utils,utils
150,73,services/cameraservice/sinkservice/include/distributedcameramgr/dcamera_sink_output.h,camera_hdf/interfaces/include/types.h,sessionState_,DCStreamType,var,alias,Use,3.0,True,2342,1373,['DistributedCameraSinkMgr'],['VirtualCameraHdf'],DistributedCameraSinkMgr,VirtualCameraHdf
150,73,services/cameraservice/sinkservice/include/distributedcameramgr/dcamera_sink_output.h,camera_hdf/interfaces/include/types.h,channels_,DCStreamType,var,alias,Use,3.0,True,2339,1373,['DistributedCameraSinkMgr'],['VirtualCameraHdf'],DistributedCameraSinkMgr,VirtualCameraHdf
150,73,services/cameraservice/sinkservice/include/distributedcameramgr/dcamera_sink_output.h,camera_hdf/interfaces/include/types.h,dataProcesses_,DCStreamType,var,alias,Use,3.0,True,2340,1373,['DistributedCameraSinkMgr'],['VirtualCameraHdf'],DistributedCameraSinkMgr,VirtualCameraHdf
150,73,services/cameraservice/sinkservice/include/distributedcameramgr/dcamera_sink_output.h,camera_hdf/interfaces/include/types.h,OnSessionState,DCStreamType,functionproto,alias,Parameter,7.0,True,2331,1373,['DistributedCameraSinkMgr'],['VirtualCameraHdf'],DistributedCameraSinkMgr,VirtualCameraHdf
150,73,services/cameraservice/sinkservice/include/distributedcameramgr/dcamera_sink_output.h,camera_hdf/interfaces/include/types.h,OnSessionError,DCStreamType,functionproto,alias,Parameter,7.0,True,2330,1373,['DistributedCameraSinkMgr'],['VirtualCameraHdf'],DistributedCameraSinkMgr,VirtualCameraHdf
150,73,services/cameraservice/sinkservice/include/distributedcameramgr/dcamera_sink_output.h,camera_hdf/interfaces/include/types.h,OnDataReceived,DCStreamType,functionproto,alias,Parameter,7.0,True,2328,1373,['DistributedCameraSinkMgr'],['VirtualCameraHdf'],DistributedCameraSinkMgr,VirtualCameraHdf
150,73,services/cameraservice/sinkservice/include/distributedcameramgr/dcamera_sink_output.h,camera_hdf/interfaces/include/types.h,InitInner,DCStreamType,functionproto,alias,Parameter,7.0,True,2327,1373,['DistributedCameraSinkMgr'],['VirtualCameraHdf'],DistributedCameraSinkMgr,VirtualCameraHdf
150,73,services/cameraservice/sinkservice/include/distributedcameramgr/dcamera_sink_output.h,camera_hdf/interfaces/include/types.h,sessionState_,DCStreamType,var,alias,Parameter,7.0,True,2342,1373,['DistributedCameraSinkMgr'],['VirtualCameraHdf'],DistributedCameraSinkMgr,VirtualCameraHdf
150,73,services/cameraservice/sinkservice/include/distributedcameramgr/dcamera_sink_output.h,camera_hdf/interfaces/include/types.h,channels_,DCStreamType,var,alias,Parameter,7.0,True,2339,1373,['DistributedCameraSinkMgr'],['VirtualCameraHdf'],DistributedCameraSinkMgr,VirtualCameraHdf
150,73,services/cameraservice/sinkservice/include/distributedcameramgr/dcamera_sink_output.h,camera_hdf/interfaces/include/types.h,dataProcesses_,DCStreamType,var,alias,Parameter,7.0,True,2340,1373,['DistributedCameraSinkMgr'],['VirtualCameraHdf'],DistributedCameraSinkMgr,VirtualCameraHdf
80,74,common/src/utils/dcamera_utils_tools.cpp,common/include/constants/distributed_camera_constants.h,,,file,file,Import,1.0,False,,,['utils'],['utils'],utils,utils
80,74,common/src/utils/dcamera_utils_tools.cpp,common/include/constants/distributed_camera_constants.h,GetLocalDeviceNetworkId,DCAMERA_PKG_NAME,functionimpl,var,Use,1.0,True,1509,1432,['utils'],['utils'],utils,utils
96,89,interfaces/inner_kits/native_cpp/camera_source/src/callback/dcamera_source_callback_stub.cpp,interfaces/inner_kits/native_cpp/camera_source/include/callback/dcamera_source_callback_stub.h,,,file,file,Import,1.0,False,,,['DistributedCameraSourceMgr'],['DistributedCameraSourceMgr'],DistributedCameraSourceMgr,DistributedCameraSourceMgr
96,89,interfaces/inner_kits/native_cpp/camera_source/src/callback/dcamera_source_callback_stub.cpp,interfaces/inner_kits/native_cpp/camera_source/include/callback/dcamera_source_callback_stub.h,DCameraSourceCallbackStub,DCameraSourceCallbackStub,functionimpl,functionproto,Implement,5.0,True,1684,1624,['DistributedCameraSourceMgr'],['DistributedCameraSourceMgr'],DistributedCameraSourceMgr,DistributedCameraSourceMgr
96,89,interfaces/inner_kits/native_cpp/camera_source/src/callback/dcamera_source_callback_stub.cpp,interfaces/inner_kits/native_cpp/camera_source/include/callback/dcamera_source_callback_stub.h,~DCameraSourceCallbackStub,~DCameraSourceCallbackStub,functionimpl,functionproto,Implement,5.0,True,1688,1628,['DistributedCameraSourceMgr'],['DistributedCameraSourceMgr'],DistributedCameraSourceMgr,DistributedCameraSourceMgr
96,89,interfaces/inner_kits/native_cpp/camera_source/src/callback/dcamera_source_callback_stub.cpp,interfaces/inner_kits/native_cpp/camera_source/include/callback/dcamera_source_callback_stub.h,OnRemoteRequest,OnRemoteRequest,functionimpl,functionproto,Implement,5.0,True,1687,1627,['DistributedCameraSourceMgr'],['DistributedCameraSourceMgr'],DistributedCameraSourceMgr,DistributedCameraSourceMgr
96,89,interfaces/inner_kits/native_cpp/camera_source/src/callback/dcamera_source_callback_stub.cpp,interfaces/inner_kits/native_cpp/camera_source/include/callback/dcamera_source_callback_stub.h,NotifyRegResultInner,NotifyRegResultInner,functionimpl,functionproto,Implement,5.0,True,1685,1625,['DistributedCameraSourceMgr'],['DistributedCameraSourceMgr'],DistributedCameraSourceMgr,DistributedCameraSourceMgr
96,89,interfaces/inner_kits/native_cpp/camera_source/src/callback/dcamera_source_callback_stub.cpp,interfaces/inner_kits/native_cpp/camera_source/include/callback/dcamera_source_callback_stub.h,NotifyUnregResultInner,NotifyUnregResultInner,functionimpl,functionproto,Implement,5.0,True,1686,1626,['DistributedCameraSourceMgr'],['DistributedCameraSourceMgr'],DistributedCameraSourceMgr,DistributedCameraSourceMgr
272,75,services/data_process/src/pipeline_node/colorspace_conversion/convert_nv12_to_nv21.cpp,common/include/constants/distributed_camera_errno.h,,,file,file,Import,1.0,False,,,['CameraDataProcessCommon'],['utils'],CameraDataProcessCommon,utils
245,249,services/channel/include/dcamera_channel_sink_impl.h,services/channel/include/icamera_channel.h,,,file,file,Import,1.0,False,,,['ChannelSink'],['ChannelCommon'],ChannelSink,ChannelCommon
245,249,services/channel/include/dcamera_channel_sink_impl.h,services/channel/include/icamera_channel.h,DCameraChannelSinkImpl,ICameraChannel,type,type,Extend,1.0,True,3652,3734,['ChannelSink'],['ChannelCommon'],ChannelSink,ChannelCommon
245,249,services/channel/include/dcamera_channel_sink_impl.h,services/channel/include/icamera_channel.h,CreateSession,DCameraSessionMode,functionproto,alias,Parameter,1.0,True,3646,3730,['ChannelSink'],['ChannelCommon'],ChannelSink,ChannelCommon
245,249,services/channel/include/dcamera_channel_sink_impl.h,services/channel/include/icamera_channel.h,DCameraChannelSinkImpl,icamera_channel,type,type,Contain,1.0,True,3652,,['ChannelSink'],['ChannelCommon'],ChannelSink,ChannelCommon
245,248,services/channel/include/dcamera_channel_sink_impl.h,services/channel/include/dcamera_softbus_session.h,,,file,file,Import,1.0,False,,,['ChannelSink'],['ChannelCommon'],ChannelSink,ChannelCommon
245,248,services/channel/include/dcamera_channel_sink_impl.h,services/channel/include/dcamera_softbus_session.h,softbusSession_,DCameraSoftbusSession,var,type,Use,1.0,True,3655,3725,['ChannelSink'],['ChannelCommon'],ChannelSink,ChannelCommon
245,248,services/channel/include/dcamera_channel_sink_impl.h,services/channel/include/dcamera_softbus_session.h,softbusSession_,DCameraSoftbusSession,var,type,Parameter,1.0,True,3655,3725,['ChannelSink'],['ChannelCommon'],ChannelSink,ChannelCommon
267,266,services/data_process/include/pipeline_node/multimedia_codec/encode_video_callback.h,services/data_process/include/pipeline_node/multimedia_codec/encode_data_process.h,,,file,file,Import,1.0,False,,,['CameraDataProcessCommon'],['CameraDataProcessCommon'],CameraDataProcessCommon,CameraDataProcessCommon
267,266,services/data_process/include/pipeline_node/multimedia_codec/encode_video_callback.h,services/data_process/include/pipeline_node/multimedia_codec/encode_data_process.h,encodeVideoNode_,EncodeDataProcess,var,type,Use,1.0,True,4102,4089,['CameraDataProcessCommon'],['CameraDataProcessCommon'],CameraDataProcessCommon,CameraDataProcessCommon
267,266,services/data_process/include/pipeline_node/multimedia_codec/encode_video_callback.h,services/data_process/include/pipeline_node/multimedia_codec/encode_data_process.h,encodeVideoNode_,EncodeDataProcess,var,type,Parameter,1.0,True,4102,4089,['CameraDataProcessCommon'],['CameraDataProcessCommon'],CameraDataProcessCommon,CameraDataProcessCommon
13,0,camera_hdf/hdi_impl/src/dcamera_host/dcamera_host.cpp,camera_hdf/hdi_impl/include/dcamera_device/dcamera_device.h,AddDCameraDevice,DCameraDevice,functionimpl,type,Call,1.0,True,397,24,['VirtualCameraHdf'],['VirtualCameraHdf'],VirtualCameraHdf,VirtualCameraHdf
13,0,camera_hdf/hdi_impl/src/dcamera_host/dcamera_host.cpp,camera_hdf/hdi_impl/include/dcamera_device/dcamera_device.h,OpenCamera,DCameraDevice,functionimpl,type,Use,4.0,True,405,24,['VirtualCameraHdf'],['VirtualCameraHdf'],VirtualCameraHdf,VirtualCameraHdf
13,0,camera_hdf/hdi_impl/src/dcamera_host/dcamera_host.cpp,camera_hdf/hdi_impl/include/dcamera_device/dcamera_device.h,AddDCameraDevice,DCameraDevice,functionimpl,type,Use,4.0,True,397,24,['VirtualCameraHdf'],['VirtualCameraHdf'],VirtualCameraHdf,VirtualCameraHdf
13,0,camera_hdf/hdi_impl/src/dcamera_host/dcamera_host.cpp,camera_hdf/hdi_impl/include/dcamera_device/dcamera_device.h,RemoveDCameraDevice,DCameraDevice,functionimpl,type,Use,4.0,True,406,24,['VirtualCameraHdf'],['VirtualCameraHdf'],VirtualCameraHdf,VirtualCameraHdf
13,0,camera_hdf/hdi_impl/src/dcamera_host/dcamera_host.cpp,camera_hdf/hdi_impl/include/dcamera_device/dcamera_device.h,GetDCameraDeviceByDHBase,DCameraDevice,functionimpl,type,Use,4.0,True,401,24,['VirtualCameraHdf'],['VirtualCameraHdf'],VirtualCameraHdf,VirtualCameraHdf
13,0,camera_hdf/hdi_impl/src/dcamera_host/dcamera_host.cpp,camera_hdf/hdi_impl/include/dcamera_device/dcamera_device.h,AddDCameraDevice,DCameraDevice,functionimpl,type,Create,1.0,True,397,24,['VirtualCameraHdf'],['VirtualCameraHdf'],VirtualCameraHdf,VirtualCameraHdf
13,0,camera_hdf/hdi_impl/src/dcamera_host/dcamera_host.cpp,camera_hdf/hdi_impl/include/dcamera_device/dcamera_device.h,GetDCameraDeviceByDHBase,DCameraDevice,functionimpl,type,Parameter,1.0,True,401,24,['VirtualCameraHdf'],['VirtualCameraHdf'],VirtualCameraHdf,VirtualCameraHdf
13,2,camera_hdf/hdi_impl/src/dcamera_host/dcamera_host.cpp,camera_hdf/hdi_impl/include/dcamera_host/dcamera_host.h,,,file,file,Import,1.0,False,,,['VirtualCameraHdf'],['VirtualCameraHdf'],VirtualCameraHdf,VirtualCameraHdf
13,2,camera_hdf/hdi_impl/src/dcamera_host/dcamera_host.cpp,camera_hdf/hdi_impl/include/dcamera_host/dcamera_host.h,instance_,DCameraHost,var,type,Use,2.0,True,418,69,['VirtualCameraHdf'],['VirtualCameraHdf'],VirtualCameraHdf,VirtualCameraHdf
13,2,camera_hdf/hdi_impl/src/dcamera_host/dcamera_host.cpp,camera_hdf/hdi_impl/include/dcamera_host/dcamera_host.h,GetInstance,DCameraHost,functionimpl,type,Use,2.0,True,402,69,['VirtualCameraHdf'],['VirtualCameraHdf'],VirtualCameraHdf,VirtualCameraHdf
13,2,camera_hdf/hdi_impl/src/dcamera_host/dcamera_host.cpp,camera_hdf/hdi_impl/include/dcamera_host/dcamera_host.h,GetInstance,GetInstance,functionimpl,functionproto,Implement,12.0,True,402,61,['VirtualCameraHdf'],['VirtualCameraHdf'],VirtualCameraHdf,VirtualCameraHdf
13,2,camera_hdf/hdi_impl/src/dcamera_host/dcamera_host.cpp,camera_hdf/hdi_impl/include/dcamera_host/dcamera_host.h,SetCallback,SetCallback,functionimpl,functionproto,Implement,12.0,True,407,66,['VirtualCameraHdf'],['VirtualCameraHdf'],VirtualCameraHdf,VirtualCameraHdf
13,2,camera_hdf/hdi_impl/src/dcamera_host/dcamera_host.cpp,camera_hdf/hdi_impl/include/dcamera_host/dcamera_host.h,GetCameraIds,GetCameraIds,functionimpl,functionproto,Implement,12.0,True,400,59,['VirtualCameraHdf'],['VirtualCameraHdf'],VirtualCameraHdf,VirtualCameraHdf
13,2,camera_hdf/hdi_impl/src/dcamera_host/dcamera_host.cpp,camera_hdf/hdi_impl/include/dcamera_host/dcamera_host.h,GetCameraAbility,GetCameraAbility,functionimpl,functionproto,Implement,12.0,True,398,57,['VirtualCameraHdf'],['VirtualCameraHdf'],VirtualCameraHdf,VirtualCameraHdf
13,2,camera_hdf/hdi_impl/src/dcamera_host/dcamera_host.cpp,camera_hdf/hdi_impl/include/dcamera_host/dcamera_host.h,OpenCamera,OpenCamera,functionimpl,functionproto,Implement,12.0,True,405,64,['VirtualCameraHdf'],['VirtualCameraHdf'],VirtualCameraHdf,VirtualCameraHdf
13,2,camera_hdf/hdi_impl/src/dcamera_host/dcamera_host.cpp,camera_hdf/hdi_impl/include/dcamera_host/dcamera_host.h,SetFlashlight,SetFlashlight,functionimpl,functionproto,Implement,12.0,True,408,67,['VirtualCameraHdf'],['VirtualCameraHdf'],VirtualCameraHdf,VirtualCameraHdf
13,2,camera_hdf/hdi_impl/src/dcamera_host/dcamera_host.cpp,camera_hdf/hdi_impl/include/dcamera_host/dcamera_host.h,AddDCameraDevice,AddDCameraDevice,functionimpl,functionproto,Implement,12.0,True,397,56,['VirtualCameraHdf'],['VirtualCameraHdf'],VirtualCameraHdf,VirtualCameraHdf
13,2,camera_hdf/hdi_impl/src/dcamera_host/dcamera_host.cpp,camera_hdf/hdi_impl/include/dcamera_host/dcamera_host.h,RemoveDCameraDevice,RemoveDCameraDevice,functionimpl,functionproto,Implement,12.0,True,406,65,['VirtualCameraHdf'],['VirtualCameraHdf'],VirtualCameraHdf,VirtualCameraHdf
13,2,camera_hdf/hdi_impl/src/dcamera_host/dcamera_host.cpp,camera_hdf/hdi_impl/include/dcamera_host/dcamera_host.h,IsCameraIdInvalid,IsCameraIdInvalid,functionimpl,functionproto,Implement,12.0,True,403,62,['VirtualCameraHdf'],['VirtualCameraHdf'],VirtualCameraHdf,VirtualCameraHdf
13,2,camera_hdf/hdi_impl/src/dcamera_host/dcamera_host.cpp,camera_hdf/hdi_impl/include/dcamera_host/dcamera_host.h,GetCameraIdByDHBase,GetCameraIdByDHBase,functionimpl,functionproto,Implement,12.0,True,399,58,['VirtualCameraHdf'],['VirtualCameraHdf'],VirtualCameraHdf,VirtualCameraHdf
13,2,camera_hdf/hdi_impl/src/dcamera_host/dcamera_host.cpp,camera_hdf/hdi_impl/include/dcamera_host/dcamera_host.h,GetDCameraDeviceByDHBase,GetDCameraDeviceByDHBase,functionimpl,functionproto,Implement,12.0,True,401,60,['VirtualCameraHdf'],['VirtualCameraHdf'],VirtualCameraHdf,VirtualCameraHdf
13,2,camera_hdf/hdi_impl/src/dcamera_host/dcamera_host.cpp,camera_hdf/hdi_impl/include/dcamera_host/dcamera_host.h,NotifyDCameraStatus,NotifyDCameraStatus,functionimpl,functionproto,Implement,12.0,True,404,63,['VirtualCameraHdf'],['VirtualCameraHdf'],VirtualCameraHdf,VirtualCameraHdf
13,2,camera_hdf/hdi_impl/src/dcamera_host/dcamera_host.cpp,camera_hdf/hdi_impl/include/dcamera_host/dcamera_host.h,instance_,DCameraHost,var,type,Parameter,2.0,True,418,69,['VirtualCameraHdf'],['VirtualCameraHdf'],VirtualCameraHdf,VirtualCameraHdf
13,2,camera_hdf/hdi_impl/src/dcamera_host/dcamera_host.cpp,camera_hdf/hdi_impl/include/dcamera_host/dcamera_host.h,GetInstance,DCameraHost,functionimpl,type,Parameter,2.0,True,402,69,['VirtualCameraHdf'],['VirtualCameraHdf'],VirtualCameraHdf,VirtualCameraHdf
13,2,camera_hdf/hdi_impl/src/dcamera_host/dcamera_host.cpp,camera_hdf/hdi_impl/include/dcamera_host/dcamera_host.h,DistributedHardware,AutoRelease,package,type,Contain,1.0,True,409,68,['VirtualCameraHdf'],['VirtualCameraHdf'],VirtualCameraHdf,VirtualCameraHdf
193,90,services/cameraservice/sourceservice/include/distributedcamera/dcamera_source_callback_proxy.h,interfaces/inner_kits/native_cpp/camera_source/include/callback/idcamera_source_callback.h,,,file,file,Import,1.0,False,,,['DistributedCameraSourceMgr'],['DistributedCameraSourceMgr'],DistributedCameraSourceMgr,DistributedCameraSourceMgr
109,101,services/cameraservice/base/src/dcamera_channel_info_cmd.cpp,services/cameraservice/base/include/dcamera_channel_info_cmd.h,,,file,file,Import,1.0,False,,,['CameraServiceCommon'],['CameraServiceCommon'],CameraServiceCommon,CameraServiceCommon
109,101,services/cameraservice/base/src/dcamera_channel_info_cmd.cpp,services/cameraservice/base/include/dcamera_channel_info_cmd.h,Unmarshal,DCameraChannelInfo,functionimpl,type,Use,3.0,True,1829,1762,['CameraServiceCommon'],['CameraServiceCommon'],CameraServiceCommon,CameraServiceCommon
109,101,services/cameraservice/base/src/dcamera_channel_info_cmd.cpp,services/cameraservice/base/include/dcamera_channel_info_cmd.h,Unmarshal,DCameraChannelDetail,functionimpl,type,Use,3.0,True,1829,1761,['CameraServiceCommon'],['CameraServiceCommon'],CameraServiceCommon,CameraServiceCommon
109,101,services/cameraservice/base/src/dcamera_channel_info_cmd.cpp,services/cameraservice/base/include/dcamera_channel_info_cmd.h,Marshal,Marshal,functionimpl,functionproto,Implement,2.0,True,1828,1759,['CameraServiceCommon'],['CameraServiceCommon'],CameraServiceCommon,CameraServiceCommon
109,101,services/cameraservice/base/src/dcamera_channel_info_cmd.cpp,services/cameraservice/base/include/dcamera_channel_info_cmd.h,Unmarshal,Unmarshal,functionimpl,functionproto,Implement,2.0,True,1829,1760,['CameraServiceCommon'],['CameraServiceCommon'],CameraServiceCommon,CameraServiceCommon
109,101,services/cameraservice/base/src/dcamera_channel_info_cmd.cpp,services/cameraservice/base/include/dcamera_channel_info_cmd.h,Unmarshal,DCameraChannelDetail,functionimpl,type,Contain,1.0,True,1829,1761,['CameraServiceCommon'],['CameraServiceCommon'],CameraServiceCommon,CameraServiceCommon
71,72,camera_hdf/interfaces/include/idistributed_camera_provider.h,camera_hdf/interfaces/include/idistributed_camera_provider_callback.h,,,file,file,Import,1.0,False,,,['VirtualCameraHdf'],['VirtualCameraHdf'],VirtualCameraHdf,VirtualCameraHdf
46,52,camera_hdf/interfaces/hdi_ipc/client/provider/dcamera_provider_callback_stub.cpp,camera_hdf/interfaces/hdi_ipc/ipc_data_utils.h,DCProviderStartCaptureStub,DecodeDCameraSettings,functionimpl,functionimpl,Call,2.0,True,981,1071,['VirtualCameraHdf'],['VirtualCameraHdf'],VirtualCameraHdf,VirtualCameraHdf
46,52,camera_hdf/interfaces/hdi_ipc/client/provider/dcamera_provider_callback_stub.cpp,camera_hdf/interfaces/hdi_ipc/ipc_data_utils.h,DCProviderUpdateSettingsStub,DecodeDCameraSettings,functionimpl,functionimpl,Call,2.0,True,983,1071,['VirtualCameraHdf'],['VirtualCameraHdf'],VirtualCameraHdf,VirtualCameraHdf
46,52,camera_hdf/interfaces/hdi_ipc/client/provider/dcamera_provider_callback_stub.cpp,camera_hdf/interfaces/hdi_ipc/ipc_data_utils.h,,,file,file,Import,1.0,False,,,['VirtualCameraHdf'],['VirtualCameraHdf'],VirtualCameraHdf,VirtualCameraHdf
46,52,camera_hdf/interfaces/hdi_ipc/client/provider/dcamera_provider_callback_stub.cpp,camera_hdf/interfaces/hdi_ipc/ipc_data_utils.h,DCProviderStartCaptureStub,DecodeDCameraSettings,functionimpl,functionimpl,Use,2.0,True,981,1071,['VirtualCameraHdf'],['VirtualCameraHdf'],VirtualCameraHdf,VirtualCameraHdf
46,52,camera_hdf/interfaces/hdi_ipc/client/provider/dcamera_provider_callback_stub.cpp,camera_hdf/interfaces/hdi_ipc/ipc_data_utils.h,DCProviderUpdateSettingsStub,DecodeDCameraSettings,functionimpl,functionimpl,Use,2.0,True,983,1071,['VirtualCameraHdf'],['VirtualCameraHdf'],VirtualCameraHdf,VirtualCameraHdf
246,248,services/channel/include/dcamera_channel_source_impl.h,services/channel/include/dcamera_softbus_session.h,,,file,file,Import,1.0,False,,,['ChannelSource'],['ChannelCommon'],ChannelSource,ChannelCommon
246,248,services/channel/include/dcamera_channel_source_impl.h,services/channel/include/dcamera_softbus_session.h,softbusSessions_,DCameraSoftbusSession,var,type,Use,1.0,True,3667,3725,['ChannelSource'],['ChannelCommon'],ChannelSource,ChannelCommon
246,248,services/channel/include/dcamera_channel_source_impl.h,services/channel/include/dcamera_softbus_session.h,softbusSessions_,DCameraSoftbusSession,var,type,Parameter,1.0,True,3667,3725,['ChannelSource'],['ChannelCommon'],ChannelSource,ChannelCommon
246,249,services/channel/include/dcamera_channel_source_impl.h,services/channel/include/icamera_channel.h,,,file,file,Import,1.0,False,,,['ChannelSource'],['ChannelCommon'],ChannelSource,ChannelCommon
246,249,services/channel/include/dcamera_channel_source_impl.h,services/channel/include/icamera_channel.h,DCameraChannelSourceImpl,ICameraChannel,type,type,Extend,1.0,True,3664,3734,['ChannelSource'],['ChannelCommon'],ChannelSource,ChannelCommon
246,249,services/channel/include/dcamera_channel_source_impl.h,services/channel/include/icamera_channel.h,CreateSession,DCameraSessionMode,functionproto,alias,Parameter,1.0,True,3658,3730,['ChannelSource'],['ChannelCommon'],ChannelSource,ChannelCommon
246,249,services/channel/include/dcamera_channel_source_impl.h,services/channel/include/icamera_channel.h,DCameraChannelSourceImpl,icamera_channel,type,type,Contain,1.0,True,3664,,['ChannelSource'],['ChannelCommon'],ChannelSource,ChannelCommon
147,158,services/cameraservice/sinkservice/include/distributedcameramgr/dcamera_sink_controller.h,services/cameraservice/sinkservice/include/distributedcameramgr/interface/icamera_sink_output.h,,,file,file,Import,1.0,False,,,['DistributedCameraSinkMgr'],['DistributedCameraSinkMgr'],DistributedCameraSinkMgr,DistributedCameraSinkMgr
147,158,services/cameraservice/sinkservice/include/distributedcameramgr/dcamera_sink_controller.h,services/cameraservice/sinkservice/include/distributedcameramgr/interface/icamera_sink_output.h,output_,ICameraSinkOutput,var,type,Use,1.0,True,2292,2380,['DistributedCameraSinkMgr'],['DistributedCameraSinkMgr'],DistributedCameraSinkMgr,DistributedCameraSinkMgr
147,158,services/cameraservice/sinkservice/include/distributedcameramgr/dcamera_sink_controller.h,services/cameraservice/sinkservice/include/distributedcameramgr/interface/icamera_sink_output.h,output_,ICameraSinkOutput,var,type,Parameter,1.0,True,2292,2380,['DistributedCameraSinkMgr'],['DistributedCameraSinkMgr'],DistributedCameraSinkMgr,DistributedCameraSinkMgr
196,107,services/cameraservice/sourceservice/include/distributedcameramgr/dcamera_source_dev.h,services/cameraservice/base/include/icamera_controller.h,,,file,file,Import,1.0,False,,,['DistributedCameraSourceMgr'],['CameraServiceCommon'],DistributedCameraSourceMgr,CameraServiceCommon
196,107,services/cameraservice/sourceservice/include/distributedcameramgr/dcamera_source_dev.h,services/cameraservice/base/include/icamera_controller.h,controller_,ICameraController,var,type,Use,1.0,True,2848,1805,['DistributedCameraSourceMgr'],['CameraServiceCommon'],DistributedCameraSourceMgr,CameraServiceCommon
196,107,services/cameraservice/sourceservice/include/distributedcameramgr/dcamera_source_dev.h,services/cameraservice/base/include/icamera_controller.h,controller_,ICameraController,var,type,Parameter,1.0,True,2848,1805,['DistributedCameraSourceMgr'],['CameraServiceCommon'],DistributedCameraSourceMgr,CameraServiceCommon
147,156,services/cameraservice/sinkservice/include/distributedcameramgr/dcamera_sink_controller.h,services/cameraservice/sinkservice/include/distributedcameramgr/interface/icamera_sink_access_control.h,,,file,file,Import,1.0,False,,,['DistributedCameraSinkMgr'],['DistributedCameraSinkMgr'],DistributedCameraSinkMgr,DistributedCameraSinkMgr
147,156,services/cameraservice/sinkservice/include/distributedcameramgr/dcamera_sink_controller.h,services/cameraservice/sinkservice/include/distributedcameramgr/interface/icamera_sink_access_control.h,accessControl_,ICameraSinkAccessControl,var,type,Use,1.0,True,2289,2376,['DistributedCameraSinkMgr'],['DistributedCameraSinkMgr'],DistributedCameraSinkMgr,DistributedCameraSinkMgr
147,156,services/cameraservice/sinkservice/include/distributedcameramgr/dcamera_sink_controller.h,services/cameraservice/sinkservice/include/distributedcameramgr/interface/icamera_sink_access_control.h,accessControl_,ICameraSinkAccessControl,var,type,Parameter,1.0,True,2289,2376,['DistributedCameraSinkMgr'],['DistributedCameraSinkMgr'],DistributedCameraSinkMgr,DistributedCameraSinkMgr
96,75,interfaces/inner_kits/native_cpp/camera_source/src/callback/dcamera_source_callback_stub.cpp,common/include/constants/distributed_camera_errno.h,,,file,file,Import,1.0,False,,,['DistributedCameraSourceMgr'],['utils'],DistributedCameraSourceMgr,utils
147,154,services/cameraservice/sinkservice/include/distributedcameramgr/dcamera_sink_controller.h,services/cameraservice/sinkservice/include/distributedcameramgr/eventbus/dcamera_post_authorization_event.h,,,file,file,Import,1.0,False,,,['DistributedCameraSinkMgr'],['DistributedCameraSinkMgr'],DistributedCameraSinkMgr,DistributedCameraSinkMgr
147,154,services/cameraservice/sinkservice/include/distributedcameramgr/dcamera_sink_controller.h,services/cameraservice/sinkservice/include/distributedcameramgr/eventbus/dcamera_post_authorization_event.h,OnEvent,DCameraPostAuthorizationEvent,functionproto,type,Parameter,1.0,True,2275,2368,['DistributedCameraSinkMgr'],['DistributedCameraSinkMgr'],DistributedCameraSinkMgr,DistributedCameraSinkMgr
147,152,services/cameraservice/sinkservice/include/distributedcameramgr/dcamera_sink_controller.h,services/cameraservice/sinkservice/include/distributedcameramgr/eventbus/dcamera_frame_trigger_event.h,,,file,file,Import,1.0,False,,,['DistributedCameraSinkMgr'],['DistributedCameraSinkMgr'],DistributedCameraSinkMgr,DistributedCameraSinkMgr
147,152,services/cameraservice/sinkservice/include/distributedcameramgr/dcamera_sink_controller.h,services/cameraservice/sinkservice/include/distributedcameramgr/eventbus/dcamera_frame_trigger_event.h,OnEvent,DCameraFrameTriggerEvent,functionproto,type,Parameter,1.0,True,2275,2359,['DistributedCameraSinkMgr'],['DistributedCameraSinkMgr'],DistributedCameraSinkMgr,DistributedCameraSinkMgr
79,75,common/src/utils/data_buffer.cpp,common/include/constants/distributed_camera_errno.h,,,file,file,Import,1.0,False,,,['utils'],['utils'],utils,utils
44,45,camera_hdf/interfaces/hdi_ipc/client/provider/dcamera_provider_callback.cpp,camera_hdf/interfaces/hdi_ipc/client/provider/dcamera_provider_callback.h,,,file,file,Import,1.0,False,,,['VirtualCameraHdf'],['VirtualCameraHdf'],VirtualCameraHdf,VirtualCameraHdf
44,45,camera_hdf/interfaces/hdi_ipc/client/provider/dcamera_provider_callback.cpp,camera_hdf/interfaces/hdi_ipc/client/provider/dcamera_provider_callback.h,OpenSession,OpenSession,functionimpl,functionproto,Implement,7.0,True,962,970,['VirtualCameraHdf'],['VirtualCameraHdf'],VirtualCameraHdf,VirtualCameraHdf
44,45,camera_hdf/interfaces/hdi_ipc/client/provider/dcamera_provider_callback.cpp,camera_hdf/interfaces/hdi_ipc/client/provider/dcamera_provider_callback.h,CloseSession,CloseSession,functionimpl,functionproto,Implement,7.0,True,960,968,['VirtualCameraHdf'],['VirtualCameraHdf'],VirtualCameraHdf,VirtualCameraHdf
44,45,camera_hdf/interfaces/hdi_ipc/client/provider/dcamera_provider_callback.cpp,camera_hdf/interfaces/hdi_ipc/client/provider/dcamera_provider_callback.h,ConfigureStreams,ConfigureStreams,functionimpl,functionproto,Implement,7.0,True,961,969,['VirtualCameraHdf'],['VirtualCameraHdf'],VirtualCameraHdf,VirtualCameraHdf
44,45,camera_hdf/interfaces/hdi_ipc/client/provider/dcamera_provider_callback.cpp,camera_hdf/interfaces/hdi_ipc/client/provider/dcamera_provider_callback.h,ReleaseStreams,ReleaseStreams,functionimpl,functionproto,Implement,7.0,True,963,971,['VirtualCameraHdf'],['VirtualCameraHdf'],VirtualCameraHdf,VirtualCameraHdf
44,45,camera_hdf/interfaces/hdi_ipc/client/provider/dcamera_provider_callback.cpp,camera_hdf/interfaces/hdi_ipc/client/provider/dcamera_provider_callback.h,StartCapture,StartCapture,functionimpl,functionproto,Implement,7.0,True,964,972,['VirtualCameraHdf'],['VirtualCameraHdf'],VirtualCameraHdf,VirtualCameraHdf
44,45,camera_hdf/interfaces/hdi_ipc/client/provider/dcamera_provider_callback.cpp,camera_hdf/interfaces/hdi_ipc/client/provider/dcamera_provider_callback.h,StopCapture,StopCapture,functionimpl,functionproto,Implement,7.0,True,965,973,['VirtualCameraHdf'],['VirtualCameraHdf'],VirtualCameraHdf,VirtualCameraHdf
44,45,camera_hdf/interfaces/hdi_ipc/client/provider/dcamera_provider_callback.cpp,camera_hdf/interfaces/hdi_ipc/client/provider/dcamera_provider_callback.h,UpdateSettings,UpdateSettings,functionimpl,functionproto,Implement,7.0,True,966,974,['VirtualCameraHdf'],['VirtualCameraHdf'],VirtualCameraHdf,VirtualCameraHdf
11,3,camera_hdf/hdi_impl/src/dcamera_device/dcamera_device.cpp,camera_hdf/hdi_impl/include/dcamera_provider/dcamera_provider.h,UpdateSettings,GetInstance,functionimpl,functionproto,Call,6.0,True,278,83,['VirtualCameraHdf'],['VirtualCameraHdf'],VirtualCameraHdf,VirtualCameraHdf
11,3,camera_hdf/hdi_impl/src/dcamera_device/dcamera_device.cpp,camera_hdf/hdi_impl/include/dcamera_provider/dcamera_provider.h,EnableResult,GetInstance,functionimpl,functionproto,Call,6.0,True,263,83,['VirtualCameraHdf'],['VirtualCameraHdf'],VirtualCameraHdf,VirtualCameraHdf
11,3,camera_hdf/hdi_impl/src/dcamera_device/dcamera_device.cpp,camera_hdf/hdi_impl/include/dcamera_provider/dcamera_provider.h,DisableResult,GetInstance,functionimpl,functionproto,Call,6.0,True,262,83,['VirtualCameraHdf'],['VirtualCameraHdf'],VirtualCameraHdf,VirtualCameraHdf
11,3,camera_hdf/hdi_impl/src/dcamera_device/dcamera_device.cpp,camera_hdf/hdi_impl/include/dcamera_provider/dcamera_provider.h,Close,GetInstance,functionimpl,functionproto,Call,6.0,True,259,83,['VirtualCameraHdf'],['VirtualCameraHdf'],VirtualCameraHdf,VirtualCameraHdf
11,3,camera_hdf/hdi_impl/src/dcamera_device/dcamera_device.cpp,camera_hdf/hdi_impl/include/dcamera_provider/dcamera_provider.h,OpenDCamera,GetInstance,functionimpl,functionproto,Call,6.0,True,274,83,['VirtualCameraHdf'],['VirtualCameraHdf'],VirtualCameraHdf,VirtualCameraHdf
11,3,camera_hdf/hdi_impl/src/dcamera_device/dcamera_device.cpp,camera_hdf/hdi_impl/include/dcamera_provider/dcamera_provider.h,Notify,GetInstance,functionimpl,functionproto,Call,6.0,True,272,83,['VirtualCameraHdf'],['VirtualCameraHdf'],VirtualCameraHdf,VirtualCameraHdf
11,3,camera_hdf/hdi_impl/src/dcamera_device/dcamera_device.cpp,camera_hdf/hdi_impl/include/dcamera_provider/dcamera_provider.h,,,file,file,Import,1.0,False,,,['VirtualCameraHdf'],['VirtualCameraHdf'],VirtualCameraHdf,VirtualCameraHdf
11,3,camera_hdf/hdi_impl/src/dcamera_device/dcamera_device.cpp,camera_hdf/hdi_impl/include/dcamera_provider/dcamera_provider.h,UpdateSettings,DCameraProvider,functionimpl,type,Use,6.0,True,278,94,['VirtualCameraHdf'],['VirtualCameraHdf'],VirtualCameraHdf,VirtualCameraHdf
11,3,camera_hdf/hdi_impl/src/dcamera_device/dcamera_device.cpp,camera_hdf/hdi_impl/include/dcamera_provider/dcamera_provider.h,EnableResult,DCameraProvider,functionimpl,type,Use,6.0,True,263,94,['VirtualCameraHdf'],['VirtualCameraHdf'],VirtualCameraHdf,VirtualCameraHdf
11,3,camera_hdf/hdi_impl/src/dcamera_device/dcamera_device.cpp,camera_hdf/hdi_impl/include/dcamera_provider/dcamera_provider.h,DisableResult,DCameraProvider,functionimpl,type,Use,6.0,True,262,94,['VirtualCameraHdf'],['VirtualCameraHdf'],VirtualCameraHdf,VirtualCameraHdf
11,3,camera_hdf/hdi_impl/src/dcamera_device/dcamera_device.cpp,camera_hdf/hdi_impl/include/dcamera_provider/dcamera_provider.h,Close,DCameraProvider,functionimpl,type,Use,6.0,True,259,94,['VirtualCameraHdf'],['VirtualCameraHdf'],VirtualCameraHdf,VirtualCameraHdf
11,3,camera_hdf/hdi_impl/src/dcamera_device/dcamera_device.cpp,camera_hdf/hdi_impl/include/dcamera_provider/dcamera_provider.h,OpenDCamera,DCameraProvider,functionimpl,type,Use,6.0,True,274,94,['VirtualCameraHdf'],['VirtualCameraHdf'],VirtualCameraHdf,VirtualCameraHdf
11,3,camera_hdf/hdi_impl/src/dcamera_device/dcamera_device.cpp,camera_hdf/hdi_impl/include/dcamera_provider/dcamera_provider.h,Notify,DCameraProvider,functionimpl,type,Use,6.0,True,272,94,['VirtualCameraHdf'],['VirtualCameraHdf'],VirtualCameraHdf,VirtualCameraHdf
258,268,services/data_process/include/interfaces/idata_process_pipeline.h,services/data_process/include/utils/image_common_type.h,,,file,file,Import,1.0,False,,,['CameraDataProcessCommon'],['CameraDataProcessCommon'],CameraDataProcessCommon,CameraDataProcessCommon
258,268,services/data_process/include/interfaces/idata_process_pipeline.h,services/data_process/include/utils/image_common_type.h,CreateDataProcessPipeline,PipelineType,functionproto,type,Parameter,3.0,True,3946,4115,['CameraDataProcessCommon'],['CameraDataProcessCommon'],CameraDataProcessCommon,CameraDataProcessCommon
258,268,services/data_process/include/interfaces/idata_process_pipeline.h,services/data_process/include/utils/image_common_type.h,CreateDataProcessPipeline,VideoConfigParams,functionproto,type,Parameter,3.0,True,3946,4117,['CameraDataProcessCommon'],['CameraDataProcessCommon'],CameraDataProcessCommon,CameraDataProcessCommon
11,2,camera_hdf/hdi_impl/src/dcamera_device/dcamera_device.cpp,camera_hdf/hdi_impl/include/dcamera_host/dcamera_host.h,Notify,GetInstance,functionimpl,functionproto,Call,1.0,True,272,61,['VirtualCameraHdf'],['VirtualCameraHdf'],VirtualCameraHdf,VirtualCameraHdf
11,2,camera_hdf/hdi_impl/src/dcamera_device/dcamera_device.cpp,camera_hdf/hdi_impl/include/dcamera_host/dcamera_host.h,,,file,file,Import,1.0,False,,,['VirtualCameraHdf'],['VirtualCameraHdf'],VirtualCameraHdf,VirtualCameraHdf
11,2,camera_hdf/hdi_impl/src/dcamera_device/dcamera_device.cpp,camera_hdf/hdi_impl/include/dcamera_host/dcamera_host.h,Notify,DCameraHost,functionimpl,type,Use,1.0,True,272,69,['VirtualCameraHdf'],['VirtualCameraHdf'],VirtualCameraHdf,VirtualCameraHdf
79,76,common/src/utils/data_buffer.cpp,common/include/utils/data_buffer.h,,,file,file,Import,1.0,False,,,['utils'],['utils'],utils,utils
79,76,common/src/utils/data_buffer.cpp,common/include/utils/data_buffer.h,DataBuffer,DataBuffer,functionimpl,functionproto,Implement,13.0,True,1490,1459,['utils'],['utils'],utils,utils
79,76,common/src/utils/data_buffer.cpp,common/include/utils/data_buffer.h,Capacity,Capacity,functionimpl,functionproto,Implement,13.0,True,1488,1457,['utils'],['utils'],utils,utils
79,76,common/src/utils/data_buffer.cpp,common/include/utils/data_buffer.h,Size,Size,functionimpl,functionproto,Implement,13.0,True,1499,1468,['utils'],['utils'],utils,utils
79,76,common/src/utils/data_buffer.cpp,common/include/utils/data_buffer.h,Offset,Offset,functionimpl,functionproto,Implement,13.0,True,1494,1463,['utils'],['utils'],utils,utils
79,76,common/src/utils/data_buffer.cpp,common/include/utils/data_buffer.h,Data,Data,functionimpl,functionproto,Implement,13.0,True,1489,1458,['utils'],['utils'],utils,utils
79,76,common/src/utils/data_buffer.cpp,common/include/utils/data_buffer.h,SetRange,SetRange,functionimpl,functionproto,Implement,13.0,True,1497,1466,['utils'],['utils'],utils,utils
79,76,common/src/utils/data_buffer.cpp,common/include/utils/data_buffer.h,SetInt32,SetInt32,functionimpl,functionproto,Implement,13.0,True,1495,1464,['utils'],['utils'],utils,utils
79,76,common/src/utils/data_buffer.cpp,common/include/utils/data_buffer.h,SetInt64,SetInt64,functionimpl,functionproto,Implement,13.0,True,1496,1465,['utils'],['utils'],utils,utils
79,76,common/src/utils/data_buffer.cpp,common/include/utils/data_buffer.h,SetString,SetString,functionimpl,functionproto,Implement,13.0,True,1498,1467,['utils'],['utils'],utils,utils
79,76,common/src/utils/data_buffer.cpp,common/include/utils/data_buffer.h,FindInt32,FindInt32,functionimpl,functionproto,Implement,13.0,True,1491,1460,['utils'],['utils'],utils,utils
79,76,common/src/utils/data_buffer.cpp,common/include/utils/data_buffer.h,FindInt64,FindInt64,functionimpl,functionproto,Implement,13.0,True,1492,1461,['utils'],['utils'],utils,utils
79,76,common/src/utils/data_buffer.cpp,common/include/utils/data_buffer.h,FindString,FindString,functionimpl,functionproto,Implement,13.0,True,1493,1462,['utils'],['utils'],utils,utils
79,76,common/src/utils/data_buffer.cpp,common/include/utils/data_buffer.h,~DataBuffer,~DataBuffer,functionimpl,functionproto,Implement,13.0,True,1500,1469,['utils'],['utils'],utils,utils
253,248,services/channel/src/dcamera_softbus_adapter.cpp,services/channel/include/dcamera_softbus_session.h,OnSourceSessionOpened,DCameraSoftbusSession,functionimpl,type,Use,8.0,True,3804,3725,['ChannelCommon'],['ChannelCommon'],ChannelCommon,ChannelCommon
253,248,services/channel/src/dcamera_softbus_adapter.cpp,services/channel/include/dcamera_softbus_session.h,OnSourceSessionClosed,DCameraSoftbusSession,functionimpl,type,Use,8.0,True,3803,3725,['ChannelCommon'],['ChannelCommon'],ChannelCommon,ChannelCommon
253,248,services/channel/src/dcamera_softbus_adapter.cpp,services/channel/include/dcamera_softbus_session.h,OnSourceBytesReceived,DCameraSoftbusSession,functionimpl,type,Use,8.0,True,3801,3725,['ChannelCommon'],['ChannelCommon'],ChannelCommon,ChannelCommon
253,248,services/channel/src/dcamera_softbus_adapter.cpp,services/channel/include/dcamera_softbus_session.h,OnSourceStreamReceived,DCameraSoftbusSession,functionimpl,type,Use,8.0,True,3805,3725,['ChannelCommon'],['ChannelCommon'],ChannelCommon,ChannelCommon
253,248,services/channel/src/dcamera_softbus_adapter.cpp,services/channel/include/dcamera_softbus_session.h,OnSinkSessionOpened,DCameraSoftbusSession,functionimpl,type,Use,8.0,True,3799,3725,['ChannelCommon'],['ChannelCommon'],ChannelCommon,ChannelCommon
253,248,services/channel/src/dcamera_softbus_adapter.cpp,services/channel/include/dcamera_softbus_session.h,OnSinkSessionClosed,DCameraSoftbusSession,functionimpl,type,Use,8.0,True,3798,3725,['ChannelCommon'],['ChannelCommon'],ChannelCommon,ChannelCommon
253,248,services/channel/src/dcamera_softbus_adapter.cpp,services/channel/include/dcamera_softbus_session.h,OnSinkBytesReceived,DCameraSoftbusSession,functionimpl,type,Use,8.0,True,3796,3725,['ChannelCommon'],['ChannelCommon'],ChannelCommon,ChannelCommon
253,248,services/channel/src/dcamera_softbus_adapter.cpp,services/channel/include/dcamera_softbus_session.h,OnSinkStreamReceived,DCameraSoftbusSession,functionimpl,type,Use,8.0,True,3800,3725,['ChannelCommon'],['ChannelCommon'],ChannelCommon,ChannelCommon
11,0,camera_hdf/hdi_impl/src/dcamera_device/dcamera_device.cpp,camera_hdf/hdi_impl/include/dcamera_device/dcamera_device.h,,,file,file,Import,1.0,False,,,['VirtualCameraHdf'],['VirtualCameraHdf'],VirtualCameraHdf,VirtualCameraHdf
11,0,camera_hdf/hdi_impl/src/dcamera_device/dcamera_device.cpp,camera_hdf/hdi_impl/include/dcamera_device/dcamera_device.h,DCameraDevice,DCameraDevice,functionimpl,functionproto,Implement,21.0,True,261,6,['VirtualCameraHdf'],['VirtualCameraHdf'],VirtualCameraHdf,VirtualCameraHdf
11,0,camera_hdf/hdi_impl/src/dcamera_device/dcamera_device.cpp,camera_hdf/hdi_impl/include/dcamera_device/dcamera_device.h,Init,Init,functionimpl,functionproto,Implement,21.0,True,270,15,['VirtualCameraHdf'],['VirtualCameraHdf'],VirtualCameraHdf,VirtualCameraHdf
11,0,camera_hdf/hdi_impl/src/dcamera_device/dcamera_device.cpp,camera_hdf/hdi_impl/include/dcamera_device/dcamera_device.h,CreateDStreamOperator,CreateDStreamOperator,functionimpl,functionproto,Implement,21.0,True,260,5,['VirtualCameraHdf'],['VirtualCameraHdf'],VirtualCameraHdf,VirtualCameraHdf
11,0,camera_hdf/hdi_impl/src/dcamera_device/dcamera_device.cpp,camera_hdf/hdi_impl/include/dcamera_device/dcamera_device.h,GetStreamOperator,GetStreamOperator,functionimpl,functionproto,Implement,21.0,True,269,14,['VirtualCameraHdf'],['VirtualCameraHdf'],VirtualCameraHdf,VirtualCameraHdf
11,0,camera_hdf/hdi_impl/src/dcamera_device/dcamera_device.cpp,camera_hdf/hdi_impl/include/dcamera_device/dcamera_device.h,UpdateSettings,UpdateSettings,functionimpl,functionproto,Implement,21.0,True,278,23,['VirtualCameraHdf'],['VirtualCameraHdf'],VirtualCameraHdf,VirtualCameraHdf
11,0,camera_hdf/hdi_impl/src/dcamera_device/dcamera_device.cpp,camera_hdf/hdi_impl/include/dcamera_device/dcamera_device.h,SetResultMode,SetResultMode,functionimpl,functionproto,Implement,21.0,True,276,21,['VirtualCameraHdf'],['VirtualCameraHdf'],VirtualCameraHdf,VirtualCameraHdf
11,0,camera_hdf/hdi_impl/src/dcamera_device/dcamera_device.cpp,camera_hdf/hdi_impl/include/dcamera_device/dcamera_device.h,GetEnabledResults,GetEnabledResults,functionimpl,functionproto,Implement,21.0,True,267,12,['VirtualCameraHdf'],['VirtualCameraHdf'],VirtualCameraHdf,VirtualCameraHdf
11,0,camera_hdf/hdi_impl/src/dcamera_device/dcamera_device.cpp,camera_hdf/hdi_impl/include/dcamera_device/dcamera_device.h,EnableResult,EnableResult,functionimpl,functionproto,Implement,21.0,True,263,8,['VirtualCameraHdf'],['VirtualCameraHdf'],VirtualCameraHdf,VirtualCameraHdf
11,0,camera_hdf/hdi_impl/src/dcamera_device/dcamera_device.cpp,camera_hdf/hdi_impl/include/dcamera_device/dcamera_device.h,DisableResult,DisableResult,functionimpl,functionproto,Implement,21.0,True,262,7,['VirtualCameraHdf'],['VirtualCameraHdf'],VirtualCameraHdf,VirtualCameraHdf
11,0,camera_hdf/hdi_impl/src/dcamera_device/dcamera_device.cpp,camera_hdf/hdi_impl/include/dcamera_device/dcamera_device.h,Close,Close,functionimpl,functionproto,Implement,21.0,True,259,4,['VirtualCameraHdf'],['VirtualCameraHdf'],VirtualCameraHdf,VirtualCameraHdf
11,0,camera_hdf/hdi_impl/src/dcamera_device/dcamera_device.cpp,camera_hdf/hdi_impl/include/dcamera_device/dcamera_device.h,OpenDCamera,OpenDCamera,functionimpl,functionproto,Implement,21.0,True,274,19,['VirtualCameraHdf'],['VirtualCameraHdf'],VirtualCameraHdf,VirtualCameraHdf
11,0,camera_hdf/hdi_impl/src/dcamera_device/dcamera_device.cpp,camera_hdf/hdi_impl/include/dcamera_device/dcamera_device.h,GetDCameraAbility,GetDCameraAbility,functionimpl,functionproto,Implement,21.0,True,265,10,['VirtualCameraHdf'],['VirtualCameraHdf'],VirtualCameraHdf,VirtualCameraHdf
11,0,camera_hdf/hdi_impl/src/dcamera_device/dcamera_device.cpp,camera_hdf/hdi_impl/include/dcamera_device/dcamera_device.h,AcquireBuffer,AcquireBuffer,functionimpl,functionproto,Implement,21.0,True,258,3,['VirtualCameraHdf'],['VirtualCameraHdf'],VirtualCameraHdf,VirtualCameraHdf
11,0,camera_hdf/hdi_impl/src/dcamera_device/dcamera_device.cpp,camera_hdf/hdi_impl/include/dcamera_device/dcamera_device.h,ShutterBuffer,ShutterBuffer,functionimpl,functionproto,Implement,21.0,True,277,22,['VirtualCameraHdf'],['VirtualCameraHdf'],VirtualCameraHdf,VirtualCameraHdf
11,0,camera_hdf/hdi_impl/src/dcamera_device/dcamera_device.cpp,camera_hdf/hdi_impl/include/dcamera_device/dcamera_device.h,OnSettingsResult,OnSettingsResult,functionimpl,functionproto,Implement,21.0,True,273,18,['VirtualCameraHdf'],['VirtualCameraHdf'],VirtualCameraHdf,VirtualCameraHdf
11,0,camera_hdf/hdi_impl/src/dcamera_device/dcamera_device.cpp,camera_hdf/hdi_impl/include/dcamera_device/dcamera_device.h,Notify,Notify,functionimpl,functionproto,Implement,21.0,True,272,17,['VirtualCameraHdf'],['VirtualCameraHdf'],VirtualCameraHdf,VirtualCameraHdf
11,0,camera_hdf/hdi_impl/src/dcamera_device/dcamera_device.cpp,camera_hdf/hdi_impl/include/dcamera_device/dcamera_device.h,SetProviderCallback,SetProviderCallback,functionimpl,functionproto,Implement,21.0,True,275,20,['VirtualCameraHdf'],['VirtualCameraHdf'],VirtualCameraHdf,VirtualCameraHdf
11,0,camera_hdf/hdi_impl/src/dcamera_device/dcamera_device.cpp,camera_hdf/hdi_impl/include/dcamera_device/dcamera_device.h,GetProviderCallback,GetProviderCallback,functionimpl,functionproto,Implement,21.0,True,268,13,['VirtualCameraHdf'],['VirtualCameraHdf'],VirtualCameraHdf,VirtualCameraHdf
11,0,camera_hdf/hdi_impl/src/dcamera_device/dcamera_device.cpp,camera_hdf/hdi_impl/include/dcamera_device/dcamera_device.h,GenerateCameraId,GenerateCameraId,functionimpl,functionproto,Implement,21.0,True,264,9,['VirtualCameraHdf'],['VirtualCameraHdf'],VirtualCameraHdf,VirtualCameraHdf
11,0,camera_hdf/hdi_impl/src/dcamera_device/dcamera_device.cpp,camera_hdf/hdi_impl/include/dcamera_device/dcamera_device.h,GetDCameraId,GetDCameraId,functionimpl,functionproto,Implement,21.0,True,266,11,['VirtualCameraHdf'],['VirtualCameraHdf'],VirtualCameraHdf,VirtualCameraHdf
11,0,camera_hdf/hdi_impl/src/dcamera_device/dcamera_device.cpp,camera_hdf/hdi_impl/include/dcamera_device/dcamera_device.h,IsOpened,IsOpened,functionimpl,functionproto,Implement,21.0,True,271,16,['VirtualCameraHdf'],['VirtualCameraHdf'],VirtualCameraHdf,VirtualCameraHdf
148,249,services/cameraservice/sinkservice/include/distributedcameramgr/dcamera_sink_data_process.h,services/channel/include/icamera_channel.h,,,file,file,Import,1.0,False,,,['DistributedCameraSinkMgr'],['ChannelCommon'],DistributedCameraSinkMgr,ChannelCommon
148,249,services/cameraservice/sinkservice/include/distributedcameramgr/dcamera_sink_data_process.h,services/channel/include/icamera_channel.h,channel_,ICameraChannel,var,type,Use,1.0,True,2306,3734,['DistributedCameraSinkMgr'],['ChannelCommon'],DistributedCameraSinkMgr,ChannelCommon
148,249,services/cameraservice/sinkservice/include/distributedcameramgr/dcamera_sink_data_process.h,services/channel/include/icamera_channel.h,channel_,ICameraChannel,var,type,Parameter,1.0,True,2306,3734,['DistributedCameraSinkMgr'],['ChannelCommon'],DistributedCameraSinkMgr,ChannelCommon
150,122,services/cameraservice/sinkservice/include/distributedcameramgr/dcamera_sink_output.h,services/cameraservice/cameraoperator/client/include/icamera_operator.h,,,file,file,Import,1.0,False,,,['DistributedCameraSinkMgr'],['utils'],DistributedCameraSinkMgr,utils
150,122,services/cameraservice/sinkservice/include/distributedcameramgr/dcamera_sink_output.h,services/cameraservice/cameraoperator/client/include/icamera_operator.h,operator_,ICameraOperator,var,type,Use,1.0,True,2341,1949,['DistributedCameraSinkMgr'],['utils'],DistributedCameraSinkMgr,utils
150,122,services/cameraservice/sinkservice/include/distributedcameramgr/dcamera_sink_output.h,services/cameraservice/cameraoperator/client/include/icamera_operator.h,operator_,ICameraOperator,var,type,Parameter,1.0,True,2341,1949,['DistributedCameraSinkMgr'],['utils'],DistributedCameraSinkMgr,utils
253,247,services/channel/src/dcamera_softbus_adapter.cpp,services/channel/include/dcamera_softbus_adapter.h,,,file,file,Import,1.0,False,,,['ChannelCommon'],['ChannelCommon'],ChannelCommon,ChannelCommon
253,247,services/channel/src/dcamera_softbus_adapter.cpp,services/channel/include/dcamera_softbus_adapter.h,DCameraSoftbusAdapter,DCameraSoftbusAdapter,functionimpl,functionproto,Implement,22.0,True,3785,3672,['ChannelCommon'],['ChannelCommon'],ChannelCommon,ChannelCommon
253,247,services/channel/src/dcamera_softbus_adapter.cpp,services/channel/include/dcamera_softbus_adapter.h,~DCameraSoftbusAdapter,~DCameraSoftbusAdapter,functionimpl,functionproto,Implement,22.0,True,3809,3691,['ChannelCommon'],['ChannelCommon'],ChannelCommon,ChannelCommon
253,247,services/channel/src/dcamera_softbus_adapter.cpp,services/channel/include/dcamera_softbus_adapter.h,CreateSoftbusSessionServer,CreateSoftbusSessionServer,functionimpl,functionproto,Implement,22.0,True,3779,3671,['ChannelCommon'],['ChannelCommon'],ChannelCommon,ChannelCommon
253,247,services/channel/src/dcamera_softbus_adapter.cpp,services/channel/include/dcamera_softbus_adapter.h,DestroySoftbusSessionServer,DestroySoftbusSessionServer,functionimpl,functionproto,Implement,22.0,True,3794,3676,['ChannelCommon'],['ChannelCommon'],ChannelCommon,ChannelCommon
253,247,services/channel/src/dcamera_softbus_adapter.cpp,services/channel/include/dcamera_softbus_adapter.h,OpenSoftbusSession,OpenSoftbusSession,functionimpl,functionproto,Implement,22.0,True,3806,3688,['ChannelCommon'],['ChannelCommon'],ChannelCommon,ChannelCommon
253,247,services/channel/src/dcamera_softbus_adapter.cpp,services/channel/include/dcamera_softbus_adapter.h,CloseSoftbusSession,CloseSoftbusSession,functionimpl,functionproto,Implement,22.0,True,3778,3670,['ChannelCommon'],['ChannelCommon'],ChannelCommon,ChannelCommon
253,247,services/channel/src/dcamera_softbus_adapter.cpp,services/channel/include/dcamera_softbus_adapter.h,SendSofbusBytes,SendSofbusBytes,functionimpl,functionproto,Implement,22.0,True,3807,3689,['ChannelCommon'],['ChannelCommon'],ChannelCommon,ChannelCommon
253,247,services/channel/src/dcamera_softbus_adapter.cpp,services/channel/include/dcamera_softbus_adapter.h,SendSofbusStream,SendSofbusStream,functionimpl,functionproto,Implement,22.0,True,3808,3690,['ChannelCommon'],['ChannelCommon'],ChannelCommon,ChannelCommon
253,247,services/channel/src/dcamera_softbus_adapter.cpp,services/channel/include/dcamera_softbus_adapter.h,DCameraSoftbusGetSessionById,DCameraSoftbusGetSessionById,functionimpl,functionproto,Implement,22.0,True,3786,3673,['ChannelCommon'],['ChannelCommon'],ChannelCommon,ChannelCommon
253,247,services/channel/src/dcamera_softbus_adapter.cpp,services/channel/include/dcamera_softbus_adapter.h,DCameraSoftbusSourceGetSession,DCameraSoftbusSourceGetSession,functionimpl,functionproto,Implement,22.0,True,3788,3675,['ChannelCommon'],['ChannelCommon'],ChannelCommon,ChannelCommon
253,247,services/channel/src/dcamera_softbus_adapter.cpp,services/channel/include/dcamera_softbus_adapter.h,OnSourceSessionOpened,OnSourceSessionOpened,functionimpl,functionproto,Implement,22.0,True,3804,3686,['ChannelCommon'],['ChannelCommon'],ChannelCommon,ChannelCommon
253,247,services/channel/src/dcamera_softbus_adapter.cpp,services/channel/include/dcamera_softbus_adapter.h,OnSourceSessionClosed,OnSourceSessionClosed,functionimpl,functionproto,Implement,22.0,True,3803,3685,['ChannelCommon'],['ChannelCommon'],ChannelCommon,ChannelCommon
253,247,services/channel/src/dcamera_softbus_adapter.cpp,services/channel/include/dcamera_softbus_adapter.h,OnSourceBytesReceived,OnSourceBytesReceived,functionimpl,functionproto,Implement,22.0,True,3801,3683,['ChannelCommon'],['ChannelCommon'],ChannelCommon,ChannelCommon
253,247,services/channel/src/dcamera_softbus_adapter.cpp,services/channel/include/dcamera_softbus_adapter.h,OnSourceMessageReceived,OnSourceMessageReceived,functionimpl,functionproto,Implement,22.0,True,3802,3684,['ChannelCommon'],['ChannelCommon'],ChannelCommon,ChannelCommon
253,247,services/channel/src/dcamera_softbus_adapter.cpp,services/channel/include/dcamera_softbus_adapter.h,OnSourceStreamReceived,OnSourceStreamReceived,functionimpl,functionproto,Implement,22.0,True,3805,3687,['ChannelCommon'],['ChannelCommon'],ChannelCommon,ChannelCommon
253,247,services/channel/src/dcamera_softbus_adapter.cpp,services/channel/include/dcamera_softbus_adapter.h,DCameraSoftbusSinkGetSession,DCameraSoftbusSinkGetSession,functionimpl,functionproto,Implement,22.0,True,3787,3674,['ChannelCommon'],['ChannelCommon'],ChannelCommon,ChannelCommon
253,247,services/channel/src/dcamera_softbus_adapter.cpp,services/channel/include/dcamera_softbus_adapter.h,OnSinkSessionOpened,OnSinkSessionOpened,functionimpl,functionproto,Implement,22.0,True,3799,3681,['ChannelCommon'],['ChannelCommon'],ChannelCommon,ChannelCommon
253,247,services/channel/src/dcamera_softbus_adapter.cpp,services/channel/include/dcamera_softbus_adapter.h,OnSinkSessionClosed,OnSinkSessionClosed,functionimpl,functionproto,Implement,22.0,True,3798,3680,['ChannelCommon'],['ChannelCommon'],ChannelCommon,ChannelCommon
253,247,services/channel/src/dcamera_softbus_adapter.cpp,services/channel/include/dcamera_softbus_adapter.h,OnSinkBytesReceived,OnSinkBytesReceived,functionimpl,functionproto,Implement,22.0,True,3796,3678,['ChannelCommon'],['ChannelCommon'],ChannelCommon,ChannelCommon
253,247,services/channel/src/dcamera_softbus_adapter.cpp,services/channel/include/dcamera_softbus_adapter.h,OnSinkMessageReceived,OnSinkMessageReceived,functionimpl,functionproto,Implement,22.0,True,3797,3679,['ChannelCommon'],['ChannelCommon'],ChannelCommon,ChannelCommon
253,247,services/channel/src/dcamera_softbus_adapter.cpp,services/channel/include/dcamera_softbus_adapter.h,OnSinkStreamReceived,OnSinkStreamReceived,functionimpl,functionproto,Implement,22.0,True,3800,3682,['ChannelCommon'],['ChannelCommon'],ChannelCommon,ChannelCommon
253,247,services/channel/src/dcamera_softbus_adapter.cpp,services/channel/include/dcamera_softbus_adapter.h,GetLocalNetworkId,GetLocalNetworkId,functionimpl,functionproto,Implement,22.0,True,3795,3677,['ChannelCommon'],['ChannelCommon'],ChannelCommon,ChannelCommon
253,247,services/channel/src/dcamera_softbus_adapter.cpp,services/channel/include/dcamera_softbus_adapter.h,CreateSoftbusSessionServer,DCAMERA_CHANNEL_ROLE,functionimpl,alias,Parameter,1.0,True,3779,3668,['ChannelCommon'],['ChannelCommon'],ChannelCommon,ChannelCommon
11,9,camera_hdf/hdi_impl/src/dcamera_device/dcamera_device.cpp,camera_hdf/hdi_impl/include/utils/constants.h,OpenDCamera,WAIT_OPEN_TIMEOUT_SEC,functionimpl,var,Use,1.0,True,274,245,['VirtualCameraHdf'],['VirtualCameraHdf'],VirtualCameraHdf,VirtualCameraHdf
11,8,camera_hdf/hdi_impl/src/dcamera_device/dcamera_device.cpp,camera_hdf/hdi_impl/include/dstream_operator/dstream_operator.h,CreateDStreamOperator,DStreamOperator,functionimpl,type,Call,1.0,True,260,203,['VirtualCameraHdf'],['VirtualCameraHdf'],VirtualCameraHdf,VirtualCameraHdf
11,8,camera_hdf/hdi_impl/src/dcamera_device/dcamera_device.cpp,camera_hdf/hdi_impl/include/dstream_operator/dstream_operator.h,CreateDStreamOperator,DStreamOperator,functionimpl,type,Use,1.0,True,260,203,['VirtualCameraHdf'],['VirtualCameraHdf'],VirtualCameraHdf,VirtualCameraHdf
11,8,camera_hdf/hdi_impl/src/dcamera_device/dcamera_device.cpp,camera_hdf/hdi_impl/include/dstream_operator/dstream_operator.h,CreateDStreamOperator,DStreamOperator,functionimpl,type,Create,1.0,True,260,203,['VirtualCameraHdf'],['VirtualCameraHdf'],VirtualCameraHdf,VirtualCameraHdf
126,74,services/cameraservice/cameraoperator/client/src/callback/dcamera_manager_callback.cpp,common/include/constants/distributed_camera_constants.h,,,file,file,Import,1.0,False,,,['utils'],['utils'],utils,utils
11,10,camera_hdf/hdi_impl/src/dcamera_device/dcamera_device.cpp,camera_hdf/hdi_impl/include/utils/dcamera.h,GetStreamOperator,MapToExternalRetCode,functionimpl,functionproto,Call,12.0,True,269,254,['VirtualCameraHdf'],['VirtualCameraHdf'],VirtualCameraHdf,VirtualCameraHdf
11,10,camera_hdf/hdi_impl/src/dcamera_device/dcamera_device.cpp,camera_hdf/hdi_impl/include/utils/dcamera.h,UpdateSettings,MapToExternalRetCode,functionimpl,functionproto,Call,12.0,True,278,254,['VirtualCameraHdf'],['VirtualCameraHdf'],VirtualCameraHdf,VirtualCameraHdf
11,10,camera_hdf/hdi_impl/src/dcamera_device/dcamera_device.cpp,camera_hdf/hdi_impl/include/utils/dcamera.h,SetResultMode,MapToExternalRetCode,functionimpl,functionproto,Call,12.0,True,276,254,['VirtualCameraHdf'],['VirtualCameraHdf'],VirtualCameraHdf,VirtualCameraHdf
11,10,camera_hdf/hdi_impl/src/dcamera_device/dcamera_device.cpp,camera_hdf/hdi_impl/include/utils/dcamera.h,GetEnabledResults,MapToExternalRetCode,functionimpl,functionproto,Call,12.0,True,267,254,['VirtualCameraHdf'],['VirtualCameraHdf'],VirtualCameraHdf,VirtualCameraHdf
11,10,camera_hdf/hdi_impl/src/dcamera_device/dcamera_device.cpp,camera_hdf/hdi_impl/include/utils/dcamera.h,EnableResult,MapToExternalRetCode,functionimpl,functionproto,Call,12.0,True,263,254,['VirtualCameraHdf'],['VirtualCameraHdf'],VirtualCameraHdf,VirtualCameraHdf
11,10,camera_hdf/hdi_impl/src/dcamera_device/dcamera_device.cpp,camera_hdf/hdi_impl/include/utils/dcamera.h,DisableResult,MapToExternalRetCode,functionimpl,functionproto,Call,12.0,True,262,254,['VirtualCameraHdf'],['VirtualCameraHdf'],VirtualCameraHdf,VirtualCameraHdf
11,10,camera_hdf/hdi_impl/src/dcamera_device/dcamera_device.cpp,camera_hdf/hdi_impl/include/utils/dcamera.h,OpenDCamera,MapToExternalRetCode,functionimpl,functionproto,Call,12.0,True,274,254,['VirtualCameraHdf'],['VirtualCameraHdf'],VirtualCameraHdf,VirtualCameraHdf
11,10,camera_hdf/hdi_impl/src/dcamera_device/dcamera_device.cpp,camera_hdf/hdi_impl/include/utils/dcamera.h,GetDCameraAbility,MapToExternalRetCode,functionimpl,functionproto,Call,12.0,True,265,254,['VirtualCameraHdf'],['VirtualCameraHdf'],VirtualCameraHdf,VirtualCameraHdf
46,45,camera_hdf/interfaces/hdi_ipc/client/provider/dcamera_provider_callback_stub.cpp,camera_hdf/interfaces/hdi_ipc/client/provider/dcamera_provider_callback.h,,,file,file,Import,1.0,False,,,['VirtualCameraHdf'],['VirtualCameraHdf'],VirtualCameraHdf,VirtualCameraHdf
266,259,services/data_process/include/pipeline_node/multimedia_codec/encode_data_process.h,services/data_process/include/pipeline/abstract_data_process.h,,,file,file,Import,1.0,False,,,['CameraDataProcessCommon'],['CameraDataProcessCommon'],CameraDataProcessCommon,CameraDataProcessCommon
266,259,services/data_process/include/pipeline_node/multimedia_codec/encode_data_process.h,services/data_process/include/pipeline/abstract_data_process.h,EncodeDataProcess,AbstractDataProcess,type,type,Extend,1.0,True,4089,3951,['CameraDataProcessCommon'],['CameraDataProcessCommon'],CameraDataProcessCommon,CameraDataProcessCommon
273,75,services/data_process/src/pipeline_node/fpscontroller/fps_controller_process.cpp,common/include/constants/distributed_camera_errno.h,,,file,file,Import,1.0,False,,,['CameraDataProcessCommon'],['utils'],CameraDataProcessCommon,utils
46,47,camera_hdf/interfaces/hdi_ipc/client/provider/dcamera_provider_callback_stub.cpp,camera_hdf/interfaces/hdi_ipc/client/provider/dcamera_provider_callback_stub.h,,,file,file,Import,1.0,False,,,['VirtualCameraHdf'],['VirtualCameraHdf'],VirtualCameraHdf,VirtualCameraHdf
46,47,camera_hdf/interfaces/hdi_ipc/client/provider/dcamera_provider_callback_stub.cpp,camera_hdf/interfaces/hdi_ipc/client/provider/dcamera_provider_callback_stub.h,OnRemoteRequest,OnRemoteRequest,functionimpl,functionproto,Implement,8.0,True,984,1004,['VirtualCameraHdf'],['VirtualCameraHdf'],VirtualCameraHdf,VirtualCameraHdf
46,47,camera_hdf/interfaces/hdi_ipc/client/provider/dcamera_provider_callback_stub.cpp,camera_hdf/interfaces/hdi_ipc/client/provider/dcamera_provider_callback_stub.h,DCProviderOpenSessionStub,DCProviderOpenSessionStub,functionimpl,functionproto,Implement,8.0,True,979,999,['VirtualCameraHdf'],['VirtualCameraHdf'],VirtualCameraHdf,VirtualCameraHdf
46,47,camera_hdf/interfaces/hdi_ipc/client/provider/dcamera_provider_callback_stub.cpp,camera_hdf/interfaces/hdi_ipc/client/provider/dcamera_provider_callback_stub.h,DCProviderCloseSessionStub,DCProviderCloseSessionStub,functionimpl,functionproto,Implement,8.0,True,977,997,['VirtualCameraHdf'],['VirtualCameraHdf'],VirtualCameraHdf,VirtualCameraHdf
46,47,camera_hdf/interfaces/hdi_ipc/client/provider/dcamera_provider_callback_stub.cpp,camera_hdf/interfaces/hdi_ipc/client/provider/dcamera_provider_callback_stub.h,DCProviderConfigureStreamsStub,DCProviderConfigureStreamsStub,functionimpl,functionproto,Implement,8.0,True,978,998,['VirtualCameraHdf'],['VirtualCameraHdf'],VirtualCameraHdf,VirtualCameraHdf
46,47,camera_hdf/interfaces/hdi_ipc/client/provider/dcamera_provider_callback_stub.cpp,camera_hdf/interfaces/hdi_ipc/client/provider/dcamera_provider_callback_stub.h,DCProviderReleaseStreamsStub,DCProviderReleaseStreamsStub,functionimpl,functionproto,Implement,8.0,True,980,1000,['VirtualCameraHdf'],['VirtualCameraHdf'],VirtualCameraHdf,VirtualCameraHdf
46,47,camera_hdf/interfaces/hdi_ipc/client/provider/dcamera_provider_callback_stub.cpp,camera_hdf/interfaces/hdi_ipc/client/provider/dcamera_provider_callback_stub.h,DCProviderStartCaptureStub,DCProviderStartCaptureStub,functionimpl,functionproto,Implement,8.0,True,981,1001,['VirtualCameraHdf'],['VirtualCameraHdf'],VirtualCameraHdf,VirtualCameraHdf
46,47,camera_hdf/interfaces/hdi_ipc/client/provider/dcamera_provider_callback_stub.cpp,camera_hdf/interfaces/hdi_ipc/client/provider/dcamera_provider_callback_stub.h,DCProviderStopCaptureStub,DCProviderStopCaptureStub,functionimpl,functionproto,Implement,8.0,True,982,1002,['VirtualCameraHdf'],['VirtualCameraHdf'],VirtualCameraHdf,VirtualCameraHdf
46,47,camera_hdf/interfaces/hdi_ipc/client/provider/dcamera_provider_callback_stub.cpp,camera_hdf/interfaces/hdi_ipc/client/provider/dcamera_provider_callback_stub.h,DCProviderUpdateSettingsStub,DCProviderUpdateSettingsStub,functionimpl,functionproto,Implement,8.0,True,983,1003,['VirtualCameraHdf'],['VirtualCameraHdf'],VirtualCameraHdf,VirtualCameraHdf
246,250,services/channel/include/dcamera_channel_source_impl.h,services/channel/include/icamera_channel_listener.h,listener_,ICameraChannelListener,var,type,Use,1.0,True,3666,3738,['ChannelSource'],['ChannelCommon'],ChannelSource,ChannelCommon
246,250,services/channel/include/dcamera_channel_source_impl.h,services/channel/include/icamera_channel_listener.h,listener_,ICameraChannelListener,var,type,Parameter,1.0,True,3666,3738,['ChannelSource'],['ChannelCommon'],ChannelSource,ChannelCommon
258,257,services/data_process/include/interfaces/idata_process_pipeline.h,services/data_process/include/interfaces/data_process_listener.h,,,file,file,Import,1.0,False,,,['CameraDataProcessCommon'],['CameraDataProcessCommon'],CameraDataProcessCommon,CameraDataProcessCommon
148,258,services/cameraservice/sinkservice/include/distributedcameramgr/dcamera_sink_data_process.h,services/data_process/include/interfaces/idata_process_pipeline.h,,,file,file,Import,1.0,False,,,['DistributedCameraSinkMgr'],['CameraDataProcessCommon'],DistributedCameraSinkMgr,CameraDataProcessCommon
148,258,services/cameraservice/sinkservice/include/distributedcameramgr/dcamera_sink_data_process.h,services/data_process/include/interfaces/idata_process_pipeline.h,pipeline_,IDataProcessPipeline,var,type,Use,1.0,True,2307,3947,['DistributedCameraSinkMgr'],['CameraDataProcessCommon'],DistributedCameraSinkMgr,CameraDataProcessCommon
148,258,services/cameraservice/sinkservice/include/distributedcameramgr/dcamera_sink_data_process.h,services/data_process/include/interfaces/idata_process_pipeline.h,pipeline_,IDataProcessPipeline,var,type,Parameter,1.0,True,2307,3947,['DistributedCameraSinkMgr'],['CameraDataProcessCommon'],DistributedCameraSinkMgr,CameraDataProcessCommon
273,78,services/data_process/src/pipeline_node/fpscontroller/fps_controller_process.cpp,common/include/utils/dcamera_utils_tools.h,ProcessData,GetNowTimeStampMs,functionimpl,functionproto,Call,1.0,True,4243,1483,['CameraDataProcessCommon'],['utils'],CameraDataProcessCommon,utils
273,78,services/data_process/src/pipeline_node/fpscontroller/fps_controller_process.cpp,common/include/utils/dcamera_utils_tools.h,,,file,file,Import,1.0,False,,,['CameraDataProcessCommon'],['utils'],CameraDataProcessCommon,utils
148,257,services/cameraservice/sinkservice/include/distributedcameramgr/dcamera_sink_data_process.h,services/data_process/include/interfaces/data_process_listener.h,OnError,DataProcessErrorType,functionproto,type,Parameter,1.0,True,2299,3941,['DistributedCameraSinkMgr'],['CameraDataProcessCommon'],DistributedCameraSinkMgr,CameraDataProcessCommon
111,103,services/cameraservice/base/src/dcamera_info_cmd.cpp,services/cameraservice/base/include/dcamera_info_cmd.h,,,file,file,Import,1.0,False,,,['CameraServiceCommon'],['CameraServiceCommon'],CameraServiceCommon,CameraServiceCommon
111,103,services/cameraservice/base/src/dcamera_info_cmd.cpp,services/cameraservice/base/include/dcamera_info_cmd.h,Unmarshal,DCameraInfo,functionimpl,type,Use,1.0,True,1855,1778,['CameraServiceCommon'],['CameraServiceCommon'],CameraServiceCommon,CameraServiceCommon
111,103,services/cameraservice/base/src/dcamera_info_cmd.cpp,services/cameraservice/base/include/dcamera_info_cmd.h,Marshal,Marshal,functionimpl,functionproto,Implement,2.0,True,1854,1775,['CameraServiceCommon'],['CameraServiceCommon'],CameraServiceCommon,CameraServiceCommon
111,103,services/cameraservice/base/src/dcamera_info_cmd.cpp,services/cameraservice/base/include/dcamera_info_cmd.h,Unmarshal,Unmarshal,functionimpl,functionproto,Implement,2.0,True,1855,1776,['CameraServiceCommon'],['CameraServiceCommon'],CameraServiceCommon,CameraServiceCommon
254,248,services/channel/src/dcamera_softbus_session.cpp,services/channel/include/dcamera_softbus_session.h,,,file,file,Import,1.0,False,,,['ChannelCommon'],['ChannelCommon'],ChannelCommon,ChannelCommon
254,248,services/channel/src/dcamera_softbus_session.cpp,services/channel/include/dcamera_softbus_session.h,PackRecvData,SessionDataHeader,functionimpl,type,Use,70.0,True,3854,3726,['ChannelCommon'],['ChannelCommon'],ChannelCommon,ChannelCommon
254,248,services/channel/src/dcamera_softbus_session.cpp,services/channel/include/dcamera_softbus_session.h,AssembleNoFrag,SessionDataHeader,functionimpl,type,Use,70.0,True,3840,3726,['ChannelCommon'],['ChannelCommon'],ChannelCommon,ChannelCommon
254,248,services/channel/src/dcamera_softbus_session.cpp,services/channel/include/dcamera_softbus_session.h,AssembleFrag,SessionDataHeader,functionimpl,type,Use,70.0,True,3839,3726,['ChannelCommon'],['ChannelCommon'],ChannelCommon,ChannelCommon
254,248,services/channel/src/dcamera_softbus_session.cpp,services/channel/include/dcamera_softbus_session.h,CheckUnPackBuffer,SessionDataHeader,functionimpl,type,Use,70.0,True,3841,3726,['ChannelCommon'],['ChannelCommon'],ChannelCommon,ChannelCommon
254,248,services/channel/src/dcamera_softbus_session.cpp,services/channel/include/dcamera_softbus_session.h,GetFragDataLen,SessionDataHeader,functionimpl,type,Use,70.0,True,3845,3726,['ChannelCommon'],['ChannelCommon'],ChannelCommon,ChannelCommon
254,248,services/channel/src/dcamera_softbus_session.cpp,services/channel/include/dcamera_softbus_session.h,UnPackSendData,SessionDataHeader,functionimpl,type,Use,70.0,True,3862,3726,['ChannelCommon'],['ChannelCommon'],ChannelCommon,ChannelCommon
254,248,services/channel/src/dcamera_softbus_session.cpp,services/channel/include/dcamera_softbus_session.h,MakeFragDataHeader,SessionDataHeader,functionimpl,type,Use,70.0,True,3849,3726,['ChannelCommon'],['ChannelCommon'],ChannelCommon,ChannelCommon
254,248,services/channel/src/dcamera_softbus_session.cpp,services/channel/include/dcamera_softbus_session.h,DCameraSoftbusSession,DCameraSoftbusSession,functionimpl,functionproto,Implement,26.0,True,3843,3703,['ChannelCommon'],['ChannelCommon'],ChannelCommon,ChannelCommon
254,248,services/channel/src/dcamera_softbus_session.cpp,services/channel/include/dcamera_softbus_session.h,~DCameraSoftbusSession,~DCameraSoftbusSession,functionimpl,functionproto,Implement,26.0,True,3863,3723,['ChannelCommon'],['ChannelCommon'],ChannelCommon,ChannelCommon
254,248,services/channel/src/dcamera_softbus_session.cpp,services/channel/include/dcamera_softbus_session.h,OpenSession,OpenSession,functionimpl,functionproto,Implement,26.0,True,3853,3713,['ChannelCommon'],['ChannelCommon'],ChannelCommon,ChannelCommon
254,248,services/channel/src/dcamera_softbus_session.cpp,services/channel/include/dcamera_softbus_session.h,CloseSession,CloseSession,functionimpl,functionproto,Implement,26.0,True,3842,3702,['ChannelCommon'],['ChannelCommon'],ChannelCommon,ChannelCommon
254,248,services/channel/src/dcamera_softbus_session.cpp,services/channel/include/dcamera_softbus_session.h,OnSessionOpend,OnSessionOpend,functionimpl,functionproto,Implement,26.0,True,3852,3712,['ChannelCommon'],['ChannelCommon'],ChannelCommon,ChannelCommon
254,248,services/channel/src/dcamera_softbus_session.cpp,services/channel/include/dcamera_softbus_session.h,OnSessionClose,OnSessionClose,functionimpl,functionproto,Implement,26.0,True,3851,3711,['ChannelCommon'],['ChannelCommon'],ChannelCommon,ChannelCommon
254,248,services/channel/src/dcamera_softbus_session.cpp,services/channel/include/dcamera_softbus_session.h,OnDataReceived,OnDataReceived,functionimpl,functionproto,Implement,26.0,True,3850,3710,['ChannelCommon'],['ChannelCommon'],ChannelCommon,ChannelCommon
254,248,services/channel/src/dcamera_softbus_session.cpp,services/channel/include/dcamera_softbus_session.h,DealRecvData,DealRecvData,functionimpl,functionproto,Implement,26.0,True,3844,3704,['ChannelCommon'],['ChannelCommon'],ChannelCommon,ChannelCommon
254,248,services/channel/src/dcamera_softbus_session.cpp,services/channel/include/dcamera_softbus_session.h,PackRecvData,PackRecvData,functionimpl,functionproto,Implement,26.0,True,3854,3714,['ChannelCommon'],['ChannelCommon'],ChannelCommon,ChannelCommon
254,248,services/channel/src/dcamera_softbus_session.cpp,services/channel/include/dcamera_softbus_session.h,AssembleNoFrag,AssembleNoFrag,functionimpl,functionproto,Implement,26.0,True,3840,3700,['ChannelCommon'],['ChannelCommon'],ChannelCommon,ChannelCommon
254,248,services/channel/src/dcamera_softbus_session.cpp,services/channel/include/dcamera_softbus_session.h,AssembleFrag,AssembleFrag,functionimpl,functionproto,Implement,26.0,True,3839,3699,['ChannelCommon'],['ChannelCommon'],ChannelCommon,ChannelCommon
254,248,services/channel/src/dcamera_softbus_session.cpp,services/channel/include/dcamera_softbus_session.h,CheckUnPackBuffer,CheckUnPackBuffer,functionimpl,functionproto,Implement,26.0,True,3841,3701,['ChannelCommon'],['ChannelCommon'],ChannelCommon,ChannelCommon
254,248,services/channel/src/dcamera_softbus_session.cpp,services/channel/include/dcamera_softbus_session.h,ResetAssembleFrag,ResetAssembleFrag,functionimpl,functionproto,Implement,26.0,True,3856,3716,['ChannelCommon'],['ChannelCommon'],ChannelCommon,ChannelCommon
254,248,services/channel/src/dcamera_softbus_session.cpp,services/channel/include/dcamera_softbus_session.h,PostData,PostData,functionimpl,functionproto,Implement,26.0,True,3855,3715,['ChannelCommon'],['ChannelCommon'],ChannelCommon,ChannelCommon
254,248,services/channel/src/dcamera_softbus_session.cpp,services/channel/include/dcamera_softbus_session.h,GetFragDataLen,GetFragDataLen,functionimpl,functionproto,Implement,26.0,True,3845,3705,['ChannelCommon'],['ChannelCommon'],ChannelCommon,ChannelCommon
254,248,services/channel/src/dcamera_softbus_session.cpp,services/channel/include/dcamera_softbus_session.h,U16Get,U16Get,functionimpl,functionproto,Implement,26.0,True,3860,3720,['ChannelCommon'],['ChannelCommon'],ChannelCommon,ChannelCommon
254,248,services/channel/src/dcamera_softbus_session.cpp,services/channel/include/dcamera_softbus_session.h,U32Get,U32Get,functionimpl,functionproto,Implement,26.0,True,3861,3721,['ChannelCommon'],['ChannelCommon'],ChannelCommon,ChannelCommon
254,248,services/channel/src/dcamera_softbus_session.cpp,services/channel/include/dcamera_softbus_session.h,SendData,SendData,functionimpl,functionproto,Implement,26.0,True,3858,3718,['ChannelCommon'],['ChannelCommon'],ChannelCommon,ChannelCommon
254,248,services/channel/src/dcamera_softbus_session.cpp,services/channel/include/dcamera_softbus_session.h,UnPackSendData,UnPackSendData,functionimpl,functionproto,Implement,26.0,True,3862,3722,['ChannelCommon'],['ChannelCommon'],ChannelCommon,ChannelCommon
254,248,services/channel/src/dcamera_softbus_session.cpp,services/channel/include/dcamera_softbus_session.h,MakeFragDataHeader,MakeFragDataHeader,functionimpl,functionproto,Implement,26.0,True,3849,3709,['ChannelCommon'],['ChannelCommon'],ChannelCommon,ChannelCommon
254,248,services/channel/src/dcamera_softbus_session.cpp,services/channel/include/dcamera_softbus_session.h,SendBytes,SendBytes,functionimpl,functionproto,Implement,26.0,True,3857,3717,['ChannelCommon'],['ChannelCommon'],ChannelCommon,ChannelCommon
254,248,services/channel/src/dcamera_softbus_session.cpp,services/channel/include/dcamera_softbus_session.h,SendStream,SendStream,functionimpl,functionproto,Implement,26.0,True,3859,3719,['ChannelCommon'],['ChannelCommon'],ChannelCommon,ChannelCommon
254,248,services/channel/src/dcamera_softbus_session.cpp,services/channel/include/dcamera_softbus_session.h,GetPeerDevId,GetPeerDevId,functionimpl,functionproto,Implement,26.0,True,3847,3707,['ChannelCommon'],['ChannelCommon'],ChannelCommon,ChannelCommon
254,248,services/channel/src/dcamera_softbus_session.cpp,services/channel/include/dcamera_softbus_session.h,GetPeerSessionName,GetPeerSessionName,functionimpl,functionproto,Implement,26.0,True,3848,3708,['ChannelCommon'],['ChannelCommon'],ChannelCommon,ChannelCommon
254,248,services/channel/src/dcamera_softbus_session.cpp,services/channel/include/dcamera_softbus_session.h,GetMySessionName,GetMySessionName,functionimpl,functionproto,Implement,26.0,True,3846,3706,['ChannelCommon'],['ChannelCommon'],ChannelCommon,ChannelCommon
254,248,services/channel/src/dcamera_softbus_session.cpp,services/channel/include/dcamera_softbus_session.h,AssembleNoFrag,SessionDataHeader,functionimpl,type,Parameter,5.0,True,3840,3726,['ChannelCommon'],['ChannelCommon'],ChannelCommon,ChannelCommon
254,248,services/channel/src/dcamera_softbus_session.cpp,services/channel/include/dcamera_softbus_session.h,AssembleFrag,SessionDataHeader,functionimpl,type,Parameter,5.0,True,3839,3726,['ChannelCommon'],['ChannelCommon'],ChannelCommon,ChannelCommon
254,248,services/channel/src/dcamera_softbus_session.cpp,services/channel/include/dcamera_softbus_session.h,CheckUnPackBuffer,SessionDataHeader,functionimpl,type,Parameter,5.0,True,3841,3726,['ChannelCommon'],['ChannelCommon'],ChannelCommon,ChannelCommon
254,248,services/channel/src/dcamera_softbus_session.cpp,services/channel/include/dcamera_softbus_session.h,GetFragDataLen,SessionDataHeader,functionimpl,type,Parameter,5.0,True,3845,3726,['ChannelCommon'],['ChannelCommon'],ChannelCommon,ChannelCommon
254,248,services/channel/src/dcamera_softbus_session.cpp,services/channel/include/dcamera_softbus_session.h,MakeFragDataHeader,SessionDataHeader,functionimpl,type,Parameter,5.0,True,3849,3726,['ChannelCommon'],['ChannelCommon'],ChannelCommon,ChannelCommon
254,248,services/channel/src/dcamera_softbus_session.cpp,services/channel/include/dcamera_softbus_session.h,PackRecvData,SessionDataHeader,functionimpl,type,Contain,2.0,True,3854,3726,['ChannelCommon'],['ChannelCommon'],ChannelCommon,ChannelCommon
254,248,services/channel/src/dcamera_softbus_session.cpp,services/channel/include/dcamera_softbus_session.h,UnPackSendData,SessionDataHeader,functionimpl,type,Contain,2.0,True,3862,3726,['ChannelCommon'],['ChannelCommon'],ChannelCommon,ChannelCommon
254,247,services/channel/src/dcamera_softbus_session.cpp,services/channel/include/dcamera_softbus_adapter.h,,,file,file,Import,1.0,False,,,['ChannelCommon'],['ChannelCommon'],ChannelCommon,ChannelCommon
254,249,services/channel/src/dcamera_softbus_session.cpp,services/channel/include/icamera_channel.h,DCameraSoftbusSession,DCameraSessionMode,functionimpl,alias,Parameter,2.0,True,3843,3730,['ChannelCommon'],['ChannelCommon'],ChannelCommon,ChannelCommon
254,249,services/channel/src/dcamera_softbus_session.cpp,services/channel/include/icamera_channel.h,SendData,DCameraSessionMode,functionimpl,alias,Parameter,2.0,True,3858,3730,['ChannelCommon'],['ChannelCommon'],ChannelCommon,ChannelCommon
259,268,services/data_process/include/pipeline/abstract_data_process.h,services/data_process/include/utils/image_common_type.h,,,file,file,Import,1.0,False,,,['CameraDataProcessCommon'],['CameraDataProcessCommon'],CameraDataProcessCommon,CameraDataProcessCommon
215,216,services/cameraservice/sourceservice/include/distributedcameramgr/dcamerastate/dcamera_source_regist_state.h,services/cameraservice/sourceservice/include/distributedcameramgr/dcamerastate/dcamera_source_state.h,,,file,file,Import,1.0,False,,,['DistributedCameraSourceMgr'],['DistributedCameraSourceMgr'],DistributedCameraSourceMgr,DistributedCameraSourceMgr
215,216,services/cameraservice/sourceservice/include/distributedcameramgr/dcamerastate/dcamera_source_regist_state.h,services/cameraservice/sourceservice/include/distributedcameramgr/dcamerastate/dcamera_source_state.h,GetStateType,DCameraStateType,functionproto,alias,Return,1.0,True,3098,3101,['DistributedCameraSourceMgr'],['DistributedCameraSourceMgr'],DistributedCameraSourceMgr,DistributedCameraSourceMgr
215,216,services/cameraservice/sourceservice/include/distributedcameramgr/dcamerastate/dcamera_source_regist_state.h,services/cameraservice/sourceservice/include/distributedcameramgr/dcamerastate/dcamera_source_state.h,DCameraSourceRegistState,DCameraSourceState,type,type,Extend,1.0,True,3099,3106,['DistributedCameraSourceMgr'],['DistributedCameraSourceMgr'],DistributedCameraSourceMgr,DistributedCameraSourceMgr
109,73,services/cameraservice/base/src/dcamera_channel_info_cmd.cpp,camera_hdf/interfaces/include/types.h,Unmarshal,_DCStreamType,functionimpl,type,Cast,1.0,True,1829,1387,['CameraServiceCommon'],['VirtualCameraHdf'],CameraServiceCommon,VirtualCameraHdf
109,73,services/cameraservice/base/src/dcamera_channel_info_cmd.cpp,camera_hdf/interfaces/include/types.h,Unmarshal,_DCStreamType,functionimpl,type,Use,1.0,True,1829,1387,['CameraServiceCommon'],['VirtualCameraHdf'],CameraServiceCommon,VirtualCameraHdf
109,74,services/cameraservice/base/src/dcamera_channel_info_cmd.cpp,common/include/constants/distributed_camera_constants.h,,,file,file,Import,1.0,False,,,['CameraServiceCommon'],['utils'],CameraServiceCommon,utils
109,75,services/cameraservice/base/src/dcamera_channel_info_cmd.cpp,common/include/constants/distributed_camera_errno.h,,,file,file,Import,1.0,False,,,['CameraServiceCommon'],['utils'],CameraServiceCommon,utils
21,22,camera_hdf/hdi_impl/test/common.cpp,camera_hdf/hdi_impl/test/common.h,CreateProducer,TestBufferConsumerListener,functionimpl,type,Call,1.0,True,672,736,['VirtualCameraHdf'],['VirtualCameraHdf'],VirtualCameraHdf,VirtualCameraHdf
21,22,camera_hdf/hdi_impl/test/common.cpp,camera_hdf/hdi_impl/test/common.h,,,file,file,Import,1.0,False,,,['VirtualCameraHdf'],['VirtualCameraHdf'],VirtualCameraHdf,VirtualCameraHdf
21,22,camera_hdf/hdi_impl/test/common.cpp,camera_hdf/hdi_impl/test/common.h,StartStream,StreamConsumer,functionimpl,type,Use,4.0,True,681,735,['VirtualCameraHdf'],['VirtualCameraHdf'],VirtualCameraHdf,VirtualCameraHdf
21,22,camera_hdf/hdi_impl/test/common.cpp,camera_hdf/hdi_impl/test/common.h,CreateProducer,TestBufferConsumerListener,functionimpl,type,Use,4.0,True,672,736,['VirtualCameraHdf'],['VirtualCameraHdf'],VirtualCameraHdf,VirtualCameraHdf
21,22,camera_hdf/hdi_impl/test/common.cpp,camera_hdf/hdi_impl/test/common.h,CreateProducer,TestBufferConsumerListener,functionimpl,type,Create,1.0,True,672,736,['VirtualCameraHdf'],['VirtualCameraHdf'],VirtualCameraHdf,VirtualCameraHdf
21,22,camera_hdf/hdi_impl/test/common.cpp,camera_hdf/hdi_impl/test/common.h,GetCurrentLocalTimeStamp,GetCurrentLocalTimeStamp,functionimpl,functionproto,Implement,13.0,True,675,726,['VirtualCameraHdf'],['VirtualCameraHdf'],VirtualCameraHdf,VirtualCameraHdf
21,22,camera_hdf/hdi_impl/test/common.cpp,camera_hdf/hdi_impl/test/common.h,SaveYUV,SaveYUV,functionimpl,functionproto,Implement,13.0,True,679,730,['VirtualCameraHdf'],['VirtualCameraHdf'],VirtualCameraHdf,VirtualCameraHdf
21,22,camera_hdf/hdi_impl/test/common.cpp,camera_hdf/hdi_impl/test/common.h,SaveVideoFile,SaveVideoFile,functionimpl,functionproto,Implement,13.0,True,678,729,['VirtualCameraHdf'],['VirtualCameraHdf'],VirtualCameraHdf,VirtualCameraHdf
21,22,camera_hdf/hdi_impl/test/common.cpp,camera_hdf/hdi_impl/test/common.h,Init,Init,functionimpl,functionproto,Implement,13.0,True,676,727,['VirtualCameraHdf'],['VirtualCameraHdf'],VirtualCameraHdf,VirtualCameraHdf
21,22,camera_hdf/hdi_impl/test/common.cpp,camera_hdf/hdi_impl/test/common.h,GetCameraAbility,GetCameraAbility,functionimpl,functionproto,Implement,13.0,True,673,724,['VirtualCameraHdf'],['VirtualCameraHdf'],VirtualCameraHdf,VirtualCameraHdf
21,22,camera_hdf/hdi_impl/test/common.cpp,camera_hdf/hdi_impl/test/common.h,GetCameraMetadata,GetCameraMetadata,functionimpl,functionproto,Implement,13.0,True,674,725,['VirtualCameraHdf'],['VirtualCameraHdf'],VirtualCameraHdf,VirtualCameraHdf
21,22,camera_hdf/hdi_impl/test/common.cpp,camera_hdf/hdi_impl/test/common.h,Open,Open,functionimpl,functionproto,Implement,13.0,True,677,728,['VirtualCameraHdf'],['VirtualCameraHdf'],VirtualCameraHdf,VirtualCameraHdf
21,22,camera_hdf/hdi_impl/test/common.cpp,camera_hdf/hdi_impl/test/common.h,Close,Close,functionimpl,functionproto,Implement,13.0,True,671,722,['VirtualCameraHdf'],['VirtualCameraHdf'],VirtualCameraHdf,VirtualCameraHdf
21,22,camera_hdf/hdi_impl/test/common.cpp,camera_hdf/hdi_impl/test/common.h,StartStream,StartStream,functionimpl,functionproto,Implement,13.0,True,681,732,['VirtualCameraHdf'],['VirtualCameraHdf'],VirtualCameraHdf,VirtualCameraHdf
21,22,camera_hdf/hdi_impl/test/common.cpp,camera_hdf/hdi_impl/test/common.h,StartCapture,StartCapture,functionimpl,functionproto,Implement,13.0,True,680,731,['VirtualCameraHdf'],['VirtualCameraHdf'],VirtualCameraHdf,VirtualCameraHdf
21,22,camera_hdf/hdi_impl/test/common.cpp,camera_hdf/hdi_impl/test/common.h,StopStream,StopStream,functionimpl,functionproto,Implement,13.0,True,683,734,['VirtualCameraHdf'],['VirtualCameraHdf'],VirtualCameraHdf,VirtualCameraHdf
21,22,camera_hdf/hdi_impl/test/common.cpp,camera_hdf/hdi_impl/test/common.h,StopOfflineStream,StopOfflineStream,functionimpl,functionproto,Implement,13.0,True,682,733,['VirtualCameraHdf'],['VirtualCameraHdf'],VirtualCameraHdf,VirtualCameraHdf
21,22,camera_hdf/hdi_impl/test/common.cpp,camera_hdf/hdi_impl/test/common.h,CreateProducer,CreateProducer,functionimpl,functionproto,Implement,13.0,True,672,723,['VirtualCameraHdf'],['VirtualCameraHdf'],VirtualCameraHdf,VirtualCameraHdf
148,268,services/cameraservice/sinkservice/include/distributedcameramgr/dcamera_sink_data_process.h,services/data_process/include/utils/image_common_type.h,,,file,file,Import,1.0,False,,,['DistributedCameraSinkMgr'],['CameraDataProcessCommon'],DistributedCameraSinkMgr,CameraDataProcessCommon
148,268,services/cameraservice/sinkservice/include/distributedcameramgr/dcamera_sink_data_process.h,services/data_process/include/utils/image_common_type.h,GetPipelineCodecType,VideoCodecType,functionproto,type,Return,2.0,True,2297,4116,['DistributedCameraSinkMgr'],['CameraDataProcessCommon'],DistributedCameraSinkMgr,CameraDataProcessCommon
148,268,services/cameraservice/sinkservice/include/distributedcameramgr/dcamera_sink_data_process.h,services/data_process/include/utils/image_common_type.h,GetPipelineFormat,Videoformat,functionproto,type,Return,2.0,True,2298,4118,['DistributedCameraSinkMgr'],['CameraDataProcessCommon'],DistributedCameraSinkMgr,CameraDataProcessCommon
157,76,services/cameraservice/sinkservice/include/distributedcameramgr/interface/icamera_sink_data_process.h,common/include/utils/data_buffer.h,,,file,file,Import,1.0,False,,,['DistributedCameraSinkMgr'],['utils'],DistributedCameraSinkMgr,utils
142,149,services/cameraservice/sinkservice/include/distributedcamera/distributed_camera_sink_service.h,services/cameraservice/sinkservice/include/distributedcameramgr/dcamera_sink_dev.h,,,file,file,Import,1.0,False,,,['DistributedCameraSinkMgr'],['DistributedCameraSinkMgr'],DistributedCameraSinkMgr,DistributedCameraSinkMgr
142,149,services/cameraservice/sinkservice/include/distributedcamera/distributed_camera_sink_service.h,services/cameraservice/sinkservice/include/distributedcameramgr/dcamera_sink_dev.h,camerasMap_,DCameraSinkDev,var,type,Use,1.0,True,2230,2320,['DistributedCameraSinkMgr'],['DistributedCameraSinkMgr'],DistributedCameraSinkMgr,DistributedCameraSinkMgr
142,149,services/cameraservice/sinkservice/include/distributedcamera/distributed_camera_sink_service.h,services/cameraservice/sinkservice/include/distributedcameramgr/dcamera_sink_dev.h,camerasMap_,DCameraSinkDev,var,type,Parameter,1.0,True,2230,2320,['DistributedCameraSinkMgr'],['DistributedCameraSinkMgr'],DistributedCameraSinkMgr,DistributedCameraSinkMgr
142,143,services/cameraservice/sinkservice/include/distributedcamera/distributed_camera_sink_service.h,services/cameraservice/sinkservice/include/distributedcamera/distributed_camera_sink_stub.h,,,file,file,Import,1.0,False,,,['DistributedCameraSinkMgr'],['DistributedCameraSinkMgr'],DistributedCameraSinkMgr,DistributedCameraSinkMgr
142,143,services/cameraservice/sinkservice/include/distributedcamera/distributed_camera_sink_service.h,services/cameraservice/sinkservice/include/distributedcamera/distributed_camera_sink_stub.h,DistributedCameraSinkService,DistributedCameraSinkStub,type,type,Extend,1.0,True,2229,2245,['DistributedCameraSinkMgr'],['DistributedCameraSinkMgr'],DistributedCameraSinkMgr,DistributedCameraSinkMgr
197,102,services/cameraservice/sourceservice/include/distributedcameramgr/dcamera_source_event.h,services/cameraservice/base/include/dcamera_event_cmd.h,,,file,file,Import,1.0,False,,,['DistributedCameraSourceMgr'],['CameraServiceCommon'],DistributedCameraSourceMgr,CameraServiceCommon
94,90,interfaces/inner_kits/native_cpp/camera_source/include/idistributed_camera_source.h,interfaces/inner_kits/native_cpp/camera_source/include/callback/idcamera_source_callback.h,,,file,file,Import,1.0,False,,,['DistributedCameraSourceMgr'],['DistributedCameraSourceMgr'],DistributedCameraSourceMgr,DistributedCameraSourceMgr
44,73,camera_hdf/interfaces/hdi_ipc/client/provider/dcamera_provider_callback.cpp,camera_hdf/interfaces/include/types.h,OpenSession,DCamRetCode,functionimpl,alias,Return,7.0,True,962,1374,['VirtualCameraHdf'],['VirtualCameraHdf'],VirtualCameraHdf,VirtualCameraHdf
44,73,camera_hdf/interfaces/hdi_ipc/client/provider/dcamera_provider_callback.cpp,camera_hdf/interfaces/include/types.h,CloseSession,DCamRetCode,functionimpl,alias,Return,7.0,True,960,1374,['VirtualCameraHdf'],['VirtualCameraHdf'],VirtualCameraHdf,VirtualCameraHdf
44,73,camera_hdf/interfaces/hdi_ipc/client/provider/dcamera_provider_callback.cpp,camera_hdf/interfaces/include/types.h,ConfigureStreams,DCamRetCode,functionimpl,alias,Return,7.0,True,961,1374,['VirtualCameraHdf'],['VirtualCameraHdf'],VirtualCameraHdf,VirtualCameraHdf
44,73,camera_hdf/interfaces/hdi_ipc/client/provider/dcamera_provider_callback.cpp,camera_hdf/interfaces/include/types.h,ReleaseStreams,DCamRetCode,functionimpl,alias,Return,7.0,True,963,1374,['VirtualCameraHdf'],['VirtualCameraHdf'],VirtualCameraHdf,VirtualCameraHdf
44,73,camera_hdf/interfaces/hdi_ipc/client/provider/dcamera_provider_callback.cpp,camera_hdf/interfaces/include/types.h,StartCapture,DCamRetCode,functionimpl,alias,Return,7.0,True,964,1374,['VirtualCameraHdf'],['VirtualCameraHdf'],VirtualCameraHdf,VirtualCameraHdf
44,73,camera_hdf/interfaces/hdi_ipc/client/provider/dcamera_provider_callback.cpp,camera_hdf/interfaces/include/types.h,StopCapture,DCamRetCode,functionimpl,alias,Return,7.0,True,965,1374,['VirtualCameraHdf'],['VirtualCameraHdf'],VirtualCameraHdf,VirtualCameraHdf
44,73,camera_hdf/interfaces/hdi_ipc/client/provider/dcamera_provider_callback.cpp,camera_hdf/interfaces/include/types.h,UpdateSettings,DCamRetCode,functionimpl,alias,Return,7.0,True,966,1374,['VirtualCameraHdf'],['VirtualCameraHdf'],VirtualCameraHdf,VirtualCameraHdf
44,73,camera_hdf/interfaces/hdi_ipc/client/provider/dcamera_provider_callback.cpp,camera_hdf/interfaces/include/types.h,OpenSession,SUCCESS,functionimpl,var,Use,7.0,True,962,1405,['VirtualCameraHdf'],['VirtualCameraHdf'],VirtualCameraHdf,VirtualCameraHdf
44,73,camera_hdf/interfaces/hdi_ipc/client/provider/dcamera_provider_callback.cpp,camera_hdf/interfaces/include/types.h,CloseSession,SUCCESS,functionimpl,var,Use,7.0,True,960,1405,['VirtualCameraHdf'],['VirtualCameraHdf'],VirtualCameraHdf,VirtualCameraHdf
44,73,camera_hdf/interfaces/hdi_ipc/client/provider/dcamera_provider_callback.cpp,camera_hdf/interfaces/include/types.h,ConfigureStreams,SUCCESS,functionimpl,var,Use,7.0,True,961,1405,['VirtualCameraHdf'],['VirtualCameraHdf'],VirtualCameraHdf,VirtualCameraHdf
44,73,camera_hdf/interfaces/hdi_ipc/client/provider/dcamera_provider_callback.cpp,camera_hdf/interfaces/include/types.h,ReleaseStreams,SUCCESS,functionimpl,var,Use,7.0,True,963,1405,['VirtualCameraHdf'],['VirtualCameraHdf'],VirtualCameraHdf,VirtualCameraHdf
44,73,camera_hdf/interfaces/hdi_ipc/client/provider/dcamera_provider_callback.cpp,camera_hdf/interfaces/include/types.h,StartCapture,SUCCESS,functionimpl,var,Use,7.0,True,964,1405,['VirtualCameraHdf'],['VirtualCameraHdf'],VirtualCameraHdf,VirtualCameraHdf
44,73,camera_hdf/interfaces/hdi_ipc/client/provider/dcamera_provider_callback.cpp,camera_hdf/interfaces/include/types.h,StopCapture,SUCCESS,functionimpl,var,Use,7.0,True,965,1405,['VirtualCameraHdf'],['VirtualCameraHdf'],VirtualCameraHdf,VirtualCameraHdf
44,73,camera_hdf/interfaces/hdi_ipc/client/provider/dcamera_provider_callback.cpp,camera_hdf/interfaces/include/types.h,UpdateSettings,SUCCESS,functionimpl,var,Use,7.0,True,966,1405,['VirtualCameraHdf'],['VirtualCameraHdf'],VirtualCameraHdf,VirtualCameraHdf
21,10,camera_hdf/hdi_impl/test/common.cpp,camera_hdf/hdi_impl/include/utils/dcamera.h,SaveYUV,GetCurrentLocalTimeStamp,functionimpl,functionproto,Call,3.0,True,679,253,['VirtualCameraHdf'],['VirtualCameraHdf'],VirtualCameraHdf,VirtualCameraHdf
21,10,camera_hdf/hdi_impl/test/common.cpp,camera_hdf/hdi_impl/include/utils/dcamera.h,SaveVideoFile,GetCurrentLocalTimeStamp,functionimpl,functionproto,Call,3.0,True,678,253,['VirtualCameraHdf'],['VirtualCameraHdf'],VirtualCameraHdf,VirtualCameraHdf
3,10,camera_hdf/hdi_impl/include/dcamera_provider/dcamera_provider.h,camera_hdf/hdi_impl/include/utils/dcamera.h,,,file,file,Import,1.0,False,,,['VirtualCameraHdf'],['VirtualCameraHdf'],VirtualCameraHdf,VirtualCameraHdf
1,10,camera_hdf/hdi_impl/include/dcamera_device/dmetadata_processor.h,camera_hdf/hdi_impl/include/utils/dcamera.h,,,file,file,Import,1.0,False,,,['VirtualCameraHdf'],['VirtualCameraHdf'],VirtualCameraHdf,VirtualCameraHdf
1,10,camera_hdf/hdi_impl/include/dcamera_device/dmetadata_processor.h,camera_hdf/hdi_impl/include/utils/dcamera.h,allResultSet_,MetaType,var,alias,Use,2.0,True,51,251,['VirtualCameraHdf'],['VirtualCameraHdf'],VirtualCameraHdf,VirtualCameraHdf
1,10,camera_hdf/hdi_impl/include/dcamera_device/dmetadata_processor.h,camera_hdf/hdi_impl/include/utils/dcamera.h,enabledResultSet_,MetaType,var,alias,Use,2.0,True,52,251,['VirtualCameraHdf'],['VirtualCameraHdf'],VirtualCameraHdf,VirtualCameraHdf
1,10,camera_hdf/hdi_impl/include/dcamera_device/dmetadata_processor.h,camera_hdf/hdi_impl/include/utils/dcamera.h,allResultSet_,MetaType,var,alias,Parameter,2.0,True,51,251,['VirtualCameraHdf'],['VirtualCameraHdf'],VirtualCameraHdf,VirtualCameraHdf
1,10,camera_hdf/hdi_impl/include/dcamera_device/dmetadata_processor.h,camera_hdf/hdi_impl/include/utils/dcamera.h,enabledResultSet_,MetaType,var,alias,Parameter,2.0,True,52,251,['VirtualCameraHdf'],['VirtualCameraHdf'],VirtualCameraHdf,VirtualCameraHdf
150,158,services/cameraservice/sinkservice/include/distributedcameramgr/dcamera_sink_output.h,services/cameraservice/sinkservice/include/distributedcameramgr/interface/icamera_sink_output.h,,,file,file,Import,1.0,False,,,['DistributedCameraSinkMgr'],['DistributedCameraSinkMgr'],DistributedCameraSinkMgr,DistributedCameraSinkMgr
150,158,services/cameraservice/sinkservice/include/distributedcameramgr/dcamera_sink_output.h,services/cameraservice/sinkservice/include/distributedcameramgr/interface/icamera_sink_output.h,DCameraSinkOutput,ICameraSinkOutput,type,type,Extend,1.0,True,2338,2380,['DistributedCameraSinkMgr'],['DistributedCameraSinkMgr'],DistributedCameraSinkMgr,DistributedCameraSinkMgr
21,39,camera_hdf/hdi_impl/test/common.cpp,camera_hdf/interfaces/hdi_ipc/client/operator/dstream_operator_callback.h,StartStream,DStreamOperatorCallback,functionimpl,type,Call,1.0,True,681,887,['VirtualCameraHdf'],['VirtualCameraHdf'],VirtualCameraHdf,VirtualCameraHdf
21,39,camera_hdf/hdi_impl/test/common.cpp,camera_hdf/interfaces/hdi_ipc/client/operator/dstream_operator_callback.h,StartStream,DStreamOperatorCallback,functionimpl,type,Use,1.0,True,681,887,['VirtualCameraHdf'],['VirtualCameraHdf'],VirtualCameraHdf,VirtualCameraHdf
21,39,camera_hdf/hdi_impl/test/common.cpp,camera_hdf/interfaces/hdi_ipc/client/operator/dstream_operator_callback.h,StartStream,DStreamOperatorCallback,functionimpl,type,Create,1.0,True,681,887,['VirtualCameraHdf'],['VirtualCameraHdf'],VirtualCameraHdf,VirtualCameraHdf
150,157,services/cameraservice/sinkservice/include/distributedcameramgr/dcamera_sink_output.h,services/cameraservice/sinkservice/include/distributedcameramgr/interface/icamera_sink_data_process.h,,,file,file,Import,1.0,False,,,['DistributedCameraSinkMgr'],['DistributedCameraSinkMgr'],DistributedCameraSinkMgr,DistributedCameraSinkMgr
150,157,services/cameraservice/sinkservice/include/distributedcameramgr/dcamera_sink_output.h,services/cameraservice/sinkservice/include/distributedcameramgr/interface/icamera_sink_data_process.h,dataProcesses_,ICameraSinkDataProcess,var,type,Use,1.0,True,2340,2378,['DistributedCameraSinkMgr'],['DistributedCameraSinkMgr'],DistributedCameraSinkMgr,DistributedCameraSinkMgr
150,157,services/cameraservice/sinkservice/include/distributedcameramgr/dcamera_sink_output.h,services/cameraservice/sinkservice/include/distributedcameramgr/interface/icamera_sink_data_process.h,dataProcesses_,ICameraSinkDataProcess,var,type,Parameter,1.0,True,2340,2378,['DistributedCameraSinkMgr'],['DistributedCameraSinkMgr'],DistributedCameraSinkMgr,DistributedCameraSinkMgr
261,268,services/data_process/include/pipeline/dcamera_pipeline_source.h,services/data_process/include/utils/image_common_type.h,,,file,file,Import,1.0,False,,,['CameraDataPostProcess'],['CameraDataProcessCommon'],CameraDataPostProcess,CameraDataProcessCommon
261,268,services/data_process/include/pipeline/dcamera_pipeline_source.h,services/data_process/include/utils/image_common_type.h,DCameraPipelineSource,VIDEO,type,var,Use,1.0,True,3977,4125,['CameraDataPostProcess'],['CameraDataProcessCommon'],CameraDataPostProcess,CameraDataProcessCommon
261,268,services/data_process/include/pipeline/dcamera_pipeline_source.h,services/data_process/include/utils/image_common_type.h,CreateDataProcessPipeline,PipelineType,functionproto,type,Parameter,6.0,True,3967,4115,['CameraDataPostProcess'],['CameraDataProcessCommon'],CameraDataPostProcess,CameraDataProcessCommon
261,268,services/data_process/include/pipeline/dcamera_pipeline_source.h,services/data_process/include/utils/image_common_type.h,CreateDataProcessPipeline,VideoConfigParams,functionproto,type,Parameter,6.0,True,3967,4117,['CameraDataPostProcess'],['CameraDataProcessCommon'],CameraDataPostProcess,CameraDataProcessCommon
261,268,services/data_process/include/pipeline/dcamera_pipeline_source.h,services/data_process/include/utils/image_common_type.h,IsInRange,VideoConfigParams,functionproto,type,Parameter,6.0,True,3971,4117,['CameraDataPostProcess'],['CameraDataProcessCommon'],CameraDataPostProcess,CameraDataProcessCommon
261,268,services/data_process/include/pipeline/dcamera_pipeline_source.h,services/data_process/include/utils/image_common_type.h,InitDCameraPipNodes,VideoConfigParams,functionproto,type,Parameter,6.0,True,3970,4117,['CameraDataPostProcess'],['CameraDataProcessCommon'],CameraDataPostProcess,CameraDataProcessCommon
261,268,services/data_process/include/pipeline/dcamera_pipeline_source.h,services/data_process/include/utils/image_common_type.h,DCameraPipelineSource,PipelineType,type,type,Contain,1.0,True,3977,4115,['CameraDataPostProcess'],['CameraDataProcessCommon'],CameraDataPostProcess,CameraDataProcessCommon
204,258,services/cameraservice/sourceservice/include/distributedcameramgr/dcameradata/dcamera_stream_data_process.h,services/data_process/include/interfaces/idata_process_pipeline.h,,,file,file,Import,1.0,False,,,['DistributedCameraSourceMgr'],['CameraDataProcessCommon'],DistributedCameraSourceMgr,CameraDataProcessCommon
204,258,services/cameraservice/sourceservice/include/distributedcameramgr/dcameradata/dcamera_stream_data_process.h,services/data_process/include/interfaces/idata_process_pipeline.h,pipeline_,IDataProcessPipeline,var,type,Use,1.0,True,2984,3947,['DistributedCameraSourceMgr'],['CameraDataProcessCommon'],DistributedCameraSourceMgr,CameraDataProcessCommon
204,258,services/cameraservice/sourceservice/include/distributedcameramgr/dcameradata/dcamera_stream_data_process.h,services/data_process/include/interfaces/idata_process_pipeline.h,pipeline_,IDataProcessPipeline,var,type,Parameter,1.0,True,2984,3947,['DistributedCameraSourceMgr'],['CameraDataProcessCommon'],DistributedCameraSourceMgr,CameraDataProcessCommon
204,257,services/cameraservice/sourceservice/include/distributedcameramgr/dcameradata/dcamera_stream_data_process.h,services/data_process/include/interfaces/data_process_listener.h,listener_,DataProcessListener,var,type,Use,1.0,True,2983,3942,['DistributedCameraSourceMgr'],['CameraDataProcessCommon'],DistributedCameraSourceMgr,CameraDataProcessCommon
204,257,services/cameraservice/sourceservice/include/distributedcameramgr/dcameradata/dcamera_stream_data_process.h,services/data_process/include/interfaces/data_process_listener.h,OnError,DataProcessErrorType,functionproto,type,Parameter,2.0,True,2975,3941,['DistributedCameraSourceMgr'],['CameraDataProcessCommon'],DistributedCameraSourceMgr,CameraDataProcessCommon
204,257,services/cameraservice/sourceservice/include/distributedcameramgr/dcameradata/dcamera_stream_data_process.h,services/data_process/include/interfaces/data_process_listener.h,listener_,DataProcessListener,var,type,Parameter,2.0,True,2983,3942,['DistributedCameraSourceMgr'],['CameraDataProcessCommon'],DistributedCameraSourceMgr,CameraDataProcessCommon
222,75,services/cameraservice/sourceservice/src/distributedcamera/distributed_camera_source_stub.cpp,common/include/constants/distributed_camera_errno.h,,,file,file,Import,1.0,False,,,['DistributedCameraSourceMgr'],['utils'],DistributedCameraSourceMgr,utils
146,156,services/cameraservice/sinkservice/include/distributedcameramgr/dcamera_sink_access_control.h,services/cameraservice/sinkservice/include/distributedcameramgr/interface/icamera_sink_access_control.h,,,file,file,Import,1.0,False,,,['DistributedCameraSinkMgr'],['DistributedCameraSinkMgr'],DistributedCameraSinkMgr,DistributedCameraSinkMgr
146,156,services/cameraservice/sinkservice/include/distributedcameramgr/dcamera_sink_access_control.h,services/cameraservice/sinkservice/include/distributedcameramgr/interface/icamera_sink_access_control.h,DCameraSinkAccessControl,ICameraSinkAccessControl,type,type,Extend,1.0,True,2264,2376,['DistributedCameraSinkMgr'],['DistributedCameraSinkMgr'],DistributedCameraSinkMgr,DistributedCameraSinkMgr
199,250,services/cameraservice/sourceservice/include/distributedcameramgr/dcameracontrol/dcamera_source_controller.h,services/channel/include/icamera_channel_listener.h,,,file,file,Import,1.0,False,,,['DistributedCameraSourceMgr'],['ChannelCommon'],DistributedCameraSourceMgr,ChannelCommon
199,250,services/cameraservice/sourceservice/include/distributedcameramgr/dcameracontrol/dcamera_source_controller.h,services/channel/include/icamera_channel_listener.h,listener_,ICameraChannelListener,var,type,Use,1.0,True,2916,3738,['DistributedCameraSourceMgr'],['ChannelCommon'],DistributedCameraSourceMgr,ChannelCommon
199,250,services/cameraservice/sourceservice/include/distributedcameramgr/dcameracontrol/dcamera_source_controller.h,services/channel/include/icamera_channel_listener.h,listener_,ICameraChannelListener,var,type,Parameter,1.0,True,2916,3738,['DistributedCameraSourceMgr'],['ChannelCommon'],DistributedCameraSourceMgr,ChannelCommon
147,107,services/cameraservice/sinkservice/include/distributedcameramgr/dcamera_sink_controller.h,services/cameraservice/base/include/icamera_controller.h,,,file,file,Import,1.0,False,,,['DistributedCameraSinkMgr'],['CameraServiceCommon'],DistributedCameraSinkMgr,CameraServiceCommon
147,107,services/cameraservice/sinkservice/include/distributedcameramgr/dcamera_sink_controller.h,services/cameraservice/base/include/icamera_controller.h,DCameraSinkController,ICameraController,type,type,Extend,1.0,True,2288,1805,['DistributedCameraSinkMgr'],['CameraServiceCommon'],DistributedCameraSinkMgr,CameraServiceCommon
21,25,camera_hdf/hdi_impl/test/common.cpp,camera_hdf/interfaces/hdi_ipc/client/device/dcamera_device_callback.h,Open,DCameraDeviceCallback,functionimpl,type,Call,1.0,True,677,764,['VirtualCameraHdf'],['VirtualCameraHdf'],VirtualCameraHdf,VirtualCameraHdf
21,25,camera_hdf/hdi_impl/test/common.cpp,camera_hdf/interfaces/hdi_ipc/client/device/dcamera_device_callback.h,Open,DCameraDeviceCallback,functionimpl,type,Use,1.0,True,677,764,['VirtualCameraHdf'],['VirtualCameraHdf'],VirtualCameraHdf,VirtualCameraHdf
21,25,camera_hdf/hdi_impl/test/common.cpp,camera_hdf/interfaces/hdi_ipc/client/device/dcamera_device_callback.h,Open,DCameraDeviceCallback,functionimpl,type,Create,1.0,True,677,764,['VirtualCameraHdf'],['VirtualCameraHdf'],VirtualCameraHdf,VirtualCameraHdf
134,75,services/cameraservice/cameraoperator/client/src/listener/dcamera_photo_surface_listener_common.cpp,common/include/constants/distributed_camera_errno.h,,,file,file,Import,1.0,False,,,['utils'],['utils'],utils,utils
134,76,services/cameraservice/cameraoperator/client/src/listener/dcamera_photo_surface_listener_common.cpp,common/include/utils/data_buffer.h,,,file,file,Import,1.0,False,,,['utils'],['utils'],utils,utils
134,76,services/cameraservice/cameraoperator/client/src/listener/dcamera_photo_surface_listener_common.cpp,common/include/utils/data_buffer.h,OnBufferAvailable,DataBuffer,functionimpl,type,Use,2.0,True,2075,1470,['utils'],['utils'],utils,utils
21,31,camera_hdf/hdi_impl/test/common.cpp,camera_hdf/interfaces/hdi_ipc/client/host/dcamera_host_callback.h,Init,DCameraHostCallback,functionimpl,type,Call,1.0,True,676,817,['VirtualCameraHdf'],['VirtualCameraHdf'],VirtualCameraHdf,VirtualCameraHdf
21,31,camera_hdf/hdi_impl/test/common.cpp,camera_hdf/interfaces/hdi_ipc/client/host/dcamera_host_callback.h,Init,DCameraHostCallback,functionimpl,type,Use,1.0,True,676,817,['VirtualCameraHdf'],['VirtualCameraHdf'],VirtualCameraHdf,VirtualCameraHdf
21,31,camera_hdf/hdi_impl/test/common.cpp,camera_hdf/interfaces/hdi_ipc/client/host/dcamera_host_callback.h,Init,DCameraHostCallback,functionimpl,type,Create,1.0,True,676,817,['VirtualCameraHdf'],['VirtualCameraHdf'],VirtualCameraHdf,VirtualCameraHdf
46,73,camera_hdf/interfaces/hdi_ipc/client/provider/dcamera_provider_callback_stub.cpp,camera_hdf/interfaces/include/types.h,DCProviderConfigureStreamsStub,_DCStreamInfo,functionimpl,type,Cast,3.0,True,978,1386,['VirtualCameraHdf'],['VirtualCameraHdf'],VirtualCameraHdf,VirtualCameraHdf
46,73,camera_hdf/interfaces/hdi_ipc/client/provider/dcamera_provider_callback_stub.cpp,camera_hdf/interfaces/include/types.h,DCProviderStartCaptureStub,_DCEncodeType,functionimpl,type,Cast,3.0,True,981,1384,['VirtualCameraHdf'],['VirtualCameraHdf'],VirtualCameraHdf,VirtualCameraHdf
46,73,camera_hdf/interfaces/hdi_ipc/client/provider/dcamera_provider_callback_stub.cpp,camera_hdf/interfaces/include/types.h,DCProviderStartCaptureStub,_DCStreamType,functionimpl,type,Cast,3.0,True,981,1387,['VirtualCameraHdf'],['VirtualCameraHdf'],VirtualCameraHdf,VirtualCameraHdf
46,73,camera_hdf/interfaces/hdi_ipc/client/provider/dcamera_provider_callback_stub.cpp,camera_hdf/interfaces/include/types.h,DCProviderOpenSessionStub,DHBase,functionimpl,alias,Use,37.0,True,979,1378,['VirtualCameraHdf'],['VirtualCameraHdf'],VirtualCameraHdf,VirtualCameraHdf
46,73,camera_hdf/interfaces/hdi_ipc/client/provider/dcamera_provider_callback_stub.cpp,camera_hdf/interfaces/include/types.h,DCProviderCloseSessionStub,DHBase,functionimpl,alias,Use,37.0,True,977,1378,['VirtualCameraHdf'],['VirtualCameraHdf'],VirtualCameraHdf,VirtualCameraHdf
46,73,camera_hdf/interfaces/hdi_ipc/client/provider/dcamera_provider_callback_stub.cpp,camera_hdf/interfaces/include/types.h,DCProviderConfigureStreamsStub,DHBase,functionimpl,alias,Use,37.0,True,978,1378,['VirtualCameraHdf'],['VirtualCameraHdf'],VirtualCameraHdf,VirtualCameraHdf
46,73,camera_hdf/interfaces/hdi_ipc/client/provider/dcamera_provider_callback_stub.cpp,camera_hdf/interfaces/include/types.h,DCProviderConfigureStreamsStub,_DCStreamInfo,functionimpl,type,Use,37.0,True,978,1386,['VirtualCameraHdf'],['VirtualCameraHdf'],VirtualCameraHdf,VirtualCameraHdf
46,73,camera_hdf/interfaces/hdi_ipc/client/provider/dcamera_provider_callback_stub.cpp,camera_hdf/interfaces/include/types.h,DCProviderConfigureStreamsStub,DCStreamInfo,functionimpl,alias,Use,37.0,True,978,1372,['VirtualCameraHdf'],['VirtualCameraHdf'],VirtualCameraHdf,VirtualCameraHdf
46,73,camera_hdf/interfaces/hdi_ipc/client/provider/dcamera_provider_callback_stub.cpp,camera_hdf/interfaces/include/types.h,DCProviderReleaseStreamsStub,DHBase,functionimpl,alias,Use,37.0,True,980,1378,['VirtualCameraHdf'],['VirtualCameraHdf'],VirtualCameraHdf,VirtualCameraHdf
46,73,camera_hdf/interfaces/hdi_ipc/client/provider/dcamera_provider_callback_stub.cpp,camera_hdf/interfaces/include/types.h,DCProviderStartCaptureStub,DHBase,functionimpl,alias,Use,37.0,True,981,1378,['VirtualCameraHdf'],['VirtualCameraHdf'],VirtualCameraHdf,VirtualCameraHdf
46,73,camera_hdf/interfaces/hdi_ipc/client/provider/dcamera_provider_callback_stub.cpp,camera_hdf/interfaces/include/types.h,DCProviderStartCaptureStub,_DCCaptureInfo,functionimpl,type,Use,37.0,True,981,1383,['VirtualCameraHdf'],['VirtualCameraHdf'],VirtualCameraHdf,VirtualCameraHdf
46,73,camera_hdf/interfaces/hdi_ipc/client/provider/dcamera_provider_callback_stub.cpp,camera_hdf/interfaces/include/types.h,DCProviderStartCaptureStub,DCCaptureInfo,functionimpl,alias,Use,37.0,True,981,1370,['VirtualCameraHdf'],['VirtualCameraHdf'],VirtualCameraHdf,VirtualCameraHdf
46,73,camera_hdf/interfaces/hdi_ipc/client/provider/dcamera_provider_callback_stub.cpp,camera_hdf/interfaces/include/types.h,DCProviderStartCaptureStub,_DCEncodeType,functionimpl,type,Use,37.0,True,981,1384,['VirtualCameraHdf'],['VirtualCameraHdf'],VirtualCameraHdf,VirtualCameraHdf
46,73,camera_hdf/interfaces/hdi_ipc/client/provider/dcamera_provider_callback_stub.cpp,camera_hdf/interfaces/include/types.h,DCProviderStartCaptureStub,_DCStreamType,functionimpl,type,Use,37.0,True,981,1387,['VirtualCameraHdf'],['VirtualCameraHdf'],VirtualCameraHdf,VirtualCameraHdf
46,73,camera_hdf/interfaces/hdi_ipc/client/provider/dcamera_provider_callback_stub.cpp,camera_hdf/interfaces/include/types.h,DCProviderStartCaptureStub,_DCameraSettings,functionimpl,type,Use,37.0,True,981,1389,['VirtualCameraHdf'],['VirtualCameraHdf'],VirtualCameraHdf,VirtualCameraHdf
46,73,camera_hdf/interfaces/hdi_ipc/client/provider/dcamera_provider_callback_stub.cpp,camera_hdf/interfaces/include/types.h,DCProviderStartCaptureStub,DCameraSettings,functionimpl,alias,Use,37.0,True,981,1377,['VirtualCameraHdf'],['VirtualCameraHdf'],VirtualCameraHdf,VirtualCameraHdf
46,73,camera_hdf/interfaces/hdi_ipc/client/provider/dcamera_provider_callback_stub.cpp,camera_hdf/interfaces/include/types.h,DCProviderStopCaptureStub,DHBase,functionimpl,alias,Use,37.0,True,982,1378,['VirtualCameraHdf'],['VirtualCameraHdf'],VirtualCameraHdf,VirtualCameraHdf
46,73,camera_hdf/interfaces/hdi_ipc/client/provider/dcamera_provider_callback_stub.cpp,camera_hdf/interfaces/include/types.h,DCProviderUpdateSettingsStub,DHBase,functionimpl,alias,Use,37.0,True,983,1378,['VirtualCameraHdf'],['VirtualCameraHdf'],VirtualCameraHdf,VirtualCameraHdf
46,73,camera_hdf/interfaces/hdi_ipc/client/provider/dcamera_provider_callback_stub.cpp,camera_hdf/interfaces/include/types.h,DCProviderUpdateSettingsStub,_DCameraSettings,functionimpl,type,Use,37.0,True,983,1389,['VirtualCameraHdf'],['VirtualCameraHdf'],VirtualCameraHdf,VirtualCameraHdf
46,73,camera_hdf/interfaces/hdi_ipc/client/provider/dcamera_provider_callback_stub.cpp,camera_hdf/interfaces/include/types.h,DCProviderUpdateSettingsStub,DCameraSettings,functionimpl,alias,Use,37.0,True,983,1377,['VirtualCameraHdf'],['VirtualCameraHdf'],VirtualCameraHdf,VirtualCameraHdf
46,73,camera_hdf/interfaces/hdi_ipc/client/provider/dcamera_provider_callback_stub.cpp,camera_hdf/interfaces/include/types.h,DCProviderOpenSessionStub,_DCamRetCode,functionimpl,type,Contain,8.0,True,979,1388,['VirtualCameraHdf'],['VirtualCameraHdf'],VirtualCameraHdf,VirtualCameraHdf
46,73,camera_hdf/interfaces/hdi_ipc/client/provider/dcamera_provider_callback_stub.cpp,camera_hdf/interfaces/include/types.h,DCProviderCloseSessionStub,_DCamRetCode,functionimpl,type,Contain,8.0,True,977,1388,['VirtualCameraHdf'],['VirtualCameraHdf'],VirtualCameraHdf,VirtualCameraHdf
46,73,camera_hdf/interfaces/hdi_ipc/client/provider/dcamera_provider_callback_stub.cpp,camera_hdf/interfaces/include/types.h,DCProviderConfigureStreamsStub,_DCStreamInfo,functionimpl,type,Contain,8.0,True,978,1386,['VirtualCameraHdf'],['VirtualCameraHdf'],VirtualCameraHdf,VirtualCameraHdf
46,73,camera_hdf/interfaces/hdi_ipc/client/provider/dcamera_provider_callback_stub.cpp,camera_hdf/interfaces/include/types.h,DCProviderConfigureStreamsStub,_DCamRetCode,functionimpl,type,Contain,8.0,True,978,1388,['VirtualCameraHdf'],['VirtualCameraHdf'],VirtualCameraHdf,VirtualCameraHdf
46,73,camera_hdf/interfaces/hdi_ipc/client/provider/dcamera_provider_callback_stub.cpp,camera_hdf/interfaces/include/types.h,DCProviderReleaseStreamsStub,_DCamRetCode,functionimpl,type,Contain,8.0,True,980,1388,['VirtualCameraHdf'],['VirtualCameraHdf'],VirtualCameraHdf,VirtualCameraHdf
46,73,camera_hdf/interfaces/hdi_ipc/client/provider/dcamera_provider_callback_stub.cpp,camera_hdf/interfaces/include/types.h,DCProviderStartCaptureStub,_DCamRetCode,functionimpl,type,Contain,8.0,True,981,1388,['VirtualCameraHdf'],['VirtualCameraHdf'],VirtualCameraHdf,VirtualCameraHdf
46,73,camera_hdf/interfaces/hdi_ipc/client/provider/dcamera_provider_callback_stub.cpp,camera_hdf/interfaces/include/types.h,DCProviderStopCaptureStub,_DCamRetCode,functionimpl,type,Contain,8.0,True,982,1388,['VirtualCameraHdf'],['VirtualCameraHdf'],VirtualCameraHdf,VirtualCameraHdf
46,73,camera_hdf/interfaces/hdi_ipc/client/provider/dcamera_provider_callback_stub.cpp,camera_hdf/interfaces/include/types.h,DCProviderUpdateSettingsStub,_DCamRetCode,functionimpl,type,Contain,8.0,True,983,1388,['VirtualCameraHdf'],['VirtualCameraHdf'],VirtualCameraHdf,VirtualCameraHdf
38,39,camera_hdf/interfaces/hdi_ipc/client/operator/dstream_operator_callback.cpp,camera_hdf/interfaces/hdi_ipc/client/operator/dstream_operator_callback.h,,,file,file,Import,1.0,False,,,['VirtualCameraHdf'],['VirtualCameraHdf'],VirtualCameraHdf,VirtualCameraHdf
38,39,camera_hdf/interfaces/hdi_ipc/client/operator/dstream_operator_callback.cpp,camera_hdf/interfaces/hdi_ipc/client/operator/dstream_operator_callback.h,OnCaptureStarted,OnCaptureStarted,functionimpl,functionproto,Implement,4.0,True,880,885,['VirtualCameraHdf'],['VirtualCameraHdf'],VirtualCameraHdf,VirtualCameraHdf
38,39,camera_hdf/interfaces/hdi_ipc/client/operator/dstream_operator_callback.cpp,camera_hdf/interfaces/hdi_ipc/client/operator/dstream_operator_callback.h,OnCaptureEnded,OnCaptureEnded,functionimpl,functionproto,Implement,4.0,True,878,883,['VirtualCameraHdf'],['VirtualCameraHdf'],VirtualCameraHdf,VirtualCameraHdf
38,39,camera_hdf/interfaces/hdi_ipc/client/operator/dstream_operator_callback.cpp,camera_hdf/interfaces/hdi_ipc/client/operator/dstream_operator_callback.h,OnCaptureError,OnCaptureError,functionimpl,functionproto,Implement,4.0,True,879,884,['VirtualCameraHdf'],['VirtualCameraHdf'],VirtualCameraHdf,VirtualCameraHdf
38,39,camera_hdf/interfaces/hdi_ipc/client/operator/dstream_operator_callback.cpp,camera_hdf/interfaces/hdi_ipc/client/operator/dstream_operator_callback.h,OnFrameShutter,OnFrameShutter,functionimpl,functionproto,Implement,4.0,True,881,886,['VirtualCameraHdf'],['VirtualCameraHdf'],VirtualCameraHdf,VirtualCameraHdf
212,216,services/cameraservice/sourceservice/include/distributedcameramgr/dcamerastate/dcamera_source_config_stream_state.h,services/cameraservice/sourceservice/include/distributedcameramgr/dcamerastate/dcamera_source_state.h,,,file,file,Import,1.0,False,,,['DistributedCameraSourceMgr'],['DistributedCameraSourceMgr'],DistributedCameraSourceMgr,DistributedCameraSourceMgr
212,216,services/cameraservice/sourceservice/include/distributedcameramgr/dcamerastate/dcamera_source_config_stream_state.h,services/cameraservice/sourceservice/include/distributedcameramgr/dcamerastate/dcamera_source_state.h,GetStateType,DCameraStateType,functionproto,alias,Return,1.0,True,3062,3101,['DistributedCameraSourceMgr'],['DistributedCameraSourceMgr'],DistributedCameraSourceMgr,DistributedCameraSourceMgr
212,216,services/cameraservice/sourceservice/include/distributedcameramgr/dcamerastate/dcamera_source_config_stream_state.h,services/cameraservice/sourceservice/include/distributedcameramgr/dcamerastate/dcamera_source_state.h,DCameraSourceConfigStreamState,DCameraSourceState,type,type,Extend,1.0,True,3063,3106,['DistributedCameraSourceMgr'],['DistributedCameraSourceMgr'],DistributedCameraSourceMgr,DistributedCameraSourceMgr
28,29,camera_hdf/interfaces/hdi_ipc/client/device/dcamera_device_proxy.cpp,camera_hdf/interfaces/hdi_ipc/client/device/dcamera_device_proxy.h,,,file,file,Import,1.0,False,,,['VirtualCameraHdf'],['VirtualCameraHdf'],VirtualCameraHdf,VirtualCameraHdf
28,29,camera_hdf/interfaces/hdi_ipc/client/device/dcamera_device_proxy.cpp,camera_hdf/interfaces/hdi_ipc/client/device/dcamera_device_proxy.h,GetStreamOperator,GetStreamOperator,functionimpl,functionproto,Implement,7.0,True,782,804,['VirtualCameraHdf'],['VirtualCameraHdf'],VirtualCameraHdf,VirtualCameraHdf
28,29,camera_hdf/interfaces/hdi_ipc/client/device/dcamera_device_proxy.cpp,camera_hdf/interfaces/hdi_ipc/client/device/dcamera_device_proxy.h,UpdateSettings,UpdateSettings,functionimpl,functionproto,Implement,7.0,True,784,806,['VirtualCameraHdf'],['VirtualCameraHdf'],VirtualCameraHdf,VirtualCameraHdf
28,29,camera_hdf/interfaces/hdi_ipc/client/device/dcamera_device_proxy.cpp,camera_hdf/interfaces/hdi_ipc/client/device/dcamera_device_proxy.h,SetResultMode,SetResultMode,functionimpl,functionproto,Implement,7.0,True,783,805,['VirtualCameraHdf'],['VirtualCameraHdf'],VirtualCameraHdf,VirtualCameraHdf
28,29,camera_hdf/interfaces/hdi_ipc/client/device/dcamera_device_proxy.cpp,camera_hdf/interfaces/hdi_ipc/client/device/dcamera_device_proxy.h,GetEnabledResults,GetEnabledResults,functionimpl,functionproto,Implement,7.0,True,781,803,['VirtualCameraHdf'],['VirtualCameraHdf'],VirtualCameraHdf,VirtualCameraHdf
28,29,camera_hdf/interfaces/hdi_ipc/client/device/dcamera_device_proxy.cpp,camera_hdf/interfaces/hdi_ipc/client/device/dcamera_device_proxy.h,EnableResult,EnableResult,functionimpl,functionproto,Implement,7.0,True,780,802,['VirtualCameraHdf'],['VirtualCameraHdf'],VirtualCameraHdf,VirtualCameraHdf
28,29,camera_hdf/interfaces/hdi_ipc/client/device/dcamera_device_proxy.cpp,camera_hdf/interfaces/hdi_ipc/client/device/dcamera_device_proxy.h,DisableResult,DisableResult,functionimpl,functionproto,Implement,7.0,True,779,801,['VirtualCameraHdf'],['VirtualCameraHdf'],VirtualCameraHdf,VirtualCameraHdf
28,29,camera_hdf/interfaces/hdi_ipc/client/device/dcamera_device_proxy.cpp,camera_hdf/interfaces/hdi_ipc/client/device/dcamera_device_proxy.h,Close,Close,functionimpl,functionproto,Implement,7.0,True,778,800,['VirtualCameraHdf'],['VirtualCameraHdf'],VirtualCameraHdf,VirtualCameraHdf
199,249,services/cameraservice/sourceservice/include/distributedcameramgr/dcameracontrol/dcamera_source_controller.h,services/channel/include/icamera_channel.h,,,file,file,Import,1.0,False,,,['DistributedCameraSourceMgr'],['ChannelCommon'],DistributedCameraSourceMgr,ChannelCommon
199,249,services/cameraservice/sourceservice/include/distributedcameramgr/dcameracontrol/dcamera_source_controller.h,services/channel/include/icamera_channel.h,channel_,ICameraChannel,var,type,Use,1.0,True,2914,3734,['DistributedCameraSourceMgr'],['ChannelCommon'],DistributedCameraSourceMgr,ChannelCommon
199,249,services/cameraservice/sourceservice/include/distributedcameramgr/dcameracontrol/dcamera_source_controller.h,services/channel/include/icamera_channel.h,channel_,ICameraChannel,var,type,Parameter,1.0,True,2914,3734,['DistributedCameraSourceMgr'],['ChannelCommon'],DistributedCameraSourceMgr,ChannelCommon
11,78,camera_hdf/hdi_impl/src/dcamera_device/dcamera_device.cpp,common/include/utils/dcamera_utils_tools.h,UpdateSettings,Base64Encode,functionimpl,functionproto,Call,1.0,True,278,1481,['VirtualCameraHdf'],['utils'],VirtualCameraHdf,utils
11,78,camera_hdf/hdi_impl/src/dcamera_device/dcamera_device.cpp,common/include/utils/dcamera_utils_tools.h,,,file,file,Import,1.0,False,,,['VirtualCameraHdf'],['utils'],VirtualCameraHdf,utils
11,73,camera_hdf/hdi_impl/src/dcamera_device/dcamera_device.cpp,camera_hdf/interfaces/include/types.h,CreateDStreamOperator,DCamRetCode,functionimpl,alias,Return,5.0,True,260,1374,['VirtualCameraHdf'],['VirtualCameraHdf'],VirtualCameraHdf,VirtualCameraHdf
11,73,camera_hdf/hdi_impl/src/dcamera_device/dcamera_device.cpp,camera_hdf/interfaces/include/types.h,AcquireBuffer,DCamRetCode,functionimpl,alias,Return,5.0,True,258,1374,['VirtualCameraHdf'],['VirtualCameraHdf'],VirtualCameraHdf,VirtualCameraHdf
11,73,camera_hdf/hdi_impl/src/dcamera_device/dcamera_device.cpp,camera_hdf/interfaces/include/types.h,ShutterBuffer,DCamRetCode,functionimpl,alias,Return,5.0,True,277,1374,['VirtualCameraHdf'],['VirtualCameraHdf'],VirtualCameraHdf,VirtualCameraHdf
11,73,camera_hdf/hdi_impl/src/dcamera_device/dcamera_device.cpp,camera_hdf/interfaces/include/types.h,OnSettingsResult,DCamRetCode,functionimpl,alias,Return,5.0,True,273,1374,['VirtualCameraHdf'],['VirtualCameraHdf'],VirtualCameraHdf,VirtualCameraHdf
11,73,camera_hdf/hdi_impl/src/dcamera_device/dcamera_device.cpp,camera_hdf/interfaces/include/types.h,Notify,DCamRetCode,functionimpl,alias,Return,5.0,True,272,1374,['VirtualCameraHdf'],['VirtualCameraHdf'],VirtualCameraHdf,VirtualCameraHdf
11,73,camera_hdf/hdi_impl/src/dcamera_device/dcamera_device.cpp,camera_hdf/interfaces/include/types.h,UpdateSettings,DCameraSettings,functionimpl,alias,Use,17.0,True,278,1377,['VirtualCameraHdf'],['VirtualCameraHdf'],VirtualCameraHdf,VirtualCameraHdf
11,73,camera_hdf/hdi_impl/src/dcamera_device/dcamera_device.cpp,camera_hdf/interfaces/include/types.h,UpdateSettings,_DCSettingsType,functionimpl,type,Use,17.0,True,278,1385,['VirtualCameraHdf'],['VirtualCameraHdf'],VirtualCameraHdf,VirtualCameraHdf
11,73,camera_hdf/hdi_impl/src/dcamera_device/dcamera_device.cpp,camera_hdf/interfaces/include/types.h,UpdateSettings,UPDATE_METADATA,functionimpl,var,Use,17.0,True,278,1406,['VirtualCameraHdf'],['VirtualCameraHdf'],VirtualCameraHdf,VirtualCameraHdf
11,73,camera_hdf/hdi_impl/src/dcamera_device/dcamera_device.cpp,camera_hdf/interfaces/include/types.h,UpdateSettings,_DCameraSettings,functionimpl,type,Use,17.0,True,278,1389,['VirtualCameraHdf'],['VirtualCameraHdf'],VirtualCameraHdf,VirtualCameraHdf
11,73,camera_hdf/hdi_impl/src/dcamera_device/dcamera_device.cpp,camera_hdf/interfaces/include/types.h,EnableResult,DCameraSettings,functionimpl,alias,Use,17.0,True,263,1377,['VirtualCameraHdf'],['VirtualCameraHdf'],VirtualCameraHdf,VirtualCameraHdf
11,73,camera_hdf/hdi_impl/src/dcamera_device/dcamera_device.cpp,camera_hdf/interfaces/include/types.h,EnableResult,_DCSettingsType,functionimpl,type,Use,17.0,True,263,1385,['VirtualCameraHdf'],['VirtualCameraHdf'],VirtualCameraHdf,VirtualCameraHdf
11,73,camera_hdf/hdi_impl/src/dcamera_device/dcamera_device.cpp,camera_hdf/interfaces/include/types.h,EnableResult,ENABLE_METADATA,functionimpl,var,Use,17.0,True,263,1395,['VirtualCameraHdf'],['VirtualCameraHdf'],VirtualCameraHdf,VirtualCameraHdf
11,73,camera_hdf/hdi_impl/src/dcamera_device/dcamera_device.cpp,camera_hdf/interfaces/include/types.h,EnableResult,_DCameraSettings,functionimpl,type,Use,17.0,True,263,1389,['VirtualCameraHdf'],['VirtualCameraHdf'],VirtualCameraHdf,VirtualCameraHdf
11,73,camera_hdf/hdi_impl/src/dcamera_device/dcamera_device.cpp,camera_hdf/interfaces/include/types.h,DisableResult,DCameraSettings,functionimpl,alias,Use,17.0,True,262,1377,['VirtualCameraHdf'],['VirtualCameraHdf'],VirtualCameraHdf,VirtualCameraHdf
11,73,camera_hdf/hdi_impl/src/dcamera_device/dcamera_device.cpp,camera_hdf/interfaces/include/types.h,DisableResult,_DCSettingsType,functionimpl,type,Use,17.0,True,262,1385,['VirtualCameraHdf'],['VirtualCameraHdf'],VirtualCameraHdf,VirtualCameraHdf
11,73,camera_hdf/hdi_impl/src/dcamera_device/dcamera_device.cpp,camera_hdf/interfaces/include/types.h,DisableResult,DISABLE_METADATA,functionimpl,var,Use,17.0,True,262,1394,['VirtualCameraHdf'],['VirtualCameraHdf'],VirtualCameraHdf,VirtualCameraHdf
11,73,camera_hdf/hdi_impl/src/dcamera_device/dcamera_device.cpp,camera_hdf/interfaces/include/types.h,DisableResult,_DCameraSettings,functionimpl,type,Use,17.0,True,262,1389,['VirtualCameraHdf'],['VirtualCameraHdf'],VirtualCameraHdf,VirtualCameraHdf
11,73,camera_hdf/hdi_impl/src/dcamera_device/dcamera_device.cpp,camera_hdf/interfaces/include/types.h,OpenDCamera,SUCCESS,functionimpl,var,Use,17.0,True,274,1405,['VirtualCameraHdf'],['VirtualCameraHdf'],VirtualCameraHdf,VirtualCameraHdf
11,73,camera_hdf/hdi_impl/src/dcamera_device/dcamera_device.cpp,camera_hdf/interfaces/include/types.h,OnSettingsResult,METADATA_RESULT,functionimpl,var,Use,17.0,True,273,1403,['VirtualCameraHdf'],['VirtualCameraHdf'],VirtualCameraHdf,VirtualCameraHdf
11,73,camera_hdf/hdi_impl/src/dcamera_device/dcamera_device.cpp,camera_hdf/interfaces/include/types.h,CreateDStreamOperator,_DCamRetCode,functionimpl,type,Contain,12.0,True,260,1388,['VirtualCameraHdf'],['VirtualCameraHdf'],VirtualCameraHdf,VirtualCameraHdf
11,73,camera_hdf/hdi_impl/src/dcamera_device/dcamera_device.cpp,camera_hdf/interfaces/include/types.h,GetStreamOperator,_DCamRetCode,functionimpl,type,Contain,12.0,True,269,1388,['VirtualCameraHdf'],['VirtualCameraHdf'],VirtualCameraHdf,VirtualCameraHdf
11,73,camera_hdf/hdi_impl/src/dcamera_device/dcamera_device.cpp,camera_hdf/interfaces/include/types.h,UpdateSettings,_DCamRetCode,functionimpl,type,Contain,12.0,True,278,1388,['VirtualCameraHdf'],['VirtualCameraHdf'],VirtualCameraHdf,VirtualCameraHdf
11,73,camera_hdf/hdi_impl/src/dcamera_device/dcamera_device.cpp,camera_hdf/interfaces/include/types.h,SetResultMode,_DCamRetCode,functionimpl,type,Contain,12.0,True,276,1388,['VirtualCameraHdf'],['VirtualCameraHdf'],VirtualCameraHdf,VirtualCameraHdf
11,73,camera_hdf/hdi_impl/src/dcamera_device/dcamera_device.cpp,camera_hdf/interfaces/include/types.h,GetEnabledResults,_DCamRetCode,functionimpl,type,Contain,12.0,True,267,1388,['VirtualCameraHdf'],['VirtualCameraHdf'],VirtualCameraHdf,VirtualCameraHdf
11,73,camera_hdf/hdi_impl/src/dcamera_device/dcamera_device.cpp,camera_hdf/interfaces/include/types.h,EnableResult,_DCamRetCode,functionimpl,type,Contain,12.0,True,263,1388,['VirtualCameraHdf'],['VirtualCameraHdf'],VirtualCameraHdf,VirtualCameraHdf
11,73,camera_hdf/hdi_impl/src/dcamera_device/dcamera_device.cpp,camera_hdf/interfaces/include/types.h,DisableResult,_DCamRetCode,functionimpl,type,Contain,12.0,True,262,1388,['VirtualCameraHdf'],['VirtualCameraHdf'],VirtualCameraHdf,VirtualCameraHdf
11,73,camera_hdf/hdi_impl/src/dcamera_device/dcamera_device.cpp,camera_hdf/interfaces/include/types.h,OpenDCamera,_DCamRetCode,functionimpl,type,Contain,12.0,True,274,1388,['VirtualCameraHdf'],['VirtualCameraHdf'],VirtualCameraHdf,VirtualCameraHdf
11,73,camera_hdf/hdi_impl/src/dcamera_device/dcamera_device.cpp,camera_hdf/interfaces/include/types.h,GetDCameraAbility,_DCamRetCode,functionimpl,type,Contain,12.0,True,265,1388,['VirtualCameraHdf'],['VirtualCameraHdf'],VirtualCameraHdf,VirtualCameraHdf
11,73,camera_hdf/hdi_impl/src/dcamera_device/dcamera_device.cpp,camera_hdf/interfaces/include/types.h,AcquireBuffer,_DCamRetCode,functionimpl,type,Contain,12.0,True,258,1388,['VirtualCameraHdf'],['VirtualCameraHdf'],VirtualCameraHdf,VirtualCameraHdf
11,73,camera_hdf/hdi_impl/src/dcamera_device/dcamera_device.cpp,camera_hdf/interfaces/include/types.h,ShutterBuffer,_DCamRetCode,functionimpl,type,Contain,12.0,True,277,1388,['VirtualCameraHdf'],['VirtualCameraHdf'],VirtualCameraHdf,VirtualCameraHdf
11,73,camera_hdf/hdi_impl/src/dcamera_device/dcamera_device.cpp,camera_hdf/interfaces/include/types.h,OnSettingsResult,_DCamRetCode,functionimpl,type,Contain,12.0,True,273,1388,['VirtualCameraHdf'],['VirtualCameraHdf'],VirtualCameraHdf,VirtualCameraHdf
11,72,camera_hdf/hdi_impl/src/dcamera_device/dcamera_device.cpp,camera_hdf/interfaces/include/idistributed_camera_provider_callback.h,GetProviderCallback,IDCameraProviderCallback,functionimpl,type,Use,1.0,True,268,1369,['VirtualCameraHdf'],['VirtualCameraHdf'],VirtualCameraHdf,VirtualCameraHdf
11,72,camera_hdf/hdi_impl/src/dcamera_device/dcamera_device.cpp,camera_hdf/interfaces/include/idistributed_camera_provider_callback.h,GetProviderCallback,IDCameraProviderCallback,functionimpl,type,Parameter,1.0,True,268,1369,['VirtualCameraHdf'],['VirtualCameraHdf'],VirtualCameraHdf,VirtualCameraHdf
147,122,services/cameraservice/sinkservice/include/distributedcameramgr/dcamera_sink_controller.h,services/cameraservice/cameraoperator/client/include/icamera_operator.h,,,file,file,Import,1.0,False,,,['DistributedCameraSinkMgr'],['utils'],DistributedCameraSinkMgr,utils
147,122,services/cameraservice/sinkservice/include/distributedcameramgr/dcamera_sink_controller.h,services/cameraservice/cameraoperator/client/include/icamera_operator.h,operator_,ICameraOperator,var,type,Use,1.0,True,2291,1949,['DistributedCameraSinkMgr'],['utils'],DistributedCameraSinkMgr,utils
147,122,services/cameraservice/sinkservice/include/distributedcameramgr/dcamera_sink_controller.h,services/cameraservice/cameraoperator/client/include/icamera_operator.h,operator_,ICameraOperator,var,type,Parameter,1.0,True,2291,1949,['DistributedCameraSinkMgr'],['utils'],DistributedCameraSinkMgr,utils
261,259,services/data_process/include/pipeline/dcamera_pipeline_source.h,services/data_process/include/pipeline/abstract_data_process.h,,,file,file,Import,1.0,False,,,['CameraDataPostProcess'],['CameraDataProcessCommon'],CameraDataPostProcess,CameraDataProcessCommon
261,259,services/data_process/include/pipeline/dcamera_pipeline_source.h,services/data_process/include/pipeline/abstract_data_process.h,pipelineHead_,AbstractDataProcess,var,type,Use,2.0,True,3979,3951,['CameraDataPostProcess'],['CameraDataProcessCommon'],CameraDataPostProcess,CameraDataProcessCommon
261,259,services/data_process/include/pipeline/dcamera_pipeline_source.h,services/data_process/include/pipeline/abstract_data_process.h,pipNodeRanks_,AbstractDataProcess,var,type,Use,2.0,True,3978,3951,['CameraDataPostProcess'],['CameraDataProcessCommon'],CameraDataPostProcess,CameraDataProcessCommon
261,259,services/data_process/include/pipeline/dcamera_pipeline_source.h,services/data_process/include/pipeline/abstract_data_process.h,pipelineHead_,AbstractDataProcess,var,type,Parameter,2.0,True,3979,3951,['CameraDataPostProcess'],['CameraDataProcessCommon'],CameraDataPostProcess,CameraDataProcessCommon
261,259,services/data_process/include/pipeline/dcamera_pipeline_source.h,services/data_process/include/pipeline/abstract_data_process.h,pipNodeRanks_,AbstractDataProcess,var,type,Parameter,2.0,True,3978,3951,['CameraDataPostProcess'],['CameraDataProcessCommon'],CameraDataPostProcess,CameraDataProcessCommon
261,258,services/data_process/include/pipeline/dcamera_pipeline_source.h,services/data_process/include/interfaces/idata_process_pipeline.h,,,file,file,Import,1.0,False,,,['CameraDataPostProcess'],['CameraDataProcessCommon'],CameraDataPostProcess,CameraDataProcessCommon
261,258,services/data_process/include/pipeline/dcamera_pipeline_source.h,services/data_process/include/interfaces/idata_process_pipeline.h,DCameraPipelineSource,IDataProcessPipeline,type,type,Extend,1.0,True,3977,3947,['CameraDataPostProcess'],['CameraDataProcessCommon'],CameraDataPostProcess,CameraDataProcessCommon
261,257,services/data_process/include/pipeline/dcamera_pipeline_source.h,services/data_process/include/interfaces/data_process_listener.h,,,file,file,Import,1.0,False,,,['CameraDataPostProcess'],['CameraDataProcessCommon'],CameraDataPostProcess,CameraDataProcessCommon
261,257,services/data_process/include/pipeline/dcamera_pipeline_source.h,services/data_process/include/interfaces/data_process_listener.h,processListener_,DataProcessListener,var,type,Use,1.0,True,3980,3942,['CameraDataPostProcess'],['CameraDataProcessCommon'],CameraDataPostProcess,CameraDataProcessCommon
261,257,services/data_process/include/pipeline/dcamera_pipeline_source.h,services/data_process/include/interfaces/data_process_listener.h,OnError,DataProcessErrorType,functionproto,type,Parameter,2.0,True,3972,3941,['CameraDataPostProcess'],['CameraDataProcessCommon'],CameraDataPostProcess,CameraDataProcessCommon
261,257,services/data_process/include/pipeline/dcamera_pipeline_source.h,services/data_process/include/interfaces/data_process_listener.h,processListener_,DataProcessListener,var,type,Parameter,2.0,True,3980,3942,['CameraDataPostProcess'],['CameraDataProcessCommon'],CameraDataPostProcess,CameraDataProcessCommon
261,256,services/data_process/include/pipeline/dcamera_pipeline_source.h,services/data_process/include/eventbus/dcamera_pipeline_event.h,,,file,file,Import,1.0,False,,,['CameraDataPostProcess'],['CameraDataProcessCommon'],CameraDataPostProcess,CameraDataProcessCommon
261,256,services/data_process/include/pipeline/dcamera_pipeline_source.h,services/data_process/include/eventbus/dcamera_pipeline_event.h,OnEvent,DCameraPipelineEvent,functionproto,type,Parameter,1.0,True,3973,3924,['CameraDataPostProcess'],['CameraDataProcessCommon'],CameraDataPostProcess,CameraDataProcessCommon
204,268,services/cameraservice/sourceservice/include/distributedcameramgr/dcameradata/dcamera_stream_data_process.h,services/data_process/include/utils/image_common_type.h,,,file,file,Import,1.0,False,,,['DistributedCameraSourceMgr'],['CameraDataProcessCommon'],DistributedCameraSourceMgr,CameraDataProcessCommon
204,268,services/cameraservice/sourceservice/include/distributedcameramgr/dcameradata/dcamera_stream_data_process.h,services/data_process/include/utils/image_common_type.h,GetPipelineCodecType,VideoCodecType,functionproto,type,Return,2.0,True,2973,4116,['DistributedCameraSourceMgr'],['CameraDataProcessCommon'],DistributedCameraSourceMgr,CameraDataProcessCommon
204,268,services/cameraservice/sourceservice/include/distributedcameramgr/dcameradata/dcamera_stream_data_process.h,services/data_process/include/utils/image_common_type.h,GetPipelineFormat,Videoformat,functionproto,type,Return,2.0,True,2974,4118,['DistributedCameraSourceMgr'],['CameraDataProcessCommon'],DistributedCameraSourceMgr,CameraDataProcessCommon
154,100,services/cameraservice/sinkservice/include/distributedcameramgr/eventbus/dcamera_post_authorization_event.h,services/cameraservice/base/include/dcamera_capture_info_cmd.h,,,file,file,Import,1.0,False,,,['DistributedCameraSinkMgr'],['CameraServiceCommon'],DistributedCameraSinkMgr,CameraServiceCommon
154,100,services/cameraservice/sinkservice/include/distributedcameramgr/eventbus/dcamera_post_authorization_event.h,services/cameraservice/base/include/dcamera_capture_info_cmd.h,GetParam,DCameraCaptureInfo,functionproto,type,Use,2.0,True,2367,1753,['DistributedCameraSinkMgr'],['CameraServiceCommon'],DistributedCameraSinkMgr,CameraServiceCommon
154,100,services/cameraservice/sinkservice/include/distributedcameramgr/eventbus/dcamera_post_authorization_event.h,services/cameraservice/base/include/dcamera_capture_info_cmd.h,param_,DCameraCaptureInfo,var,type,Use,2.0,True,2369,1753,['DistributedCameraSinkMgr'],['CameraServiceCommon'],DistributedCameraSinkMgr,CameraServiceCommon
154,100,services/cameraservice/sinkservice/include/distributedcameramgr/eventbus/dcamera_post_authorization_event.h,services/cameraservice/base/include/dcamera_capture_info_cmd.h,GetParam,DCameraCaptureInfo,functionproto,type,Parameter,2.0,True,2367,1753,['DistributedCameraSinkMgr'],['CameraServiceCommon'],DistributedCameraSinkMgr,CameraServiceCommon
154,100,services/cameraservice/sinkservice/include/distributedcameramgr/eventbus/dcamera_post_authorization_event.h,services/cameraservice/base/include/dcamera_capture_info_cmd.h,param_,DCameraCaptureInfo,var,type,Parameter,2.0,True,2369,1753,['DistributedCameraSinkMgr'],['CameraServiceCommon'],DistributedCameraSinkMgr,CameraServiceCommon
140,116,services/cameraservice/cameraoperator/handler/src/dcamera_handler_common.cpp,services/cameraservice/cameraoperator/client/include/callback/dcamera_manager_callback.h,,,file,file,Import,1.0,False,,,['utils'],['utils'],utils,utils
140,116,services/cameraservice/cameraoperator/handler/src/dcamera_handler_common.cpp,services/cameraservice/cameraoperator/client/include/callback/dcamera_manager_callback.h,Initialize,DCameraManagerCallback,functionimpl,type,Use,1.0,True,2186,1897,['utils'],['utils'],utils,utils
245,77,services/channel/include/dcamera_channel_sink_impl.h,common/include/utils/dcamera_index.h,camIndexs_,DCameraIndex,var,type,Use,1.0,True,3653,1475,['ChannelSink'],['utils'],ChannelSink,utils
245,77,services/channel/include/dcamera_channel_sink_impl.h,common/include/utils/dcamera_index.h,camIndexs_,DCameraIndex,var,type,Parameter,1.0,True,3653,1475,['ChannelSink'],['utils'],ChannelSink,utils
23,91,camera_hdf/hdi_impl/test/dcamera_hdi_sample.cpp,interfaces/inner_kits/native_cpp/camera_source/include/dcamera_source_handler.h,,,file,file,Import,1.0,False,,,['VirtualCameraHdf'],['DistributedCameraSourceMgr'],VirtualCameraHdf,DistributedCameraSourceMgr
145,122,services/cameraservice/sinkservice/include/distributedcameramgr/callback/dcamera_sink_output_result_callback.h,services/cameraservice/cameraoperator/client/include/icamera_operator.h,,,file,file,Import,1.0,False,,,['DistributedCameraSinkMgr'],['utils'],DistributedCameraSinkMgr,utils
145,122,services/cameraservice/sinkservice/include/distributedcameramgr/callback/dcamera_sink_output_result_callback.h,services/cameraservice/cameraoperator/client/include/icamera_operator.h,DCameraSinkOutputResultCallback,ResultCallback,type,type,Extend,1.0,True,2257,1950,['DistributedCameraSinkMgr'],['utils'],DistributedCameraSinkMgr,utils
257,76,services/data_process/include/interfaces/data_process_listener.h,common/include/utils/data_buffer.h,,,file,file,Import,1.0,False,,,['CameraDataProcessCommon'],['utils'],CameraDataProcessCommon,utils
126,116,services/cameraservice/cameraoperator/client/src/callback/dcamera_manager_callback.cpp,services/cameraservice/cameraoperator/client/include/callback/dcamera_manager_callback.h,,,file,file,Import,1.0,False,,,['utils'],['utils'],utils,utils
126,116,services/cameraservice/cameraoperator/client/src/callback/dcamera_manager_callback.cpp,services/cameraservice/cameraoperator/client/include/callback/dcamera_manager_callback.h,OnCameraStatusChanged,OnCameraStatusChanged,functionimpl,functionproto,Implement,2.0,True,1969,1895,['utils'],['utils'],utils,utils
126,116,services/cameraservice/cameraoperator/client/src/callback/dcamera_manager_callback.cpp,services/cameraservice/cameraoperator/client/include/callback/dcamera_manager_callback.h,OnFlashlightStatusChanged,OnFlashlightStatusChanged,functionimpl,functionproto,Implement,2.0,True,1970,1896,['utils'],['utils'],utils,utils
213,197,services/cameraservice/sourceservice/include/distributedcameramgr/dcamerastate/dcamera_source_init_state.h,services/cameraservice/sourceservice/include/distributedcameramgr/dcamera_source_event.h,Execute,DCAMERA_EVENT,functionproto,alias,Parameter,4.0,True,3070,2855,['DistributedCameraSourceMgr'],['DistributedCameraSourceMgr'],DistributedCameraSourceMgr,DistributedCameraSourceMgr
213,197,services/cameraservice/sourceservice/include/distributedcameramgr/dcamerastate/dcamera_source_init_state.h,services/cameraservice/sourceservice/include/distributedcameramgr/dcamera_source_event.h,Execute,DCameraSourceEvent,functionproto,type,Parameter,4.0,True,3070,2869,['DistributedCameraSourceMgr'],['DistributedCameraSourceMgr'],DistributedCameraSourceMgr,DistributedCameraSourceMgr
213,197,services/cameraservice/sourceservice/include/distributedcameramgr/dcamerastate/dcamera_source_init_state.h,services/cameraservice/sourceservice/include/distributedcameramgr/dcamera_source_event.h,DoRegisterTask,DCameraSourceEvent,functionproto,type,Parameter,4.0,True,3068,2869,['DistributedCameraSourceMgr'],['DistributedCameraSourceMgr'],DistributedCameraSourceMgr,DistributedCameraSourceMgr
213,197,services/cameraservice/sourceservice/include/distributedcameramgr/dcamerastate/dcamera_source_init_state.h,services/cameraservice/sourceservice/include/distributedcameramgr/dcamera_source_event.h,DoUnregisterTask,DCameraSourceEvent,functionproto,type,Parameter,4.0,True,3069,2869,['DistributedCameraSourceMgr'],['DistributedCameraSourceMgr'],DistributedCameraSourceMgr,DistributedCameraSourceMgr
97,75,interfaces/inner_kits/native_cpp/camera_source/src/dcamera_source_handler.cpp,common/include/constants/distributed_camera_errno.h,,,file,file,Import,1.0,False,,,['DistributedCameraSourceMgr'],['utils'],DistributedCameraSourceMgr,utils
276,265,services/data_process/src/pipeline_node/multimedia_codec/decode_video_callback.cpp,services/data_process/include/pipeline_node/multimedia_codec/decode_video_callback.h,,,file,file,Import,1.0,False,,,['CameraDataProcessCommon'],['CameraDataProcessCommon'],CameraDataProcessCommon,CameraDataProcessCommon
276,265,services/data_process/src/pipeline_node/multimedia_codec/decode_video_callback.cpp,services/data_process/include/pipeline_node/multimedia_codec/decode_video_callback.h,OnError,OnError,functionimpl,functionproto,Implement,4.0,True,4441,4060,['CameraDataProcessCommon'],['CameraDataProcessCommon'],CameraDataProcessCommon,CameraDataProcessCommon
276,265,services/data_process/src/pipeline_node/multimedia_codec/decode_video_callback.cpp,services/data_process/include/pipeline_node/multimedia_codec/decode_video_callback.h,OnInputBufferAvailable,OnInputBufferAvailable,functionimpl,functionproto,Implement,4.0,True,4442,4061,['CameraDataProcessCommon'],['CameraDataProcessCommon'],CameraDataProcessCommon,CameraDataProcessCommon
276,265,services/data_process/src/pipeline_node/multimedia_codec/decode_video_callback.cpp,services/data_process/include/pipeline_node/multimedia_codec/decode_video_callback.h,OnOutputFormatChanged,OnOutputFormatChanged,functionimpl,functionproto,Implement,4.0,True,4444,4063,['CameraDataProcessCommon'],['CameraDataProcessCommon'],CameraDataProcessCommon,CameraDataProcessCommon
276,265,services/data_process/src/pipeline_node/multimedia_codec/decode_video_callback.cpp,services/data_process/include/pipeline_node/multimedia_codec/decode_video_callback.h,OnOutputBufferAvailable,OnOutputBufferAvailable,functionimpl,functionproto,Implement,4.0,True,4443,4062,['CameraDataProcessCommon'],['CameraDataProcessCommon'],CameraDataProcessCommon,CameraDataProcessCommon
276,264,services/data_process/src/pipeline_node/multimedia_codec/decode_video_callback.cpp,services/data_process/include/pipeline_node/multimedia_codec/decode_data_process.h,OnError,DecodeDataProcess,functionimpl,type,Use,4.0,True,4441,4047,['CameraDataProcessCommon'],['CameraDataProcessCommon'],CameraDataProcessCommon,CameraDataProcessCommon
276,264,services/data_process/src/pipeline_node/multimedia_codec/decode_video_callback.cpp,services/data_process/include/pipeline_node/multimedia_codec/decode_data_process.h,OnInputBufferAvailable,DecodeDataProcess,functionimpl,type,Use,4.0,True,4442,4047,['CameraDataProcessCommon'],['CameraDataProcessCommon'],CameraDataProcessCommon,CameraDataProcessCommon
276,264,services/data_process/src/pipeline_node/multimedia_codec/decode_video_callback.cpp,services/data_process/include/pipeline_node/multimedia_codec/decode_data_process.h,OnOutputFormatChanged,DecodeDataProcess,functionimpl,type,Use,4.0,True,4444,4047,['CameraDataProcessCommon'],['CameraDataProcessCommon'],CameraDataProcessCommon,CameraDataProcessCommon
276,264,services/data_process/src/pipeline_node/multimedia_codec/decode_video_callback.cpp,services/data_process/include/pipeline_node/multimedia_codec/decode_data_process.h,OnOutputBufferAvailable,DecodeDataProcess,functionimpl,type,Use,4.0,True,4443,4047,['CameraDataProcessCommon'],['CameraDataProcessCommon'],CameraDataProcessCommon,CameraDataProcessCommon
16,4,camera_hdf/hdi_impl/src/dstream_operator/dcamera_steam.cpp,camera_hdf/hdi_impl/include/dstream_operator/dbuffer_manager.h,GetNextRequest,SurfaceBufferToDImageBuffer,functionimpl,functionproto,Call,2.0,True,486,106,['VirtualCameraHdf'],['VirtualCameraHdf'],VirtualCameraHdf,VirtualCameraHdf
16,4,camera_hdf/hdi_impl/src/dstream_operator/dcamera_steam.cpp,camera_hdf/hdi_impl/include/dstream_operator/dbuffer_manager.h,GetDCameraBuffer,DImageBufferToDCameraBuffer,functionimpl,functionproto,Call,2.0,True,483,102,['VirtualCameraHdf'],['VirtualCameraHdf'],VirtualCameraHdf,VirtualCameraHdf
2,0,camera_hdf/hdi_impl/include/dcamera_host/dcamera_host.h,camera_hdf/hdi_impl/include/dcamera_device/dcamera_device.h,,,file,file,Import,1.0,False,,,['VirtualCameraHdf'],['VirtualCameraHdf'],VirtualCameraHdf,VirtualCameraHdf
2,0,camera_hdf/hdi_impl/include/dcamera_host/dcamera_host.h,camera_hdf/hdi_impl/include/dcamera_device/dcamera_device.h,GetDCameraDeviceByDHBase,DCameraDevice,functionproto,type,Use,2.0,True,60,24,['VirtualCameraHdf'],['VirtualCameraHdf'],VirtualCameraHdf,VirtualCameraHdf
2,0,camera_hdf/hdi_impl/include/dcamera_host/dcamera_host.h,camera_hdf/hdi_impl/include/dcamera_device/dcamera_device.h,dCameraDeviceMap_,DCameraDevice,var,type,Use,2.0,True,70,24,['VirtualCameraHdf'],['VirtualCameraHdf'],VirtualCameraHdf,VirtualCameraHdf
2,0,camera_hdf/hdi_impl/include/dcamera_host/dcamera_host.h,camera_hdf/hdi_impl/include/dcamera_device/dcamera_device.h,GetDCameraDeviceByDHBase,DCameraDevice,functionproto,type,Parameter,2.0,True,60,24,['VirtualCameraHdf'],['VirtualCameraHdf'],VirtualCameraHdf,VirtualCameraHdf
2,0,camera_hdf/hdi_impl/include/dcamera_host/dcamera_host.h,camera_hdf/hdi_impl/include/dcamera_device/dcamera_device.h,dCameraDeviceMap_,DCameraDevice,var,type,Parameter,2.0,True,70,24,['VirtualCameraHdf'],['VirtualCameraHdf'],VirtualCameraHdf,VirtualCameraHdf
158,100,services/cameraservice/sinkservice/include/distributedcameramgr/interface/icamera_sink_output.h,services/cameraservice/base/include/dcamera_capture_info_cmd.h,,,file,file,Import,1.0,False,,,['DistributedCameraSinkMgr'],['CameraServiceCommon'],DistributedCameraSinkMgr,CameraServiceCommon
16,6,camera_hdf/hdi_impl/src/dstream_operator/dcamera_steam.cpp,camera_hdf/hdi_impl/include/dstream_operator/dimage_buffer.h,GetNextRequest,DImageBuffer,functionimpl,type,Use,5.0,True,486,165,['VirtualCameraHdf'],['VirtualCameraHdf'],VirtualCameraHdf,VirtualCameraHdf
16,6,camera_hdf/hdi_impl/src/dstream_operator/dcamera_steam.cpp,camera_hdf/hdi_impl/include/dstream_operator/dimage_buffer.h,GetDCameraBuffer,DImageBuffer,functionimpl,type,Use,5.0,True,483,165,['VirtualCameraHdf'],['VirtualCameraHdf'],VirtualCameraHdf,VirtualCameraHdf
16,6,camera_hdf/hdi_impl/src/dstream_operator/dcamera_steam.cpp,camera_hdf/hdi_impl/include/dstream_operator/dimage_buffer.h,ReturnDCameraBuffer,DImageBuffer,functionimpl,type,Use,5.0,True,491,165,['VirtualCameraHdf'],['VirtualCameraHdf'],VirtualCameraHdf,VirtualCameraHdf
16,6,camera_hdf/hdi_impl/src/dstream_operator/dcamera_steam.cpp,camera_hdf/hdi_impl/include/dstream_operator/dimage_buffer.h,iter,DImageBuffer,var,type,Use,5.0,True,502,165,['VirtualCameraHdf'],['VirtualCameraHdf'],VirtualCameraHdf,VirtualCameraHdf
16,6,camera_hdf/hdi_impl/src/dstream_operator/dcamera_steam.cpp,camera_hdf/hdi_impl/include/dstream_operator/dimage_buffer.h,FlushDCameraBuffer,DImageBuffer,functionimpl,type,Use,5.0,True,482,165,['VirtualCameraHdf'],['VirtualCameraHdf'],VirtualCameraHdf,VirtualCameraHdf
16,6,camera_hdf/hdi_impl/src/dstream_operator/dcamera_steam.cpp,camera_hdf/hdi_impl/include/dstream_operator/dimage_buffer.h,iter,DImageBuffer,var,type,Parameter,1.0,True,502,165,['VirtualCameraHdf'],['VirtualCameraHdf'],VirtualCameraHdf,VirtualCameraHdf
16,5,camera_hdf/hdi_impl/src/dstream_operator/dcamera_steam.cpp,camera_hdf/hdi_impl/include/dstream_operator/dcamera_steam.h,,,file,file,Import,1.0,False,,,['VirtualCameraHdf'],['VirtualCameraHdf'],VirtualCameraHdf,VirtualCameraHdf
16,5,camera_hdf/hdi_impl/src/dstream_operator/dcamera_steam.cpp,camera_hdf/hdi_impl/include/dstream_operator/dcamera_steam.h,InitDCameraStream,InitDCameraStream,functionimpl,functionproto,Implement,12.0,True,489,121,['VirtualCameraHdf'],['VirtualCameraHdf'],VirtualCameraHdf,VirtualCameraHdf
16,5,camera_hdf/hdi_impl/src/dstream_operator/dcamera_steam.cpp,camera_hdf/hdi_impl/include/dstream_operator/dcamera_steam.h,InitDCameraBufferManager,InitDCameraBufferManager,functionimpl,functionproto,Implement,12.0,True,488,120,['VirtualCameraHdf'],['VirtualCameraHdf'],VirtualCameraHdf,VirtualCameraHdf
16,5,camera_hdf/hdi_impl/src/dstream_operator/dcamera_steam.cpp,camera_hdf/hdi_impl/include/dstream_operator/dcamera_steam.h,GetDCameraStreamInfo,GetDCameraStreamInfo,functionimpl,functionproto,Implement,12.0,True,485,117,['VirtualCameraHdf'],['VirtualCameraHdf'],VirtualCameraHdf,VirtualCameraHdf
16,5,camera_hdf/hdi_impl/src/dstream_operator/dcamera_steam.cpp,camera_hdf/hdi_impl/include/dstream_operator/dcamera_steam.h,SetDCameraBufferQueue,SetDCameraBufferQueue,functionimpl,functionproto,Implement,12.0,True,492,124,['VirtualCameraHdf'],['VirtualCameraHdf'],VirtualCameraHdf,VirtualCameraHdf
16,5,camera_hdf/hdi_impl/src/dstream_operator/dcamera_steam.cpp,camera_hdf/hdi_impl/include/dstream_operator/dcamera_steam.h,ReleaseDCameraBufferQueue,ReleaseDCameraBufferQueue,functionimpl,functionproto,Implement,12.0,True,490,122,['VirtualCameraHdf'],['VirtualCameraHdf'],VirtualCameraHdf,VirtualCameraHdf
16,5,camera_hdf/hdi_impl/src/dstream_operator/dcamera_steam.cpp,camera_hdf/hdi_impl/include/dstream_operator/dcamera_steam.h,GetDCameraStreamAttribute,GetDCameraStreamAttribute,functionimpl,functionproto,Implement,12.0,True,484,116,['VirtualCameraHdf'],['VirtualCameraHdf'],VirtualCameraHdf,VirtualCameraHdf
16,5,camera_hdf/hdi_impl/src/dstream_operator/dcamera_steam.cpp,camera_hdf/hdi_impl/include/dstream_operator/dcamera_steam.h,FinishCommitStream,FinishCommitStream,functionimpl,functionproto,Implement,12.0,True,481,113,['VirtualCameraHdf'],['VirtualCameraHdf'],VirtualCameraHdf,VirtualCameraHdf
16,5,camera_hdf/hdi_impl/src/dstream_operator/dcamera_steam.cpp,camera_hdf/hdi_impl/include/dstream_operator/dcamera_steam.h,GetNextRequest,GetNextRequest,functionimpl,functionproto,Implement,12.0,True,486,118,['VirtualCameraHdf'],['VirtualCameraHdf'],VirtualCameraHdf,VirtualCameraHdf
16,5,camera_hdf/hdi_impl/src/dstream_operator/dcamera_steam.cpp,camera_hdf/hdi_impl/include/dstream_operator/dcamera_steam.h,GetDCameraBuffer,GetDCameraBuffer,functionimpl,functionproto,Implement,12.0,True,483,115,['VirtualCameraHdf'],['VirtualCameraHdf'],VirtualCameraHdf,VirtualCameraHdf
16,5,camera_hdf/hdi_impl/src/dstream_operator/dcamera_steam.cpp,camera_hdf/hdi_impl/include/dstream_operator/dcamera_steam.h,ReturnDCameraBuffer,ReturnDCameraBuffer,functionimpl,functionproto,Implement,12.0,True,491,123,['VirtualCameraHdf'],['VirtualCameraHdf'],VirtualCameraHdf,VirtualCameraHdf
16,5,camera_hdf/hdi_impl/src/dstream_operator/dcamera_steam.cpp,camera_hdf/hdi_impl/include/dstream_operator/dcamera_steam.h,FlushDCameraBuffer,FlushDCameraBuffer,functionimpl,functionproto,Implement,12.0,True,482,114,['VirtualCameraHdf'],['VirtualCameraHdf'],VirtualCameraHdf,VirtualCameraHdf
16,5,camera_hdf/hdi_impl/src/dstream_operator/dcamera_steam.cpp,camera_hdf/hdi_impl/include/dstream_operator/dcamera_steam.h,HasBufferQueue,HasBufferQueue,functionimpl,functionproto,Implement,12.0,True,487,119,['VirtualCameraHdf'],['VirtualCameraHdf'],VirtualCameraHdf,VirtualCameraHdf
249,250,services/channel/include/icamera_channel.h,services/channel/include/icamera_channel_listener.h,,,file,file,Import,1.0,False,,,['ChannelCommon'],['ChannelCommon'],ChannelCommon,ChannelCommon
158,101,services/cameraservice/sinkservice/include/distributedcameramgr/interface/icamera_sink_output.h,services/cameraservice/base/include/dcamera_channel_info_cmd.h,,,file,file,Import,1.0,False,,,['DistributedCameraSinkMgr'],['CameraServiceCommon'],DistributedCameraSinkMgr,CameraServiceCommon
97,88,interfaces/inner_kits/native_cpp/camera_source/src/dcamera_source_handler.cpp,interfaces/inner_kits/native_cpp/camera_source/include/callback/dcamera_source_callback.h,InitSource,DCameraSourceCallback,functionimpl,type,Call,1.0,True,1706,1621,['DistributedCameraSourceMgr'],['DistributedCameraSourceMgr'],DistributedCameraSourceMgr,DistributedCameraSourceMgr
97,88,interfaces/inner_kits/native_cpp/camera_source/src/dcamera_source_handler.cpp,interfaces/inner_kits/native_cpp/camera_source/include/callback/dcamera_source_callback.h,,,file,file,Import,1.0,False,,,['DistributedCameraSourceMgr'],['DistributedCameraSourceMgr'],DistributedCameraSourceMgr,DistributedCameraSourceMgr
97,88,interfaces/inner_kits/native_cpp/camera_source/src/dcamera_source_handler.cpp,interfaces/inner_kits/native_cpp/camera_source/include/callback/dcamera_source_callback.h,InitSource,DCameraSourceCallback,functionimpl,type,Use,1.0,True,1706,1621,['DistributedCameraSourceMgr'],['DistributedCameraSourceMgr'],DistributedCameraSourceMgr,DistributedCameraSourceMgr
97,88,interfaces/inner_kits/native_cpp/camera_source/src/dcamera_source_handler.cpp,interfaces/inner_kits/native_cpp/camera_source/include/callback/dcamera_source_callback.h,InitSource,DCameraSourceCallback,functionimpl,type,Create,1.0,True,1706,1621,['DistributedCameraSourceMgr'],['DistributedCameraSourceMgr'],DistributedCameraSourceMgr,DistributedCameraSourceMgr
274,78,services/data_process/src/pipeline_node/multimedia_codec/decode_data_process.cpp,common/include/utils/dcamera_utils_tools.h,GetDecoderTimeStamp,GetNowTimeStampUs,functionimpl,functionproto,Call,1.0,True,4284,1484,['CameraDataProcessCommon'],['utils'],CameraDataProcessCommon,utils
274,78,services/data_process/src/pipeline_node/multimedia_codec/decode_data_process.cpp,common/include/utils/dcamera_utils_tools.h,,,file,file,Import,1.0,False,,,['CameraDataProcessCommon'],['utils'],CameraDataProcessCommon,utils
274,76,services/data_process/src/pipeline_node/multimedia_codec/decode_data_process.cpp,common/include/utils/data_buffer.h,ReleaseProcessNode,DataBuffer,functionimpl,type,Use,7.0,True,4302,1470,['CameraDataProcessCommon'],['utils'],CameraDataProcessCommon,utils
274,76,services/data_process/src/pipeline_node/multimedia_codec/decode_data_process.cpp,common/include/utils/data_buffer.h,FeedDecoderInputBuffer,DataBuffer,functionimpl,type,Use,7.0,True,4281,1470,['CameraDataProcessCommon'],['utils'],CameraDataProcessCommon,utils
274,76,services/data_process/src/pipeline_node/multimedia_codec/decode_data_process.cpp,common/include/utils/data_buffer.h,CopyDecodedImage,DataBuffer,functionimpl,type,Use,7.0,True,4278,1470,['CameraDataProcessCommon'],['utils'],CameraDataProcessCommon,utils
274,76,services/data_process/src/pipeline_node/multimedia_codec/decode_data_process.cpp,common/include/utils/data_buffer.h,PostOutputDataBuffers,DataBuffer,functionimpl,type,Use,7.0,True,4300,1470,['CameraDataProcessCommon'],['utils'],CameraDataProcessCommon,utils
274,76,services/data_process/src/pipeline_node/multimedia_codec/decode_data_process.cpp,common/include/utils/data_buffer.h,OnEvent,DataBuffer,functionimpl,type,Use,7.0,True,4296,1470,['CameraDataProcessCommon'],['utils'],CameraDataProcessCommon,utils
97,92,interfaces/inner_kits/native_cpp/camera_source/src/dcamera_source_handler.cpp,interfaces/inner_kits/native_cpp/camera_source/include/dcamera_source_handler_ipc.h,,,file,file,Import,1.0,False,,,['DistributedCameraSourceMgr'],['DistributedCameraSourceMgr'],DistributedCameraSourceMgr,DistributedCameraSourceMgr
97,91,interfaces/inner_kits/native_cpp/camera_source/src/dcamera_source_handler.cpp,interfaces/inner_kits/native_cpp/camera_source/include/dcamera_source_handler.h,,,file,file,Import,1.0,False,,,['DistributedCameraSourceMgr'],['DistributedCameraSourceMgr'],DistributedCameraSourceMgr,DistributedCameraSourceMgr
97,91,interfaces/inner_kits/native_cpp/camera_source/src/dcamera_source_handler.cpp,interfaces/inner_kits/native_cpp/camera_source/include/dcamera_source_handler.h,~DCameraSourceHandler,~DCameraSourceHandler,functionimpl,functionproto,Implement,7.0,True,1710,1641,['DistributedCameraSourceMgr'],['DistributedCameraSourceMgr'],DistributedCameraSourceMgr,DistributedCameraSourceMgr
97,91,interfaces/inner_kits/native_cpp/camera_source/src/dcamera_source_handler.cpp,interfaces/inner_kits/native_cpp/camera_source/include/dcamera_source_handler.h,InitSource,InitSource,functionimpl,functionproto,Implement,7.0,True,1706,1637,['DistributedCameraSourceMgr'],['DistributedCameraSourceMgr'],DistributedCameraSourceMgr,DistributedCameraSourceMgr
97,91,interfaces/inner_kits/native_cpp/camera_source/src/dcamera_source_handler.cpp,interfaces/inner_kits/native_cpp/camera_source/include/dcamera_source_handler.h,ReleaseSource,ReleaseSource,functionimpl,functionproto,Implement,7.0,True,1708,1639,['DistributedCameraSourceMgr'],['DistributedCameraSourceMgr'],DistributedCameraSourceMgr,DistributedCameraSourceMgr
97,91,interfaces/inner_kits/native_cpp/camera_source/src/dcamera_source_handler.cpp,interfaces/inner_kits/native_cpp/camera_source/include/dcamera_source_handler.h,RegisterDistributedHardware,RegisterDistributedHardware,functionimpl,functionproto,Implement,7.0,True,1707,1638,['DistributedCameraSourceMgr'],['DistributedCameraSourceMgr'],DistributedCameraSourceMgr,DistributedCameraSourceMgr
97,91,interfaces/inner_kits/native_cpp/camera_source/src/dcamera_source_handler.cpp,interfaces/inner_kits/native_cpp/camera_source/include/dcamera_source_handler.h,UnregisterDistributedHardware,UnregisterDistributedHardware,functionimpl,functionproto,Implement,7.0,True,1709,1640,['DistributedCameraSourceMgr'],['DistributedCameraSourceMgr'],DistributedCameraSourceMgr,DistributedCameraSourceMgr
97,91,interfaces/inner_kits/native_cpp/camera_source/src/dcamera_source_handler.cpp,interfaces/inner_kits/native_cpp/camera_source/include/dcamera_source_handler.h,ConfigDistributedHardware,ConfigDistributedHardware,functionimpl,functionproto,Implement,7.0,True,1704,1635,['DistributedCameraSourceMgr'],['DistributedCameraSourceMgr'],DistributedCameraSourceMgr,DistributedCameraSourceMgr
97,91,interfaces/inner_kits/native_cpp/camera_source/src/dcamera_source_handler.cpp,interfaces/inner_kits/native_cpp/camera_source/include/dcamera_source_handler.h,GetSourceHardwareHandler,GetSourceHardwareHandler,functionimpl,functionproto,Implement,7.0,True,1705,1636,['DistributedCameraSourceMgr'],['DistributedCameraSourceMgr'],DistributedCameraSourceMgr,DistributedCameraSourceMgr
204,73,services/cameraservice/sourceservice/include/distributedcameramgr/dcameradata/dcamera_stream_data_process.h,camera_hdf/interfaces/include/types.h,,,file,file,Import,1.0,False,,,['DistributedCameraSourceMgr'],['VirtualCameraHdf'],DistributedCameraSourceMgr,VirtualCameraHdf
204,73,services/cameraservice/sourceservice/include/distributedcameramgr/dcameradata/dcamera_stream_data_process.h,camera_hdf/interfaces/include/types.h,DCameraStreamDataProcess,DCStreamType,functionproto,alias,Parameter,2.0,True,2967,1373,['DistributedCameraSourceMgr'],['VirtualCameraHdf'],DistributedCameraSourceMgr,VirtualCameraHdf
204,73,services/cameraservice/sourceservice/include/distributedcameramgr/dcameradata/dcamera_stream_data_process.h,camera_hdf/interfaces/include/types.h,GetPipelineCodecType,DCEncodeType,functionproto,alias,Parameter,2.0,True,2973,1371,['DistributedCameraSourceMgr'],['VirtualCameraHdf'],DistributedCameraSourceMgr,VirtualCameraHdf
204,73,services/cameraservice/sourceservice/include/distributedcameramgr/dcameradata/dcamera_stream_data_process.h,camera_hdf/interfaces/include/types.h,DCameraStreamDataProcess,_DCStreamType,type,type,Contain,1.0,True,2981,1387,['DistributedCameraSourceMgr'],['VirtualCameraHdf'],DistributedCameraSourceMgr,VirtualCameraHdf
97,94,interfaces/inner_kits/native_cpp/camera_source/src/dcamera_source_handler.cpp,interfaces/inner_kits/native_cpp/camera_source/include/idistributed_camera_source.h,InitSource,IDistributedCameraSource,functionimpl,type,Use,4.0,True,1706,1666,['DistributedCameraSourceMgr'],['DistributedCameraSourceMgr'],DistributedCameraSourceMgr,DistributedCameraSourceMgr
97,94,interfaces/inner_kits/native_cpp/camera_source/src/dcamera_source_handler.cpp,interfaces/inner_kits/native_cpp/camera_source/include/idistributed_camera_source.h,ReleaseSource,IDistributedCameraSource,functionimpl,type,Use,4.0,True,1708,1666,['DistributedCameraSourceMgr'],['DistributedCameraSourceMgr'],DistributedCameraSourceMgr,DistributedCameraSourceMgr
97,94,interfaces/inner_kits/native_cpp/camera_source/src/dcamera_source_handler.cpp,interfaces/inner_kits/native_cpp/camera_source/include/idistributed_camera_source.h,RegisterDistributedHardware,IDistributedCameraSource,functionimpl,type,Use,4.0,True,1707,1666,['DistributedCameraSourceMgr'],['DistributedCameraSourceMgr'],DistributedCameraSourceMgr,DistributedCameraSourceMgr
97,94,interfaces/inner_kits/native_cpp/camera_source/src/dcamera_source_handler.cpp,interfaces/inner_kits/native_cpp/camera_source/include/idistributed_camera_source.h,UnregisterDistributedHardware,IDistributedCameraSource,functionimpl,type,Use,4.0,True,1709,1666,['DistributedCameraSourceMgr'],['DistributedCameraSourceMgr'],DistributedCameraSourceMgr,DistributedCameraSourceMgr
204,76,services/cameraservice/sourceservice/include/distributedcameramgr/dcameradata/dcamera_stream_data_process.h,common/include/utils/data_buffer.h,,,file,file,Import,1.0,False,,,['DistributedCameraSourceMgr'],['utils'],DistributedCameraSourceMgr,utils
47,72,camera_hdf/interfaces/hdi_ipc/client/provider/dcamera_provider_callback_stub.h,camera_hdf/interfaces/include/idistributed_camera_provider_callback.h,,,file,file,Import,1.0,False,,,['VirtualCameraHdf'],['VirtualCameraHdf'],VirtualCameraHdf,VirtualCameraHdf
274,265,services/data_process/src/pipeline_node/multimedia_codec/decode_data_process.cpp,services/data_process/include/pipeline_node/multimedia_codec/decode_video_callback.h,,,file,file,Import,1.0,False,,,['CameraDataProcessCommon'],['CameraDataProcessCommon'],CameraDataProcessCommon,CameraDataProcessCommon
274,265,services/data_process/src/pipeline_node/multimedia_codec/decode_data_process.cpp,services/data_process/include/pipeline_node/multimedia_codec/decode_video_callback.h,InitDecoder,DecodeVideoCallback,functionimpl,type,Use,1.0,True,4288,4064,['CameraDataProcessCommon'],['CameraDataProcessCommon'],CameraDataProcessCommon,CameraDataProcessCommon
274,264,services/data_process/src/pipeline_node/multimedia_codec/decode_data_process.cpp,services/data_process/include/pipeline_node/multimedia_codec/decode_data_process.h,SetDecoderOutputSurface,DecodeSurfaceListener,functionimpl,type,Call,1.0,True,4304,4048,['CameraDataProcessCommon'],['CameraDataProcessCommon'],CameraDataProcessCommon,CameraDataProcessCommon
274,264,services/data_process/src/pipeline_node/multimedia_codec/decode_data_process.cpp,services/data_process/include/pipeline_node/multimedia_codec/decode_data_process.h,,,file,file,Import,1.0,False,,,['CameraDataProcessCommon'],['CameraDataProcessCommon'],CameraDataProcessCommon,CameraDataProcessCommon
274,264,services/data_process/src/pipeline_node/multimedia_codec/decode_data_process.cpp,services/data_process/include/pipeline_node/multimedia_codec/decode_data_process.h,SetDecoderOutputSurface,DecodeSurfaceListener,functionimpl,type,Use,2.0,True,4304,4048,['CameraDataProcessCommon'],['CameraDataProcessCommon'],CameraDataProcessCommon,CameraDataProcessCommon
274,264,services/data_process/src/pipeline_node/multimedia_codec/decode_data_process.cpp,services/data_process/include/pipeline_node/multimedia_codec/decode_data_process.h,OnBufferAvailable,DecodeDataProcess,functionimpl,type,Use,2.0,True,4294,4047,['CameraDataProcessCommon'],['CameraDataProcessCommon'],CameraDataProcessCommon,CameraDataProcessCommon
274,264,services/data_process/src/pipeline_node/multimedia_codec/decode_data_process.cpp,services/data_process/include/pipeline_node/multimedia_codec/decode_data_process.h,SetDecoderOutputSurface,DecodeSurfaceListener,functionimpl,type,Create,1.0,True,4304,4048,['CameraDataProcessCommon'],['CameraDataProcessCommon'],CameraDataProcessCommon,CameraDataProcessCommon
274,264,services/data_process/src/pipeline_node/multimedia_codec/decode_data_process.cpp,services/data_process/include/pipeline_node/multimedia_codec/decode_data_process.h,~DecodeDataProcess,~DecodeDataProcess,functionimpl,functionproto,Implement,31.0,True,4306,4045,['CameraDataProcessCommon'],['CameraDataProcessCommon'],CameraDataProcessCommon,CameraDataProcessCommon
274,264,services/data_process/src/pipeline_node/multimedia_codec/decode_data_process.cpp,services/data_process/include/pipeline_node/multimedia_codec/decode_data_process.h,InitNode,InitNode,functionimpl,functionproto,Implement,31.0,True,4290,4029,['CameraDataProcessCommon'],['CameraDataProcessCommon'],CameraDataProcessCommon,CameraDataProcessCommon
274,264,services/data_process/src/pipeline_node/multimedia_codec/decode_data_process.cpp,services/data_process/include/pipeline_node/multimedia_codec/decode_data_process.h,GetAlignedHeight,GetAlignedHeight,functionimpl,functionproto,Implement,31.0,True,4282,4021,['CameraDataProcessCommon'],['CameraDataProcessCommon'],CameraDataProcessCommon,CameraDataProcessCommon
274,264,services/data_process/src/pipeline_node/multimedia_codec/decode_data_process.cpp,services/data_process/include/pipeline_node/multimedia_codec/decode_data_process.h,IsInDecoderRange,IsInDecoderRange,functionimpl,functionproto,Implement,31.0,True,4293,4032,['CameraDataProcessCommon'],['CameraDataProcessCommon'],CameraDataProcessCommon,CameraDataProcessCommon
274,264,services/data_process/src/pipeline_node/multimedia_codec/decode_data_process.cpp,services/data_process/include/pipeline_node/multimedia_codec/decode_data_process.h,IsConvertible,IsConvertible,functionimpl,functionproto,Implement,31.0,True,4291,4030,['CameraDataProcessCommon'],['CameraDataProcessCommon'],CameraDataProcessCommon,CameraDataProcessCommon
274,264,services/data_process/src/pipeline_node/multimedia_codec/decode_data_process.cpp,services/data_process/include/pipeline_node/multimedia_codec/decode_data_process.h,InitCodecEvent,InitCodecEvent,functionimpl,functionproto,Implement,31.0,True,4287,4026,['CameraDataProcessCommon'],['CameraDataProcessCommon'],CameraDataProcessCommon,CameraDataProcessCommon
274,264,services/data_process/src/pipeline_node/multimedia_codec/decode_data_process.cpp,services/data_process/include/pipeline_node/multimedia_codec/decode_data_process.h,InitDecoder,InitDecoder,functionimpl,functionproto,Implement,31.0,True,4288,4027,['CameraDataProcessCommon'],['CameraDataProcessCommon'],CameraDataProcessCommon,CameraDataProcessCommon
274,264,services/data_process/src/pipeline_node/multimedia_codec/decode_data_process.cpp,services/data_process/include/pipeline_node/multimedia_codec/decode_data_process.h,InitDecoderMetadataFormat,InitDecoderMetadataFormat,functionimpl,functionproto,Implement,31.0,True,4289,4028,['CameraDataProcessCommon'],['CameraDataProcessCommon'],CameraDataProcessCommon,CameraDataProcessCommon
274,264,services/data_process/src/pipeline_node/multimedia_codec/decode_data_process.cpp,services/data_process/include/pipeline_node/multimedia_codec/decode_data_process.h,SetDecoderOutputSurface,SetDecoderOutputSurface,functionimpl,functionproto,Implement,31.0,True,4304,4043,['CameraDataProcessCommon'],['CameraDataProcessCommon'],CameraDataProcessCommon,CameraDataProcessCommon
274,264,services/data_process/src/pipeline_node/multimedia_codec/decode_data_process.cpp,services/data_process/include/pipeline_node/multimedia_codec/decode_data_process.h,ReleaseProcessNode,ReleaseProcessNode,functionimpl,functionproto,Implement,31.0,True,4302,4041,['CameraDataProcessCommon'],['CameraDataProcessCommon'],CameraDataProcessCommon,CameraDataProcessCommon
274,264,services/data_process/src/pipeline_node/multimedia_codec/decode_data_process.cpp,services/data_process/include/pipeline_node/multimedia_codec/decode_data_process.h,ProcessData,ProcessData,functionimpl,functionproto,Implement,31.0,True,4301,4040,['CameraDataProcessCommon'],['CameraDataProcessCommon'],CameraDataProcessCommon,CameraDataProcessCommon
274,264,services/data_process/src/pipeline_node/multimedia_codec/decode_data_process.cpp,services/data_process/include/pipeline_node/multimedia_codec/decode_data_process.h,FeedDecoderInputBuffer,FeedDecoderInputBuffer,functionimpl,functionproto,Implement,31.0,True,4281,4020,['CameraDataProcessCommon'],['CameraDataProcessCommon'],CameraDataProcessCommon,CameraDataProcessCommon
274,264,services/data_process/src/pipeline_node/multimedia_codec/decode_data_process.cpp,services/data_process/include/pipeline_node/multimedia_codec/decode_data_process.h,GetDecoderTimeStamp,GetDecoderTimeStamp,functionimpl,functionproto,Implement,31.0,True,4284,4023,['CameraDataProcessCommon'],['CameraDataProcessCommon'],CameraDataProcessCommon,CameraDataProcessCommon
274,264,services/data_process/src/pipeline_node/multimedia_codec/decode_data_process.cpp,services/data_process/include/pipeline_node/multimedia_codec/decode_data_process.h,GetDecoderOutputBuffer,GetDecoderOutputBuffer,functionimpl,functionproto,Implement,31.0,True,4283,4022,['CameraDataProcessCommon'],['CameraDataProcessCommon'],CameraDataProcessCommon,CameraDataProcessCommon
274,264,services/data_process/src/pipeline_node/multimedia_codec/decode_data_process.cpp,services/data_process/include/pipeline_node/multimedia_codec/decode_data_process.h,CopyDecodedImage,CopyDecodedImage,functionimpl,functionproto,Implement,31.0,True,4278,4017,['CameraDataProcessCommon'],['CameraDataProcessCommon'],CameraDataProcessCommon,CameraDataProcessCommon
274,264,services/data_process/src/pipeline_node/multimedia_codec/decode_data_process.cpp,services/data_process/include/pipeline_node/multimedia_codec/decode_data_process.h,CopyYUVPlaneByRow,CopyYUVPlaneByRow,functionimpl,functionproto,Implement,31.0,True,4279,4018,['CameraDataProcessCommon'],['CameraDataProcessCommon'],CameraDataProcessCommon,CameraDataProcessCommon
274,264,services/data_process/src/pipeline_node/multimedia_codec/decode_data_process.cpp,services/data_process/include/pipeline_node/multimedia_codec/decode_data_process.h,CheckCopyImageInfo,CheckCopyImageInfo,functionimpl,functionproto,Implement,31.0,True,4277,4016,['CameraDataProcessCommon'],['CameraDataProcessCommon'],CameraDataProcessCommon,CameraDataProcessCommon
274,264,services/data_process/src/pipeline_node/multimedia_codec/decode_data_process.cpp,services/data_process/include/pipeline_node/multimedia_codec/decode_data_process.h,IsCorrectImageUnitInfo,IsCorrectImageUnitInfo,functionimpl,functionproto,Implement,31.0,True,4292,4031,['CameraDataProcessCommon'],['CameraDataProcessCommon'],CameraDataProcessCommon,CameraDataProcessCommon
274,264,services/data_process/src/pipeline_node/multimedia_codec/decode_data_process.cpp,services/data_process/include/pipeline_node/multimedia_codec/decode_data_process.h,PostOutputDataBuffers,PostOutputDataBuffers,functionimpl,functionproto,Implement,31.0,True,4300,4039,['CameraDataProcessCommon'],['CameraDataProcessCommon'],CameraDataProcessCommon,CameraDataProcessCommon
274,264,services/data_process/src/pipeline_node/multimedia_codec/decode_data_process.cpp,services/data_process/include/pipeline_node/multimedia_codec/decode_data_process.h,DecodeDone,DecodeDone,functionimpl,functionproto,Implement,31.0,True,4280,4019,['CameraDataProcessCommon'],['CameraDataProcessCommon'],CameraDataProcessCommon,CameraDataProcessCommon
274,264,services/data_process/src/pipeline_node/multimedia_codec/decode_data_process.cpp,services/data_process/include/pipeline_node/multimedia_codec/decode_data_process.h,OnEvent,OnEvent,functionimpl,functionproto,Implement,31.0,True,4296,4035,['CameraDataProcessCommon'],['CameraDataProcessCommon'],CameraDataProcessCommon,CameraDataProcessCommon
274,264,services/data_process/src/pipeline_node/multimedia_codec/decode_data_process.cpp,services/data_process/include/pipeline_node/multimedia_codec/decode_data_process.h,OnError,OnError,functionimpl,functionproto,Implement,31.0,True,4295,4034,['CameraDataProcessCommon'],['CameraDataProcessCommon'],CameraDataProcessCommon,CameraDataProcessCommon
274,264,services/data_process/src/pipeline_node/multimedia_codec/decode_data_process.cpp,services/data_process/include/pipeline_node/multimedia_codec/decode_data_process.h,OnInputBufferAvailable,OnInputBufferAvailable,functionimpl,functionproto,Implement,31.0,True,4297,4036,['CameraDataProcessCommon'],['CameraDataProcessCommon'],CameraDataProcessCommon,CameraDataProcessCommon
274,264,services/data_process/src/pipeline_node/multimedia_codec/decode_data_process.cpp,services/data_process/include/pipeline_node/multimedia_codec/decode_data_process.h,OnOutputFormatChanged,OnOutputFormatChanged,functionimpl,functionproto,Implement,31.0,True,4299,4038,['CameraDataProcessCommon'],['CameraDataProcessCommon'],CameraDataProcessCommon,CameraDataProcessCommon
274,264,services/data_process/src/pipeline_node/multimedia_codec/decode_data_process.cpp,services/data_process/include/pipeline_node/multimedia_codec/decode_data_process.h,OnOutputBufferAvailable,OnOutputBufferAvailable,functionimpl,functionproto,Implement,31.0,True,4298,4037,['CameraDataProcessCommon'],['CameraDataProcessCommon'],CameraDataProcessCommon,CameraDataProcessCommon
274,264,services/data_process/src/pipeline_node/multimedia_codec/decode_data_process.cpp,services/data_process/include/pipeline_node/multimedia_codec/decode_data_process.h,GetSourceConfig,GetSourceConfig,functionimpl,functionproto,Implement,31.0,True,4285,4024,['CameraDataProcessCommon'],['CameraDataProcessCommon'],CameraDataProcessCommon,CameraDataProcessCommon
274,264,services/data_process/src/pipeline_node/multimedia_codec/decode_data_process.cpp,services/data_process/include/pipeline_node/multimedia_codec/decode_data_process.h,GetTargetConfig,GetTargetConfig,functionimpl,functionproto,Implement,31.0,True,4286,4025,['CameraDataProcessCommon'],['CameraDataProcessCommon'],CameraDataProcessCommon,CameraDataProcessCommon
274,264,services/data_process/src/pipeline_node/multimedia_codec/decode_data_process.cpp,services/data_process/include/pipeline_node/multimedia_codec/decode_data_process.h,OnBufferAvailable,OnBufferAvailable,functionimpl,functionproto,Implement,31.0,True,4294,4033,['CameraDataProcessCommon'],['CameraDataProcessCommon'],CameraDataProcessCommon,CameraDataProcessCommon
274,264,services/data_process/src/pipeline_node/multimedia_codec/decode_data_process.cpp,services/data_process/include/pipeline_node/multimedia_codec/decode_data_process.h,SetSurface,SetSurface,functionimpl,functionproto,Implement,31.0,True,4305,4044,['CameraDataProcessCommon'],['CameraDataProcessCommon'],CameraDataProcessCommon,CameraDataProcessCommon
274,264,services/data_process/src/pipeline_node/multimedia_codec/decode_data_process.cpp,services/data_process/include/pipeline_node/multimedia_codec/decode_data_process.h,SetDecodeVideoNode,SetDecodeVideoNode,functionimpl,functionproto,Implement,31.0,True,4303,4042,['CameraDataProcessCommon'],['CameraDataProcessCommon'],CameraDataProcessCommon,CameraDataProcessCommon
274,264,services/data_process/src/pipeline_node/multimedia_codec/decode_data_process.cpp,services/data_process/include/pipeline_node/multimedia_codec/decode_data_process.h,~DecodeSurfaceListener,~DecodeSurfaceListener,functionimpl,functionproto,Implement,31.0,True,4307,4046,['CameraDataProcessCommon'],['CameraDataProcessCommon'],CameraDataProcessCommon,CameraDataProcessCommon
136,75,services/cameraservice/cameraoperator/client/src/listener/dcamera_video_surface_listener_common.cpp,common/include/constants/distributed_camera_errno.h,,,file,file,Import,1.0,False,,,['utils'],['utils'],utils,utils
136,76,services/cameraservice/cameraoperator/client/src/listener/dcamera_video_surface_listener_common.cpp,common/include/utils/data_buffer.h,,,file,file,Import,1.0,False,,,['utils'],['utils'],utils,utils
136,76,services/cameraservice/cameraoperator/client/src/listener/dcamera_video_surface_listener_common.cpp,common/include/utils/data_buffer.h,OnBufferAvailable,DataBuffer,functionimpl,type,Use,2.0,True,2102,1470,['utils'],['utils'],utils,utils
274,268,services/data_process/src/pipeline_node/multimedia_codec/decode_data_process.cpp,services/data_process/include/utils/image_common_type.h,IsInDecoderRange,GetWidth,functionimpl,functionproto,Call,8.0,True,4293,4109,['CameraDataProcessCommon'],['CameraDataProcessCommon'],CameraDataProcessCommon,CameraDataProcessCommon
274,268,services/data_process/src/pipeline_node/multimedia_codec/decode_data_process.cpp,services/data_process/include/utils/image_common_type.h,IsInDecoderRange,GetHeight,functionimpl,functionproto,Call,8.0,True,4293,4106,['CameraDataProcessCommon'],['CameraDataProcessCommon'],CameraDataProcessCommon,CameraDataProcessCommon
274,268,services/data_process/src/pipeline_node/multimedia_codec/decode_data_process.cpp,services/data_process/include/utils/image_common_type.h,IsInDecoderRange,GetFrameRate,functionimpl,functionproto,Call,8.0,True,4293,4105,['CameraDataProcessCommon'],['CameraDataProcessCommon'],CameraDataProcessCommon,CameraDataProcessCommon
274,268,services/data_process/src/pipeline_node/multimedia_codec/decode_data_process.cpp,services/data_process/include/utils/image_common_type.h,IsConvertible,GetVideoCodecType,functionimpl,functionproto,Call,8.0,True,4291,4107,['CameraDataProcessCommon'],['CameraDataProcessCommon'],CameraDataProcessCommon,CameraDataProcessCommon
274,268,services/data_process/src/pipeline_node/multimedia_codec/decode_data_process.cpp,services/data_process/include/utils/image_common_type.h,GetSourceConfig,VideoConfigParams,functionimpl,type,Return,2.0,True,4285,4117,['CameraDataProcessCommon'],['CameraDataProcessCommon'],CameraDataProcessCommon,CameraDataProcessCommon
274,268,services/data_process/src/pipeline_node/multimedia_codec/decode_data_process.cpp,services/data_process/include/utils/image_common_type.h,GetTargetConfig,VideoConfigParams,functionimpl,type,Return,2.0,True,4286,4117,['CameraDataProcessCommon'],['CameraDataProcessCommon'],CameraDataProcessCommon,CameraDataProcessCommon
274,268,services/data_process/src/pipeline_node/multimedia_codec/decode_data_process.cpp,services/data_process/include/utils/image_common_type.h,IsConvertible,NO_CODEC,functionimpl,var,Use,58.0,True,4291,4121,['CameraDataProcessCommon'],['CameraDataProcessCommon'],CameraDataProcessCommon,CameraDataProcessCommon
274,268,services/data_process/src/pipeline_node/multimedia_codec/decode_data_process.cpp,services/data_process/include/utils/image_common_type.h,InitDecoderMetadataFormat,CODEC_H264,functionimpl,var,Use,58.0,True,4289,4119,['CameraDataProcessCommon'],['CameraDataProcessCommon'],CameraDataProcessCommon,CameraDataProcessCommon
274,268,services/data_process/src/pipeline_node/multimedia_codec/decode_data_process.cpp,services/data_process/include/utils/image_common_type.h,InitDecoderMetadataFormat,CODEC_H265,functionimpl,var,Use,58.0,True,4289,4120,['CameraDataProcessCommon'],['CameraDataProcessCommon'],CameraDataProcessCommon,CameraDataProcessCommon
274,268,services/data_process/src/pipeline_node/multimedia_codec/decode_data_process.cpp,services/data_process/include/utils/image_common_type.h,CopyYUVPlaneByRow,ImageUnitInfo,functionimpl,type,Use,58.0,True,4279,4114,['CameraDataProcessCommon'],['CameraDataProcessCommon'],CameraDataProcessCommon,CameraDataProcessCommon
274,268,services/data_process/src/pipeline_node/multimedia_codec/decode_data_process.cpp,services/data_process/include/utils/image_common_type.h,CheckCopyImageInfo,ImageUnitInfo,functionimpl,type,Use,58.0,True,4277,4114,['CameraDataProcessCommon'],['CameraDataProcessCommon'],CameraDataProcessCommon,CameraDataProcessCommon
274,268,services/data_process/src/pipeline_node/multimedia_codec/decode_data_process.cpp,services/data_process/include/utils/image_common_type.h,IsCorrectImageUnitInfo,ImageUnitInfo,functionimpl,type,Use,58.0,True,4292,4114,['CameraDataProcessCommon'],['CameraDataProcessCommon'],CameraDataProcessCommon,CameraDataProcessCommon
274,268,services/data_process/src/pipeline_node/multimedia_codec/decode_data_process.cpp,services/data_process/include/utils/image_common_type.h,PostOutputDataBuffers,VideoCodecType,functionimpl,type,Use,58.0,True,4300,4116,['CameraDataProcessCommon'],['CameraDataProcessCommon'],CameraDataProcessCommon,CameraDataProcessCommon
274,268,services/data_process/src/pipeline_node/multimedia_codec/decode_data_process.cpp,services/data_process/include/utils/image_common_type.h,PostOutputDataBuffers,NO_CODEC,functionimpl,var,Use,58.0,True,4300,4121,['CameraDataProcessCommon'],['CameraDataProcessCommon'],CameraDataProcessCommon,CameraDataProcessCommon
274,268,services/data_process/src/pipeline_node/multimedia_codec/decode_data_process.cpp,services/data_process/include/utils/image_common_type.h,OnEvent,NO_CODEC,functionimpl,var,Use,58.0,True,4296,4121,['CameraDataProcessCommon'],['CameraDataProcessCommon'],CameraDataProcessCommon,CameraDataProcessCommon
274,268,services/data_process/src/pipeline_node/multimedia_codec/decode_data_process.cpp,services/data_process/include/utils/image_common_type.h,OnEvent,NV12,functionimpl,var,Use,58.0,True,4296,4122,['CameraDataProcessCommon'],['CameraDataProcessCommon'],CameraDataProcessCommon,CameraDataProcessCommon
274,268,services/data_process/src/pipeline_node/multimedia_codec/decode_data_process.cpp,services/data_process/include/utils/image_common_type.h,IsInDecoderRange,VideoConfigParams,functionimpl,type,Parameter,8.0,True,4293,4117,['CameraDataProcessCommon'],['CameraDataProcessCommon'],CameraDataProcessCommon,CameraDataProcessCommon
274,268,services/data_process/src/pipeline_node/multimedia_codec/decode_data_process.cpp,services/data_process/include/utils/image_common_type.h,IsConvertible,VideoConfigParams,functionimpl,type,Parameter,8.0,True,4291,4117,['CameraDataProcessCommon'],['CameraDataProcessCommon'],CameraDataProcessCommon,CameraDataProcessCommon
274,268,services/data_process/src/pipeline_node/multimedia_codec/decode_data_process.cpp,services/data_process/include/utils/image_common_type.h,CopyYUVPlaneByRow,ImageUnitInfo,functionimpl,type,Parameter,8.0,True,4279,4114,['CameraDataProcessCommon'],['CameraDataProcessCommon'],CameraDataProcessCommon,CameraDataProcessCommon
274,268,services/data_process/src/pipeline_node/multimedia_codec/decode_data_process.cpp,services/data_process/include/utils/image_common_type.h,CheckCopyImageInfo,ImageUnitInfo,functionimpl,type,Parameter,8.0,True,4277,4114,['CameraDataProcessCommon'],['CameraDataProcessCommon'],CameraDataProcessCommon,CameraDataProcessCommon
274,268,services/data_process/src/pipeline_node/multimedia_codec/decode_data_process.cpp,services/data_process/include/utils/image_common_type.h,IsCorrectImageUnitInfo,ImageUnitInfo,functionimpl,type,Parameter,8.0,True,4292,4114,['CameraDataProcessCommon'],['CameraDataProcessCommon'],CameraDataProcessCommon,CameraDataProcessCommon
274,268,services/data_process/src/pipeline_node/multimedia_codec/decode_data_process.cpp,services/data_process/include/utils/image_common_type.h,CopyDecodedImage,ImageUnitInfo,functionimpl,type,Contain,3.0,True,4278,4114,['CameraDataProcessCommon'],['CameraDataProcessCommon'],CameraDataProcessCommon,CameraDataProcessCommon
274,268,services/data_process/src/pipeline_node/multimedia_codec/decode_data_process.cpp,services/data_process/include/utils/image_common_type.h,OnEvent,VideoConfigParams,functionimpl,type,Contain,3.0,True,4296,4117,['CameraDataProcessCommon'],['CameraDataProcessCommon'],CameraDataProcessCommon,CameraDataProcessCommon
161,250,services/cameraservice/sinkservice/include/distributedcameramgr/listener/dcamera_sink_output_channel_listener.h,services/channel/include/icamera_channel_listener.h,,,file,file,Import,1.0,False,,,['DistributedCameraSinkMgr'],['ChannelCommon'],DistributedCameraSinkMgr,ChannelCommon
161,250,services/cameraservice/sinkservice/include/distributedcameramgr/listener/dcamera_sink_output_channel_listener.h,services/channel/include/icamera_channel_listener.h,DCameraSinkOutputChannelListener,ICameraChannelListener,type,type,Extend,1.0,True,2399,3738,['DistributedCameraSinkMgr'],['ChannelCommon'],DistributedCameraSinkMgr,ChannelCommon
271,268,services/data_process/src/pipeline/dcamera_pipeline_source.cpp,services/data_process/include/utils/image_common_type.h,IsInRange,GetFrameRate,functionimpl,functionproto,Call,5.0,True,4161,4105,['CameraDataPostProcess'],['CameraDataProcessCommon'],CameraDataPostProcess,CameraDataProcessCommon
271,268,services/data_process/src/pipeline/dcamera_pipeline_source.cpp,services/data_process/include/utils/image_common_type.h,IsInRange,GetWidth,functionimpl,functionproto,Call,5.0,True,4161,4109,['CameraDataPostProcess'],['CameraDataProcessCommon'],CameraDataPostProcess,CameraDataProcessCommon
271,268,services/data_process/src/pipeline/dcamera_pipeline_source.cpp,services/data_process/include/utils/image_common_type.h,IsInRange,GetHeight,functionimpl,functionproto,Call,5.0,True,4161,4106,['CameraDataPostProcess'],['CameraDataProcessCommon'],CameraDataPostProcess,CameraDataProcessCommon
271,268,services/data_process/src/pipeline/dcamera_pipeline_source.cpp,services/data_process/include/utils/image_common_type.h,CreateDataProcessPipeline,VIDEO,functionimpl,var,Use,7.0,True,4157,4125,['CameraDataPostProcess'],['CameraDataProcessCommon'],CameraDataPostProcess,CameraDataProcessCommon
271,268,services/data_process/src/pipeline/dcamera_pipeline_source.cpp,services/data_process/include/utils/image_common_type.h,CreateDataProcessPipeline,PipelineType,functionimpl,type,Use,7.0,True,4157,4115,['CameraDataPostProcess'],['CameraDataProcessCommon'],CameraDataPostProcess,CameraDataProcessCommon
271,268,services/data_process/src/pipeline/dcamera_pipeline_source.cpp,services/data_process/include/utils/image_common_type.h,InitDCameraPipNodes,PHOTO_JPEG,functionimpl,var,Use,7.0,True,4160,4124,['CameraDataPostProcess'],['CameraDataProcessCommon'],CameraDataPostProcess,CameraDataProcessCommon
271,268,services/data_process/src/pipeline/dcamera_pipeline_source.cpp,services/data_process/include/utils/image_common_type.h,InitDCameraPipNodes,VideoConfigParams,functionimpl,type,Use,7.0,True,4160,4117,['CameraDataPostProcess'],['CameraDataProcessCommon'],CameraDataPostProcess,CameraDataProcessCommon
271,268,services/data_process/src/pipeline/dcamera_pipeline_source.cpp,services/data_process/include/utils/image_common_type.h,ProcessData,PHOTO_JPEG,functionimpl,var,Use,7.0,True,4165,4124,['CameraDataPostProcess'],['CameraDataProcessCommon'],CameraDataPostProcess,CameraDataProcessCommon
271,268,services/data_process/src/pipeline/dcamera_pipeline_source.cpp,services/data_process/include/utils/image_common_type.h,DestroyDataProcessPipeline,PipelineType,functionimpl,type,Use,7.0,True,4158,4115,['CameraDataPostProcess'],['CameraDataProcessCommon'],CameraDataPostProcess,CameraDataProcessCommon
271,268,services/data_process/src/pipeline/dcamera_pipeline_source.cpp,services/data_process/include/utils/image_common_type.h,DestroyDataProcessPipeline,VIDEO,functionimpl,var,Use,7.0,True,4158,4125,['CameraDataPostProcess'],['CameraDataProcessCommon'],CameraDataPostProcess,CameraDataProcessCommon
271,268,services/data_process/src/pipeline/dcamera_pipeline_source.cpp,services/data_process/include/utils/image_common_type.h,CreateDataProcessPipeline,PipelineType,functionimpl,type,Parameter,6.0,True,4157,4115,['CameraDataPostProcess'],['CameraDataProcessCommon'],CameraDataPostProcess,CameraDataProcessCommon
271,268,services/data_process/src/pipeline/dcamera_pipeline_source.cpp,services/data_process/include/utils/image_common_type.h,CreateDataProcessPipeline,VideoConfigParams,functionimpl,type,Parameter,6.0,True,4157,4117,['CameraDataPostProcess'],['CameraDataProcessCommon'],CameraDataPostProcess,CameraDataProcessCommon
271,268,services/data_process/src/pipeline/dcamera_pipeline_source.cpp,services/data_process/include/utils/image_common_type.h,IsInRange,VideoConfigParams,functionimpl,type,Parameter,6.0,True,4161,4117,['CameraDataPostProcess'],['CameraDataProcessCommon'],CameraDataPostProcess,CameraDataProcessCommon
271,268,services/data_process/src/pipeline/dcamera_pipeline_source.cpp,services/data_process/include/utils/image_common_type.h,InitDCameraPipNodes,VideoConfigParams,functionimpl,type,Parameter,6.0,True,4160,4117,['CameraDataPostProcess'],['CameraDataProcessCommon'],CameraDataPostProcess,CameraDataProcessCommon
34,35,camera_hdf/interfaces/hdi_ipc/client/host/dcamera_host_proxy.cpp,camera_hdf/interfaces/hdi_ipc/client/host/dcamera_host_proxy.h,,,file,file,Import,1.0,False,,,['VirtualCameraHdf'],['VirtualCameraHdf'],VirtualCameraHdf,VirtualCameraHdf
34,35,camera_hdf/interfaces/hdi_ipc/client/host/dcamera_host_proxy.cpp,camera_hdf/interfaces/hdi_ipc/client/host/dcamera_host_proxy.h,SetCallback,SetCallback,functionimpl,functionproto,Implement,5.0,True,835,856,['VirtualCameraHdf'],['VirtualCameraHdf'],VirtualCameraHdf,VirtualCameraHdf
34,35,camera_hdf/interfaces/hdi_ipc/client/host/dcamera_host_proxy.cpp,camera_hdf/interfaces/hdi_ipc/client/host/dcamera_host_proxy.h,GetCameraIds,GetCameraIds,functionimpl,functionproto,Implement,5.0,True,833,854,['VirtualCameraHdf'],['VirtualCameraHdf'],VirtualCameraHdf,VirtualCameraHdf
34,35,camera_hdf/interfaces/hdi_ipc/client/host/dcamera_host_proxy.cpp,camera_hdf/interfaces/hdi_ipc/client/host/dcamera_host_proxy.h,GetCameraAbility,GetCameraAbility,functionimpl,functionproto,Implement,5.0,True,832,853,['VirtualCameraHdf'],['VirtualCameraHdf'],VirtualCameraHdf,VirtualCameraHdf
34,35,camera_hdf/interfaces/hdi_ipc/client/host/dcamera_host_proxy.cpp,camera_hdf/interfaces/hdi_ipc/client/host/dcamera_host_proxy.h,OpenCamera,OpenCamera,functionimpl,functionproto,Implement,5.0,True,834,855,['VirtualCameraHdf'],['VirtualCameraHdf'],VirtualCameraHdf,VirtualCameraHdf
34,35,camera_hdf/interfaces/hdi_ipc/client/host/dcamera_host_proxy.cpp,camera_hdf/interfaces/hdi_ipc/client/host/dcamera_host_proxy.h,SetFlashlight,SetFlashlight,functionimpl,functionproto,Implement,5.0,True,836,857,['VirtualCameraHdf'],['VirtualCameraHdf'],VirtualCameraHdf,VirtualCameraHdf
274,255,services/data_process/src/pipeline_node/multimedia_codec/decode_data_process.cpp,services/data_process/include/eventbus/dcamera_codec_event.h,OnEvent,GetCodecPacket,functionimpl,functionimpl,Call,2.0,True,4296,3894,['CameraDataProcessCommon'],['CameraDataProcessCommon'],CameraDataProcessCommon,CameraDataProcessCommon
274,255,services/data_process/src/pipeline_node/multimedia_codec/decode_data_process.cpp,services/data_process/include/eventbus/dcamera_codec_event.h,OnEvent,GetAction,functionimpl,functionimpl,Call,2.0,True,4296,3893,['CameraDataProcessCommon'],['CameraDataProcessCommon'],CameraDataProcessCommon,CameraDataProcessCommon
274,255,services/data_process/src/pipeline_node/multimedia_codec/decode_data_process.cpp,services/data_process/include/eventbus/dcamera_codec_event.h,InitCodecEvent,DCameraCodecEvent,functionimpl,type,Use,16.0,True,4287,3900,['CameraDataProcessCommon'],['CameraDataProcessCommon'],CameraDataProcessCommon,CameraDataProcessCommon
274,255,services/data_process/src/pipeline_node/multimedia_codec/decode_data_process.cpp,services/data_process/include/eventbus/dcamera_codec_event.h,ReleaseProcessNode,DCameraCodecEvent,functionimpl,type,Use,16.0,True,4302,3900,['CameraDataProcessCommon'],['CameraDataProcessCommon'],CameraDataProcessCommon,CameraDataProcessCommon
274,255,services/data_process/src/pipeline_node/multimedia_codec/decode_data_process.cpp,services/data_process/include/eventbus/dcamera_codec_event.h,ProcessData,CodecPacket,functionimpl,type,Use,16.0,True,4301,3899,['CameraDataProcessCommon'],['CameraDataProcessCommon'],CameraDataProcessCommon,CameraDataProcessCommon
274,255,services/data_process/src/pipeline_node/multimedia_codec/decode_data_process.cpp,services/data_process/include/eventbus/dcamera_codec_event.h,ProcessData,ACTION_ONCE_AGAIN,functionimpl,var,Use,16.0,True,4301,3902,['CameraDataProcessCommon'],['CameraDataProcessCommon'],CameraDataProcessCommon,CameraDataProcessCommon
274,255,services/data_process/src/pipeline_node/multimedia_codec/decode_data_process.cpp,services/data_process/include/eventbus/dcamera_codec_event.h,ProcessData,DCameraCodecEvent,functionimpl,type,Use,16.0,True,4301,3900,['CameraDataProcessCommon'],['CameraDataProcessCommon'],CameraDataProcessCommon,CameraDataProcessCommon
274,255,services/data_process/src/pipeline_node/multimedia_codec/decode_data_process.cpp,services/data_process/include/eventbus/dcamera_codec_event.h,PostOutputDataBuffers,CodecPacket,functionimpl,type,Use,16.0,True,4300,3899,['CameraDataProcessCommon'],['CameraDataProcessCommon'],CameraDataProcessCommon,CameraDataProcessCommon
274,255,services/data_process/src/pipeline_node/multimedia_codec/decode_data_process.cpp,services/data_process/include/eventbus/dcamera_codec_event.h,PostOutputDataBuffers,NO_ACTION,functionimpl,var,Use,16.0,True,4300,3903,['CameraDataProcessCommon'],['CameraDataProcessCommon'],CameraDataProcessCommon,CameraDataProcessCommon
274,255,services/data_process/src/pipeline_node/multimedia_codec/decode_data_process.cpp,services/data_process/include/eventbus/dcamera_codec_event.h,PostOutputDataBuffers,DCameraCodecEvent,functionimpl,type,Use,16.0,True,4300,3900,['CameraDataProcessCommon'],['CameraDataProcessCommon'],CameraDataProcessCommon,CameraDataProcessCommon
274,255,services/data_process/src/pipeline_node/multimedia_codec/decode_data_process.cpp,services/data_process/include/eventbus/dcamera_codec_event.h,OnEvent,CodecPacket,functionimpl,type,Use,16.0,True,4296,3899,['CameraDataProcessCommon'],['CameraDataProcessCommon'],CameraDataProcessCommon,CameraDataProcessCommon
274,255,services/data_process/src/pipeline_node/multimedia_codec/decode_data_process.cpp,services/data_process/include/eventbus/dcamera_codec_event.h,OnEvent,NO_ACTION,functionimpl,var,Use,16.0,True,4296,3903,['CameraDataProcessCommon'],['CameraDataProcessCommon'],CameraDataProcessCommon,CameraDataProcessCommon
274,255,services/data_process/src/pipeline_node/multimedia_codec/decode_data_process.cpp,services/data_process/include/eventbus/dcamera_codec_event.h,OnEvent,ACTION_ONCE_AGAIN,functionimpl,var,Use,16.0,True,4296,3902,['CameraDataProcessCommon'],['CameraDataProcessCommon'],CameraDataProcessCommon,CameraDataProcessCommon
274,255,services/data_process/src/pipeline_node/multimedia_codec/decode_data_process.cpp,services/data_process/include/eventbus/dcamera_codec_event.h,OnEvent,DCameraCodecEvent,functionimpl,type,Parameter,1.0,True,4296,3900,['CameraDataProcessCommon'],['CameraDataProcessCommon'],CameraDataProcessCommon,CameraDataProcessCommon
274,255,services/data_process/src/pipeline_node/multimedia_codec/decode_data_process.cpp,services/data_process/include/eventbus/dcamera_codec_event.h,InitCodecEvent,DCameraCodecEvent,functionimpl,type,Contain,5.0,True,4287,3900,['CameraDataProcessCommon'],['CameraDataProcessCommon'],CameraDataProcessCommon,CameraDataProcessCommon
274,255,services/data_process/src/pipeline_node/multimedia_codec/decode_data_process.cpp,services/data_process/include/eventbus/dcamera_codec_event.h,ReleaseProcessNode,DCameraCodecEvent,functionimpl,type,Contain,5.0,True,4302,3900,['CameraDataProcessCommon'],['CameraDataProcessCommon'],CameraDataProcessCommon,CameraDataProcessCommon
274,255,services/data_process/src/pipeline_node/multimedia_codec/decode_data_process.cpp,services/data_process/include/eventbus/dcamera_codec_event.h,ProcessData,DCameraCodecEvent,functionimpl,type,Contain,5.0,True,4301,3900,['CameraDataProcessCommon'],['CameraDataProcessCommon'],CameraDataProcessCommon,CameraDataProcessCommon
274,255,services/data_process/src/pipeline_node/multimedia_codec/decode_data_process.cpp,services/data_process/include/eventbus/dcamera_codec_event.h,PostOutputDataBuffers,DCameraCodecEvent,functionimpl,type,Contain,5.0,True,4300,3900,['CameraDataProcessCommon'],['CameraDataProcessCommon'],CameraDataProcessCommon,CameraDataProcessCommon
274,255,services/data_process/src/pipeline_node/multimedia_codec/decode_data_process.cpp,services/data_process/include/eventbus/dcamera_codec_event.h,OnEvent,VideoCodecAction,functionimpl,type,Contain,5.0,True,4296,3901,['CameraDataProcessCommon'],['CameraDataProcessCommon'],CameraDataProcessCommon,CameraDataProcessCommon
107,100,services/cameraservice/base/include/icamera_controller.h,services/cameraservice/base/include/dcamera_capture_info_cmd.h,,,file,file,Import,1.0,False,,,['CameraServiceCommon'],['CameraServiceCommon'],CameraServiceCommon,CameraServiceCommon
107,102,services/cameraservice/base/include/icamera_controller.h,services/cameraservice/base/include/dcamera_event_cmd.h,,,file,file,Import,1.0,False,,,['CameraServiceCommon'],['CameraServiceCommon'],CameraServiceCommon,CameraServiceCommon
107,101,services/cameraservice/base/include/icamera_controller.h,services/cameraservice/base/include/dcamera_channel_info_cmd.h,,,file,file,Import,1.0,False,,,['CameraServiceCommon'],['CameraServiceCommon'],CameraServiceCommon,CameraServiceCommon
274,257,services/data_process/src/pipeline_node/multimedia_codec/decode_data_process.cpp,services/data_process/include/interfaces/data_process_listener.h,OnError,ERROR_PIPELINE_DECODER,functionimpl,var,Use,1.0,True,4295,3943,['CameraDataProcessCommon'],['CameraDataProcessCommon'],CameraDataProcessCommon,CameraDataProcessCommon
107,103,services/cameraservice/base/include/icamera_controller.h,services/cameraservice/base/include/dcamera_info_cmd.h,,,file,file,Import,1.0,False,,,['CameraServiceCommon'],['CameraServiceCommon'],CameraServiceCommon,CameraServiceCommon
107,77,services/cameraservice/base/include/icamera_controller.h,common/include/utils/dcamera_index.h,,,file,file,Import,1.0,False,,,['CameraServiceCommon'],['utils'],CameraServiceCommon,utils
271,261,services/data_process/src/pipeline/dcamera_pipeline_source.cpp,services/data_process/include/pipeline/dcamera_pipeline_source.h,,,file,file,Import,1.0,False,,,['CameraDataPostProcess'],['CameraDataPostProcess'],CameraDataPostProcess,CameraDataPostProcess
271,261,services/data_process/src/pipeline/dcamera_pipeline_source.cpp,services/data_process/include/pipeline/dcamera_pipeline_source.h,~DCameraPipelineSource,~DCameraPipelineSource,functionimpl,functionproto,Implement,10.0,True,4166,3976,['CameraDataPostProcess'],['CameraDataPostProcess'],CameraDataPostProcess,CameraDataPostProcess
271,261,services/data_process/src/pipeline/dcamera_pipeline_source.cpp,services/data_process/include/pipeline/dcamera_pipeline_source.h,CreateDataProcessPipeline,CreateDataProcessPipeline,functionimpl,functionproto,Implement,10.0,True,4157,3967,['CameraDataPostProcess'],['CameraDataPostProcess'],CameraDataPostProcess,CameraDataPostProcess
271,261,services/data_process/src/pipeline/dcamera_pipeline_source.cpp,services/data_process/include/pipeline/dcamera_pipeline_source.h,IsInRange,IsInRange,functionimpl,functionproto,Implement,10.0,True,4161,3971,['CameraDataPostProcess'],['CameraDataPostProcess'],CameraDataPostProcess,CameraDataPostProcess
271,261,services/data_process/src/pipeline/dcamera_pipeline_source.cpp,services/data_process/include/pipeline/dcamera_pipeline_source.h,InitDCameraPipEvent,InitDCameraPipEvent,functionimpl,functionproto,Implement,10.0,True,4159,3969,['CameraDataPostProcess'],['CameraDataPostProcess'],CameraDataPostProcess,CameraDataPostProcess
271,261,services/data_process/src/pipeline/dcamera_pipeline_source.cpp,services/data_process/include/pipeline/dcamera_pipeline_source.h,InitDCameraPipNodes,InitDCameraPipNodes,functionimpl,functionproto,Implement,10.0,True,4160,3970,['CameraDataPostProcess'],['CameraDataPostProcess'],CameraDataPostProcess,CameraDataPostProcess
271,261,services/data_process/src/pipeline/dcamera_pipeline_source.cpp,services/data_process/include/pipeline/dcamera_pipeline_source.h,ProcessData,ProcessData,functionimpl,functionproto,Implement,10.0,True,4165,3975,['CameraDataPostProcess'],['CameraDataPostProcess'],CameraDataPostProcess,CameraDataPostProcess
271,261,services/data_process/src/pipeline/dcamera_pipeline_source.cpp,services/data_process/include/pipeline/dcamera_pipeline_source.h,DestroyDataProcessPipeline,DestroyDataProcessPipeline,functionimpl,functionproto,Implement,10.0,True,4158,3968,['CameraDataPostProcess'],['CameraDataPostProcess'],CameraDataPostProcess,CameraDataPostProcess
271,261,services/data_process/src/pipeline/dcamera_pipeline_source.cpp,services/data_process/include/pipeline/dcamera_pipeline_source.h,OnEvent,OnEvent,functionimpl,functionproto,Implement,10.0,True,4163,3973,['CameraDataPostProcess'],['CameraDataPostProcess'],CameraDataPostProcess,CameraDataPostProcess
271,261,services/data_process/src/pipeline/dcamera_pipeline_source.cpp,services/data_process/include/pipeline/dcamera_pipeline_source.h,OnError,OnError,functionimpl,functionproto,Implement,10.0,True,4162,3972,['CameraDataPostProcess'],['CameraDataPostProcess'],CameraDataPostProcess,CameraDataPostProcess
271,261,services/data_process/src/pipeline/dcamera_pipeline_source.cpp,services/data_process/include/pipeline/dcamera_pipeline_source.h,OnProcessedVideoBuffer,OnProcessedVideoBuffer,functionimpl,functionproto,Implement,10.0,True,4164,3974,['CameraDataPostProcess'],['CameraDataPostProcess'],CameraDataPostProcess,CameraDataPostProcess
271,263,services/data_process/src/pipeline/dcamera_pipeline_source.cpp,services/data_process/include/pipeline_node/fpscontroller/fps_controller_process.h,,,file,file,Import,1.0,False,,,['CameraDataPostProcess'],['CameraDataProcessCommon'],CameraDataPostProcess,CameraDataProcessCommon
271,264,services/data_process/src/pipeline/dcamera_pipeline_source.cpp,services/data_process/include/pipeline_node/multimedia_codec/decode_data_process.h,,,file,file,Import,1.0,False,,,['CameraDataPostProcess'],['CameraDataProcessCommon'],CameraDataPostProcess,CameraDataProcessCommon
271,264,services/data_process/src/pipeline/dcamera_pipeline_source.cpp,services/data_process/include/pipeline_node/multimedia_codec/decode_data_process.h,InitDCameraPipNodes,DecodeDataProcess,functionimpl,type,Use,1.0,True,4160,4047,['CameraDataPostProcess'],['CameraDataProcessCommon'],CameraDataPostProcess,CameraDataProcessCommon
271,256,services/data_process/src/pipeline/dcamera_pipeline_source.cpp,services/data_process/include/eventbus/dcamera_pipeline_event.h,OnEvent,GetPipelineConfig,functionimpl,functionimpl,Call,1.0,True,4163,3917,['CameraDataPostProcess'],['CameraDataProcessCommon'],CameraDataPostProcess,CameraDataProcessCommon
271,256,services/data_process/src/pipeline/dcamera_pipeline_source.cpp,services/data_process/include/eventbus/dcamera_pipeline_event.h,InitDCameraPipEvent,DCameraPipelineEvent,functionimpl,type,Use,6.0,True,4159,3924,['CameraDataPostProcess'],['CameraDataProcessCommon'],CameraDataPostProcess,CameraDataProcessCommon
271,256,services/data_process/src/pipeline/dcamera_pipeline_source.cpp,services/data_process/include/eventbus/dcamera_pipeline_event.h,ProcessData,PipelineConfig,functionimpl,type,Use,6.0,True,4165,3926,['CameraDataPostProcess'],['CameraDataProcessCommon'],CameraDataPostProcess,CameraDataProcessCommon
271,256,services/data_process/src/pipeline/dcamera_pipeline_source.cpp,services/data_process/include/eventbus/dcamera_pipeline_event.h,ProcessData,DCameraPipelineEvent,functionimpl,type,Use,6.0,True,4165,3924,['CameraDataPostProcess'],['CameraDataProcessCommon'],CameraDataPostProcess,CameraDataProcessCommon
271,256,services/data_process/src/pipeline/dcamera_pipeline_source.cpp,services/data_process/include/eventbus/dcamera_pipeline_event.h,OnEvent,PipelineConfig,functionimpl,type,Use,6.0,True,4163,3926,['CameraDataPostProcess'],['CameraDataProcessCommon'],CameraDataPostProcess,CameraDataProcessCommon
271,256,services/data_process/src/pipeline/dcamera_pipeline_source.cpp,services/data_process/include/eventbus/dcamera_pipeline_event.h,OnEvent,DCameraPipelineEvent,functionimpl,type,Parameter,1.0,True,4163,3924,['CameraDataPostProcess'],['CameraDataProcessCommon'],CameraDataPostProcess,CameraDataProcessCommon
271,256,services/data_process/src/pipeline/dcamera_pipeline_source.cpp,services/data_process/include/eventbus/dcamera_pipeline_event.h,InitDCameraPipEvent,DCameraPipelineEvent,functionimpl,type,Contain,2.0,True,4159,3924,['CameraDataPostProcess'],['CameraDataProcessCommon'],CameraDataPostProcess,CameraDataProcessCommon
271,256,services/data_process/src/pipeline/dcamera_pipeline_source.cpp,services/data_process/include/eventbus/dcamera_pipeline_event.h,ProcessData,DCameraPipelineEvent,functionimpl,type,Contain,2.0,True,4165,3924,['CameraDataPostProcess'],['CameraDataProcessCommon'],CameraDataPostProcess,CameraDataProcessCommon
271,257,services/data_process/src/pipeline/dcamera_pipeline_source.cpp,services/data_process/include/interfaces/data_process_listener.h,OnError,DataProcessErrorType,functionimpl,type,Parameter,1.0,True,4162,3941,['CameraDataPostProcess'],['CameraDataProcessCommon'],CameraDataPostProcess,CameraDataProcessCommon
107,105,services/cameraservice/base/include/icamera_controller.h,services/cameraservice/base/include/dcamera_open_info_cmd.h,,,file,file,Import,1.0,False,,,['CameraServiceCommon'],['CameraServiceCommon'],CameraServiceCommon,CameraServiceCommon
254,74,services/channel/src/dcamera_softbus_session.cpp,common/include/constants/distributed_camera_constants.h,,,file,file,Import,1.0,False,,,['ChannelCommon'],['utils'],ChannelCommon,utils
254,74,services/channel/src/dcamera_softbus_session.cpp,common/include/constants/distributed_camera_constants.h,U16Get,DCAMERA_SHIFT_8,functionimpl,var,Use,36.0,True,3860,1437,['ChannelCommon'],['utils'],ChannelCommon,utils
254,74,services/channel/src/dcamera_softbus_session.cpp,common/include/constants/distributed_camera_constants.h,U32Get,DCAMERA_SHIFT_24,functionimpl,var,Use,36.0,True,3861,1436,['ChannelCommon'],['utils'],ChannelCommon,utils
254,74,services/channel/src/dcamera_softbus_session.cpp,common/include/constants/distributed_camera_constants.h,U32Get,DCAMERA_SHIFT_16,functionimpl,var,Use,36.0,True,3861,1435,['ChannelCommon'],['utils'],ChannelCommon,utils
254,74,services/channel/src/dcamera_softbus_session.cpp,common/include/constants/distributed_camera_constants.h,U32Get,DCAMERA_SHIFT_8,functionimpl,var,Use,36.0,True,3861,1437,['ChannelCommon'],['utils'],ChannelCommon,utils
254,74,services/channel/src/dcamera_softbus_session.cpp,common/include/constants/distributed_camera_constants.h,MakeFragDataHeader,DCAMERA_SHIFT_8,functionimpl,var,Use,36.0,True,3849,1437,['ChannelCommon'],['utils'],ChannelCommon,utils
254,74,services/channel/src/dcamera_softbus_session.cpp,common/include/constants/distributed_camera_constants.h,MakeFragDataHeader,UINT16_SHIFT_MASK_0,functionimpl,var,Use,36.0,True,3849,1447,['ChannelCommon'],['utils'],ChannelCommon,utils
254,74,services/channel/src/dcamera_softbus_session.cpp,common/include/constants/distributed_camera_constants.h,MakeFragDataHeader,UINT32_SHIFT_MASK_24,functionimpl,var,Use,36.0,True,3849,1450,['ChannelCommon'],['utils'],ChannelCommon,utils
254,74,services/channel/src/dcamera_softbus_session.cpp,common/include/constants/distributed_camera_constants.h,MakeFragDataHeader,DCAMERA_SHIFT_24,functionimpl,var,Use,36.0,True,3849,1436,['ChannelCommon'],['utils'],ChannelCommon,utils
254,74,services/channel/src/dcamera_softbus_session.cpp,common/include/constants/distributed_camera_constants.h,MakeFragDataHeader,UINT32_SHIFT_MASK_16,functionimpl,var,Use,36.0,True,3849,1449,['ChannelCommon'],['utils'],ChannelCommon,utils
254,74,services/channel/src/dcamera_softbus_session.cpp,common/include/constants/distributed_camera_constants.h,MakeFragDataHeader,DCAMERA_SHIFT_16,functionimpl,var,Use,36.0,True,3849,1435,['ChannelCommon'],['utils'],ChannelCommon,utils
254,74,services/channel/src/dcamera_softbus_session.cpp,common/include/constants/distributed_camera_constants.h,MakeFragDataHeader,UINT32_SHIFT_MASK_8,functionimpl,var,Use,36.0,True,3849,1451,['ChannelCommon'],['utils'],ChannelCommon,utils
254,74,services/channel/src/dcamera_softbus_session.cpp,common/include/constants/distributed_camera_constants.h,MakeFragDataHeader,UINT32_SHIFT_MASK_0,functionimpl,var,Use,36.0,True,3849,1448,['ChannelCommon'],['utils'],ChannelCommon,utils
254,75,services/channel/src/dcamera_softbus_session.cpp,common/include/constants/distributed_camera_errno.h,,,file,file,Import,1.0,False,,,['ChannelCommon'],['utils'],ChannelCommon,utils
254,76,services/channel/src/dcamera_softbus_session.cpp,common/include/utils/data_buffer.h,AssembleNoFrag,DataBuffer,functionimpl,type,Use,8.0,True,3840,1470,['ChannelCommon'],['utils'],ChannelCommon,utils
254,76,services/channel/src/dcamera_softbus_session.cpp,common/include/utils/data_buffer.h,AssembleFrag,DataBuffer,functionimpl,type,Use,8.0,True,3839,1470,['ChannelCommon'],['utils'],ChannelCommon,utils
254,76,services/channel/src/dcamera_softbus_session.cpp,common/include/utils/data_buffer.h,PostData,DataBuffer,functionimpl,type,Use,8.0,True,3855,1470,['ChannelCommon'],['utils'],ChannelCommon,utils
254,76,services/channel/src/dcamera_softbus_session.cpp,common/include/utils/data_buffer.h,UnPackSendData,DataBuffer,functionimpl,type,Use,8.0,True,3862,1470,['ChannelCommon'],['utils'],ChannelCommon,utils
274,262,services/data_process/src/pipeline_node/multimedia_codec/decode_data_process.cpp,services/data_process/include/pipeline_node/colorspace_conversion/convert_nv12_to_nv21.h,,,file,file,Import,1.0,False,,,['CameraDataProcessCommon'],['CameraDataProcessCommon'],CameraDataProcessCommon,CameraDataProcessCommon
274,262,services/data_process/src/pipeline_node/multimedia_codec/decode_data_process.cpp,services/data_process/include/pipeline_node/colorspace_conversion/convert_nv12_to_nv21.h,OnEvent,ConvertNV12ToNV21,functionimpl,type,Use,1.0,True,4296,3993,['CameraDataProcessCommon'],['CameraDataProcessCommon'],CameraDataProcessCommon,CameraDataProcessCommon
274,261,services/data_process/src/pipeline_node/multimedia_codec/decode_data_process.cpp,services/data_process/include/pipeline/dcamera_pipeline_source.h,DecodeDone,DCameraPipelineSource,functionimpl,type,Use,2.0,True,4280,3977,['CameraDataProcessCommon'],['CameraDataPostProcess'],CameraDataProcessCommon,CameraDataPostProcess
274,261,services/data_process/src/pipeline_node/multimedia_codec/decode_data_process.cpp,services/data_process/include/pipeline/dcamera_pipeline_source.h,OnError,DCameraPipelineSource,functionimpl,type,Use,2.0,True,4295,3977,['CameraDataProcessCommon'],['CameraDataPostProcess'],CameraDataProcessCommon,CameraDataPostProcess
247,248,services/channel/include/dcamera_softbus_adapter.h,services/channel/include/dcamera_softbus_session.h,,,file,file,Import,1.0,False,,,['ChannelCommon'],['ChannelCommon'],ChannelCommon,ChannelCommon
247,248,services/channel/include/dcamera_softbus_adapter.h,services/channel/include/dcamera_softbus_session.h,sourceSessions_,DCameraSoftbusSession,var,type,Use,3.0,True,3696,3725,['ChannelCommon'],['ChannelCommon'],ChannelCommon,ChannelCommon
247,248,services/channel/include/dcamera_softbus_adapter.h,services/channel/include/dcamera_softbus_session.h,sinkSessions_,DCameraSoftbusSession,var,type,Use,3.0,True,3695,3725,['ChannelCommon'],['ChannelCommon'],ChannelCommon,ChannelCommon
247,248,services/channel/include/dcamera_softbus_adapter.h,services/channel/include/dcamera_softbus_session.h,sessionIdMap_,DCameraSoftbusSession,var,type,Use,3.0,True,3694,3725,['ChannelCommon'],['ChannelCommon'],ChannelCommon,ChannelCommon
247,248,services/channel/include/dcamera_softbus_adapter.h,services/channel/include/dcamera_softbus_session.h,sourceSessions_,DCameraSoftbusSession,var,type,Parameter,3.0,True,3696,3725,['ChannelCommon'],['ChannelCommon'],ChannelCommon,ChannelCommon
247,248,services/channel/include/dcamera_softbus_adapter.h,services/channel/include/dcamera_softbus_session.h,sinkSessions_,DCameraSoftbusSession,var,type,Parameter,3.0,True,3695,3725,['ChannelCommon'],['ChannelCommon'],ChannelCommon,ChannelCommon
247,248,services/channel/include/dcamera_softbus_adapter.h,services/channel/include/dcamera_softbus_session.h,sessionIdMap_,DCameraSoftbusSession,var,type,Parameter,3.0,True,3694,3725,['ChannelCommon'],['ChannelCommon'],ChannelCommon,ChannelCommon
18,7,camera_hdf/hdi_impl/src/dstream_operator/doffline_stream_operator.cpp,camera_hdf/hdi_impl/include/dstream_operator/doffline_stream_operator.h,,,file,file,Import,1.0,False,,,['VirtualCameraHdf'],['VirtualCameraHdf'],VirtualCameraHdf,VirtualCameraHdf
18,7,camera_hdf/hdi_impl/src/dstream_operator/doffline_stream_operator.cpp,camera_hdf/hdi_impl/include/dstream_operator/doffline_stream_operator.h,CancelCapture,CancelCapture,functionimpl,functionproto,Implement,3.0,True,566,169,['VirtualCameraHdf'],['VirtualCameraHdf'],VirtualCameraHdf,VirtualCameraHdf
18,7,camera_hdf/hdi_impl/src/dstream_operator/doffline_stream_operator.cpp,camera_hdf/hdi_impl/include/dstream_operator/doffline_stream_operator.h,ReleaseStreams,ReleaseStreams,functionimpl,functionproto,Implement,3.0,True,568,171,['VirtualCameraHdf'],['VirtualCameraHdf'],VirtualCameraHdf,VirtualCameraHdf
18,7,camera_hdf/hdi_impl/src/dstream_operator/doffline_stream_operator.cpp,camera_hdf/hdi_impl/include/dstream_operator/doffline_stream_operator.h,Release,Release,functionimpl,functionproto,Implement,3.0,True,567,170,['VirtualCameraHdf'],['VirtualCameraHdf'],VirtualCameraHdf,VirtualCameraHdf
17,6,camera_hdf/hdi_impl/src/dstream_operator/dimage_buffer.cpp,camera_hdf/hdi_impl/include/dstream_operator/dimage_buffer.h,operator ==,GetPhyAddress,functionimpl,functionproto,Call,3.0,True,546,140,['VirtualCameraHdf'],['VirtualCameraHdf'],VirtualCameraHdf,VirtualCameraHdf
17,6,camera_hdf/hdi_impl/src/dstream_operator/dimage_buffer.cpp,camera_hdf/hdi_impl/include/dstream_operator/dimage_buffer.h,operator ==,GetIndex,functionimpl,functionproto,Call,3.0,True,546,139,['VirtualCameraHdf'],['VirtualCameraHdf'],VirtualCameraHdf,VirtualCameraHdf
17,6,camera_hdf/hdi_impl/src/dstream_operator/dimage_buffer.cpp,camera_hdf/hdi_impl/include/dstream_operator/dimage_buffer.h,,,file,file,Import,1.0,False,,,['VirtualCameraHdf'],['VirtualCameraHdf'],VirtualCameraHdf,VirtualCameraHdf
17,6,camera_hdf/hdi_impl/src/dstream_operator/dimage_buffer.cpp,camera_hdf/hdi_impl/include/dstream_operator/dimage_buffer.h,~DImageBuffer,~DImageBuffer,functionimpl,functionproto,Implement,35.0,True,547,164,['VirtualCameraHdf'],['VirtualCameraHdf'],VirtualCameraHdf,VirtualCameraHdf
17,6,camera_hdf/hdi_impl/src/dstream_operator/dimage_buffer.cpp,camera_hdf/hdi_impl/include/dstream_operator/dimage_buffer.h,GetIndex,GetIndex,functionimpl,functionproto,Implement,35.0,True,522,139,['VirtualCameraHdf'],['VirtualCameraHdf'],VirtualCameraHdf,VirtualCameraHdf
17,6,camera_hdf/hdi_impl/src/dstream_operator/dimage_buffer.cpp,camera_hdf/hdi_impl/include/dstream_operator/dimage_buffer.h,GetWidth,GetWidth,functionimpl,functionproto,Implement,35.0,True,529,146,['VirtualCameraHdf'],['VirtualCameraHdf'],VirtualCameraHdf,VirtualCameraHdf
17,6,camera_hdf/hdi_impl/src/dstream_operator/dimage_buffer.cpp,camera_hdf/hdi_impl/include/dstream_operator/dimage_buffer.h,GetHeight,GetHeight,functionimpl,functionproto,Implement,35.0,True,521,138,['VirtualCameraHdf'],['VirtualCameraHdf'],VirtualCameraHdf,VirtualCameraHdf
17,6,camera_hdf/hdi_impl/src/dstream_operator/dimage_buffer.cpp,camera_hdf/hdi_impl/include/dstream_operator/dimage_buffer.h,GetStride,GetStride,functionimpl,functionproto,Implement,35.0,True,525,142,['VirtualCameraHdf'],['VirtualCameraHdf'],VirtualCameraHdf,VirtualCameraHdf
17,6,camera_hdf/hdi_impl/src/dstream_operator/dimage_buffer.cpp,camera_hdf/hdi_impl/include/dstream_operator/dimage_buffer.h,GetFormat,GetFormat,functionimpl,functionproto,Implement,35.0,True,519,136,['VirtualCameraHdf'],['VirtualCameraHdf'],VirtualCameraHdf,VirtualCameraHdf
17,6,camera_hdf/hdi_impl/src/dstream_operator/dimage_buffer.cpp,camera_hdf/hdi_impl/include/dstream_operator/dimage_buffer.h,GetSize,GetSize,functionimpl,functionproto,Implement,35.0,True,524,141,['VirtualCameraHdf'],['VirtualCameraHdf'],VirtualCameraHdf,VirtualCameraHdf
17,6,camera_hdf/hdi_impl/src/dstream_operator/dimage_buffer.cpp,camera_hdf/hdi_impl/include/dstream_operator/dimage_buffer.h,GetUsage,GetUsage,functionimpl,functionproto,Implement,35.0,True,527,144,['VirtualCameraHdf'],['VirtualCameraHdf'],VirtualCameraHdf,VirtualCameraHdf
17,6,camera_hdf/hdi_impl/src/dstream_operator/dimage_buffer.cpp,camera_hdf/hdi_impl/include/dstream_operator/dimage_buffer.h,GetPhyAddress,GetPhyAddress,functionimpl,functionproto,Implement,35.0,True,523,140,['VirtualCameraHdf'],['VirtualCameraHdf'],VirtualCameraHdf,VirtualCameraHdf
17,6,camera_hdf/hdi_impl/src/dstream_operator/dimage_buffer.cpp,camera_hdf/hdi_impl/include/dstream_operator/dimage_buffer.h,GetFileDescriptor,GetFileDescriptor,functionimpl,functionproto,Implement,35.0,True,518,135,['VirtualCameraHdf'],['VirtualCameraHdf'],VirtualCameraHdf,VirtualCameraHdf
17,6,camera_hdf/hdi_impl/src/dstream_operator/dimage_buffer.cpp,camera_hdf/hdi_impl/include/dstream_operator/dimage_buffer.h,GetTimestamp,GetTimestamp,functionimpl,functionproto,Implement,35.0,True,526,143,['VirtualCameraHdf'],['VirtualCameraHdf'],VirtualCameraHdf,VirtualCameraHdf
17,6,camera_hdf/hdi_impl/src/dstream_operator/dimage_buffer.cpp,camera_hdf/hdi_impl/include/dstream_operator/dimage_buffer.h,GetFrameNumber,GetFrameNumber,functionimpl,functionproto,Implement,35.0,True,520,137,['VirtualCameraHdf'],['VirtualCameraHdf'],VirtualCameraHdf,VirtualCameraHdf
17,6,camera_hdf/hdi_impl/src/dstream_operator/dimage_buffer.cpp,camera_hdf/hdi_impl/include/dstream_operator/dimage_buffer.h,GetCaptureId,GetCaptureId,functionimpl,functionproto,Implement,35.0,True,515,132,['VirtualCameraHdf'],['VirtualCameraHdf'],VirtualCameraHdf,VirtualCameraHdf
17,6,camera_hdf/hdi_impl/src/dstream_operator/dimage_buffer.cpp,camera_hdf/hdi_impl/include/dstream_operator/dimage_buffer.h,GetValidFlag,GetValidFlag,functionimpl,functionproto,Implement,35.0,True,528,145,['VirtualCameraHdf'],['VirtualCameraHdf'],VirtualCameraHdf,VirtualCameraHdf
17,6,camera_hdf/hdi_impl/src/dstream_operator/dimage_buffer.cpp,camera_hdf/hdi_impl/include/dstream_operator/dimage_buffer.h,GetFenceId,GetFenceId,functionimpl,functionproto,Implement,35.0,True,517,134,['VirtualCameraHdf'],['VirtualCameraHdf'],VirtualCameraHdf,VirtualCameraHdf
17,6,camera_hdf/hdi_impl/src/dstream_operator/dimage_buffer.cpp,camera_hdf/hdi_impl/include/dstream_operator/dimage_buffer.h,GetEncodeType,GetEncodeType,functionimpl,functionproto,Implement,35.0,True,516,133,['VirtualCameraHdf'],['VirtualCameraHdf'],VirtualCameraHdf,VirtualCameraHdf
17,6,camera_hdf/hdi_impl/src/dstream_operator/dimage_buffer.cpp,camera_hdf/hdi_impl/include/dstream_operator/dimage_buffer.h,GetBufferHandle,GetBufferHandle,functionimpl,functionproto,Implement,35.0,True,514,131,['VirtualCameraHdf'],['VirtualCameraHdf'],VirtualCameraHdf,VirtualCameraHdf
17,6,camera_hdf/hdi_impl/src/dstream_operator/dimage_buffer.cpp,camera_hdf/hdi_impl/include/dstream_operator/dimage_buffer.h,SetIndex,SetIndex,functionimpl,functionproto,Implement,35.0,True,538,155,['VirtualCameraHdf'],['VirtualCameraHdf'],VirtualCameraHdf,VirtualCameraHdf
17,6,camera_hdf/hdi_impl/src/dstream_operator/dimage_buffer.cpp,camera_hdf/hdi_impl/include/dstream_operator/dimage_buffer.h,SetWidth,SetWidth,functionimpl,functionproto,Implement,35.0,True,545,162,['VirtualCameraHdf'],['VirtualCameraHdf'],VirtualCameraHdf,VirtualCameraHdf
17,6,camera_hdf/hdi_impl/src/dstream_operator/dimage_buffer.cpp,camera_hdf/hdi_impl/include/dstream_operator/dimage_buffer.h,SetHeight,SetHeight,functionimpl,functionproto,Implement,35.0,True,537,154,['VirtualCameraHdf'],['VirtualCameraHdf'],VirtualCameraHdf,VirtualCameraHdf
17,6,camera_hdf/hdi_impl/src/dstream_operator/dimage_buffer.cpp,camera_hdf/hdi_impl/include/dstream_operator/dimage_buffer.h,SetStride,SetStride,functionimpl,functionproto,Implement,35.0,True,541,158,['VirtualCameraHdf'],['VirtualCameraHdf'],VirtualCameraHdf,VirtualCameraHdf
17,6,camera_hdf/hdi_impl/src/dstream_operator/dimage_buffer.cpp,camera_hdf/hdi_impl/include/dstream_operator/dimage_buffer.h,SetFormat,SetFormat,functionimpl,functionproto,Implement,35.0,True,535,152,['VirtualCameraHdf'],['VirtualCameraHdf'],VirtualCameraHdf,VirtualCameraHdf
17,6,camera_hdf/hdi_impl/src/dstream_operator/dimage_buffer.cpp,camera_hdf/hdi_impl/include/dstream_operator/dimage_buffer.h,SetSize,SetSize,functionimpl,functionproto,Implement,35.0,True,540,157,['VirtualCameraHdf'],['VirtualCameraHdf'],VirtualCameraHdf,VirtualCameraHdf
17,6,camera_hdf/hdi_impl/src/dstream_operator/dimage_buffer.cpp,camera_hdf/hdi_impl/include/dstream_operator/dimage_buffer.h,SetUsage,SetUsage,functionimpl,functionproto,Implement,35.0,True,543,160,['VirtualCameraHdf'],['VirtualCameraHdf'],VirtualCameraHdf,VirtualCameraHdf
17,6,camera_hdf/hdi_impl/src/dstream_operator/dimage_buffer.cpp,camera_hdf/hdi_impl/include/dstream_operator/dimage_buffer.h,SetPhyAddress,SetPhyAddress,functionimpl,functionproto,Implement,35.0,True,539,156,['VirtualCameraHdf'],['VirtualCameraHdf'],VirtualCameraHdf,VirtualCameraHdf
17,6,camera_hdf/hdi_impl/src/dstream_operator/dimage_buffer.cpp,camera_hdf/hdi_impl/include/dstream_operator/dimage_buffer.h,SetFileDescriptor,SetFileDescriptor,functionimpl,functionproto,Implement,35.0,True,534,151,['VirtualCameraHdf'],['VirtualCameraHdf'],VirtualCameraHdf,VirtualCameraHdf
17,6,camera_hdf/hdi_impl/src/dstream_operator/dimage_buffer.cpp,camera_hdf/hdi_impl/include/dstream_operator/dimage_buffer.h,SetTimestamp,SetTimestamp,functionimpl,functionproto,Implement,35.0,True,542,159,['VirtualCameraHdf'],['VirtualCameraHdf'],VirtualCameraHdf,VirtualCameraHdf
17,6,camera_hdf/hdi_impl/src/dstream_operator/dimage_buffer.cpp,camera_hdf/hdi_impl/include/dstream_operator/dimage_buffer.h,SetFrameNumber,SetFrameNumber,functionimpl,functionproto,Implement,35.0,True,536,153,['VirtualCameraHdf'],['VirtualCameraHdf'],VirtualCameraHdf,VirtualCameraHdf
17,6,camera_hdf/hdi_impl/src/dstream_operator/dimage_buffer.cpp,camera_hdf/hdi_impl/include/dstream_operator/dimage_buffer.h,SetCaptureId,SetCaptureId,functionimpl,functionproto,Implement,35.0,True,531,148,['VirtualCameraHdf'],['VirtualCameraHdf'],VirtualCameraHdf,VirtualCameraHdf
17,6,camera_hdf/hdi_impl/src/dstream_operator/dimage_buffer.cpp,camera_hdf/hdi_impl/include/dstream_operator/dimage_buffer.h,SetValidFlag,SetValidFlag,functionimpl,functionproto,Implement,35.0,True,544,161,['VirtualCameraHdf'],['VirtualCameraHdf'],VirtualCameraHdf,VirtualCameraHdf
17,6,camera_hdf/hdi_impl/src/dstream_operator/dimage_buffer.cpp,camera_hdf/hdi_impl/include/dstream_operator/dimage_buffer.h,SetFenceId,SetFenceId,functionimpl,functionproto,Implement,35.0,True,533,150,['VirtualCameraHdf'],['VirtualCameraHdf'],VirtualCameraHdf,VirtualCameraHdf
17,6,camera_hdf/hdi_impl/src/dstream_operator/dimage_buffer.cpp,camera_hdf/hdi_impl/include/dstream_operator/dimage_buffer.h,SetEncodeType,SetEncodeType,functionimpl,functionproto,Implement,35.0,True,532,149,['VirtualCameraHdf'],['VirtualCameraHdf'],VirtualCameraHdf,VirtualCameraHdf
17,6,camera_hdf/hdi_impl/src/dstream_operator/dimage_buffer.cpp,camera_hdf/hdi_impl/include/dstream_operator/dimage_buffer.h,SetBufferHandle,SetBufferHandle,functionimpl,functionproto,Implement,35.0,True,530,147,['VirtualCameraHdf'],['VirtualCameraHdf'],VirtualCameraHdf,VirtualCameraHdf
17,6,camera_hdf/hdi_impl/src/dstream_operator/dimage_buffer.cpp,camera_hdf/hdi_impl/include/dstream_operator/dimage_buffer.h,Free,Free,functionimpl,functionproto,Implement,35.0,True,513,130,['VirtualCameraHdf'],['VirtualCameraHdf'],VirtualCameraHdf,VirtualCameraHdf
17,6,camera_hdf/hdi_impl/src/dstream_operator/dimage_buffer.cpp,camera_hdf/hdi_impl/include/dstream_operator/dimage_buffer.h,operator ==,operator ==,functionimpl,functionproto,Implement,35.0,True,546,163,['VirtualCameraHdf'],['VirtualCameraHdf'],VirtualCameraHdf,VirtualCameraHdf
17,6,camera_hdf/hdi_impl/src/dstream_operator/dimage_buffer.cpp,camera_hdf/hdi_impl/include/dstream_operator/dimage_buffer.h,operator ==,DImageBuffer,functionimpl,type,Parameter,1.0,True,546,165,['VirtualCameraHdf'],['VirtualCameraHdf'],VirtualCameraHdf,VirtualCameraHdf
34,52,camera_hdf/interfaces/hdi_ipc/client/host/dcamera_host_proxy.cpp,camera_hdf/interfaces/hdi_ipc/ipc_data_utils.h,,,file,file,Import,1.0,False,,,['VirtualCameraHdf'],['VirtualCameraHdf'],VirtualCameraHdf,VirtualCameraHdf
278,76,services/data_process/src/pipeline_node/multimedia_codec/encode_data_process_common.cpp,common/include/utils/data_buffer.h,GetEncoderOutputBuffer,DataBuffer,functionimpl,type,Use,3.0,True,4504,1470,['CameraDataProcessCommon'],['utils'],CameraDataProcessCommon,utils
278,78,services/data_process/src/pipeline_node/multimedia_codec/encode_data_process_common.cpp,common/include/utils/dcamera_utils_tools.h,GetEncoderTimeStamp,GetNowTimeStampUs,functionimpl,functionproto,Call,1.0,True,4505,1484,['CameraDataProcessCommon'],['utils'],CameraDataProcessCommon,utils
278,78,services/data_process/src/pipeline_node/multimedia_codec/encode_data_process_common.cpp,common/include/utils/dcamera_utils_tools.h,,,file,file,Import,1.0,False,,,['CameraDataProcessCommon'],['utils'],CameraDataProcessCommon,utils
140,78,services/cameraservice/cameraoperator/handler/src/dcamera_handler_common.cpp,common/include/utils/dcamera_utils_tools.h,CreateDHItem,Base64Encode,functionimpl,functionproto,Call,1.0,True,2182,1481,['utils'],['utils'],utils,utils
140,78,services/cameraservice/cameraoperator/handler/src/dcamera_handler_common.cpp,common/include/utils/dcamera_utils_tools.h,,,file,file,Import,1.0,False,,,['utils'],['utils'],utils,utils
211,197,services/cameraservice/sourceservice/include/distributedcameramgr/dcamerastate/dcamera_source_capture_state.h,services/cameraservice/sourceservice/include/distributedcameramgr/dcamera_source_event.h,Execute,DCAMERA_EVENT,functionproto,alias,Parameter,10.0,True,3044,2855,['DistributedCameraSourceMgr'],['DistributedCameraSourceMgr'],DistributedCameraSourceMgr,DistributedCameraSourceMgr
211,197,services/cameraservice/sourceservice/include/distributedcameramgr/dcamerastate/dcamera_source_capture_state.h,services/cameraservice/sourceservice/include/distributedcameramgr/dcamera_source_event.h,Execute,DCameraSourceEvent,functionproto,type,Parameter,10.0,True,3044,2869,['DistributedCameraSourceMgr'],['DistributedCameraSourceMgr'],DistributedCameraSourceMgr,DistributedCameraSourceMgr
211,197,services/cameraservice/sourceservice/include/distributedcameramgr/dcamerastate/dcamera_source_capture_state.h,services/cameraservice/sourceservice/include/distributedcameramgr/dcamera_source_event.h,DoRegisterTask,DCameraSourceEvent,functionproto,type,Parameter,10.0,True,3039,2869,['DistributedCameraSourceMgr'],['DistributedCameraSourceMgr'],DistributedCameraSourceMgr,DistributedCameraSourceMgr
211,197,services/cameraservice/sourceservice/include/distributedcameramgr/dcamerastate/dcamera_source_capture_state.h,services/cameraservice/sourceservice/include/distributedcameramgr/dcamera_source_event.h,DoUnregisterTask,DCameraSourceEvent,functionproto,type,Parameter,10.0,True,3042,2869,['DistributedCameraSourceMgr'],['DistributedCameraSourceMgr'],DistributedCameraSourceMgr,DistributedCameraSourceMgr
211,197,services/cameraservice/sourceservice/include/distributedcameramgr/dcamerastate/dcamera_source_capture_state.h,services/cameraservice/sourceservice/include/distributedcameramgr/dcamera_source_event.h,DoOpenTask,DCameraSourceEvent,functionproto,type,Parameter,10.0,True,3038,2869,['DistributedCameraSourceMgr'],['DistributedCameraSourceMgr'],DistributedCameraSourceMgr,DistributedCameraSourceMgr
211,197,services/cameraservice/sourceservice/include/distributedcameramgr/dcamerastate/dcamera_source_capture_state.h,services/cameraservice/sourceservice/include/distributedcameramgr/dcamera_source_event.h,DoCloseTask,DCameraSourceEvent,functionproto,type,Parameter,10.0,True,3036,2869,['DistributedCameraSourceMgr'],['DistributedCameraSourceMgr'],DistributedCameraSourceMgr,DistributedCameraSourceMgr
211,197,services/cameraservice/sourceservice/include/distributedcameramgr/dcamerastate/dcamera_source_capture_state.h,services/cameraservice/sourceservice/include/distributedcameramgr/dcamera_source_event.h,DoStartCaptureTask,DCameraSourceEvent,functionproto,type,Parameter,10.0,True,3040,2869,['DistributedCameraSourceMgr'],['DistributedCameraSourceMgr'],DistributedCameraSourceMgr,DistributedCameraSourceMgr
211,197,services/cameraservice/sourceservice/include/distributedcameramgr/dcamerastate/dcamera_source_capture_state.h,services/cameraservice/sourceservice/include/distributedcameramgr/dcamera_source_event.h,DoStopCaptureTask,DCameraSourceEvent,functionproto,type,Parameter,10.0,True,3041,2869,['DistributedCameraSourceMgr'],['DistributedCameraSourceMgr'],DistributedCameraSourceMgr,DistributedCameraSourceMgr
211,197,services/cameraservice/sourceservice/include/distributedcameramgr/dcamerastate/dcamera_source_capture_state.h,services/cameraservice/sourceservice/include/distributedcameramgr/dcamera_source_event.h,DoUpdateSettingsTask,DCameraSourceEvent,functionproto,type,Parameter,10.0,True,3043,2869,['DistributedCameraSourceMgr'],['DistributedCameraSourceMgr'],DistributedCameraSourceMgr,DistributedCameraSourceMgr
211,197,services/cameraservice/sourceservice/include/distributedcameramgr/dcamerastate/dcamera_source_capture_state.h,services/cameraservice/sourceservice/include/distributedcameramgr/dcamera_source_event.h,DoEventNofityTask,DCameraSourceEvent,functionproto,type,Parameter,10.0,True,3037,2869,['DistributedCameraSourceMgr'],['DistributedCameraSourceMgr'],DistributedCameraSourceMgr,DistributedCameraSourceMgr
14,72,camera_hdf/hdi_impl/src/dcamera_provider/dcamera_provider.cpp,camera_hdf/interfaces/include/idistributed_camera_provider_callback.h,OpenSession,IDCameraProviderCallback,functionimpl,type,Use,8.0,True,435,1369,['VirtualCameraHdf'],['VirtualCameraHdf'],VirtualCameraHdf,VirtualCameraHdf
14,72,camera_hdf/hdi_impl/src/dcamera_provider/dcamera_provider.cpp,camera_hdf/interfaces/include/idistributed_camera_provider_callback.h,CloseSession,IDCameraProviderCallback,functionimpl,type,Use,8.0,True,425,1369,['VirtualCameraHdf'],['VirtualCameraHdf'],VirtualCameraHdf,VirtualCameraHdf
14,72,camera_hdf/hdi_impl/src/dcamera_provider/dcamera_provider.cpp,camera_hdf/interfaces/include/idistributed_camera_provider_callback.h,ConfigureStreams,IDCameraProviderCallback,functionimpl,type,Use,8.0,True,426,1369,['VirtualCameraHdf'],['VirtualCameraHdf'],VirtualCameraHdf,VirtualCameraHdf
14,72,camera_hdf/hdi_impl/src/dcamera_provider/dcamera_provider.cpp,camera_hdf/interfaces/include/idistributed_camera_provider_callback.h,ReleaseStreams,IDCameraProviderCallback,functionimpl,type,Use,8.0,True,436,1369,['VirtualCameraHdf'],['VirtualCameraHdf'],VirtualCameraHdf,VirtualCameraHdf
14,72,camera_hdf/hdi_impl/src/dcamera_provider/dcamera_provider.cpp,camera_hdf/interfaces/include/idistributed_camera_provider_callback.h,StartCapture,IDCameraProviderCallback,functionimpl,type,Use,8.0,True,438,1369,['VirtualCameraHdf'],['VirtualCameraHdf'],VirtualCameraHdf,VirtualCameraHdf
14,72,camera_hdf/hdi_impl/src/dcamera_provider/dcamera_provider.cpp,camera_hdf/interfaces/include/idistributed_camera_provider_callback.h,StopCapture,IDCameraProviderCallback,functionimpl,type,Use,8.0,True,439,1369,['VirtualCameraHdf'],['VirtualCameraHdf'],VirtualCameraHdf,VirtualCameraHdf
14,72,camera_hdf/hdi_impl/src/dcamera_provider/dcamera_provider.cpp,camera_hdf/interfaces/include/idistributed_camera_provider_callback.h,UpdateSettings,IDCameraProviderCallback,functionimpl,type,Use,8.0,True,440,1369,['VirtualCameraHdf'],['VirtualCameraHdf'],VirtualCameraHdf,VirtualCameraHdf
14,72,camera_hdf/hdi_impl/src/dcamera_provider/dcamera_provider.cpp,camera_hdf/interfaces/include/idistributed_camera_provider_callback.h,GetCallbackBydhBase,IDCameraProviderCallback,functionimpl,type,Use,8.0,True,429,1369,['VirtualCameraHdf'],['VirtualCameraHdf'],VirtualCameraHdf,VirtualCameraHdf
14,72,camera_hdf/hdi_impl/src/dcamera_provider/dcamera_provider.cpp,camera_hdf/interfaces/include/idistributed_camera_provider_callback.h,GetCallbackBydhBase,IDCameraProviderCallback,functionimpl,type,Parameter,1.0,True,429,1369,['VirtualCameraHdf'],['VirtualCameraHdf'],VirtualCameraHdf,VirtualCameraHdf
14,73,camera_hdf/hdi_impl/src/dcamera_provider/dcamera_provider.cpp,camera_hdf/interfaces/include/types.h,EnableDCameraDevice,DCamRetCode,functionimpl,alias,Return,13.0,True,428,1374,['VirtualCameraHdf'],['VirtualCameraHdf'],VirtualCameraHdf,VirtualCameraHdf
14,73,camera_hdf/hdi_impl/src/dcamera_provider/dcamera_provider.cpp,camera_hdf/interfaces/include/types.h,DisableDCameraDevice,DCamRetCode,functionimpl,alias,Return,13.0,True,427,1374,['VirtualCameraHdf'],['VirtualCameraHdf'],VirtualCameraHdf,VirtualCameraHdf
14,73,camera_hdf/hdi_impl/src/dcamera_provider/dcamera_provider.cpp,camera_hdf/interfaces/include/types.h,AcquireBuffer,DCamRetCode,functionimpl,alias,Return,13.0,True,424,1374,['VirtualCameraHdf'],['VirtualCameraHdf'],VirtualCameraHdf,VirtualCameraHdf
14,73,camera_hdf/hdi_impl/src/dcamera_provider/dcamera_provider.cpp,camera_hdf/interfaces/include/types.h,ShutterBuffer,DCamRetCode,functionimpl,alias,Return,13.0,True,437,1374,['VirtualCameraHdf'],['VirtualCameraHdf'],VirtualCameraHdf,VirtualCameraHdf
14,73,camera_hdf/hdi_impl/src/dcamera_provider/dcamera_provider.cpp,camera_hdf/interfaces/include/types.h,OnSettingsResult,DCamRetCode,functionimpl,alias,Return,13.0,True,434,1374,['VirtualCameraHdf'],['VirtualCameraHdf'],VirtualCameraHdf,VirtualCameraHdf
14,73,camera_hdf/hdi_impl/src/dcamera_provider/dcamera_provider.cpp,camera_hdf/interfaces/include/types.h,Notify,DCamRetCode,functionimpl,alias,Return,13.0,True,433,1374,['VirtualCameraHdf'],['VirtualCameraHdf'],VirtualCameraHdf,VirtualCameraHdf
14,73,camera_hdf/hdi_impl/src/dcamera_provider/dcamera_provider.cpp,camera_hdf/interfaces/include/types.h,OpenSession,DCamRetCode,functionimpl,alias,Return,13.0,True,435,1374,['VirtualCameraHdf'],['VirtualCameraHdf'],VirtualCameraHdf,VirtualCameraHdf
14,73,camera_hdf/hdi_impl/src/dcamera_provider/dcamera_provider.cpp,camera_hdf/interfaces/include/types.h,CloseSession,DCamRetCode,functionimpl,alias,Return,13.0,True,425,1374,['VirtualCameraHdf'],['VirtualCameraHdf'],VirtualCameraHdf,VirtualCameraHdf
14,73,camera_hdf/hdi_impl/src/dcamera_provider/dcamera_provider.cpp,camera_hdf/interfaces/include/types.h,ConfigureStreams,DCamRetCode,functionimpl,alias,Return,13.0,True,426,1374,['VirtualCameraHdf'],['VirtualCameraHdf'],VirtualCameraHdf,VirtualCameraHdf
14,73,camera_hdf/hdi_impl/src/dcamera_provider/dcamera_provider.cpp,camera_hdf/interfaces/include/types.h,ReleaseStreams,DCamRetCode,functionimpl,alias,Return,13.0,True,436,1374,['VirtualCameraHdf'],['VirtualCameraHdf'],VirtualCameraHdf,VirtualCameraHdf
14,73,camera_hdf/hdi_impl/src/dcamera_provider/dcamera_provider.cpp,camera_hdf/interfaces/include/types.h,StartCapture,DCamRetCode,functionimpl,alias,Return,13.0,True,438,1374,['VirtualCameraHdf'],['VirtualCameraHdf'],VirtualCameraHdf,VirtualCameraHdf
14,73,camera_hdf/hdi_impl/src/dcamera_provider/dcamera_provider.cpp,camera_hdf/interfaces/include/types.h,StopCapture,DCamRetCode,functionimpl,alias,Return,13.0,True,439,1374,['VirtualCameraHdf'],['VirtualCameraHdf'],VirtualCameraHdf,VirtualCameraHdf
14,73,camera_hdf/hdi_impl/src/dcamera_provider/dcamera_provider.cpp,camera_hdf/interfaces/include/types.h,UpdateSettings,DCamRetCode,functionimpl,alias,Return,13.0,True,440,1374,['VirtualCameraHdf'],['VirtualCameraHdf'],VirtualCameraHdf,VirtualCameraHdf
14,73,camera_hdf/hdi_impl/src/dcamera_provider/dcamera_provider.cpp,camera_hdf/interfaces/include/types.h,EnableDCameraDevice,INVALID_ARGUMENT,functionimpl,var,Use,21.0,True,428,1402,['VirtualCameraHdf'],['VirtualCameraHdf'],VirtualCameraHdf,VirtualCameraHdf
14,73,camera_hdf/hdi_impl/src/dcamera_provider/dcamera_provider.cpp,camera_hdf/interfaces/include/types.h,EnableDCameraDevice,DEVICE_NOT_INIT,functionimpl,var,Use,21.0,True,428,1393,['VirtualCameraHdf'],['VirtualCameraHdf'],VirtualCameraHdf,VirtualCameraHdf
14,73,camera_hdf/hdi_impl/src/dcamera_provider/dcamera_provider.cpp,camera_hdf/interfaces/include/types.h,EnableDCameraDevice,SUCCESS,functionimpl,var,Use,21.0,True,428,1405,['VirtualCameraHdf'],['VirtualCameraHdf'],VirtualCameraHdf,VirtualCameraHdf
14,73,camera_hdf/hdi_impl/src/dcamera_provider/dcamera_provider.cpp,camera_hdf/interfaces/include/types.h,DisableDCameraDevice,INVALID_ARGUMENT,functionimpl,var,Use,21.0,True,427,1402,['VirtualCameraHdf'],['VirtualCameraHdf'],VirtualCameraHdf,VirtualCameraHdf
14,73,camera_hdf/hdi_impl/src/dcamera_provider/dcamera_provider.cpp,camera_hdf/interfaces/include/types.h,DisableDCameraDevice,DEVICE_NOT_INIT,functionimpl,var,Use,21.0,True,427,1393,['VirtualCameraHdf'],['VirtualCameraHdf'],VirtualCameraHdf,VirtualCameraHdf
14,73,camera_hdf/hdi_impl/src/dcamera_provider/dcamera_provider.cpp,camera_hdf/interfaces/include/types.h,DisableDCameraDevice,SUCCESS,functionimpl,var,Use,21.0,True,427,1405,['VirtualCameraHdf'],['VirtualCameraHdf'],VirtualCameraHdf,VirtualCameraHdf
14,73,camera_hdf/hdi_impl/src/dcamera_provider/dcamera_provider.cpp,camera_hdf/interfaces/include/types.h,AcquireBuffer,INVALID_ARGUMENT,functionimpl,var,Use,21.0,True,424,1402,['VirtualCameraHdf'],['VirtualCameraHdf'],VirtualCameraHdf,VirtualCameraHdf
14,73,camera_hdf/hdi_impl/src/dcamera_provider/dcamera_provider.cpp,camera_hdf/interfaces/include/types.h,ShutterBuffer,INVALID_ARGUMENT,functionimpl,var,Use,21.0,True,437,1402,['VirtualCameraHdf'],['VirtualCameraHdf'],VirtualCameraHdf,VirtualCameraHdf
14,73,camera_hdf/hdi_impl/src/dcamera_provider/dcamera_provider.cpp,camera_hdf/interfaces/include/types.h,OnSettingsResult,INVALID_ARGUMENT,functionimpl,var,Use,21.0,True,434,1402,['VirtualCameraHdf'],['VirtualCameraHdf'],VirtualCameraHdf,VirtualCameraHdf
14,73,camera_hdf/hdi_impl/src/dcamera_provider/dcamera_provider.cpp,camera_hdf/interfaces/include/types.h,Notify,INVALID_ARGUMENT,functionimpl,var,Use,21.0,True,433,1402,['VirtualCameraHdf'],['VirtualCameraHdf'],VirtualCameraHdf,VirtualCameraHdf
14,73,camera_hdf/hdi_impl/src/dcamera_provider/dcamera_provider.cpp,camera_hdf/interfaces/include/types.h,OpenSession,INVALID_ARGUMENT,functionimpl,var,Use,21.0,True,435,1402,['VirtualCameraHdf'],['VirtualCameraHdf'],VirtualCameraHdf,VirtualCameraHdf
14,73,camera_hdf/hdi_impl/src/dcamera_provider/dcamera_provider.cpp,camera_hdf/interfaces/include/types.h,CloseSession,INVALID_ARGUMENT,functionimpl,var,Use,21.0,True,425,1402,['VirtualCameraHdf'],['VirtualCameraHdf'],VirtualCameraHdf,VirtualCameraHdf
14,73,camera_hdf/hdi_impl/src/dcamera_provider/dcamera_provider.cpp,camera_hdf/interfaces/include/types.h,ConfigureStreams,INVALID_ARGUMENT,functionimpl,var,Use,21.0,True,426,1402,['VirtualCameraHdf'],['VirtualCameraHdf'],VirtualCameraHdf,VirtualCameraHdf
14,73,camera_hdf/hdi_impl/src/dcamera_provider/dcamera_provider.cpp,camera_hdf/interfaces/include/types.h,ReleaseStreams,INVALID_ARGUMENT,functionimpl,var,Use,21.0,True,436,1402,['VirtualCameraHdf'],['VirtualCameraHdf'],VirtualCameraHdf,VirtualCameraHdf
14,73,camera_hdf/hdi_impl/src/dcamera_provider/dcamera_provider.cpp,camera_hdf/interfaces/include/types.h,StartCapture,INVALID_ARGUMENT,functionimpl,var,Use,21.0,True,438,1402,['VirtualCameraHdf'],['VirtualCameraHdf'],VirtualCameraHdf,VirtualCameraHdf
14,73,camera_hdf/hdi_impl/src/dcamera_provider/dcamera_provider.cpp,camera_hdf/interfaces/include/types.h,StopCapture,INVALID_ARGUMENT,functionimpl,var,Use,21.0,True,439,1402,['VirtualCameraHdf'],['VirtualCameraHdf'],VirtualCameraHdf,VirtualCameraHdf
14,73,camera_hdf/hdi_impl/src/dcamera_provider/dcamera_provider.cpp,camera_hdf/interfaces/include/types.h,UpdateSettings,INVALID_ARGUMENT,functionimpl,var,Use,21.0,True,440,1402,['VirtualCameraHdf'],['VirtualCameraHdf'],VirtualCameraHdf,VirtualCameraHdf
14,73,camera_hdf/hdi_impl/src/dcamera_provider/dcamera_provider.cpp,camera_hdf/interfaces/include/types.h,EnableDCameraDevice,_DCamRetCode,functionimpl,type,Contain,2.0,True,428,1388,['VirtualCameraHdf'],['VirtualCameraHdf'],VirtualCameraHdf,VirtualCameraHdf
14,73,camera_hdf/hdi_impl/src/dcamera_provider/dcamera_provider.cpp,camera_hdf/interfaces/include/types.h,DisableDCameraDevice,_DCamRetCode,functionimpl,type,Contain,2.0,True,427,1388,['VirtualCameraHdf'],['VirtualCameraHdf'],VirtualCameraHdf,VirtualCameraHdf
140,73,services/cameraservice/cameraoperator/handler/src/dcamera_handler_common.cpp,camera_hdf/interfaces/include/types.h,IsValid,DCStreamType,functionimpl,alias,Parameter,1.0,True,2188,1373,['utils'],['VirtualCameraHdf'],utils,VirtualCameraHdf
140,75,services/cameraservice/cameraoperator/handler/src/dcamera_handler_common.cpp,common/include/constants/distributed_camera_errno.h,,,file,file,Import,1.0,False,,,['utils'],['utils'],utils,utils
140,74,services/cameraservice/cameraoperator/handler/src/dcamera_handler_common.cpp,common/include/constants/distributed_camera_constants.h,,,file,file,Import,1.0,False,,,['utils'],['utils'],utils,utils
140,74,services/cameraservice/cameraoperator/handler/src/dcamera_handler_common.cpp,common/include/constants/distributed_camera_constants.h,GetCameras,CAMERA_ID_PREFIX,functionimpl,var,Use,23.0,True,2184,1419,['utils'],['utils'],utils,utils
140,74,services/cameraservice/cameraoperator/handler/src/dcamera_handler_common.cpp,common/include/constants/distributed_camera_constants.h,CreateDHItem,CAMERA_ID_PREFIX,functionimpl,var,Use,23.0,True,2182,1419,['utils'],['utils'],utils,utils
140,74,services/cameraservice/cameraoperator/handler/src/dcamera_handler_common.cpp,common/include/constants/distributed_camera_constants.h,CreateDHItem,CAMERA_PROTOCOL_VERSION_KEY,functionimpl,var,Use,23.0,True,2182,1425,['utils'],['utils'],utils,utils
140,74,services/cameraservice/cameraoperator/handler/src/dcamera_handler_common.cpp,common/include/constants/distributed_camera_constants.h,CreateDHItem,CAMERA_PROTOCOL_VERSION_VALUE,functionimpl,var,Use,23.0,True,2182,1426,['utils'],['utils'],utils,utils
140,74,services/cameraservice/cameraoperator/handler/src/dcamera_handler_common.cpp,common/include/constants/distributed_camera_constants.h,CreateDHItem,CAMERA_POSITION_KEY,functionimpl,var,Use,23.0,True,2182,1423,['utils'],['utils'],utils,utils
140,74,services/cameraservice/cameraoperator/handler/src/dcamera_handler_common.cpp,common/include/constants/distributed_camera_constants.h,CreateDHItem,CAMERA_CODEC_TYPE_KEY,functionimpl,var,Use,23.0,True,2182,1414,['utils'],['utils'],utils,utils
140,74,services/cameraservice/cameraoperator/handler/src/dcamera_handler_common.cpp,common/include/constants/distributed_camera_constants.h,CreateDHItem,CAMERA_FORMAT_VIDEO,functionimpl,var,Use,23.0,True,2182,1418,['utils'],['utils'],utils,utils
140,74,services/cameraservice/cameraoperator/handler/src/dcamera_handler_common.cpp,common/include/constants/distributed_camera_constants.h,CreateDHItem,CAMERA_FORMAT_PREVIEW,functionimpl,var,Use,23.0,True,2182,1417,['utils'],['utils'],utils,utils
140,74,services/cameraservice/cameraoperator/handler/src/dcamera_handler_common.cpp,common/include/constants/distributed_camera_constants.h,CreateDHItem,CAMERA_FORMAT_PHOTO,functionimpl,var,Use,23.0,True,2182,1416,['utils'],['utils'],utils,utils
140,74,services/cameraservice/cameraoperator/handler/src/dcamera_handler_common.cpp,common/include/constants/distributed_camera_constants.h,CreateDHItem,CAMERA_FORMAT_KEY,functionimpl,var,Use,23.0,True,2182,1415,['utils'],['utils'],utils,utils
140,74,services/cameraservice/cameraoperator/handler/src/dcamera_handler_common.cpp,common/include/constants/distributed_camera_constants.h,CreateDHItem,CAMERA_RESOLUTION_KEY,functionimpl,var,Use,23.0,True,2182,1427,['utils'],['utils'],utils,utils
140,74,services/cameraservice/cameraoperator/handler/src/dcamera_handler_common.cpp,common/include/constants/distributed_camera_constants.h,CreateDHItem,CAMERA_METADATA_KEY,functionimpl,var,Use,23.0,True,2182,1420,['utils'],['utils'],utils,utils
140,74,services/cameraservice/cameraoperator/handler/src/dcamera_handler_common.cpp,common/include/constants/distributed_camera_constants.h,GetCameraPosition,CAMERA_POSITION_BACK,functionimpl,var,Use,23.0,True,2183,1421,['utils'],['utils'],utils,utils
140,74,services/cameraservice/cameraoperator/handler/src/dcamera_handler_common.cpp,common/include/constants/distributed_camera_constants.h,GetCameraPosition,CAMERA_POSITION_FRONT,functionimpl,var,Use,23.0,True,2183,1422,['utils'],['utils'],utils,utils
140,74,services/cameraservice/cameraoperator/handler/src/dcamera_handler_common.cpp,common/include/constants/distributed_camera_constants.h,GetCameraPosition,CAMERA_POSITION_UNSPECIFIED,functionimpl,var,Use,23.0,True,2183,1424,['utils'],['utils'],utils,utils
140,74,services/cameraservice/cameraoperator/handler/src/dcamera_handler_common.cpp,common/include/constants/distributed_camera_constants.h,IsValid,RESOLUTION_MIN_WIDTH,functionimpl,var,Use,23.0,True,2188,1445,['utils'],['utils'],utils,utils
140,74,services/cameraservice/cameraoperator/handler/src/dcamera_handler_common.cpp,common/include/constants/distributed_camera_constants.h,IsValid,RESOLUTION_MIN_HEIGHT,functionimpl,var,Use,23.0,True,2188,1444,['utils'],['utils'],utils,utils
140,74,services/cameraservice/cameraoperator/handler/src/dcamera_handler_common.cpp,common/include/constants/distributed_camera_constants.h,IsValid,RESOLUTION_MAX_WIDTH_CONTINUOUS,functionimpl,var,Use,23.0,True,2188,1442,['utils'],['utils'],utils,utils
140,74,services/cameraservice/cameraoperator/handler/src/dcamera_handler_common.cpp,common/include/constants/distributed_camera_constants.h,IsValid,RESOLUTION_MAX_HEIGHT_CONTINUOUS,functionimpl,var,Use,23.0,True,2188,1440,['utils'],['utils'],utils,utils
140,74,services/cameraservice/cameraoperator/handler/src/dcamera_handler_common.cpp,common/include/constants/distributed_camera_constants.h,IsValid,RESOLUTION_MAX_WIDTH_SNAPSHOT,functionimpl,var,Use,23.0,True,2188,1443,['utils'],['utils'],utils,utils
140,74,services/cameraservice/cameraoperator/handler/src/dcamera_handler_common.cpp,common/include/constants/distributed_camera_constants.h,IsValid,RESOLUTION_MAX_HEIGHT_SNAPSHOT,functionimpl,var,Use,23.0,True,2188,1441,['utils'],['utils'],utils,utils
127,74,services/cameraservice/cameraoperator/client/src/callback/dcamera_photo_callback.cpp,common/include/constants/distributed_camera_constants.h,,,file,file,Import,1.0,False,,,['utils'],['utils'],utils,utils
258,75,services/data_process/include/interfaces/idata_process_pipeline.h,common/include/constants/distributed_camera_errno.h,,,file,file,Import,1.0,False,,,['CameraDataProcessCommon'],['utils'],CameraDataProcessCommon,utils
261,76,services/data_process/include/pipeline/dcamera_pipeline_source.h,common/include/utils/data_buffer.h,,,file,file,Import,1.0,False,,,['CameraDataPostProcess'],['utils'],CameraDataPostProcess,utils
258,76,services/data_process/include/interfaces/idata_process_pipeline.h,common/include/utils/data_buffer.h,,,file,file,Import,1.0,False,,,['CameraDataProcessCommon'],['utils'],CameraDataProcessCommon,utils
7,10,camera_hdf/hdi_impl/include/dstream_operator/doffline_stream_operator.h,camera_hdf/hdi_impl/include/utils/dcamera.h,,,file,file,Import,1.0,False,,,['VirtualCameraHdf'],['VirtualCameraHdf'],VirtualCameraHdf,VirtualCameraHdf
278,267,services/data_process/src/pipeline_node/multimedia_codec/encode_data_process_common.cpp,services/data_process/include/pipeline_node/multimedia_codec/encode_video_callback.h,,,file,file,Import,1.0,False,,,['CameraDataProcessCommon'],['CameraDataProcessCommon'],CameraDataProcessCommon,CameraDataProcessCommon
278,267,services/data_process/src/pipeline_node/multimedia_codec/encode_data_process_common.cpp,services/data_process/include/pipeline_node/multimedia_codec/encode_video_callback.h,InitEncoder,EncodeVideoCallback,functionimpl,type,Use,1.0,True,4508,4100,['CameraDataProcessCommon'],['CameraDataProcessCommon'],CameraDataProcessCommon,CameraDataProcessCommon
100,73,services/cameraservice/base/include/dcamera_capture_info_cmd.h,camera_hdf/interfaces/include/types.h,,,file,file,Import,1.0,False,,,['CameraServiceCommon'],['VirtualCameraHdf'],CameraServiceCommon,VirtualCameraHdf
100,73,services/cameraservice/base/include/dcamera_capture_info_cmd.h,camera_hdf/interfaces/include/types.h,captureSettings_,DCameraSettings,var,alias,Use,1.0,True,1755,1377,['CameraServiceCommon'],['VirtualCameraHdf'],CameraServiceCommon,VirtualCameraHdf
100,73,services/cameraservice/base/include/dcamera_capture_info_cmd.h,camera_hdf/interfaces/include/types.h,captureSettings_,DCameraSettings,var,alias,Parameter,1.0,True,1755,1377,['CameraServiceCommon'],['VirtualCameraHdf'],CameraServiceCommon,VirtualCameraHdf
100,73,services/cameraservice/base/include/dcamera_capture_info_cmd.h,camera_hdf/interfaces/include/types.h,DCameraCaptureInfo,_DCEncodeType,type,type,Contain,2.0,True,1753,1384,['CameraServiceCommon'],['VirtualCameraHdf'],CameraServiceCommon,VirtualCameraHdf
100,73,services/cameraservice/base/include/dcamera_capture_info_cmd.h,camera_hdf/interfaces/include/types.h,DCameraCaptureInfo,_DCStreamType,type,type,Contain,2.0,True,1753,1387,['CameraServiceCommon'],['VirtualCameraHdf'],CameraServiceCommon,VirtualCameraHdf
278,268,services/data_process/src/pipeline_node/multimedia_codec/encode_data_process_common.cpp,services/data_process/include/utils/image_common_type.h,IsInEncoderRange,GetWidth,functionimpl,functionproto,Call,8.0,True,4513,4109,['CameraDataProcessCommon'],['CameraDataProcessCommon'],CameraDataProcessCommon,CameraDataProcessCommon
278,268,services/data_process/src/pipeline_node/multimedia_codec/encode_data_process_common.cpp,services/data_process/include/utils/image_common_type.h,IsInEncoderRange,GetHeight,functionimpl,functionproto,Call,8.0,True,4513,4106,['CameraDataProcessCommon'],['CameraDataProcessCommon'],CameraDataProcessCommon,CameraDataProcessCommon
278,268,services/data_process/src/pipeline_node/multimedia_codec/encode_data_process_common.cpp,services/data_process/include/utils/image_common_type.h,IsInEncoderRange,GetFrameRate,functionimpl,functionproto,Call,8.0,True,4513,4105,['CameraDataProcessCommon'],['CameraDataProcessCommon'],CameraDataProcessCommon,CameraDataProcessCommon
278,268,services/data_process/src/pipeline_node/multimedia_codec/encode_data_process_common.cpp,services/data_process/include/utils/image_common_type.h,IsConvertible,GetVideoCodecType,functionimpl,functionproto,Call,8.0,True,4512,4107,['CameraDataProcessCommon'],['CameraDataProcessCommon'],CameraDataProcessCommon,CameraDataProcessCommon
278,268,services/data_process/src/pipeline_node/multimedia_codec/encode_data_process_common.cpp,services/data_process/include/utils/image_common_type.h,GetSourceConfig,VideoConfigParams,functionimpl,type,Return,2.0,True,4506,4117,['CameraDataProcessCommon'],['CameraDataProcessCommon'],CameraDataProcessCommon,CameraDataProcessCommon
278,268,services/data_process/src/pipeline_node/multimedia_codec/encode_data_process_common.cpp,services/data_process/include/utils/image_common_type.h,GetTargetConfig,VideoConfigParams,functionimpl,type,Return,2.0,True,4507,4117,['CameraDataProcessCommon'],['CameraDataProcessCommon'],CameraDataProcessCommon,CameraDataProcessCommon
278,268,services/data_process/src/pipeline_node/multimedia_codec/encode_data_process_common.cpp,services/data_process/include/utils/image_common_type.h,IsConvertible,NO_CODEC,functionimpl,var,Use,1.0,True,4512,4121,['CameraDataProcessCommon'],['CameraDataProcessCommon'],CameraDataProcessCommon,CameraDataProcessCommon
278,268,services/data_process/src/pipeline_node/multimedia_codec/encode_data_process_common.cpp,services/data_process/include/utils/image_common_type.h,IsInEncoderRange,VideoConfigParams,functionimpl,type,Parameter,3.0,True,4513,4117,['CameraDataProcessCommon'],['CameraDataProcessCommon'],CameraDataProcessCommon,CameraDataProcessCommon
278,268,services/data_process/src/pipeline_node/multimedia_codec/encode_data_process_common.cpp,services/data_process/include/utils/image_common_type.h,IsConvertible,VideoConfigParams,functionimpl,type,Parameter,3.0,True,4512,4117,['CameraDataProcessCommon'],['CameraDataProcessCommon'],CameraDataProcessCommon,CameraDataProcessCommon
100,74,services/cameraservice/base/include/dcamera_capture_info_cmd.h,common/include/constants/distributed_camera_constants.h,,,file,file,Import,1.0,False,,,['CameraServiceCommon'],['utils'],CameraServiceCommon,utils
261,75,services/data_process/include/pipeline/dcamera_pipeline_source.h,common/include/constants/distributed_camera_errno.h,,,file,file,Import,1.0,False,,,['CameraDataPostProcess'],['utils'],CameraDataPostProcess,utils
278,266,services/data_process/src/pipeline_node/multimedia_codec/encode_data_process_common.cpp,services/data_process/include/pipeline_node/multimedia_codec/encode_data_process.h,,,file,file,Import,1.0,False,,,['CameraDataProcessCommon'],['CameraDataProcessCommon'],CameraDataProcessCommon,CameraDataProcessCommon
278,266,services/data_process/src/pipeline_node/multimedia_codec/encode_data_process_common.cpp,services/data_process/include/pipeline_node/multimedia_codec/encode_data_process.h,~EncodeDataProcess,~EncodeDataProcess,functionimpl,functionproto,Implement,20.0,True,4520,4088,['CameraDataProcessCommon'],['CameraDataProcessCommon'],CameraDataProcessCommon,CameraDataProcessCommon
278,266,services/data_process/src/pipeline_node/multimedia_codec/encode_data_process_common.cpp,services/data_process/include/pipeline_node/multimedia_codec/encode_data_process.h,InitNode,InitNode,functionimpl,functionproto,Implement,20.0,True,4511,4079,['CameraDataProcessCommon'],['CameraDataProcessCommon'],CameraDataProcessCommon,CameraDataProcessCommon
278,266,services/data_process/src/pipeline_node/multimedia_codec/encode_data_process_common.cpp,services/data_process/include/pipeline_node/multimedia_codec/encode_data_process.h,IsInEncoderRange,IsInEncoderRange,functionimpl,functionproto,Implement,20.0,True,4513,4081,['CameraDataProcessCommon'],['CameraDataProcessCommon'],CameraDataProcessCommon,CameraDataProcessCommon
278,266,services/data_process/src/pipeline_node/multimedia_codec/encode_data_process_common.cpp,services/data_process/include/pipeline_node/multimedia_codec/encode_data_process.h,IsConvertible,IsConvertible,functionimpl,functionproto,Implement,20.0,True,4512,4080,['CameraDataProcessCommon'],['CameraDataProcessCommon'],CameraDataProcessCommon,CameraDataProcessCommon
278,266,services/data_process/src/pipeline_node/multimedia_codec/encode_data_process_common.cpp,services/data_process/include/pipeline_node/multimedia_codec/encode_data_process.h,InitEncoder,InitEncoder,functionimpl,functionproto,Implement,20.0,True,4508,4076,['CameraDataProcessCommon'],['CameraDataProcessCommon'],CameraDataProcessCommon,CameraDataProcessCommon
278,266,services/data_process/src/pipeline_node/multimedia_codec/encode_data_process_common.cpp,services/data_process/include/pipeline_node/multimedia_codec/encode_data_process.h,InitEncoderMetadataFormat,InitEncoderMetadataFormat,functionimpl,functionproto,Implement,20.0,True,4510,4078,['CameraDataProcessCommon'],['CameraDataProcessCommon'],CameraDataProcessCommon,CameraDataProcessCommon
278,266,services/data_process/src/pipeline_node/multimedia_codec/encode_data_process_common.cpp,services/data_process/include/pipeline_node/multimedia_codec/encode_data_process.h,InitEncoderBitrateFormat,InitEncoderBitrateFormat,functionimpl,functionproto,Implement,20.0,True,4509,4077,['CameraDataProcessCommon'],['CameraDataProcessCommon'],CameraDataProcessCommon,CameraDataProcessCommon
278,266,services/data_process/src/pipeline_node/multimedia_codec/encode_data_process_common.cpp,services/data_process/include/pipeline_node/multimedia_codec/encode_data_process.h,ReleaseProcessNode,ReleaseProcessNode,functionimpl,functionproto,Implement,20.0,True,4519,4087,['CameraDataProcessCommon'],['CameraDataProcessCommon'],CameraDataProcessCommon,CameraDataProcessCommon
278,266,services/data_process/src/pipeline_node/multimedia_codec/encode_data_process_common.cpp,services/data_process/include/pipeline_node/multimedia_codec/encode_data_process.h,ProcessData,ProcessData,functionimpl,functionproto,Implement,20.0,True,4518,4086,['CameraDataProcessCommon'],['CameraDataProcessCommon'],CameraDataProcessCommon,CameraDataProcessCommon
278,266,services/data_process/src/pipeline_node/multimedia_codec/encode_data_process_common.cpp,services/data_process/include/pipeline_node/multimedia_codec/encode_data_process.h,FeedEncoderInputBuffer,FeedEncoderInputBuffer,functionimpl,functionproto,Implement,20.0,True,4502,4070,['CameraDataProcessCommon'],['CameraDataProcessCommon'],CameraDataProcessCommon,CameraDataProcessCommon
278,266,services/data_process/src/pipeline_node/multimedia_codec/encode_data_process_common.cpp,services/data_process/include/pipeline_node/multimedia_codec/encode_data_process.h,GetEncoderInputSurfaceBuffer,GetEncoderInputSurfaceBuffer,functionimpl,functionproto,Implement,20.0,True,4503,4071,['CameraDataProcessCommon'],['CameraDataProcessCommon'],CameraDataProcessCommon,CameraDataProcessCommon
278,266,services/data_process/src/pipeline_node/multimedia_codec/encode_data_process_common.cpp,services/data_process/include/pipeline_node/multimedia_codec/encode_data_process.h,GetEncoderTimeStamp,GetEncoderTimeStamp,functionimpl,functionproto,Implement,20.0,True,4505,4073,['CameraDataProcessCommon'],['CameraDataProcessCommon'],CameraDataProcessCommon,CameraDataProcessCommon
278,266,services/data_process/src/pipeline_node/multimedia_codec/encode_data_process_common.cpp,services/data_process/include/pipeline_node/multimedia_codec/encode_data_process.h,GetEncoderOutputBuffer,GetEncoderOutputBuffer,functionimpl,functionproto,Implement,20.0,True,4504,4072,['CameraDataProcessCommon'],['CameraDataProcessCommon'],CameraDataProcessCommon,CameraDataProcessCommon
278,266,services/data_process/src/pipeline_node/multimedia_codec/encode_data_process_common.cpp,services/data_process/include/pipeline_node/multimedia_codec/encode_data_process.h,EncodeDone,EncodeDone,functionimpl,functionproto,Implement,20.0,True,4501,4069,['CameraDataProcessCommon'],['CameraDataProcessCommon'],CameraDataProcessCommon,CameraDataProcessCommon
278,266,services/data_process/src/pipeline_node/multimedia_codec/encode_data_process_common.cpp,services/data_process/include/pipeline_node/multimedia_codec/encode_data_process.h,OnError,OnError,functionimpl,functionproto,Implement,20.0,True,4514,4082,['CameraDataProcessCommon'],['CameraDataProcessCommon'],CameraDataProcessCommon,CameraDataProcessCommon
278,266,services/data_process/src/pipeline_node/multimedia_codec/encode_data_process_common.cpp,services/data_process/include/pipeline_node/multimedia_codec/encode_data_process.h,OnInputBufferAvailable,OnInputBufferAvailable,functionimpl,functionproto,Implement,20.0,True,4515,4083,['CameraDataProcessCommon'],['CameraDataProcessCommon'],CameraDataProcessCommon,CameraDataProcessCommon
278,266,services/data_process/src/pipeline_node/multimedia_codec/encode_data_process_common.cpp,services/data_process/include/pipeline_node/multimedia_codec/encode_data_process.h,OnOutputFormatChanged,OnOutputFormatChanged,functionimpl,functionproto,Implement,20.0,True,4517,4085,['CameraDataProcessCommon'],['CameraDataProcessCommon'],CameraDataProcessCommon,CameraDataProcessCommon
278,266,services/data_process/src/pipeline_node/multimedia_codec/encode_data_process_common.cpp,services/data_process/include/pipeline_node/multimedia_codec/encode_data_process.h,OnOutputBufferAvailable,OnOutputBufferAvailable,functionimpl,functionproto,Implement,20.0,True,4516,4084,['CameraDataProcessCommon'],['CameraDataProcessCommon'],CameraDataProcessCommon,CameraDataProcessCommon
278,266,services/data_process/src/pipeline_node/multimedia_codec/encode_data_process_common.cpp,services/data_process/include/pipeline_node/multimedia_codec/encode_data_process.h,GetSourceConfig,GetSourceConfig,functionimpl,functionproto,Implement,20.0,True,4506,4074,['CameraDataProcessCommon'],['CameraDataProcessCommon'],CameraDataProcessCommon,CameraDataProcessCommon
278,266,services/data_process/src/pipeline_node/multimedia_codec/encode_data_process_common.cpp,services/data_process/include/pipeline_node/multimedia_codec/encode_data_process.h,GetTargetConfig,GetTargetConfig,functionimpl,functionproto,Implement,20.0,True,4507,4075,['CameraDataProcessCommon'],['CameraDataProcessCommon'],CameraDataProcessCommon,CameraDataProcessCommon
278,260,services/data_process/src/pipeline_node/multimedia_codec/encode_data_process_common.cpp,services/data_process/include/pipeline/dcamera_pipeline_sink.h,EncodeDone,DCameraPipelineSink,functionimpl,type,Use,2.0,True,4501,3962,['CameraDataProcessCommon'],['CameraDataPreProcess'],CameraDataProcessCommon,CameraDataPreProcess
278,260,services/data_process/src/pipeline_node/multimedia_codec/encode_data_process_common.cpp,services/data_process/include/pipeline/dcamera_pipeline_sink.h,OnError,DCameraPipelineSink,functionimpl,type,Use,2.0,True,4514,3962,['CameraDataProcessCommon'],['CameraDataPreProcess'],CameraDataProcessCommon,CameraDataPreProcess
216,197,services/cameraservice/sourceservice/include/distributedcameramgr/dcamerastate/dcamera_source_state.h,services/cameraservice/sourceservice/include/distributedcameramgr/dcamera_source_event.h,,,file,file,Import,1.0,False,,,['DistributedCameraSourceMgr'],['DistributedCameraSourceMgr'],DistributedCameraSourceMgr,DistributedCameraSourceMgr
216,197,services/cameraservice/sourceservice/include/distributedcameramgr/dcamerastate/dcamera_source_state.h,services/cameraservice/sourceservice/include/distributedcameramgr/dcamera_source_event.h,Execute,DCAMERA_EVENT,functionproto,alias,Parameter,2.0,True,3103,2855,['DistributedCameraSourceMgr'],['DistributedCameraSourceMgr'],DistributedCameraSourceMgr,DistributedCameraSourceMgr
216,197,services/cameraservice/sourceservice/include/distributedcameramgr/dcamerastate/dcamera_source_state.h,services/cameraservice/sourceservice/include/distributedcameramgr/dcamera_source_event.h,Execute,DCameraSourceEvent,functionproto,type,Parameter,2.0,True,3103,2869,['DistributedCameraSourceMgr'],['DistributedCameraSourceMgr'],DistributedCameraSourceMgr,DistributedCameraSourceMgr
0,8,camera_hdf/hdi_impl/include/dcamera_device/dcamera_device.h,camera_hdf/hdi_impl/include/dstream_operator/dstream_operator.h,,,file,file,Import,1.0,False,,,['VirtualCameraHdf'],['VirtualCameraHdf'],VirtualCameraHdf,VirtualCameraHdf
0,8,camera_hdf/hdi_impl/include/dcamera_device/dcamera_device.h,camera_hdf/hdi_impl/include/dstream_operator/dstream_operator.h,dCameraStreamOperator_,DStreamOperator,var,type,Use,1.0,True,26,203,['VirtualCameraHdf'],['VirtualCameraHdf'],VirtualCameraHdf,VirtualCameraHdf
0,8,camera_hdf/hdi_impl/include/dcamera_device/dcamera_device.h,camera_hdf/hdi_impl/include/dstream_operator/dstream_operator.h,dCameraStreamOperator_,DStreamOperator,var,type,Parameter,1.0,True,26,203,['VirtualCameraHdf'],['VirtualCameraHdf'],VirtualCameraHdf,VirtualCameraHdf
278,257,services/data_process/src/pipeline_node/multimedia_codec/encode_data_process_common.cpp,services/data_process/include/interfaces/data_process_listener.h,OnError,ERROR_PIPELINE_ENCODER,functionimpl,var,Use,1.0,True,4514,3944,['CameraDataProcessCommon'],['CameraDataProcessCommon'],CameraDataProcessCommon,CameraDataProcessCommon
0,1,camera_hdf/hdi_impl/include/dcamera_device/dcamera_device.h,camera_hdf/hdi_impl/include/dcamera_device/dmetadata_processor.h,,,file,file,Import,1.0,False,,,['VirtualCameraHdf'],['VirtualCameraHdf'],VirtualCameraHdf,VirtualCameraHdf
0,1,camera_hdf/hdi_impl/include/dcamera_device/dcamera_device.h,camera_hdf/hdi_impl/include/dcamera_device/dmetadata_processor.h,dMetadataProcessor_,DMetadataProcessor,var,type,Use,1.0,True,27,50,['VirtualCameraHdf'],['VirtualCameraHdf'],VirtualCameraHdf,VirtualCameraHdf
0,1,camera_hdf/hdi_impl/include/dcamera_device/dcamera_device.h,camera_hdf/hdi_impl/include/dcamera_device/dmetadata_processor.h,dMetadataProcessor_,DMetadataProcessor,var,type,Parameter,1.0,True,27,50,['VirtualCameraHdf'],['VirtualCameraHdf'],VirtualCameraHdf,VirtualCameraHdf
110,74,services/cameraservice/base/src/dcamera_event_cmd.cpp,common/include/constants/distributed_camera_constants.h,,,file,file,Import,1.0,False,,,['CameraServiceCommon'],['utils'],CameraServiceCommon,utils
129,119,services/cameraservice/cameraoperator/client/src/callback/dcamera_session_callback.cpp,services/cameraservice/cameraoperator/client/include/callback/dcamera_session_callback.h,,,file,file,Import,1.0,False,,,['utils'],['utils'],utils,utils
129,119,services/cameraservice/cameraoperator/client/src/callback/dcamera_session_callback.cpp,services/cameraservice/cameraoperator/client/include/callback/dcamera_session_callback.h,DCameraSessionCallback,DCameraSessionCallback,functionimpl,functionproto,Implement,2.0,True,1995,1914,['utils'],['utils'],utils,utils
129,119,services/cameraservice/cameraoperator/client/src/callback/dcamera_session_callback.cpp,services/cameraservice/cameraoperator/client/include/callback/dcamera_session_callback.h,OnError,OnError,functionimpl,functionproto,Implement,2.0,True,1996,1915,['utils'],['utils'],utils,utils
110,75,services/cameraservice/base/src/dcamera_event_cmd.cpp,common/include/constants/distributed_camera_errno.h,,,file,file,Import,1.0,False,,,['CameraServiceCommon'],['utils'],CameraServiceCommon,utils
248,76,services/channel/include/dcamera_softbus_session.h,common/include/utils/data_buffer.h,packBuffer_,DataBuffer,var,type,Use,1.0,True,3728,1470,['ChannelCommon'],['utils'],ChannelCommon,utils
248,76,services/channel/include/dcamera_softbus_session.h,common/include/utils/data_buffer.h,packBuffer_,DataBuffer,var,type,Parameter,1.0,True,3728,1470,['ChannelCommon'],['utils'],ChannelCommon,utils
128,102,services/cameraservice/cameraoperator/client/src/callback/dcamera_preview_callback.cpp,services/cameraservice/base/include/dcamera_event_cmd.h,OnError,DCameraEvent,functionimpl,type,Use,1.0,True,1988,1771,['utils'],['CameraServiceCommon'],utils,CameraServiceCommon
128,118,services/cameraservice/cameraoperator/client/src/callback/dcamera_preview_callback.cpp,services/cameraservice/cameraoperator/client/include/callback/dcamera_preview_callback.h,,,file,file,Import,1.0,False,,,['utils'],['utils'],utils,utils
128,118,services/cameraservice/cameraoperator/client/src/callback/dcamera_preview_callback.cpp,services/cameraservice/cameraoperator/client/include/callback/dcamera_preview_callback.h,DCameraPreviewCallback,DCameraPreviewCallback,functionimpl,functionproto,Implement,4.0,True,1987,1907,['utils'],['utils'],utils,utils
128,118,services/cameraservice/cameraoperator/client/src/callback/dcamera_preview_callback.cpp,services/cameraservice/cameraoperator/client/include/callback/dcamera_preview_callback.h,OnFrameStarted,OnFrameStarted,functionimpl,functionproto,Implement,4.0,True,1990,1910,['utils'],['utils'],utils,utils
128,118,services/cameraservice/cameraoperator/client/src/callback/dcamera_preview_callback.cpp,services/cameraservice/cameraoperator/client/include/callback/dcamera_preview_callback.h,OnFrameEnded,OnFrameEnded,functionimpl,functionproto,Implement,4.0,True,1989,1909,['utils'],['utils'],utils,utils
128,118,services/cameraservice/cameraoperator/client/src/callback/dcamera_preview_callback.cpp,services/cameraservice/cameraoperator/client/include/callback/dcamera_preview_callback.h,OnError,OnError,functionimpl,functionproto,Implement,4.0,True,1988,1908,['utils'],['utils'],utils,utils
122,100,services/cameraservice/cameraoperator/client/include/icamera_operator.h,services/cameraservice/base/include/dcamera_capture_info_cmd.h,,,file,file,Import,1.0,False,,,['utils'],['CameraServiceCommon'],utils,CameraServiceCommon
122,102,services/cameraservice/cameraoperator/client/include/icamera_operator.h,services/cameraservice/base/include/dcamera_event_cmd.h,,,file,file,Import,1.0,False,,,['utils'],['CameraServiceCommon'],utils,CameraServiceCommon
30,31,camera_hdf/interfaces/hdi_ipc/client/host/dcamera_host_callback.cpp,camera_hdf/interfaces/hdi_ipc/client/host/dcamera_host_callback.h,,,file,file,Import,1.0,False,,,['VirtualCameraHdf'],['VirtualCameraHdf'],VirtualCameraHdf,VirtualCameraHdf
30,31,camera_hdf/interfaces/hdi_ipc/client/host/dcamera_host_callback.cpp,camera_hdf/interfaces/hdi_ipc/client/host/dcamera_host_callback.h,OnCameraStatus,OnCameraStatus,functionimpl,functionproto,Implement,3.0,True,811,815,['VirtualCameraHdf'],['VirtualCameraHdf'],VirtualCameraHdf,VirtualCameraHdf
30,31,camera_hdf/interfaces/hdi_ipc/client/host/dcamera_host_callback.cpp,camera_hdf/interfaces/hdi_ipc/client/host/dcamera_host_callback.h,OnFlashlightStatus,OnFlashlightStatus,functionimpl,functionproto,Implement,3.0,True,812,816,['VirtualCameraHdf'],['VirtualCameraHdf'],VirtualCameraHdf,VirtualCameraHdf
30,31,camera_hdf/interfaces/hdi_ipc/client/host/dcamera_host_callback.cpp,camera_hdf/interfaces/hdi_ipc/client/host/dcamera_host_callback.h,OnCameraEvent,OnCameraEvent,functionimpl,functionproto,Implement,3.0,True,810,814,['VirtualCameraHdf'],['VirtualCameraHdf'],VirtualCameraHdf,VirtualCameraHdf
271,76,services/data_process/src/pipeline/dcamera_pipeline_source.cpp,common/include/utils/data_buffer.h,OnEvent,DataBuffer,functionimpl,type,Use,1.0,True,4163,1470,['CameraDataPostProcess'],['utils'],CameraDataPostProcess,utils
14,9,camera_hdf/hdi_impl/src/dcamera_provider/dcamera_provider.cpp,camera_hdf/hdi_impl/include/utils/constants.h,,,file,file,Import,1.0,False,,,['VirtualCameraHdf'],['VirtualCameraHdf'],VirtualCameraHdf,VirtualCameraHdf
14,9,camera_hdf/hdi_impl/src/dcamera_provider/dcamera_provider.cpp,camera_hdf/hdi_impl/include/utils/constants.h,StartCapture,INGNORE_STR_LEN,functionimpl,var,Use,3.0,True,438,232,['VirtualCameraHdf'],['VirtualCameraHdf'],VirtualCameraHdf,VirtualCameraHdf
14,9,camera_hdf/hdi_impl/src/dcamera_provider/dcamera_provider.cpp,camera_hdf/hdi_impl/include/utils/constants.h,IsDhBaseInfoInvalid,DEVID_MAX_LENGTH,functionimpl,var,Use,3.0,True,432,227,['VirtualCameraHdf'],['VirtualCameraHdf'],VirtualCameraHdf,VirtualCameraHdf
14,9,camera_hdf/hdi_impl/src/dcamera_provider/dcamera_provider.cpp,camera_hdf/hdi_impl/include/utils/constants.h,IsDhBaseInfoInvalid,DHID_MAX_LENGTH,functionimpl,var,Use,3.0,True,432,228,['VirtualCameraHdf'],['VirtualCameraHdf'],VirtualCameraHdf,VirtualCameraHdf
129,102,services/cameraservice/cameraoperator/client/src/callback/dcamera_session_callback.cpp,services/cameraservice/base/include/dcamera_event_cmd.h,OnError,DCameraEvent,functionimpl,type,Use,1.0,True,1996,1771,['utils'],['CameraServiceCommon'],utils,CameraServiceCommon
201,73,services/cameraservice/sourceservice/include/distributedcameramgr/dcameradata/dcamera_source_data_process.h,camera_hdf/interfaces/include/types.h,,,file,file,Import,1.0,False,,,['DistributedCameraSourceMgr'],['VirtualCameraHdf'],DistributedCameraSourceMgr,VirtualCameraHdf
201,73,services/cameraservice/sourceservice/include/distributedcameramgr/dcameradata/dcamera_source_data_process.h,camera_hdf/interfaces/include/types.h,DCameraSourceDataProcess,DCStreamType,functionproto,alias,Parameter,1.0,True,2927,1373,['DistributedCameraSourceMgr'],['VirtualCameraHdf'],DistributedCameraSourceMgr,VirtualCameraHdf
201,73,services/cameraservice/sourceservice/include/distributedcameramgr/dcameradata/dcamera_source_data_process.h,camera_hdf/interfaces/include/types.h,DCameraSourceDataProcess,_DCStreamType,type,type,Contain,1.0,True,2934,1387,['DistributedCameraSourceMgr'],['VirtualCameraHdf'],DistributedCameraSourceMgr,VirtualCameraHdf
14,3,camera_hdf/hdi_impl/src/dcamera_provider/dcamera_provider.cpp,camera_hdf/hdi_impl/include/dcamera_provider/dcamera_provider.h,,,file,file,Import,1.0,False,,,['VirtualCameraHdf'],['VirtualCameraHdf'],VirtualCameraHdf,VirtualCameraHdf
14,3,camera_hdf/hdi_impl/src/dcamera_provider/dcamera_provider.cpp,camera_hdf/hdi_impl/include/dcamera_provider/dcamera_provider.h,instance_,DCameraProvider,var,type,Use,2.0,True,451,94,['VirtualCameraHdf'],['VirtualCameraHdf'],VirtualCameraHdf,VirtualCameraHdf
14,3,camera_hdf/hdi_impl/src/dcamera_provider/dcamera_provider.cpp,camera_hdf/hdi_impl/include/dcamera_provider/dcamera_provider.h,GetInstance,DCameraProvider,functionimpl,type,Use,2.0,True,431,94,['VirtualCameraHdf'],['VirtualCameraHdf'],VirtualCameraHdf,VirtualCameraHdf
14,3,camera_hdf/hdi_impl/src/dcamera_provider/dcamera_provider.cpp,camera_hdf/hdi_impl/include/dcamera_provider/dcamera_provider.h,GetInstance,GetInstance,functionimpl,functionproto,Implement,17.0,True,431,83,['VirtualCameraHdf'],['VirtualCameraHdf'],VirtualCameraHdf,VirtualCameraHdf
14,3,camera_hdf/hdi_impl/src/dcamera_provider/dcamera_provider.cpp,camera_hdf/hdi_impl/include/dcamera_provider/dcamera_provider.h,EnableDCameraDevice,EnableDCameraDevice,functionimpl,functionproto,Implement,17.0,True,428,80,['VirtualCameraHdf'],['VirtualCameraHdf'],VirtualCameraHdf,VirtualCameraHdf
14,3,camera_hdf/hdi_impl/src/dcamera_provider/dcamera_provider.cpp,camera_hdf/hdi_impl/include/dcamera_provider/dcamera_provider.h,DisableDCameraDevice,DisableDCameraDevice,functionimpl,functionproto,Implement,17.0,True,427,79,['VirtualCameraHdf'],['VirtualCameraHdf'],VirtualCameraHdf,VirtualCameraHdf
14,3,camera_hdf/hdi_impl/src/dcamera_provider/dcamera_provider.cpp,camera_hdf/hdi_impl/include/dcamera_provider/dcamera_provider.h,AcquireBuffer,AcquireBuffer,functionimpl,functionproto,Implement,17.0,True,424,76,['VirtualCameraHdf'],['VirtualCameraHdf'],VirtualCameraHdf,VirtualCameraHdf
14,3,camera_hdf/hdi_impl/src/dcamera_provider/dcamera_provider.cpp,camera_hdf/hdi_impl/include/dcamera_provider/dcamera_provider.h,ShutterBuffer,ShutterBuffer,functionimpl,functionproto,Implement,17.0,True,437,89,['VirtualCameraHdf'],['VirtualCameraHdf'],VirtualCameraHdf,VirtualCameraHdf
14,3,camera_hdf/hdi_impl/src/dcamera_provider/dcamera_provider.cpp,camera_hdf/hdi_impl/include/dcamera_provider/dcamera_provider.h,OnSettingsResult,OnSettingsResult,functionimpl,functionproto,Implement,17.0,True,434,86,['VirtualCameraHdf'],['VirtualCameraHdf'],VirtualCameraHdf,VirtualCameraHdf
14,3,camera_hdf/hdi_impl/src/dcamera_provider/dcamera_provider.cpp,camera_hdf/hdi_impl/include/dcamera_provider/dcamera_provider.h,Notify,Notify,functionimpl,functionproto,Implement,17.0,True,433,85,['VirtualCameraHdf'],['VirtualCameraHdf'],VirtualCameraHdf,VirtualCameraHdf
14,3,camera_hdf/hdi_impl/src/dcamera_provider/dcamera_provider.cpp,camera_hdf/hdi_impl/include/dcamera_provider/dcamera_provider.h,OpenSession,OpenSession,functionimpl,functionproto,Implement,17.0,True,435,87,['VirtualCameraHdf'],['VirtualCameraHdf'],VirtualCameraHdf,VirtualCameraHdf
14,3,camera_hdf/hdi_impl/src/dcamera_provider/dcamera_provider.cpp,camera_hdf/hdi_impl/include/dcamera_provider/dcamera_provider.h,CloseSession,CloseSession,functionimpl,functionproto,Implement,17.0,True,425,77,['VirtualCameraHdf'],['VirtualCameraHdf'],VirtualCameraHdf,VirtualCameraHdf
14,3,camera_hdf/hdi_impl/src/dcamera_provider/dcamera_provider.cpp,camera_hdf/hdi_impl/include/dcamera_provider/dcamera_provider.h,ConfigureStreams,ConfigureStreams,functionimpl,functionproto,Implement,17.0,True,426,78,['VirtualCameraHdf'],['VirtualCameraHdf'],VirtualCameraHdf,VirtualCameraHdf
14,3,camera_hdf/hdi_impl/src/dcamera_provider/dcamera_provider.cpp,camera_hdf/hdi_impl/include/dcamera_provider/dcamera_provider.h,ReleaseStreams,ReleaseStreams,functionimpl,functionproto,Implement,17.0,True,436,88,['VirtualCameraHdf'],['VirtualCameraHdf'],VirtualCameraHdf,VirtualCameraHdf
14,3,camera_hdf/hdi_impl/src/dcamera_provider/dcamera_provider.cpp,camera_hdf/hdi_impl/include/dcamera_provider/dcamera_provider.h,StartCapture,StartCapture,functionimpl,functionproto,Implement,17.0,True,438,90,['VirtualCameraHdf'],['VirtualCameraHdf'],VirtualCameraHdf,VirtualCameraHdf
14,3,camera_hdf/hdi_impl/src/dcamera_provider/dcamera_provider.cpp,camera_hdf/hdi_impl/include/dcamera_provider/dcamera_provider.h,StopCapture,StopCapture,functionimpl,functionproto,Implement,17.0,True,439,91,['VirtualCameraHdf'],['VirtualCameraHdf'],VirtualCameraHdf,VirtualCameraHdf
14,3,camera_hdf/hdi_impl/src/dcamera_provider/dcamera_provider.cpp,camera_hdf/hdi_impl/include/dcamera_provider/dcamera_provider.h,UpdateSettings,UpdateSettings,functionimpl,functionproto,Implement,17.0,True,440,92,['VirtualCameraHdf'],['VirtualCameraHdf'],VirtualCameraHdf,VirtualCameraHdf
14,3,camera_hdf/hdi_impl/src/dcamera_provider/dcamera_provider.cpp,camera_hdf/hdi_impl/include/dcamera_provider/dcamera_provider.h,IsDhBaseInfoInvalid,IsDhBaseInfoInvalid,functionimpl,functionproto,Implement,17.0,True,432,84,['VirtualCameraHdf'],['VirtualCameraHdf'],VirtualCameraHdf,VirtualCameraHdf
14,3,camera_hdf/hdi_impl/src/dcamera_provider/dcamera_provider.cpp,camera_hdf/hdi_impl/include/dcamera_provider/dcamera_provider.h,GetCallbackBydhBase,GetCallbackBydhBase,functionimpl,functionproto,Implement,17.0,True,429,81,['VirtualCameraHdf'],['VirtualCameraHdf'],VirtualCameraHdf,VirtualCameraHdf
14,3,camera_hdf/hdi_impl/src/dcamera_provider/dcamera_provider.cpp,camera_hdf/hdi_impl/include/dcamera_provider/dcamera_provider.h,GetDCameraDevice,GetDCameraDevice,functionimpl,functionproto,Implement,17.0,True,430,82,['VirtualCameraHdf'],['VirtualCameraHdf'],VirtualCameraHdf,VirtualCameraHdf
14,3,camera_hdf/hdi_impl/src/dcamera_provider/dcamera_provider.cpp,camera_hdf/hdi_impl/include/dcamera_provider/dcamera_provider.h,instance_,DCameraProvider,var,type,Parameter,2.0,True,451,94,['VirtualCameraHdf'],['VirtualCameraHdf'],VirtualCameraHdf,VirtualCameraHdf
14,3,camera_hdf/hdi_impl/src/dcamera_provider/dcamera_provider.cpp,camera_hdf/hdi_impl/include/dcamera_provider/dcamera_provider.h,GetInstance,DCameraProvider,functionimpl,type,Parameter,2.0,True,431,94,['VirtualCameraHdf'],['VirtualCameraHdf'],VirtualCameraHdf,VirtualCameraHdf
14,3,camera_hdf/hdi_impl/src/dcamera_provider/dcamera_provider.cpp,camera_hdf/hdi_impl/include/dcamera_provider/dcamera_provider.h,DistributedHardware,AutoRelease,package,type,Contain,1.0,True,441,93,['VirtualCameraHdf'],['VirtualCameraHdf'],VirtualCameraHdf,VirtualCameraHdf
14,2,camera_hdf/hdi_impl/src/dcamera_provider/dcamera_provider.cpp,camera_hdf/hdi_impl/include/dcamera_host/dcamera_host.h,EnableDCameraDevice,GetInstance,functionimpl,functionproto,Call,3.0,True,428,61,['VirtualCameraHdf'],['VirtualCameraHdf'],VirtualCameraHdf,VirtualCameraHdf
14,2,camera_hdf/hdi_impl/src/dcamera_provider/dcamera_provider.cpp,camera_hdf/hdi_impl/include/dcamera_host/dcamera_host.h,DisableDCameraDevice,GetInstance,functionimpl,functionproto,Call,3.0,True,427,61,['VirtualCameraHdf'],['VirtualCameraHdf'],VirtualCameraHdf,VirtualCameraHdf
14,2,camera_hdf/hdi_impl/src/dcamera_provider/dcamera_provider.cpp,camera_hdf/hdi_impl/include/dcamera_host/dcamera_host.h,GetDCameraDevice,GetInstance,functionimpl,functionproto,Call,3.0,True,430,61,['VirtualCameraHdf'],['VirtualCameraHdf'],VirtualCameraHdf,VirtualCameraHdf
14,2,camera_hdf/hdi_impl/src/dcamera_provider/dcamera_provider.cpp,camera_hdf/hdi_impl/include/dcamera_host/dcamera_host.h,,,file,file,Import,1.0,False,,,['VirtualCameraHdf'],['VirtualCameraHdf'],VirtualCameraHdf,VirtualCameraHdf
14,2,camera_hdf/hdi_impl/src/dcamera_provider/dcamera_provider.cpp,camera_hdf/hdi_impl/include/dcamera_host/dcamera_host.h,EnableDCameraDevice,DCameraHost,functionimpl,type,Use,3.0,True,428,69,['VirtualCameraHdf'],['VirtualCameraHdf'],VirtualCameraHdf,VirtualCameraHdf
14,2,camera_hdf/hdi_impl/src/dcamera_provider/dcamera_provider.cpp,camera_hdf/hdi_impl/include/dcamera_host/dcamera_host.h,DisableDCameraDevice,DCameraHost,functionimpl,type,Use,3.0,True,427,69,['VirtualCameraHdf'],['VirtualCameraHdf'],VirtualCameraHdf,VirtualCameraHdf
14,2,camera_hdf/hdi_impl/src/dcamera_provider/dcamera_provider.cpp,camera_hdf/hdi_impl/include/dcamera_host/dcamera_host.h,GetDCameraDevice,DCameraHost,functionimpl,type,Use,3.0,True,430,69,['VirtualCameraHdf'],['VirtualCameraHdf'],VirtualCameraHdf,VirtualCameraHdf
14,0,camera_hdf/hdi_impl/src/dcamera_provider/dcamera_provider.cpp,camera_hdf/hdi_impl/include/dcamera_device/dcamera_device.h,,,file,file,Import,1.0,False,,,['VirtualCameraHdf'],['VirtualCameraHdf'],VirtualCameraHdf,VirtualCameraHdf
14,0,camera_hdf/hdi_impl/src/dcamera_provider/dcamera_provider.cpp,camera_hdf/hdi_impl/include/dcamera_device/dcamera_device.h,AcquireBuffer,DCameraDevice,functionimpl,type,Use,6.0,True,424,24,['VirtualCameraHdf'],['VirtualCameraHdf'],VirtualCameraHdf,VirtualCameraHdf
14,0,camera_hdf/hdi_impl/src/dcamera_provider/dcamera_provider.cpp,camera_hdf/hdi_impl/include/dcamera_device/dcamera_device.h,ShutterBuffer,DCameraDevice,functionimpl,type,Use,6.0,True,437,24,['VirtualCameraHdf'],['VirtualCameraHdf'],VirtualCameraHdf,VirtualCameraHdf
14,0,camera_hdf/hdi_impl/src/dcamera_provider/dcamera_provider.cpp,camera_hdf/hdi_impl/include/dcamera_device/dcamera_device.h,OnSettingsResult,DCameraDevice,functionimpl,type,Use,6.0,True,434,24,['VirtualCameraHdf'],['VirtualCameraHdf'],VirtualCameraHdf,VirtualCameraHdf
14,0,camera_hdf/hdi_impl/src/dcamera_provider/dcamera_provider.cpp,camera_hdf/hdi_impl/include/dcamera_device/dcamera_device.h,Notify,DCameraDevice,functionimpl,type,Use,6.0,True,433,24,['VirtualCameraHdf'],['VirtualCameraHdf'],VirtualCameraHdf,VirtualCameraHdf
14,0,camera_hdf/hdi_impl/src/dcamera_provider/dcamera_provider.cpp,camera_hdf/hdi_impl/include/dcamera_device/dcamera_device.h,GetCallbackBydhBase,DCameraDevice,functionimpl,type,Use,6.0,True,429,24,['VirtualCameraHdf'],['VirtualCameraHdf'],VirtualCameraHdf,VirtualCameraHdf
14,0,camera_hdf/hdi_impl/src/dcamera_provider/dcamera_provider.cpp,camera_hdf/hdi_impl/include/dcamera_device/dcamera_device.h,GetDCameraDevice,DCameraDevice,functionimpl,type,Use,6.0,True,430,24,['VirtualCameraHdf'],['VirtualCameraHdf'],VirtualCameraHdf,VirtualCameraHdf
14,0,camera_hdf/hdi_impl/src/dcamera_provider/dcamera_provider.cpp,camera_hdf/hdi_impl/include/dcamera_device/dcamera_device.h,GetDCameraDevice,DCameraDevice,functionimpl,type,Parameter,1.0,True,430,24,['VirtualCameraHdf'],['VirtualCameraHdf'],VirtualCameraHdf,VirtualCameraHdf
121,123,services/cameraservice/cameraoperator/client/include/dcamera_client.h,services/cameraservice/cameraoperator/client/include/listener/dcamera_photo_surface_listener.h,,,file,file,Import,1.0,False,,,['utils'],['utils'],utils,utils
121,123,services/cameraservice/cameraoperator/client/include/dcamera_client.h,services/cameraservice/cameraoperator/client/include/listener/dcamera_photo_surface_listener.h,photoListener_,DCameraPhotoSurfaceListener,var,type,Use,1.0,True,1944,1955,['utils'],['utils'],utils,utils
121,123,services/cameraservice/cameraoperator/client/include/dcamera_client.h,services/cameraservice/cameraoperator/client/include/listener/dcamera_photo_surface_listener.h,photoListener_,DCameraPhotoSurfaceListener,var,type,Parameter,1.0,True,1944,1955,['utils'],['utils'],utils,utils
121,124,services/cameraservice/cameraoperator/client/include/dcamera_client.h,services/cameraservice/cameraoperator/client/include/listener/dcamera_video_surface_listener.h,,,file,file,Import,1.0,False,,,['utils'],['utils'],utils,utils
121,124,services/cameraservice/cameraoperator/client/include/dcamera_client.h,services/cameraservice/cameraoperator/client/include/listener/dcamera_video_surface_listener.h,videoListener_,DCameraVideoSurfaceListener,var,type,Use,1.0,True,1947,1960,['utils'],['utils'],utils,utils
121,124,services/cameraservice/cameraoperator/client/include/dcamera_client.h,services/cameraservice/cameraoperator/client/include/listener/dcamera_video_surface_listener.h,videoListener_,DCameraVideoSurfaceListener,var,type,Parameter,1.0,True,1947,1960,['utils'],['utils'],utils,utils
127,117,services/cameraservice/cameraoperator/client/src/callback/dcamera_photo_callback.cpp,services/cameraservice/cameraoperator/client/include/callback/dcamera_photo_callback.h,,,file,file,Import,1.0,False,,,['utils'],['utils'],utils,utils
127,117,services/cameraservice/cameraoperator/client/src/callback/dcamera_photo_callback.cpp,services/cameraservice/cameraoperator/client/include/callback/dcamera_photo_callback.h,DCameraPhotoCallback,DCameraPhotoCallback,functionimpl,functionproto,Implement,5.0,True,1975,1899,['utils'],['utils'],utils,utils
127,117,services/cameraservice/cameraoperator/client/src/callback/dcamera_photo_callback.cpp,services/cameraservice/cameraoperator/client/include/callback/dcamera_photo_callback.h,OnCaptureStarted,OnCaptureStarted,functionimpl,functionproto,Implement,5.0,True,1978,1902,['utils'],['utils'],utils,utils
127,117,services/cameraservice/cameraoperator/client/src/callback/dcamera_photo_callback.cpp,services/cameraservice/cameraoperator/client/include/callback/dcamera_photo_callback.h,OnCaptureEnded,OnCaptureEnded,functionimpl,functionproto,Implement,5.0,True,1976,1900,['utils'],['utils'],utils,utils
127,117,services/cameraservice/cameraoperator/client/src/callback/dcamera_photo_callback.cpp,services/cameraservice/cameraoperator/client/include/callback/dcamera_photo_callback.h,OnFrameShutter,OnFrameShutter,functionimpl,functionproto,Implement,5.0,True,1979,1903,['utils'],['utils'],utils,utils
127,117,services/cameraservice/cameraoperator/client/src/callback/dcamera_photo_callback.cpp,services/cameraservice/cameraoperator/client/include/callback/dcamera_photo_callback.h,OnCaptureError,OnCaptureError,functionimpl,functionproto,Implement,5.0,True,1977,1901,['utils'],['utils'],utils,utils
121,122,services/cameraservice/cameraoperator/client/include/dcamera_client.h,services/cameraservice/cameraoperator/client/include/icamera_operator.h,,,file,file,Import,1.0,False,,,['utils'],['utils'],utils,utils
121,122,services/cameraservice/cameraoperator/client/include/dcamera_client.h,services/cameraservice/cameraoperator/client/include/icamera_operator.h,DCameraClient,ICameraOperator,type,type,Extend,1.0,True,1943,1949,['utils'],['utils'],utils,utils
121,122,services/cameraservice/cameraoperator/client/include/dcamera_client.h,services/cameraservice/cameraoperator/client/include/icamera_operator.h,stateCallback_,StateCallback,var,type,Use,2.0,True,1946,1951,['utils'],['utils'],utils,utils
121,122,services/cameraservice/cameraoperator/client/include/dcamera_client.h,services/cameraservice/cameraoperator/client/include/icamera_operator.h,resultCallback_,ResultCallback,var,type,Use,2.0,True,1945,1950,['utils'],['utils'],utils,utils
121,122,services/cameraservice/cameraoperator/client/include/dcamera_client.h,services/cameraservice/cameraoperator/client/include/icamera_operator.h,stateCallback_,StateCallback,var,type,Parameter,2.0,True,1946,1951,['utils'],['utils'],utils,utils
121,122,services/cameraservice/cameraoperator/client/include/dcamera_client.h,services/cameraservice/cameraoperator/client/include/icamera_operator.h,resultCallback_,ResultCallback,var,type,Parameter,2.0,True,1945,1950,['utils'],['utils'],utils,utils
215,197,services/cameraservice/sourceservice/include/distributedcameramgr/dcamerastate/dcamera_source_regist_state.h,services/cameraservice/sourceservice/include/distributedcameramgr/dcamera_source_event.h,Execute,DCAMERA_EVENT,functionproto,alias,Parameter,7.0,True,3097,2855,['DistributedCameraSourceMgr'],['DistributedCameraSourceMgr'],DistributedCameraSourceMgr,DistributedCameraSourceMgr
215,197,services/cameraservice/sourceservice/include/distributedcameramgr/dcamerastate/dcamera_source_regist_state.h,services/cameraservice/sourceservice/include/distributedcameramgr/dcamera_source_event.h,Execute,DCameraSourceEvent,functionproto,type,Parameter,7.0,True,3097,2869,['DistributedCameraSourceMgr'],['DistributedCameraSourceMgr'],DistributedCameraSourceMgr,DistributedCameraSourceMgr
215,197,services/cameraservice/sourceservice/include/distributedcameramgr/dcamerastate/dcamera_source_regist_state.h,services/cameraservice/sourceservice/include/distributedcameramgr/dcamera_source_event.h,DoRegisterTask,DCameraSourceEvent,functionproto,type,Parameter,7.0,True,3095,2869,['DistributedCameraSourceMgr'],['DistributedCameraSourceMgr'],DistributedCameraSourceMgr,DistributedCameraSourceMgr
215,197,services/cameraservice/sourceservice/include/distributedcameramgr/dcamerastate/dcamera_source_regist_state.h,services/cameraservice/sourceservice/include/distributedcameramgr/dcamera_source_event.h,DoUnregisterTask,DCameraSourceEvent,functionproto,type,Parameter,7.0,True,3096,2869,['DistributedCameraSourceMgr'],['DistributedCameraSourceMgr'],DistributedCameraSourceMgr,DistributedCameraSourceMgr
215,197,services/cameraservice/sourceservice/include/distributedcameramgr/dcamerastate/dcamera_source_regist_state.h,services/cameraservice/sourceservice/include/distributedcameramgr/dcamera_source_event.h,DoOpenTask,DCameraSourceEvent,functionproto,type,Parameter,7.0,True,3094,2869,['DistributedCameraSourceMgr'],['DistributedCameraSourceMgr'],DistributedCameraSourceMgr,DistributedCameraSourceMgr
215,197,services/cameraservice/sourceservice/include/distributedcameramgr/dcamerastate/dcamera_source_regist_state.h,services/cameraservice/sourceservice/include/distributedcameramgr/dcamera_source_event.h,DoCloseTask,DCameraSourceEvent,functionproto,type,Parameter,7.0,True,3092,2869,['DistributedCameraSourceMgr'],['DistributedCameraSourceMgr'],DistributedCameraSourceMgr,DistributedCameraSourceMgr
215,197,services/cameraservice/sourceservice/include/distributedcameramgr/dcamerastate/dcamera_source_regist_state.h,services/cameraservice/sourceservice/include/distributedcameramgr/dcamera_source_event.h,DoEventNofityTask,DCameraSourceEvent,functionproto,type,Parameter,7.0,True,3093,2869,['DistributedCameraSourceMgr'],['DistributedCameraSourceMgr'],DistributedCameraSourceMgr,DistributedCameraSourceMgr
93,94,interfaces/inner_kits/native_cpp/camera_source/include/distributed_camera_source_proxy.h,interfaces/inner_kits/native_cpp/camera_source/include/idistributed_camera_source.h,,,file,file,Import,1.0,False,,,['DistributedCameraSourceMgr'],['DistributedCameraSourceMgr'],DistributedCameraSourceMgr,DistributedCameraSourceMgr
153,76,services/cameraservice/sinkservice/include/distributedcameramgr/eventbus/dcamera_photo_output_event.h,common/include/utils/data_buffer.h,,,file,file,Import,1.0,False,,,['DistributedCameraSinkMgr'],['utils'],DistributedCameraSinkMgr,utils
153,76,services/cameraservice/sinkservice/include/distributedcameramgr/eventbus/dcamera_photo_output_event.h,common/include/utils/data_buffer.h,GetParam,DataBuffer,functionproto,type,Use,2.0,True,2362,1470,['DistributedCameraSinkMgr'],['utils'],DistributedCameraSinkMgr,utils
153,76,services/cameraservice/sinkservice/include/distributedcameramgr/eventbus/dcamera_photo_output_event.h,common/include/utils/data_buffer.h,param_,DataBuffer,var,type,Use,2.0,True,2364,1470,['DistributedCameraSinkMgr'],['utils'],DistributedCameraSinkMgr,utils
153,76,services/cameraservice/sinkservice/include/distributedcameramgr/eventbus/dcamera_photo_output_event.h,common/include/utils/data_buffer.h,GetParam,DataBuffer,functionproto,type,Parameter,2.0,True,2362,1470,['DistributedCameraSinkMgr'],['utils'],DistributedCameraSinkMgr,utils
153,76,services/cameraservice/sinkservice/include/distributedcameramgr/eventbus/dcamera_photo_output_event.h,common/include/utils/data_buffer.h,param_,DataBuffer,var,type,Parameter,2.0,True,2364,1470,['DistributedCameraSinkMgr'],['utils'],DistributedCameraSinkMgr,utils
277,257,services/data_process/src/pipeline_node/multimedia_codec/encode_data_process.cpp,services/data_process/include/interfaces/data_process_listener.h,OnError,ERROR_PIPELINE_ENCODER,functionimpl,var,Use,1.0,True,4465,3944,['CameraDataProcessCommon'],['CameraDataProcessCommon'],CameraDataProcessCommon,CameraDataProcessCommon
127,102,services/cameraservice/cameraoperator/client/src/callback/dcamera_photo_callback.cpp,services/cameraservice/base/include/dcamera_event_cmd.h,OnCaptureError,DCameraEvent,functionimpl,type,Use,1.0,True,1977,1771,['utils'],['CameraServiceCommon'],utils,CameraServiceCommon
196,77,services/cameraservice/sourceservice/include/distributedcameramgr/dcamera_source_dev.h,common/include/utils/dcamera_index.h,,,file,file,Import,1.0,False,,,['DistributedCameraSourceMgr'],['utils'],DistributedCameraSourceMgr,utils
196,77,services/cameraservice/sourceservice/include/distributedcameramgr/dcamera_source_dev.h,common/include/utils/dcamera_index.h,actualDevInfo_,DCameraIndex,var,type,Use,1.0,True,2847,1475,['DistributedCameraSourceMgr'],['utils'],DistributedCameraSourceMgr,utils
196,77,services/cameraservice/sourceservice/include/distributedcameramgr/dcamera_source_dev.h,common/include/utils/dcamera_index.h,OpenSession,DCameraIndex,functionproto,type,Parameter,3.0,True,2838,1475,['DistributedCameraSourceMgr'],['utils'],DistributedCameraSourceMgr,utils
196,77,services/cameraservice/sourceservice/include/distributedcameramgr/dcamera_source_dev.h,common/include/utils/dcamera_index.h,CloseSession,DCameraIndex,functionproto,type,Parameter,3.0,True,2817,1475,['DistributedCameraSourceMgr'],['utils'],DistributedCameraSourceMgr,utils
196,77,services/cameraservice/sourceservice/include/distributedcameramgr/dcamera_source_dev.h,common/include/utils/dcamera_index.h,actualDevInfo_,DCameraIndex,var,type,Parameter,3.0,True,2847,1475,['DistributedCameraSourceMgr'],['utils'],DistributedCameraSourceMgr,utils
40,41,camera_hdf/interfaces/hdi_ipc/client/operator/dstream_operator_callback_stub.cpp,camera_hdf/interfaces/hdi_ipc/client/operator/dstream_operator_callback_stub.h,,,file,file,Import,1.0,False,,,['VirtualCameraHdf'],['VirtualCameraHdf'],VirtualCameraHdf,VirtualCameraHdf
40,41,camera_hdf/interfaces/hdi_ipc/client/operator/dstream_operator_callback_stub.cpp,camera_hdf/interfaces/hdi_ipc/client/operator/dstream_operator_callback_stub.h,OnRemoteRequest,OnRemoteRequest,functionimpl,functionproto,Implement,5.0,True,893,909,['VirtualCameraHdf'],['VirtualCameraHdf'],VirtualCameraHdf,VirtualCameraHdf
40,41,camera_hdf/interfaces/hdi_ipc/client/operator/dstream_operator_callback_stub.cpp,camera_hdf/interfaces/hdi_ipc/client/operator/dstream_operator_callback_stub.h,OnCaptureStartedStub,OnCaptureStartedStub,functionimpl,functionproto,Implement,5.0,True,891,907,['VirtualCameraHdf'],['VirtualCameraHdf'],VirtualCameraHdf,VirtualCameraHdf
40,41,camera_hdf/interfaces/hdi_ipc/client/operator/dstream_operator_callback_stub.cpp,camera_hdf/interfaces/hdi_ipc/client/operator/dstream_operator_callback_stub.h,OnCaptureEndedStub,OnCaptureEndedStub,functionimpl,functionproto,Implement,5.0,True,889,905,['VirtualCameraHdf'],['VirtualCameraHdf'],VirtualCameraHdf,VirtualCameraHdf
40,41,camera_hdf/interfaces/hdi_ipc/client/operator/dstream_operator_callback_stub.cpp,camera_hdf/interfaces/hdi_ipc/client/operator/dstream_operator_callback_stub.h,OnCaptureErrorStub,OnCaptureErrorStub,functionimpl,functionproto,Implement,5.0,True,890,906,['VirtualCameraHdf'],['VirtualCameraHdf'],VirtualCameraHdf,VirtualCameraHdf
40,41,camera_hdf/interfaces/hdi_ipc/client/operator/dstream_operator_callback_stub.cpp,camera_hdf/interfaces/hdi_ipc/client/operator/dstream_operator_callback_stub.h,OnFrameShutterStub,OnFrameShutterStub,functionimpl,functionproto,Implement,5.0,True,892,908,['VirtualCameraHdf'],['VirtualCameraHdf'],VirtualCameraHdf,VirtualCameraHdf
16,9,camera_hdf/hdi_impl/src/dstream_operator/dcamera_steam.cpp,camera_hdf/hdi_impl/include/utils/constants.h,,,file,file,Import,1.0,False,,,['VirtualCameraHdf'],['VirtualCameraHdf'],VirtualCameraHdf,VirtualCameraHdf
16,9,camera_hdf/hdi_impl/src/dstream_operator/dcamera_steam.cpp,camera_hdf/hdi_impl/include/utils/constants.h,InitDCameraStream,BUFFER_QUEUE_SIZE,functionimpl,var,Use,6.0,True,489,222,['VirtualCameraHdf'],['VirtualCameraHdf'],VirtualCameraHdf,VirtualCameraHdf
16,9,camera_hdf/hdi_impl/src/dstream_operator/dcamera_steam.cpp,camera_hdf/hdi_impl/include/utils/constants.h,FinishCommitStream,BUFFER_QUEUE_SIZE,functionimpl,var,Use,6.0,True,481,222,['VirtualCameraHdf'],['VirtualCameraHdf'],VirtualCameraHdf,VirtualCameraHdf
16,9,camera_hdf/hdi_impl/src/dstream_operator/dcamera_steam.cpp,camera_hdf/hdi_impl/include/utils/constants.h,ReturnDCameraBuffer,YUV_WIDTH_RATIO,functionimpl,var,Use,6.0,True,491,247,['VirtualCameraHdf'],['VirtualCameraHdf'],VirtualCameraHdf,VirtualCameraHdf
16,9,camera_hdf/hdi_impl/src/dstream_operator/dcamera_steam.cpp,camera_hdf/hdi_impl/include/utils/constants.h,ReturnDCameraBuffer,YUV_HEIGHT_RATIO,functionimpl,var,Use,6.0,True,491,246,['VirtualCameraHdf'],['VirtualCameraHdf'],VirtualCameraHdf,VirtualCameraHdf
277,266,services/data_process/src/pipeline_node/multimedia_codec/encode_data_process.cpp,services/data_process/include/pipeline_node/multimedia_codec/encode_data_process.h,,,file,file,Import,1.0,False,,,['CameraDataProcessCommon'],['CameraDataProcessCommon'],CameraDataProcessCommon,CameraDataProcessCommon
277,266,services/data_process/src/pipeline_node/multimedia_codec/encode_data_process.cpp,services/data_process/include/pipeline_node/multimedia_codec/encode_data_process.h,~EncodeDataProcess,~EncodeDataProcess,functionimpl,functionproto,Implement,20.0,True,4471,4088,['CameraDataProcessCommon'],['CameraDataProcessCommon'],CameraDataProcessCommon,CameraDataProcessCommon
277,266,services/data_process/src/pipeline_node/multimedia_codec/encode_data_process.cpp,services/data_process/include/pipeline_node/multimedia_codec/encode_data_process.h,InitNode,InitNode,functionimpl,functionproto,Implement,20.0,True,4462,4079,['CameraDataProcessCommon'],['CameraDataProcessCommon'],CameraDataProcessCommon,CameraDataProcessCommon
277,266,services/data_process/src/pipeline_node/multimedia_codec/encode_data_process.cpp,services/data_process/include/pipeline_node/multimedia_codec/encode_data_process.h,IsInEncoderRange,IsInEncoderRange,functionimpl,functionproto,Implement,20.0,True,4464,4081,['CameraDataProcessCommon'],['CameraDataProcessCommon'],CameraDataProcessCommon,CameraDataProcessCommon
277,266,services/data_process/src/pipeline_node/multimedia_codec/encode_data_process.cpp,services/data_process/include/pipeline_node/multimedia_codec/encode_data_process.h,IsConvertible,IsConvertible,functionimpl,functionproto,Implement,20.0,True,4463,4080,['CameraDataProcessCommon'],['CameraDataProcessCommon'],CameraDataProcessCommon,CameraDataProcessCommon
277,266,services/data_process/src/pipeline_node/multimedia_codec/encode_data_process.cpp,services/data_process/include/pipeline_node/multimedia_codec/encode_data_process.h,InitEncoder,InitEncoder,functionimpl,functionproto,Implement,20.0,True,4459,4076,['CameraDataProcessCommon'],['CameraDataProcessCommon'],CameraDataProcessCommon,CameraDataProcessCommon
277,266,services/data_process/src/pipeline_node/multimedia_codec/encode_data_process.cpp,services/data_process/include/pipeline_node/multimedia_codec/encode_data_process.h,InitEncoderMetadataFormat,InitEncoderMetadataFormat,functionimpl,functionproto,Implement,20.0,True,4461,4078,['CameraDataProcessCommon'],['CameraDataProcessCommon'],CameraDataProcessCommon,CameraDataProcessCommon
277,266,services/data_process/src/pipeline_node/multimedia_codec/encode_data_process.cpp,services/data_process/include/pipeline_node/multimedia_codec/encode_data_process.h,InitEncoderBitrateFormat,InitEncoderBitrateFormat,functionimpl,functionproto,Implement,20.0,True,4460,4077,['CameraDataProcessCommon'],['CameraDataProcessCommon'],CameraDataProcessCommon,CameraDataProcessCommon
277,266,services/data_process/src/pipeline_node/multimedia_codec/encode_data_process.cpp,services/data_process/include/pipeline_node/multimedia_codec/encode_data_process.h,ReleaseProcessNode,ReleaseProcessNode,functionimpl,functionproto,Implement,20.0,True,4470,4087,['CameraDataProcessCommon'],['CameraDataProcessCommon'],CameraDataProcessCommon,CameraDataProcessCommon
277,266,services/data_process/src/pipeline_node/multimedia_codec/encode_data_process.cpp,services/data_process/include/pipeline_node/multimedia_codec/encode_data_process.h,ProcessData,ProcessData,functionimpl,functionproto,Implement,20.0,True,4469,4086,['CameraDataProcessCommon'],['CameraDataProcessCommon'],CameraDataProcessCommon,CameraDataProcessCommon
277,266,services/data_process/src/pipeline_node/multimedia_codec/encode_data_process.cpp,services/data_process/include/pipeline_node/multimedia_codec/encode_data_process.h,FeedEncoderInputBuffer,FeedEncoderInputBuffer,functionimpl,functionproto,Implement,20.0,True,4453,4070,['CameraDataProcessCommon'],['CameraDataProcessCommon'],CameraDataProcessCommon,CameraDataProcessCommon
277,266,services/data_process/src/pipeline_node/multimedia_codec/encode_data_process.cpp,services/data_process/include/pipeline_node/multimedia_codec/encode_data_process.h,GetEncoderInputSurfaceBuffer,GetEncoderInputSurfaceBuffer,functionimpl,functionproto,Implement,20.0,True,4454,4071,['CameraDataProcessCommon'],['CameraDataProcessCommon'],CameraDataProcessCommon,CameraDataProcessCommon
277,266,services/data_process/src/pipeline_node/multimedia_codec/encode_data_process.cpp,services/data_process/include/pipeline_node/multimedia_codec/encode_data_process.h,GetEncoderTimeStamp,GetEncoderTimeStamp,functionimpl,functionproto,Implement,20.0,True,4456,4073,['CameraDataProcessCommon'],['CameraDataProcessCommon'],CameraDataProcessCommon,CameraDataProcessCommon
277,266,services/data_process/src/pipeline_node/multimedia_codec/encode_data_process.cpp,services/data_process/include/pipeline_node/multimedia_codec/encode_data_process.h,GetEncoderOutputBuffer,GetEncoderOutputBuffer,functionimpl,functionproto,Implement,20.0,True,4455,4072,['CameraDataProcessCommon'],['CameraDataProcessCommon'],CameraDataProcessCommon,CameraDataProcessCommon
277,266,services/data_process/src/pipeline_node/multimedia_codec/encode_data_process.cpp,services/data_process/include/pipeline_node/multimedia_codec/encode_data_process.h,EncodeDone,EncodeDone,functionimpl,functionproto,Implement,20.0,True,4452,4069,['CameraDataProcessCommon'],['CameraDataProcessCommon'],CameraDataProcessCommon,CameraDataProcessCommon
277,266,services/data_process/src/pipeline_node/multimedia_codec/encode_data_process.cpp,services/data_process/include/pipeline_node/multimedia_codec/encode_data_process.h,OnError,OnError,functionimpl,functionproto,Implement,20.0,True,4465,4082,['CameraDataProcessCommon'],['CameraDataProcessCommon'],CameraDataProcessCommon,CameraDataProcessCommon
277,266,services/data_process/src/pipeline_node/multimedia_codec/encode_data_process.cpp,services/data_process/include/pipeline_node/multimedia_codec/encode_data_process.h,OnInputBufferAvailable,OnInputBufferAvailable,functionimpl,functionproto,Implement,20.0,True,4466,4083,['CameraDataProcessCommon'],['CameraDataProcessCommon'],CameraDataProcessCommon,CameraDataProcessCommon
277,266,services/data_process/src/pipeline_node/multimedia_codec/encode_data_process.cpp,services/data_process/include/pipeline_node/multimedia_codec/encode_data_process.h,OnOutputFormatChanged,OnOutputFormatChanged,functionimpl,functionproto,Implement,20.0,True,4468,4085,['CameraDataProcessCommon'],['CameraDataProcessCommon'],CameraDataProcessCommon,CameraDataProcessCommon
277,266,services/data_process/src/pipeline_node/multimedia_codec/encode_data_process.cpp,services/data_process/include/pipeline_node/multimedia_codec/encode_data_process.h,OnOutputBufferAvailable,OnOutputBufferAvailable,functionimpl,functionproto,Implement,20.0,True,4467,4084,['CameraDataProcessCommon'],['CameraDataProcessCommon'],CameraDataProcessCommon,CameraDataProcessCommon
277,266,services/data_process/src/pipeline_node/multimedia_codec/encode_data_process.cpp,services/data_process/include/pipeline_node/multimedia_codec/encode_data_process.h,GetSourceConfig,GetSourceConfig,functionimpl,functionproto,Implement,20.0,True,4457,4074,['CameraDataProcessCommon'],['CameraDataProcessCommon'],CameraDataProcessCommon,CameraDataProcessCommon
277,266,services/data_process/src/pipeline_node/multimedia_codec/encode_data_process.cpp,services/data_process/include/pipeline_node/multimedia_codec/encode_data_process.h,GetTargetConfig,GetTargetConfig,functionimpl,functionproto,Implement,20.0,True,4458,4075,['CameraDataProcessCommon'],['CameraDataProcessCommon'],CameraDataProcessCommon,CameraDataProcessCommon
0,72,camera_hdf/hdi_impl/include/dcamera_device/dcamera_device.h,camera_hdf/interfaces/include/idistributed_camera_provider_callback.h,,,file,file,Import,1.0,False,,,['VirtualCameraHdf'],['VirtualCameraHdf'],VirtualCameraHdf,VirtualCameraHdf
0,72,camera_hdf/hdi_impl/include/dcamera_device/dcamera_device.h,camera_hdf/interfaces/include/idistributed_camera_provider_callback.h,GetProviderCallback,IDCameraProviderCallback,functionproto,type,Use,2.0,True,13,1369,['VirtualCameraHdf'],['VirtualCameraHdf'],VirtualCameraHdf,VirtualCameraHdf
0,72,camera_hdf/hdi_impl/include/dcamera_device/dcamera_device.h,camera_hdf/interfaces/include/idistributed_camera_provider_callback.h,dCameraProviderCallback_,IDCameraProviderCallback,var,type,Use,2.0,True,25,1369,['VirtualCameraHdf'],['VirtualCameraHdf'],VirtualCameraHdf,VirtualCameraHdf
0,72,camera_hdf/hdi_impl/include/dcamera_device/dcamera_device.h,camera_hdf/interfaces/include/idistributed_camera_provider_callback.h,GetProviderCallback,IDCameraProviderCallback,functionproto,type,Parameter,2.0,True,13,1369,['VirtualCameraHdf'],['VirtualCameraHdf'],VirtualCameraHdf,VirtualCameraHdf
0,72,camera_hdf/hdi_impl/include/dcamera_device/dcamera_device.h,camera_hdf/interfaces/include/idistributed_camera_provider_callback.h,dCameraProviderCallback_,IDCameraProviderCallback,var,type,Parameter,2.0,True,25,1369,['VirtualCameraHdf'],['VirtualCameraHdf'],VirtualCameraHdf,VirtualCameraHdf
277,267,services/data_process/src/pipeline_node/multimedia_codec/encode_data_process.cpp,services/data_process/include/pipeline_node/multimedia_codec/encode_video_callback.h,,,file,file,Import,1.0,False,,,['CameraDataProcessCommon'],['CameraDataProcessCommon'],CameraDataProcessCommon,CameraDataProcessCommon
277,267,services/data_process/src/pipeline_node/multimedia_codec/encode_data_process.cpp,services/data_process/include/pipeline_node/multimedia_codec/encode_video_callback.h,InitEncoder,EncodeVideoCallback,functionimpl,type,Use,1.0,True,4459,4100,['CameraDataProcessCommon'],['CameraDataProcessCommon'],CameraDataProcessCommon,CameraDataProcessCommon
0,73,camera_hdf/hdi_impl/include/dcamera_device/dcamera_device.h,camera_hdf/interfaces/include/types.h,,,file,file,Import,1.0,False,,,['VirtualCameraHdf'],['VirtualCameraHdf'],VirtualCameraHdf,VirtualCameraHdf
0,73,camera_hdf/hdi_impl/include/dcamera_device/dcamera_device.h,camera_hdf/interfaces/include/types.h,AcquireBuffer,DCamRetCode,functionproto,alias,Return,5.0,True,3,1374,['VirtualCameraHdf'],['VirtualCameraHdf'],VirtualCameraHdf,VirtualCameraHdf
0,73,camera_hdf/hdi_impl/include/dcamera_device/dcamera_device.h,camera_hdf/interfaces/include/types.h,ShutterBuffer,DCamRetCode,functionproto,alias,Return,5.0,True,22,1374,['VirtualCameraHdf'],['VirtualCameraHdf'],VirtualCameraHdf,VirtualCameraHdf
0,73,camera_hdf/hdi_impl/include/dcamera_device/dcamera_device.h,camera_hdf/interfaces/include/types.h,OnSettingsResult,DCamRetCode,functionproto,alias,Return,5.0,True,18,1374,['VirtualCameraHdf'],['VirtualCameraHdf'],VirtualCameraHdf,VirtualCameraHdf
0,73,camera_hdf/hdi_impl/include/dcamera_device/dcamera_device.h,camera_hdf/interfaces/include/types.h,Notify,DCamRetCode,functionproto,alias,Return,5.0,True,17,1374,['VirtualCameraHdf'],['VirtualCameraHdf'],VirtualCameraHdf,VirtualCameraHdf
0,73,camera_hdf/hdi_impl/include/dcamera_device/dcamera_device.h,camera_hdf/interfaces/include/types.h,CreateDStreamOperator,DCamRetCode,functionproto,alias,Return,5.0,True,5,1374,['VirtualCameraHdf'],['VirtualCameraHdf'],VirtualCameraHdf,VirtualCameraHdf
0,73,camera_hdf/hdi_impl/include/dcamera_device/dcamera_device.h,camera_hdf/interfaces/include/types.h,dhBase_,DHBase,var,alias,Use,1.0,True,28,1378,['VirtualCameraHdf'],['VirtualCameraHdf'],VirtualCameraHdf,VirtualCameraHdf
0,73,camera_hdf/hdi_impl/include/dcamera_device/dcamera_device.h,camera_hdf/interfaces/include/types.h,dhBase_,DHBase,var,alias,Parameter,1.0,True,28,1378,['VirtualCameraHdf'],['VirtualCameraHdf'],VirtualCameraHdf,VirtualCameraHdf
221,77,services/cameraservice/sourceservice/src/distributedcamera/distributed_camera_source_service.cpp,common/include/utils/dcamera_index.h,camerasMap_,DCameraIndex,var,type,Use,1.0,True,3155,1475,['DistributedCameraSourceMgr'],['utils'],DistributedCameraSourceMgr,utils
221,77,services/cameraservice/sourceservice/src/distributedcamera/distributed_camera_source_service.cpp,common/include/utils/dcamera_index.h,camerasMap_,DCameraIndex,var,type,Parameter,1.0,True,3155,1475,['DistributedCameraSourceMgr'],['utils'],DistributedCameraSourceMgr,utils
221,77,services/cameraservice/sourceservice/src/distributedcamera/distributed_camera_source_service.cpp,common/include/utils/dcamera_index.h,RegisterDistributedHardware,DCameraIndex,functionimpl,type,Contain,3.0,True,3149,1475,['DistributedCameraSourceMgr'],['utils'],DistributedCameraSourceMgr,utils
221,77,services/cameraservice/sourceservice/src/distributedcamera/distributed_camera_source_service.cpp,common/include/utils/dcamera_index.h,UnregisterDistributedHardware,DCameraIndex,functionimpl,type,Contain,3.0,True,3152,1475,['DistributedCameraSourceMgr'],['utils'],DistributedCameraSourceMgr,utils
221,77,services/cameraservice/sourceservice/src/distributedcamera/distributed_camera_source_service.cpp,common/include/utils/dcamera_index.h,DCameraNotify,DCameraIndex,functionimpl,type,Contain,3.0,True,3142,1475,['DistributedCameraSourceMgr'],['utils'],DistributedCameraSourceMgr,utils
40,39,camera_hdf/interfaces/hdi_ipc/client/operator/dstream_operator_callback_stub.cpp,camera_hdf/interfaces/hdi_ipc/client/operator/dstream_operator_callback.h,,,file,file,Import,1.0,False,,,['VirtualCameraHdf'],['VirtualCameraHdf'],VirtualCameraHdf,VirtualCameraHdf
221,75,services/cameraservice/sourceservice/src/distributedcamera/distributed_camera_source_service.cpp,common/include/constants/distributed_camera_errno.h,,,file,file,Import,1.0,False,,,['DistributedCameraSourceMgr'],['utils'],DistributedCameraSourceMgr,utils
277,260,services/data_process/src/pipeline_node/multimedia_codec/encode_data_process.cpp,services/data_process/include/pipeline/dcamera_pipeline_sink.h,EncodeDone,DCameraPipelineSink,functionimpl,type,Use,2.0,True,4452,3962,['CameraDataProcessCommon'],['CameraDataPreProcess'],CameraDataProcessCommon,CameraDataPreProcess
277,260,services/data_process/src/pipeline_node/multimedia_codec/encode_data_process.cpp,services/data_process/include/pipeline/dcamera_pipeline_sink.h,OnError,DCameraPipelineSink,functionimpl,type,Use,2.0,True,4465,3962,['CameraDataProcessCommon'],['CameraDataPreProcess'],CameraDataProcessCommon,CameraDataPreProcess
196,72,services/cameraservice/sourceservice/include/distributedcameramgr/dcamera_source_dev.h,camera_hdf/interfaces/include/idistributed_camera_provider_callback.h,,,file,file,Import,1.0,False,,,['DistributedCameraSourceMgr'],['VirtualCameraHdf'],DistributedCameraSourceMgr,VirtualCameraHdf
196,72,services/cameraservice/sourceservice/include/distributedcameramgr/dcamera_source_dev.h,camera_hdf/interfaces/include/idistributed_camera_provider_callback.h,hdiCallback_,IDCameraProviderCallback,var,type,Use,1.0,True,2850,1369,['DistributedCameraSourceMgr'],['VirtualCameraHdf'],DistributedCameraSourceMgr,VirtualCameraHdf
196,72,services/cameraservice/sourceservice/include/distributedcameramgr/dcamera_source_dev.h,camera_hdf/interfaces/include/idistributed_camera_provider_callback.h,hdiCallback_,IDCameraProviderCallback,var,type,Parameter,1.0,True,2850,1369,['DistributedCameraSourceMgr'],['VirtualCameraHdf'],DistributedCameraSourceMgr,VirtualCameraHdf
196,71,services/cameraservice/sourceservice/include/distributedcameramgr/dcamera_source_dev.h,camera_hdf/interfaces/include/idistributed_camera_provider.h,,,file,file,Import,1.0,False,,,['DistributedCameraSourceMgr'],['VirtualCameraHdf'],DistributedCameraSourceMgr,VirtualCameraHdf
196,74,services/cameraservice/sourceservice/include/distributedcameramgr/dcamera_source_dev.h,common/include/constants/distributed_camera_constants.h,eventResultMap_,DCameraEventResult,var,alias,Use,1.0,True,2849,1411,['DistributedCameraSourceMgr'],['utils'],DistributedCameraSourceMgr,utils
196,74,services/cameraservice/sourceservice/include/distributedcameramgr/dcamera_source_dev.h,common/include/constants/distributed_camera_constants.h,eventResultMap_,DCameraEventResult,var,alias,Parameter,1.0,True,2849,1411,['DistributedCameraSourceMgr'],['utils'],DistributedCameraSourceMgr,utils
251,75,services/channel/src/dcamera_channel_sink_impl.cpp,common/include/constants/distributed_camera_errno.h,,,file,file,Import,1.0,False,,,['ChannelSink'],['utils'],ChannelSink,utils
277,268,services/data_process/src/pipeline_node/multimedia_codec/encode_data_process.cpp,services/data_process/include/utils/image_common_type.h,IsInEncoderRange,GetWidth,functionimpl,functionproto,Call,8.0,True,4464,4109,['CameraDataProcessCommon'],['CameraDataProcessCommon'],CameraDataProcessCommon,CameraDataProcessCommon
277,268,services/data_process/src/pipeline_node/multimedia_codec/encode_data_process.cpp,services/data_process/include/utils/image_common_type.h,IsInEncoderRange,GetHeight,functionimpl,functionproto,Call,8.0,True,4464,4106,['CameraDataProcessCommon'],['CameraDataProcessCommon'],CameraDataProcessCommon,CameraDataProcessCommon
277,268,services/data_process/src/pipeline_node/multimedia_codec/encode_data_process.cpp,services/data_process/include/utils/image_common_type.h,IsInEncoderRange,GetFrameRate,functionimpl,functionproto,Call,8.0,True,4464,4105,['CameraDataProcessCommon'],['CameraDataProcessCommon'],CameraDataProcessCommon,CameraDataProcessCommon
277,268,services/data_process/src/pipeline_node/multimedia_codec/encode_data_process.cpp,services/data_process/include/utils/image_common_type.h,IsConvertible,GetVideoCodecType,functionimpl,functionproto,Call,8.0,True,4463,4107,['CameraDataProcessCommon'],['CameraDataProcessCommon'],CameraDataProcessCommon,CameraDataProcessCommon
277,268,services/data_process/src/pipeline_node/multimedia_codec/encode_data_process.cpp,services/data_process/include/utils/image_common_type.h,GetSourceConfig,VideoConfigParams,functionimpl,type,Return,2.0,True,4457,4117,['CameraDataProcessCommon'],['CameraDataProcessCommon'],CameraDataProcessCommon,CameraDataProcessCommon
277,268,services/data_process/src/pipeline_node/multimedia_codec/encode_data_process.cpp,services/data_process/include/utils/image_common_type.h,GetTargetConfig,VideoConfigParams,functionimpl,type,Return,2.0,True,4458,4117,['CameraDataProcessCommon'],['CameraDataProcessCommon'],CameraDataProcessCommon,CameraDataProcessCommon
277,268,services/data_process/src/pipeline_node/multimedia_codec/encode_data_process.cpp,services/data_process/include/utils/image_common_type.h,IsConvertible,NO_CODEC,functionimpl,var,Use,9.0,True,4463,4121,['CameraDataProcessCommon'],['CameraDataProcessCommon'],CameraDataProcessCommon,CameraDataProcessCommon
277,268,services/data_process/src/pipeline_node/multimedia_codec/encode_data_process.cpp,services/data_process/include/utils/image_common_type.h,InitEncoderMetadataFormat,CODEC_H264,functionimpl,var,Use,9.0,True,4461,4119,['CameraDataProcessCommon'],['CameraDataProcessCommon'],CameraDataProcessCommon,CameraDataProcessCommon
277,268,services/data_process/src/pipeline_node/multimedia_codec/encode_data_process.cpp,services/data_process/include/utils/image_common_type.h,InitEncoderMetadataFormat,CODEC_H265,functionimpl,var,Use,9.0,True,4461,4120,['CameraDataProcessCommon'],['CameraDataProcessCommon'],CameraDataProcessCommon,CameraDataProcessCommon
277,268,services/data_process/src/pipeline_node/multimedia_codec/encode_data_process.cpp,services/data_process/include/utils/image_common_type.h,InitEncoderMetadataFormat,YUVI420,functionimpl,var,Use,9.0,True,4461,4126,['CameraDataProcessCommon'],['CameraDataProcessCommon'],CameraDataProcessCommon,CameraDataProcessCommon
277,268,services/data_process/src/pipeline_node/multimedia_codec/encode_data_process.cpp,services/data_process/include/utils/image_common_type.h,InitEncoderMetadataFormat,NV12,functionimpl,var,Use,9.0,True,4461,4122,['CameraDataProcessCommon'],['CameraDataProcessCommon'],CameraDataProcessCommon,CameraDataProcessCommon
277,268,services/data_process/src/pipeline_node/multimedia_codec/encode_data_process.cpp,services/data_process/include/utils/image_common_type.h,InitEncoderMetadataFormat,NV21,functionimpl,var,Use,9.0,True,4461,4123,['CameraDataProcessCommon'],['CameraDataProcessCommon'],CameraDataProcessCommon,CameraDataProcessCommon
277,268,services/data_process/src/pipeline_node/multimedia_codec/encode_data_process.cpp,services/data_process/include/utils/image_common_type.h,GetEncoderInputSurfaceBuffer,YUVI420,functionimpl,var,Use,9.0,True,4454,4126,['CameraDataProcessCommon'],['CameraDataProcessCommon'],CameraDataProcessCommon,CameraDataProcessCommon
277,268,services/data_process/src/pipeline_node/multimedia_codec/encode_data_process.cpp,services/data_process/include/utils/image_common_type.h,GetEncoderInputSurfaceBuffer,NV12,functionimpl,var,Use,9.0,True,4454,4122,['CameraDataProcessCommon'],['CameraDataProcessCommon'],CameraDataProcessCommon,CameraDataProcessCommon
277,268,services/data_process/src/pipeline_node/multimedia_codec/encode_data_process.cpp,services/data_process/include/utils/image_common_type.h,GetEncoderInputSurfaceBuffer,NV21,functionimpl,var,Use,9.0,True,4454,4123,['CameraDataProcessCommon'],['CameraDataProcessCommon'],CameraDataProcessCommon,CameraDataProcessCommon
277,268,services/data_process/src/pipeline_node/multimedia_codec/encode_data_process.cpp,services/data_process/include/utils/image_common_type.h,IsInEncoderRange,VideoConfigParams,functionimpl,type,Parameter,3.0,True,4464,4117,['CameraDataProcessCommon'],['CameraDataProcessCommon'],CameraDataProcessCommon,CameraDataProcessCommon
277,268,services/data_process/src/pipeline_node/multimedia_codec/encode_data_process.cpp,services/data_process/include/utils/image_common_type.h,IsConvertible,VideoConfigParams,functionimpl,type,Parameter,3.0,True,4463,4117,['CameraDataProcessCommon'],['CameraDataProcessCommon'],CameraDataProcessCommon,CameraDataProcessCommon
251,74,services/channel/src/dcamera_channel_sink_impl.cpp,common/include/constants/distributed_camera_constants.h,,,file,file,Import,1.0,False,,,['ChannelSink'],['utils'],ChannelSink,utils
251,74,services/channel/src/dcamera_channel_sink_impl.cpp,common/include/constants/distributed_camera_constants.h,CreateSession,DCAMERA_MAX_NUM,functionimpl,var,Use,1.0,True,3741,1430,['ChannelSink'],['utils'],ChannelSink,utils
133,76,services/cameraservice/cameraoperator/client/src/listener/dcamera_photo_surface_listener.cpp,common/include/utils/data_buffer.h,,,file,file,Import,1.0,False,,,['utils'],['utils'],utils,utils
133,76,services/cameraservice/cameraoperator/client/src/listener/dcamera_photo_surface_listener.cpp,common/include/utils/data_buffer.h,OnBufferAvailable,DataBuffer,functionimpl,type,Use,2.0,True,2064,1470,['utils'],['utils'],utils,utils
208,73,services/cameraservice/sourceservice/include/distributedcameramgr/dcamerainterface/icamera_input.h,camera_hdf/interfaces/include/types.h,,,file,file,Import,1.0,False,,,['DistributedCameraSourceMgr'],['VirtualCameraHdf'],DistributedCameraSourceMgr,VirtualCameraHdf
133,75,services/cameraservice/cameraoperator/client/src/listener/dcamera_photo_surface_listener.cpp,common/include/constants/distributed_camera_errno.h,,,file,file,Import,1.0,False,,,['utils'],['utils'],utils,utils
279,266,services/data_process/src/pipeline_node/multimedia_codec/encode_video_callback.cpp,services/data_process/include/pipeline_node/multimedia_codec/encode_data_process.h,OnError,EncodeDataProcess,functionimpl,type,Use,4.0,True,4552,4089,['CameraDataProcessCommon'],['CameraDataProcessCommon'],CameraDataProcessCommon,CameraDataProcessCommon
279,266,services/data_process/src/pipeline_node/multimedia_codec/encode_video_callback.cpp,services/data_process/include/pipeline_node/multimedia_codec/encode_data_process.h,OnInputBufferAvailable,EncodeDataProcess,functionimpl,type,Use,4.0,True,4553,4089,['CameraDataProcessCommon'],['CameraDataProcessCommon'],CameraDataProcessCommon,CameraDataProcessCommon
279,266,services/data_process/src/pipeline_node/multimedia_codec/encode_video_callback.cpp,services/data_process/include/pipeline_node/multimedia_codec/encode_data_process.h,OnOutputFormatChanged,EncodeDataProcess,functionimpl,type,Use,4.0,True,4555,4089,['CameraDataProcessCommon'],['CameraDataProcessCommon'],CameraDataProcessCommon,CameraDataProcessCommon
279,266,services/data_process/src/pipeline_node/multimedia_codec/encode_video_callback.cpp,services/data_process/include/pipeline_node/multimedia_codec/encode_data_process.h,OnOutputBufferAvailable,EncodeDataProcess,functionimpl,type,Use,4.0,True,4554,4089,['CameraDataProcessCommon'],['CameraDataProcessCommon'],CameraDataProcessCommon,CameraDataProcessCommon
279,267,services/data_process/src/pipeline_node/multimedia_codec/encode_video_callback.cpp,services/data_process/include/pipeline_node/multimedia_codec/encode_video_callback.h,,,file,file,Import,1.0,False,,,['CameraDataProcessCommon'],['CameraDataProcessCommon'],CameraDataProcessCommon,CameraDataProcessCommon
279,267,services/data_process/src/pipeline_node/multimedia_codec/encode_video_callback.cpp,services/data_process/include/pipeline_node/multimedia_codec/encode_video_callback.h,OnError,OnError,functionimpl,functionproto,Implement,4.0,True,4552,4096,['CameraDataProcessCommon'],['CameraDataProcessCommon'],CameraDataProcessCommon,CameraDataProcessCommon
279,267,services/data_process/src/pipeline_node/multimedia_codec/encode_video_callback.cpp,services/data_process/include/pipeline_node/multimedia_codec/encode_video_callback.h,OnInputBufferAvailable,OnInputBufferAvailable,functionimpl,functionproto,Implement,4.0,True,4553,4097,['CameraDataProcessCommon'],['CameraDataProcessCommon'],CameraDataProcessCommon,CameraDataProcessCommon
279,267,services/data_process/src/pipeline_node/multimedia_codec/encode_video_callback.cpp,services/data_process/include/pipeline_node/multimedia_codec/encode_video_callback.h,OnOutputFormatChanged,OnOutputFormatChanged,functionimpl,functionproto,Implement,4.0,True,4555,4099,['CameraDataProcessCommon'],['CameraDataProcessCommon'],CameraDataProcessCommon,CameraDataProcessCommon
279,267,services/data_process/src/pipeline_node/multimedia_codec/encode_video_callback.cpp,services/data_process/include/pipeline_node/multimedia_codec/encode_video_callback.h,OnOutputBufferAvailable,OnOutputBufferAvailable,functionimpl,functionproto,Implement,4.0,True,4554,4098,['CameraDataProcessCommon'],['CameraDataProcessCommon'],CameraDataProcessCommon,CameraDataProcessCommon
1,9,camera_hdf/hdi_impl/include/dcamera_device/dmetadata_processor.h,camera_hdf/hdi_impl/include/utils/constants.h,,,file,file,Import,1.0,False,,,['VirtualCameraHdf'],['VirtualCameraHdf'],VirtualCameraHdf,VirtualCameraHdf
1,9,camera_hdf/hdi_impl/include/dcamera_device/dmetadata_processor.h,camera_hdf/hdi_impl/include/utils/constants.h,GetDCameraSupportedFormats,DCResolution,functionproto,type,Use,1.0,True,37,218,['VirtualCameraHdf'],['VirtualCameraHdf'],VirtualCameraHdf,VirtualCameraHdf
1,9,camera_hdf/hdi_impl/include/dcamera_device/dmetadata_processor.h,camera_hdf/hdi_impl/include/utils/constants.h,GetDCameraSupportedFormats,DCResolution,functionproto,type,Parameter,1.0,True,37,218,['VirtualCameraHdf'],['VirtualCameraHdf'],VirtualCameraHdf,VirtualCameraHdf
1,9,camera_hdf/hdi_impl/include/dcamera_device/dmetadata_processor.h,camera_hdf/hdi_impl/include/utils/constants.h,DMetadataProcessor,DCResolution,type,type,Contain,2.0,True,50,218,['VirtualCameraHdf'],['VirtualCameraHdf'],VirtualCameraHdf,VirtualCameraHdf
125,102,services/cameraservice/cameraoperator/client/src/callback/dcamera_input_callback.cpp,services/cameraservice/base/include/dcamera_event_cmd.h,OnError,DCameraEvent,functionimpl,type,Use,1.0,True,1964,1771,['utils'],['CameraServiceCommon'],utils,CameraServiceCommon
123,122,services/cameraservice/cameraoperator/client/include/listener/dcamera_photo_surface_listener.h,services/cameraservice/cameraoperator/client/include/icamera_operator.h,,,file,file,Import,1.0,False,,,['utils'],['utils'],utils,utils
123,122,services/cameraservice/cameraoperator/client/include/listener/dcamera_photo_surface_listener.h,services/cameraservice/cameraoperator/client/include/icamera_operator.h,callback_,ResultCallback,var,type,Use,1.0,True,1956,1950,['utils'],['utils'],utils,utils
123,122,services/cameraservice/cameraoperator/client/include/listener/dcamera_photo_surface_listener.h,services/cameraservice/cameraoperator/client/include/icamera_operator.h,callback_,ResultCallback,var,type,Parameter,1.0,True,1956,1950,['utils'],['utils'],utils,utils
143,84,services/cameraservice/sinkservice/include/distributedcamera/distributed_camera_sink_stub.h,interfaces/inner_kits/native_cpp/camera_sink/include/idistributed_camera_sink.h,,,file,file,Import,1.0,False,,,['DistributedCameraSinkMgr'],['DistributedCameraSinkMgr'],DistributedCameraSinkMgr,DistributedCameraSinkMgr
15,6,camera_hdf/hdi_impl/src/dstream_operator/dbuffer_manager.cpp,camera_hdf/hdi_impl/include/dstream_operator/dimage_buffer.h,AcquireBuffer,DImageBuffer,functionimpl,type,Use,1.0,True,459,165,['VirtualCameraHdf'],['VirtualCameraHdf'],VirtualCameraHdf,VirtualCameraHdf
15,6,camera_hdf/hdi_impl/src/dstream_operator/dbuffer_manager.cpp,camera_hdf/hdi_impl/include/dstream_operator/dimage_buffer.h,AcquireBuffer,DImageBuffer,functionimpl,type,Parameter,1.0,True,459,165,['VirtualCameraHdf'],['VirtualCameraHdf'],VirtualCameraHdf,VirtualCameraHdf
15,9,camera_hdf/hdi_impl/src/dstream_operator/dbuffer_manager.cpp,camera_hdf/hdi_impl/include/utils/constants.h,AddBuffer,RetCode,functionimpl,alias,Return,4.0,True,460,213,['VirtualCameraHdf'],['VirtualCameraHdf'],VirtualCameraHdf,VirtualCameraHdf
15,9,camera_hdf/hdi_impl/src/dstream_operator/dbuffer_manager.cpp,camera_hdf/hdi_impl/include/utils/constants.h,RemoveBuffer,RetCode,functionimpl,alias,Return,4.0,True,465,213,['VirtualCameraHdf'],['VirtualCameraHdf'],VirtualCameraHdf,VirtualCameraHdf
15,9,camera_hdf/hdi_impl/src/dstream_operator/dbuffer_manager.cpp,camera_hdf/hdi_impl/include/utils/constants.h,SurfaceBufferToDImageBuffer,RetCode,functionimpl,alias,Return,4.0,True,466,213,['VirtualCameraHdf'],['VirtualCameraHdf'],VirtualCameraHdf,VirtualCameraHdf
15,9,camera_hdf/hdi_impl/src/dstream_operator/dbuffer_manager.cpp,camera_hdf/hdi_impl/include/utils/constants.h,DImageBufferToDCameraBuffer,RetCode,functionimpl,alias,Return,4.0,True,462,213,['VirtualCameraHdf'],['VirtualCameraHdf'],VirtualCameraHdf,VirtualCameraHdf
15,9,camera_hdf/hdi_impl/src/dstream_operator/dbuffer_manager.cpp,camera_hdf/hdi_impl/include/utils/constants.h,AddBuffer,BUFFER_QUEUE_SIZE,functionimpl,var,Use,1.0,True,460,222,['VirtualCameraHdf'],['VirtualCameraHdf'],VirtualCameraHdf,VirtualCameraHdf
15,4,camera_hdf/hdi_impl/src/dstream_operator/dbuffer_manager.cpp,camera_hdf/hdi_impl/include/dstream_operator/dbuffer_manager.h,,,file,file,Import,1.0,False,,,['VirtualCameraHdf'],['VirtualCameraHdf'],VirtualCameraHdf,VirtualCameraHdf
15,4,camera_hdf/hdi_impl/src/dstream_operator/dbuffer_manager.cpp,camera_hdf/hdi_impl/include/dstream_operator/dbuffer_manager.h,AcquireBuffer,AcquireBuffer,functionimpl,functionproto,Implement,8.0,True,459,99,['VirtualCameraHdf'],['VirtualCameraHdf'],VirtualCameraHdf,VirtualCameraHdf
15,4,camera_hdf/hdi_impl/src/dstream_operator/dbuffer_manager.cpp,camera_hdf/hdi_impl/include/dstream_operator/dbuffer_manager.h,AddBuffer,AddBuffer,functionimpl,functionproto,Implement,8.0,True,460,100,['VirtualCameraHdf'],['VirtualCameraHdf'],VirtualCameraHdf,VirtualCameraHdf
15,4,camera_hdf/hdi_impl/src/dstream_operator/dbuffer_manager.cpp,camera_hdf/hdi_impl/include/dstream_operator/dbuffer_manager.h,RemoveBuffer,RemoveBuffer,functionimpl,functionproto,Implement,8.0,True,465,105,['VirtualCameraHdf'],['VirtualCameraHdf'],VirtualCameraHdf,VirtualCameraHdf
15,4,camera_hdf/hdi_impl/src/dstream_operator/dbuffer_manager.cpp,camera_hdf/hdi_impl/include/dstream_operator/dbuffer_manager.h,NotifyStop,NotifyStop,functionimpl,functionproto,Implement,8.0,True,463,103,['VirtualCameraHdf'],['VirtualCameraHdf'],VirtualCameraHdf,VirtualCameraHdf
15,4,camera_hdf/hdi_impl/src/dstream_operator/dbuffer_manager.cpp,camera_hdf/hdi_impl/include/dstream_operator/dbuffer_manager.h,SurfaceBufferToDImageBuffer,SurfaceBufferToDImageBuffer,functionimpl,functionproto,Implement,8.0,True,466,106,['VirtualCameraHdf'],['VirtualCameraHdf'],VirtualCameraHdf,VirtualCameraHdf
15,4,camera_hdf/hdi_impl/src/dstream_operator/dbuffer_manager.cpp,camera_hdf/hdi_impl/include/dstream_operator/dbuffer_manager.h,CameraUsageToGrallocUsage,CameraUsageToGrallocUsage,functionimpl,functionproto,Implement,8.0,True,461,101,['VirtualCameraHdf'],['VirtualCameraHdf'],VirtualCameraHdf,VirtualCameraHdf
15,4,camera_hdf/hdi_impl/src/dstream_operator/dbuffer_manager.cpp,camera_hdf/hdi_impl/include/dstream_operator/dbuffer_manager.h,PixelFormatToDCameraFormat,PixelFormatToDCameraFormat,functionimpl,functionproto,Implement,8.0,True,464,104,['VirtualCameraHdf'],['VirtualCameraHdf'],VirtualCameraHdf,VirtualCameraHdf
15,4,camera_hdf/hdi_impl/src/dstream_operator/dbuffer_manager.cpp,camera_hdf/hdi_impl/include/dstream_operator/dbuffer_manager.h,DImageBufferToDCameraBuffer,DImageBufferToDCameraBuffer,functionimpl,functionproto,Implement,8.0,True,462,102,['VirtualCameraHdf'],['VirtualCameraHdf'],VirtualCameraHdf,VirtualCameraHdf
125,115,services/cameraservice/cameraoperator/client/src/callback/dcamera_input_callback.cpp,services/cameraservice/cameraoperator/client/include/callback/dcamera_input_callback.h,,,file,file,Import,1.0,False,,,['utils'],['utils'],utils,utils
125,115,services/cameraservice/cameraoperator/client/src/callback/dcamera_input_callback.cpp,services/cameraservice/cameraoperator/client/include/callback/dcamera_input_callback.h,DCameraInputCallback,DCameraInputCallback,functionimpl,functionproto,Implement,2.0,True,1963,1890,['utils'],['utils'],utils,utils
125,115,services/cameraservice/cameraoperator/client/src/callback/dcamera_input_callback.cpp,services/cameraservice/cameraoperator/client/include/callback/dcamera_input_callback.h,OnError,OnError,functionimpl,functionproto,Implement,2.0,True,1964,1891,['utils'],['utils'],utils,utils
218,197,services/cameraservice/sourceservice/include/distributedcameramgr/dcamerastate/dcamera_source_state_machine.h,services/cameraservice/sourceservice/include/distributedcameramgr/dcamera_source_event.h,,,file,file,Import,1.0,False,,,['DistributedCameraSourceMgr'],['DistributedCameraSourceMgr'],DistributedCameraSourceMgr,DistributedCameraSourceMgr
218,197,services/cameraservice/sourceservice/include/distributedcameramgr/dcamerastate/dcamera_source_state_machine.h,services/cameraservice/sourceservice/include/distributedcameramgr/dcamera_source_event.h,Execute,DCAMERA_EVENT,functionproto,alias,Parameter,2.0,True,3111,2855,['DistributedCameraSourceMgr'],['DistributedCameraSourceMgr'],DistributedCameraSourceMgr,DistributedCameraSourceMgr
218,197,services/cameraservice/sourceservice/include/distributedcameramgr/dcamerastate/dcamera_source_state_machine.h,services/cameraservice/sourceservice/include/distributedcameramgr/dcamera_source_event.h,Execute,DCameraSourceEvent,functionproto,type,Parameter,2.0,True,3111,2869,['DistributedCameraSourceMgr'],['DistributedCameraSourceMgr'],DistributedCameraSourceMgr,DistributedCameraSourceMgr
124,122,services/cameraservice/cameraoperator/client/include/listener/dcamera_video_surface_listener.h,services/cameraservice/cameraoperator/client/include/icamera_operator.h,,,file,file,Import,1.0,False,,,['utils'],['utils'],utils,utils
124,122,services/cameraservice/cameraoperator/client/include/listener/dcamera_video_surface_listener.h,services/cameraservice/cameraoperator/client/include/icamera_operator.h,callback_,ResultCallback,var,type,Use,1.0,True,1961,1950,['utils'],['utils'],utils,utils
124,122,services/cameraservice/cameraoperator/client/include/listener/dcamera_video_surface_listener.h,services/cameraservice/cameraoperator/client/include/icamera_operator.h,callback_,ResultCallback,var,type,Parameter,1.0,True,1961,1950,['utils'],['utils'],utils,utils
