File,ID,Member_Name,Member_Type,Entity,Member_ID,Module,Module_List,Duplicated
core/host/src/devhost_service.c,28,DevHostServiceCreate,functionimpl,core/host/src/devhost_service.c,418,kernal_host,['kernal_host'],False
core/host/src/devhost_service.c,28,DevHostServiceRelease,functionimpl,core/host/src/devhost_service.c,427,kernal_host,['kernal_host'],False
core/host/include/hdf_service_observer.h,25,HdfServiceObserverPublishService,functionproto,core/host/include/hdf_service_observer.h,399,kernal_host,['kernal_host'],False
include/core/hdf_object.h,98,HdfObject,type,include/core/hdf_object.h,1265,common,['common'],False
core/host/include/hdf_service_observer.h,25,HdfServiceObserverSubscribeService,functionproto,core/host/include/hdf_service_observer.h,401,kernal_host,['kernal_host'],False
include/core/hdf_device_desc.h,96,SubscriberCallback,type,include/core/hdf_device_desc.h,1241,common,['common'],False
include/osal/osal_mutex.h,111,OsalMutexTimedLock,functionproto,include/osal/osal_mutex.h,1398,osal,['osal'],False
include/osal/osal_mutex.h,111,OsalMutexUnlock,functionproto,include/osal/osal_mutex.h,1399,osal,['osal'],False
include/osal/osal_mutex.h,111,OsalMutexDestroy,functionproto,include/osal/osal_mutex.h,1395,osal,['osal'],False
include/osal/osal_mutex.h,111,OsalMutexInit,functionproto,include/osal/osal_mutex.h,1396,osal,['osal'],False
include/osal/osal_mutex.h,111,osal_mutex,file,include/osal/osal_mutex.h,1394,osal,['osal'],False
include/osal/osal_mutex.h,111,OsalMutex,type,include/osal/osal_mutex.h,1400,osal,['osal'],False
include/osal/osal_sem.h,112,OsalSemPost,functionproto,include/osal/osal_sem.h,1404,osal,['osal'],False
include/utils/hdf_base.h,142,hdf_base,file,include/utils/hdf_base.h,1763,utils,['utils'],False
include/osal/osal_mem.h,110,OsalMemFree,functionproto,include/osal/osal_mem.h,1393,osal,['osal'],False
include/osal/osal_mem.h,110,OsalMemCalloc,functionproto,include/osal/osal_mem.h,1392,osal,['osal'],False
include/osal/osal_time.h,115,OsalMSleep,functionproto,include/osal/osal_time.h,1434,osal,['osal'],False
include/osal/osal_time.h,115,osal_time,file,include/osal/osal_time.h,1429,osal,['osal'],False
include/osal/osal_thread.h,114,OsalThreadCreate,functionproto,include/osal/osal_thread.h,1420,osal,['osal'],False
include/osal/osal_thread.h,114,OsalThreadStart,functionproto,include/osal/osal_thread.h,1423,osal,['osal'],False
include/osal/osal_thread.h,114,OsalThreadDestroy,functionproto,include/osal/osal_thread.h,1421,osal,['osal'],False
include/osal/osal_thread.h,114,osal_thread,file,include/osal/osal_thread.h,1418,osal,['osal'],False
include/osal/osal_thread.h,114,OsalThreadParam,type,include/osal/osal_thread.h,1427,osal,['osal'],False
include/osal/osal_thread.h,114,OsalThread,type,include/osal/osal_thread.h,1426,osal,['osal'],False
core/manager/src/power_state_token_clnt.c,58,PowerStateTokenClntNewInstance,functionimpl,core/manager/src/power_state_token_clnt.c,910,manager,['manager'],False
core/manager/src/power_state_token_clnt.c,58,PowerStateTokenClntFreeInstance,functionimpl,core/manager/src/power_state_token_clnt.c,909,manager,['manager'],False
core/manager/src/power_state_token_clnt.c,58,power_state_token_clnt,file,core/manager/src/power_state_token_clnt.c,907,manager,['manager'],False
include/osal/osal_mem.h,110,osal_mem,file,include/osal/osal_mem.h,1389,osal,['osal'],False
core/manager/src/hdf_host_info.c,57,HdfHostInfoDelete,functionimpl,core/manager/src/hdf_host_info.c,902,manager,['manager'],False
core/manager/src/hdf_host_info.c,57,HdfHostInfoFreeInstance,functionimpl,core/manager/src/hdf_host_info.c,903,manager,['manager'],False
core/manager/src/hdf_host_info.c,57,hostInfo,var,core/manager/src/hdf_host_info.c,905,manager,['manager'],False
core/manager/src/hdf_host_info.c,57,listEntry,var,core/manager/src/hdf_host_info.c,906,manager,['manager'],False
include/osal/osal_atomic.h,104,,type,include/osal/osal_atomic.h,1352,osal,['osal'],False
core/manager/src/hdf_host_info.c,57,HdfHostInfoNewInstance,functionimpl,core/manager/src/hdf_host_info.c,904,manager,['manager'],False
core/manager/include/hdf_host_info.h,48,HdfHostInfo,type,core/manager/include/hdf_host_info.h,719,manager,['manager'],False
core/manager/src/hdf_host_info.c,57,hdf_host_info,file,core/manager/src/hdf_host_info.c,901,manager,['manager'],False
core/manager/include/hdf_host_info.h,48,hdf_host_info,file,core/manager/include/hdf_host_info.h,715,manager,['manager'],False
core/manager/include/hdf_host_info.h,48,HdfHostInfoNewInstance,functionproto,core/manager/include/hdf_host_info.h,718,manager,['manager'],False
core/manager/include/hdf_host_info.h,48,HdfHostInfoFreeInstance,functionproto,core/manager/include/hdf_host_info.h,717,manager,['manager'],False
core/manager/include/hdf_host_info.h,48,HdfHostInfoDelete,functionproto,core/manager/include/hdf_host_info.h,716,manager,['manager'],False
include/utils/hdf_log.h,144,hdf_log,file,include/utils/hdf_log.h,1779,utils,['utils'],False
include/core/hdf_device_desc.h,96,HdfDeviceSendEvent,functionproto,include/core/hdf_device_desc.h,1232,common,['common'],False
include/core/hdf_device_desc.h,96,hdf_device_desc,file,include/core/hdf_device_desc.h,1228,common,['common'],False
include/core/hdf_device_desc.h,96,IDeviceIoService,type,include/core/hdf_device_desc.h,1240,common,['common'],False
include/core/hdf_device_desc.h,96,HdfDeviceObject,type,include/core/hdf_device_desc.h,1238,common,['common'],False
include/core/hdf_device_desc.h,96,HdfDeviceIoClient,type,include/core/hdf_device_desc.h,1237,common,['common'],False
include/core/hdf_device_desc.h,96,HdfDriverEntry,type,include/core/hdf_device_desc.h,1239,common,['common'],False
core/common/src/hdf_attribute.c,11,GetHdfManagerNode,functionimpl,core/common/src/hdf_attribute.c,215,common,['common'],False
include/utils/device_resource_if.h,140,DeviceResourceNode,type,include/utils/device_resource_if.h,1761,utils,['utils'],False
core/common/src/hdf_attribute.c,11,GetHostNode,functionimpl,core/common/src/hdf_attribute.c,217,common,['common'],False
core/common/src/hdf_attribute.c,11,HdfAttributeManagerGetHostList,functionimpl,core/common/src/hdf_attribute.c,219,common,['common'],False
core/common/src/hdf_attribute.c,11,GetDevcieNodeList,functionimpl,core/common/src/hdf_attribute.c,213,common,['common'],False
core/common/src/hdf_attribute.c,11,HdfAttributeManagerGetDeviceList,functionimpl,core/common/src/hdf_attribute.c,218,common,['common'],False
core/common/src/hdf_attribute.c,11,GetHostInfo,functionimpl,core/common/src/hdf_attribute.c,216,common,['common'],False
core/common/src/hdf_attribute.c,11,GetDeviceNodeInfo,functionimpl,core/common/src/hdf_attribute.c,214,common,['common'],False
include/wifi/wifi_inc.h,153,wifi_inc,file,include/wifi/wifi_inc.h,1913,network,['network'],False
core/common/src/hdf_attribute.c,11,hdf_attribute,file,core/common/src/hdf_attribute.c,211,common,['common'],False
include/utils/hdf_sbuf.h,145,HdfSbufRecycle,functionproto,include/utils/hdf_sbuf.h,1807,utils,['utils'],False
include/utils/hdf_base.h,142,,type,include/utils/hdf_base.h,1764,utils,['utils'],False
include/utils/hdf_sbuf.h,145,HdfSbufWriteInt32,functionproto,include/utils/hdf_sbuf.h,1819,utils,['utils'],False
include/utils/hdf_sbuf.h,145,HdfSbufWriteUint32,functionproto,include/utils/hdf_sbuf.h,1826,utils,['utils'],False
include/utils/hdf_sbuf.h,145,HdfSbufReadInt32,functionproto,include/utils/hdf_sbuf.h,1796,utils,['utils'],False
include/utils/hdf_sbuf.h,145,HdfSbufReadString,functionproto,include/utils/hdf_sbuf.h,1800,utils,['utils'],False
include/bluetooth/hdf_chip_config.h,95,ParsePowersConfig,functionimpl,include/bluetooth/hdf_chip_config.h,1207,network,['network'],False
include/bluetooth/hdf_chip_config.h,95,ClearChipConfig,functionimpl,include/bluetooth/hdf_chip_config.h,1204,network,['network'],False
include/bluetooth/hdf_chip_config.h,95,hdf_chip_config,file,include/bluetooth/hdf_chip_config.h,1203,network,['network'],False
include/platform/sdio_if.h,135,sdio_if,file,include/platform/sdio_if.h,1685,platform,['platform'],False
include/platform/mmc_if.h,127,mmc_if,file,include/platform/mmc_if.h,1610,platform,['platform'],False
include/platform/sdio_if.h,135,SdioOpen,functionproto,include/platform/sdio_if.h,1694,platform,['platform'],False
include/platform/platform_if.h,130,DevHandle,alias,include/platform/platform_if.h,1630,platform,['platform'],False
include/platform/sdio_if.h,135,SdioClose,functionproto,include/platform/sdio_if.h,1688,platform,['platform'],False
include/platform/sdio_if.h,135,SdioReadBytes,functionproto,include/platform/sdio_if.h,1695,platform,['platform'],False
include/platform/sdio_if.h,135,SdioWriteBytes,functionproto,include/platform/sdio_if.h,1702,platform,['platform'],False
include/platform/sdio_if.h,135,SdioReadBytesFromFixedAddr,functionproto,include/platform/sdio_if.h,1696,platform,['platform'],False
include/platform/sdio_if.h,135,SdioWriteBytesToFixedAddr,functionproto,include/platform/sdio_if.h,1703,platform,['platform'],False
include/platform/sdio_if.h,135,SdioReadBytesFromFunc0,functionproto,include/platform/sdio_if.h,1697,platform,['platform'],False
include/platform/sdio_if.h,135,SdioWriteBytesToFunc0,functionproto,include/platform/sdio_if.h,1704,platform,['platform'],False
include/platform/sdio_if.h,135,SdioSetBlockSize,functionproto,include/platform/sdio_if.h,1700,platform,['platform'],False
include/platform/sdio_if.h,135,SdioGetCommonInfo,functionproto,include/platform/sdio_if.h,1692,platform,['platform'],False
include/platform/sdio_if.h,135,SdioSetCommonInfo,functionproto,include/platform/sdio_if.h,1701,platform,['platform'],False
include/platform/sdio_if.h,135,SdioFlushData,functionproto,include/platform/sdio_if.h,1691,platform,['platform'],False
include/platform/sdio_if.h,135,SdioClaimHost,functionproto,include/platform/sdio_if.h,1686,platform,['platform'],False
include/platform/sdio_if.h,135,SdioReleaseHost,functionproto,include/platform/sdio_if.h,1698,platform,['platform'],False
include/platform/sdio_if.h,135,SdioEnableFunc,functionproto,include/platform/sdio_if.h,1690,platform,['platform'],False
include/platform/sdio_if.h,135,SdioDisableFunc,functionproto,include/platform/sdio_if.h,1689,platform,['platform'],False
include/platform/sdio_if.h,135,SdioClaimIrq,functionproto,include/platform/sdio_if.h,1687,platform,['platform'],False
include/platform/sdio_if.h,135,SdioReleaseIrq,functionproto,include/platform/sdio_if.h,1699,platform,['platform'],False
include/bluetooth/hdf_chip_config.h,95,ParsePowerConfig,functionimpl,include/bluetooth/hdf_chip_config.h,1206,network,['network'],False
include/utils/device_resource_if.h,140,DeviceResourceGetIfaceInstance,functionproto,include/utils/device_resource_if.h,1757,utils,['utils'],False
include/bluetooth/hdf_chip_config.h,95,ParseResetConfig,functionimpl,include/bluetooth/hdf_chip_config.h,1208,network,['network'],False
include/bluetooth/hdf_chip_config.h,95,ParseChipConfig,functionimpl,include/bluetooth/hdf_chip_config.h,1205,network,['network'],False
include/utils/device_resource_if.h,140,device_resource_if,file,include/utils/device_resource_if.h,1755,utils,['utils'],False
include/utils/device_resource_if.h,140,DeviceResourceIface,type,include/utils/device_resource_if.h,1760,utils,['utils'],False
core/host/include/hdf_service_observer.h,25,hdf_service_observer,file,core/host/include/hdf_service_observer.h,396,kernal_host,['kernal_host'],False
core/host/include/hdf_service_subscriber.h,26,hdf_service_subscriber,file,core/host/include/hdf_service_subscriber.h,403,kernal_host,['kernal_host'],False
include/platform/sdio_if.h,135,SdioFunctionConfig,type,include/platform/sdio_if.h,1706,platform,['platform'],False
include/platform/sdio_if.h,135,SdioCommonInfo,alias,include/platform/sdio_if.h,1683,platform,['platform'],False
include/platform/sdio_if.h,135,SdioCommonInfoType,alias,include/platform/sdio_if.h,1684,platform,['platform'],False
include/platform/sdio_if.h,135,,type,include/platform/sdio_if.h,1705,platform,['platform'],False
core/host/include/hdf_service_observer.h,25,HdfServiceObserverConstruct,functionproto,core/host/include/hdf_service_observer.h,397,kernal_host,['kernal_host'],False
core/host/include/hdf_service_observer.h,25,HdfServiceObserver,type,core/host/include/hdf_service_observer.h,402,kernal_host,['kernal_host'],False
core/host/include/hdf_service_observer.h,25,HdfServiceObserverDestruct,functionproto,core/host/include/hdf_service_observer.h,398,kernal_host,['kernal_host'],False
core/host/include/hdf_service_observer.h,25,HdfServiceObserverRemoveRecord,functionproto,core/host/include/hdf_service_observer.h,400,kernal_host,['kernal_host'],False
include/utils/hdf_sbuf.h,145,HdfSbufReadUint32,functionproto,include/utils/hdf_sbuf.h,1803,utils,['utils'],False
include/utils/hdf_sbuf.h,145,HdfSbufWriteBuffer,functionproto,include/utils/hdf_sbuf.h,1814,utils,['utils'],False
include/utils/hdf_sbuf.h,145,HdfSbufReadBuffer,functionproto,include/utils/hdf_sbuf.h,1791,utils,['utils'],False
include/osal/osal_timer.h,116,osal_timer,file,include/osal/osal_timer.h,1440,osal,['osal'],False
include/wifi/hdf_ibus_intf.h,147,BusDev,type,include/wifi/hdf_ibus_intf.h,1851,network,['network'],False
include/wifi/hdf_ibus_intf.h,147,HdfWlanCreateBusManager,functionproto,include/wifi/hdf_ibus_intf.h,1848,network,['network'],False
include/utils/hdf_sbuf.h,145,HdfSbufFlush,functionproto,include/utils/hdf_sbuf.h,1783,utils,['utils'],False
include/platform/emmc_if.h,119,EmmcOpen,functionimpl,include/platform/emmc_if.h,1458,platform,['platform'],False
include/platform/emmc_if.h,119,EmmcClose,functionimpl,include/platform/emmc_if.h,1457,platform,['platform'],False
include/platform/emmc_if.h,119,emmc_if,file,include/platform/emmc_if.h,1456,platform,['platform'],False
include/platform/emmc_if.h,119,EmmcGetCid,functionproto,include/platform/emmc_if.h,1459,platform,['platform'],False
include/platform/emmc_if.h,119,EmmcGetHuid,functionproto,include/platform/emmc_if.h,1460,platform,['platform'],False
include/wifi/wifi_inc.h,153,WifiMainFeatureType,type,include/wifi/wifi_inc.h,1915,network,['network'],False
include/wifi/wifi_inc.h,153,WifiBusType,type,include/wifi/wifi_inc.h,1914,network,['network'],False
include/platform/pcie_if.h,128,pcie_if,file,include/platform/pcie_if.h,1615,platform,['platform'],False
include/osal/osal_time.h,115,OsalGetTime,functionproto,include/osal/osal_time.h,1432,osal,['osal'],False
include/osal/osal_time.h,115,,type,include/osal/osal_time.h,1438,osal,['osal'],False
include/osal/osal_mutex.h,111,OsalMutexLock,functionproto,include/osal/osal_mutex.h,1397,osal,['osal'],False
include/audio/audio_codec_if.h,89,,functionproto,include/audio/audio_codec_if.h,1159,audio,['audio'],False
include/audio/audio_codec_if.h,89,CodecDevice,type,include/audio/audio_codec_if.h,1161,audio,['audio'],False
include/audio/audio_codec_if.h,89,CodecData,type,include/audio/audio_codec_if.h,1160,audio,['audio'],False
core/shared/src/hdf_device_info.c,81,HdfDeviceInfoDelete,functionimpl,core/shared/src/hdf_device_info.c,1096,common,['common'],False
include/platform/mipi_dsi_if.h,126,mipi_dsi_if,file,include/platform/mipi_dsi_if.h,1592,platform,['platform'],False
include/platform/mipi_dsi_if.h,126,DsiCmdDesc,type,include/platform/mipi_dsi_if.h,1604,platform,['platform'],False
include/platform/mipi_dsi_if.h,126,MipiCfg,type,include/platform/mipi_dsi_if.h,1609,platform,['platform'],False
include/core/hdf_io_service_if.h,97,hdf_io_service_if,file,include/core/hdf_io_service_if.h,1243,common,['common'],False
include/audio/audio_codec_if.h,89,CodecHost,type,include/audio/audio_codec_if.h,1162,audio,['audio'],False
include/utils/hdf_workqueue.h,146,hdf_workqueue,file,include/utils/hdf_workqueue.h,1833,utils,['utils'],False
include/utils/hdf_workqueue.h,146,,type,include/utils/hdf_workqueue.h,1845,utils,['utils'],False
core/host/include/hdf_device_node.h,18,hdf_device_node,file,core/host/include/hdf_device_node.h,335,kernal_host,['kernal_host'],False
core/shared/include/hdf_device_info.h,70,hdf_device_info,file,core/shared/include/hdf_device_info.h,1017,common,['common'],False
core/host/include/hdf_device_node.h,18,HdfDeviceNodeNewInstance,functionproto,core/host/include/hdf_device_node.h,343,kernal_host,['kernal_host'],False
core/shared/include/hdf_device_info.h,70,HdfDeviceInfo,type,core/shared/include/hdf_device_info.h,1023,common,['common'],False
core/shared/include/hdf_driver.h,71,hdf_driver,file,core/shared/include/hdf_driver.h,1024,common,['common'],False
core/shared/include/hdf_driver.h,71,HdfDriver,type,core/shared/include/hdf_driver.h,1031,common,['common'],False
core/host/include/hdf_device_node.h,18,HdfDeviceNode,type,core/host/include/hdf_device_node.h,348,kernal_host,['kernal_host'],False
core/manager/src/devsvc_manager.c,53,DevSvcManagerAddService,functionimpl,core/manager/src/devsvc_manager.c,800,manager,['manager'],False
core/manager/src/devsvc_manager.c,53,DevSvcManagerUpdateService,functionimpl,core/manager/src/devsvc_manager.c,814,manager,['manager'],False
core/manager/src/devsvc_manager.c,53,DevSvcManagerRemoveService,functionimpl,core/manager/src/devsvc_manager.c,809,manager,['manager'],False
core/manager/src/devsvc_manager.c,53,DevSvcManagerGetObject,functionimpl,core/manager/src/devsvc_manager.c,804,manager,['manager'],False
core/manager/src/devsvc_manager.c,53,devsvc_manager,file,core/manager/src/devsvc_manager.c,799,manager,['manager'],False
include/core/hdf_object.h,98,hdf_object,file,include/core/hdf_object.h,1264,common,['common'],False
core/host/include/hdf_device_node.h,18,IDeviceNode,type,core/host/include/hdf_device_node.h,349,kernal_host,['kernal_host'],False
include/core/hdf_pm.h,99,hdf_pm,file,include/core/hdf_pm.h,1266,common,['common'],False
core/host/include/hdf_device_node.h,18,HdfDeviceNodeAddPowerStateListener,functionproto,core/host/include/hdf_device_node.h,338,kernal_host,['kernal_host'],False
include/core/hdf_pm.h,99,IPowerEventListener,type,include/core/hdf_pm.h,1275,common,['common'],False
core/host/include/hdf_device_node.h,18,HdfDeviceNodeRemovePowerStateListener,functionproto,core/host/include/hdf_device_node.h,345,kernal_host,['kernal_host'],False
core/host/src/hdf_device_node.c,32,HdfDeviceNodeAddPowerStateListener,functionimpl,core/host/src/hdf_device_node.c,504,kernal_host,['kernal_host'],False
core/host/src/hdf_device_node.c,32,HdfDeviceNodeRemovePowerStateListener,functionimpl,core/host/src/hdf_device_node.c,512,kernal_host,['kernal_host'],False
core/host/src/hdf_device_node.c,32,HdfDeviceNodePublishLocalService,functionimpl,core/host/src/hdf_device_node.c,509,kernal_host,['kernal_host'],False
core/host/src/hdf_device_node.c,32,HdfDeviceNodeFreeInstance,functionimpl,core/host/src/hdf_device_node.c,507,kernal_host,['kernal_host'],False
core/host/src/hdf_device_node.c,32,DeviveDriverBind,functionimpl,core/host/src/hdf_device_node.c,502,kernal_host,['kernal_host'],False
core/host/src/hdf_device_node.c,32,HdfDeviceLaunchNode,functionimpl,core/host/src/hdf_device_node.c,503,kernal_host,['kernal_host'],False
core/host/src/hdf_device_node.c,32,HdfDeviceUnlaunchNode,functionimpl,core/host/src/hdf_device_node.c,514,kernal_host,['kernal_host'],False
core/shared/src/service_status.c,86,ServiceStatusMarshalling,functionimpl,core/shared/src/service_status.c,1131,common,['common'],False
include/utils/hdf_sbuf.h,145,HdfSbufWriteString,functionproto,include/utils/hdf_sbuf.h,1823,utils,['utils'],False
include/utils/hdf_sbuf.h,145,HdfSbufWriteUint16,functionproto,include/utils/hdf_sbuf.h,1825,utils,['utils'],False
core/shared/src/service_status.c,86,ServiceStatusUnMarshalling,functionimpl,core/shared/src/service_status.c,1132,common,['common'],False
include/utils/hdf_sbuf.h,145,HdfSbufReadUint16,functionproto,include/utils/hdf_sbuf.h,1802,utils,['utils'],False
core/shared/src/service_status.c,86,service_status,file,core/shared/src/service_status.c,1130,common,['common'],False
include/utils/hdf_sbuf.h,145,hdf_sbuf,file,include/utils/hdf_sbuf.h,1780,utils,['utils'],False
core/shared/include/hdf_io_service.h,72,hdf_io_service,file,core/shared/include/hdf_io_service.h,1032,common,['common'],False
core/host/src/hdf_device_node.c,32,HdfDeviceNodeNewInstance,functionimpl,core/host/src/hdf_device_node.c,508,kernal_host,['kernal_host'],False
core/shared/src/hdf_object_manager.c,83,HdfObjectManagerGetObject,functionimpl,core/shared/src/hdf_object_manager.c,1111,common,['common'],False
core/shared/src/hdf_object_manager.c,83,HdfObjectManagerFreeObject,functionimpl,core/shared/src/hdf_object_manager.c,1110,common,['common'],False
core/adapter/syscall/src/hdf_syscall_adapter.c,2,HdfSyscallAdapterDispatch,functionimpl,core/adapter/syscall/src/hdf_syscall_adapter.c,55,convertor,['convertor'],False
core/adapter/syscall/src/hdf_syscall_adapter.c,2,HdfDevEventDispatchLocked,functionimpl,core/adapter/syscall/src/hdf_syscall_adapter.c,24,convertor,['convertor'],False
include/core/hdf_io_service_if.h,97,HdfDevEventlistener,type,include/core/hdf_io_service_if.h,1260,common,['common'],False
core/adapter/syscall/src/hdf_syscall_adapter.c,2,AddListenerToAdapterLocked,functionimpl,core/adapter/syscall/src/hdf_syscall_adapter.c,15,convertor,['convertor'],False
core/adapter/syscall/src/hdf_syscall_adapter.c,2,HdfIoServiceGroupRegisterListener,functionimpl,core/adapter/syscall/src/hdf_syscall_adapter.c,42,convertor,['convertor'],False
core/adapter/syscall/src/hdf_syscall_adapter.c,2,GetListenerCount,functionimpl,core/adapter/syscall/src/hdf_syscall_adapter.c,17,convertor,['convertor'],False
core/adapter/syscall/src/hdf_syscall_adapter.c,2,HdfIoServiceAdapterObtain,functionimpl,core/adapter/syscall/src/hdf_syscall_adapter.c,37,convertor,['convertor'],False
include/core/hdf_io_service_if.h,97,HdfIoService,type,include/core/hdf_io_service_if.h,1262,common,['common'],False
core/adapter/syscall/src/hdf_syscall_adapter.c,2,HdfIoServiceGroupObtain,functionimpl,core/adapter/syscall/src/hdf_syscall_adapter.c,40,convertor,['convertor'],False
include/core/hdf_io_service_if.h,97,HdfIoServiceGroup,type,include/core/hdf_io_service_if.h,1263,common,['common'],False
include/core/hdf_io_service_if.h,97,HdfIoDispatcher,type,include/core/hdf_io_service_if.h,1261,common,['common'],False
core/adapter/syscall/src/hdf_syscall_adapter.c,2,HdfDeviceRegisterEventListener,functionimpl,core/adapter/syscall/src/hdf_syscall_adapter.c,34,convertor,['convertor'],False
core/adapter/syscall/src/hdf_syscall_adapter.c,2,HdfDeviceUnregisterEventListener,functionimpl,core/adapter/syscall/src/hdf_syscall_adapter.c,35,convertor,['convertor'],False
core/adapter/syscall/src/hdf_syscall_adapter.c,2,HdfIoServiceGroupUnregisterListener,functionimpl,core/adapter/syscall/src/hdf_syscall_adapter.c,46,convertor,['convertor'],False
include/core/hdf_io_service_if.h,97,HdfDeviceRegisterEventListener,functionproto,include/core/hdf_io_service_if.h,1245,common,['common'],False
include/core/hdf_io_service_if.h,97,HdfDeviceUnregisterEventListener,functionproto,include/core/hdf_io_service_if.h,1246,common,['common'],False
include/core/hdf_io_service_if.h,97,HdfIoServiceGroupObtain,functionproto,include/core/hdf_io_service_if.h,1250,common,['common'],False
core/adapter/syscall/src/hdf_syscall_adapter.c,2,HdfIoServiceGroupRecycle,functionimpl,core/adapter/syscall/src/hdf_syscall_adapter.c,41,convertor,['convertor'],False
include/core/hdf_io_service_if.h,97,HdfIoServiceGroupRecycle,functionproto,include/core/hdf_io_service_if.h,1251,common,['common'],False
include/core/hdf_io_service_if.h,97,HdfIoServiceGroupRegisterListener,functionproto,include/core/hdf_io_service_if.h,1252,common,['common'],False
include/core/hdf_io_service_if.h,97,HdfIoServiceGroupUnregisterListener,functionproto,include/core/hdf_io_service_if.h,1254,common,['common'],False
core/adapter/syscall/src/hdf_syscall_adapter.c,2,HdfIoServiceGroupAddService,functionimpl,core/adapter/syscall/src/hdf_syscall_adapter.c,39,convertor,['convertor'],False
include/core/hdf_io_service_if.h,97,HdfIoServiceGroupAddService,functionproto,include/core/hdf_io_service_if.h,1249,common,['common'],False
core/adapter/syscall/src/hdf_syscall_adapter.c,2,HdfIoServiceGroupRemoveService,functionimpl,core/adapter/syscall/src/hdf_syscall_adapter.c,43,convertor,['convertor'],False
include/core/hdf_io_service_if.h,97,HdfIoServiceGroupRemoveService,functionproto,include/core/hdf_io_service_if.h,1253,common,['common'],False
core/adapter/syscall/src/hdf_syscall_adapter.c,2,HdfIoserviceGetListenerCount,functionimpl,core/adapter/syscall/src/hdf_syscall_adapter.c,49,convertor,['convertor'],False
include/core/hdf_io_service_if.h,97,HdfIoserviceGetListenerCount,functionproto,include/core/hdf_io_service_if.h,1256,common,['common'],False
core/adapter/syscall/src/hdf_syscall_adapter.c,2,HdfIoserviceGroupGetListenerCount,functionimpl,core/adapter/syscall/src/hdf_syscall_adapter.c,50,convertor,['convertor'],False
include/core/hdf_io_service_if.h,97,HdfIoserviceGroupGetListenerCount,functionproto,include/core/hdf_io_service_if.h,1257,common,['common'],False
core/adapter/syscall/src/hdf_syscall_adapter.c,2,HdfIoserviceGroupGetServiceCount,functionimpl,core/adapter/syscall/src/hdf_syscall_adapter.c,51,convertor,['convertor'],False
include/core/hdf_io_service_if.h,97,HdfIoserviceGroupGetServiceCount,functionproto,include/core/hdf_io_service_if.h,1258,common,['common'],False
core/adapter/syscall/src/hdf_syscall_adapter.c,2,HdfIoServiceAdapterRecycle,functionimpl,core/adapter/syscall/src/hdf_syscall_adapter.c,38,convertor,['convertor'],False
include/platform/uart_if.h,138,uart_if,file,include/platform/uart_if.h,1730,platform,['platform'],False
core/host/include/hdf_device.h,17,hdf_device,file,core/host/include/hdf_device.h,324,kernal_host,['kernal_host'],False
core/adapter/syscall/src/hdf_syscall_adapter.c,2,HdfDevEventReadAndDispatch,functionimpl,core/adapter/syscall/src/hdf_syscall_adapter.c,27,convertor,['convertor'],False
core/shared/include/hdf_io_service.h,72,HDF_READ_DEV_EVENT,var,core/shared/include/hdf_io_service.h,1046,common,['common'],False
core/adapter/syscall/src/hdf_syscall_adapter.c,2,HdfAdapterStartListenIoctl,functionimpl,core/adapter/syscall/src/hdf_syscall_adapter.c,21,convertor,['convertor'],False
core/shared/include/hdf_io_service.h,72,HDF_LISTEN_EVENT_START,var,core/shared/include/hdf_io_service.h,1043,common,['common'],False
core/adapter/syscall/src/hdf_syscall_adapter.c,2,HdfAdapterStopListenIoctl,functionimpl,core/adapter/syscall/src/hdf_syscall_adapter.c,22,convertor,['convertor'],False
core/shared/include/hdf_io_service.h,72,HDF_LISTEN_EVENT_STOP,var,core/shared/include/hdf_io_service.h,1044,common,['common'],False
core/adapter/syscall/src/hdf_syscall_adapter.c,2,HdfAdapterExitListenIoctl,functionimpl,core/adapter/syscall/src/hdf_syscall_adapter.c,20,convertor,['convertor'],False
core/shared/include/hdf_io_service.h,72,HDF_LISTEN_EVENT_EXIT,var,core/shared/include/hdf_io_service.h,1042,common,['common'],False
core/adapter/syscall/src/hdf_syscall_adapter.c,2,HdfListenThreadPollAdd,functionimpl,core/adapter/syscall/src/hdf_syscall_adapter.c,53,convertor,['convertor'],False
core/shared/include/hdf_io_service.h,72,HDF_LISTEN_EVENT_WAKEUP,var,core/shared/include/hdf_io_service.h,1045,common,['common'],False
core/adapter/syscall/src/hdf_syscall_adapter.c,2,HdfListenThreadPollDel,functionimpl,core/adapter/syscall/src/hdf_syscall_adapter.c,54,convertor,['convertor'],False
core/shared/include/hdf_io_service.h,72,HDF_WRITE_READ,var,core/shared/include/hdf_io_service.h,1047,common,['common'],False
core/adapter/syscall/src/hdf_syscall_adapter.c,2,TrytoLoadIoService,functionimpl,core/adapter/syscall/src/hdf_syscall_adapter.c,56,convertor,['convertor'],False
core/shared/include/hdf_io_service.h,72,HdfLoadDriverByServiceName,functionproto,core/shared/include/hdf_io_service.h,1039,common,['common'],False
core/adapter/syscall/src/hdf_syscall_adapter.c,2,HdfDevEventGrowReadBuffer,functionimpl,core/adapter/syscall/src/hdf_syscall_adapter.c,25,convertor,['convertor'],False
core/shared/include/hdf_io_service.h,72,HdfWriteReadBuf,type,core/shared/include/hdf_io_service.h,1041,common,['common'],False
core/shared/include/hdf_io_service.h,72,HdfIoServiceAdapterObtain,functionproto,core/shared/include/hdf_io_service.h,1033,common,['common'],False
core/shared/include/hdf_io_service.h,72,HdfIoServiceAdapterRecycle,functionproto,core/shared/include/hdf_io_service.h,1035,common,['common'],False
include/utils/device_resource_if.h,140,DeviceResourceAttr,type,include/utils/device_resource_if.h,1759,utils,['utils'],False
core/host/src/power_state_token.c,40,PowerStateTokenNewInstance,functionimpl,core/host/src/power_state_token.c,656,kernal_host,['kernal_host'],False
core/host/src/power_state_token.c,40,PowerStateTokenFreeInstance,functionimpl,core/host/src/power_state_token.c,655,kernal_host,['kernal_host'],False
core/host/src/hdf_device_node.c,32,HdfDeviceNodeDestruct,functionimpl,core/host/src/hdf_device_node.c,506,kernal_host,['kernal_host'],False
include/audio/audio_dai_if.h,90,DaiDevice,type,include/audio/audio_dai_if.h,1167,audio,['audio'],False
include/audio/audio_dai_if.h,90,DaiData,type,include/audio/audio_dai_if.h,1166,audio,['audio'],False
include/audio/audio_platform_if.h,92,PlatformDevice,type,include/audio/audio_platform_if.h,1178,audio,['audio'],False
include/audio/audio_platform_if.h,92,PlatformData,type,include/audio/audio_platform_if.h,1177,audio,['audio'],False
include/audio/audio_dsp_if.h,91,DspDevice,type,include/audio/audio_dsp_if.h,1172,audio,['audio'],False
include/audio/audio_dsp_if.h,91,DspData,type,include/audio/audio_dsp_if.h,1171,audio,['audio'],False
core/host/src/hdf_service_observer.c,38,HdfServiceObserverPublishService,functionimpl,core/host/src/hdf_service_observer.c,629,kernal_host,['kernal_host'],False
core/host/src/hdf_driver_loader.c,35,HdfDriverLoaderGetInstance,functionimpl,core/host/src/hdf_driver_loader.c,584,kernal_host,['kernal_host'],False
core/host/src/hdf_device_node.c,32,HdfDeviceNodeConstruct,functionimpl,core/host/src/hdf_device_node.c,505,kernal_host,['kernal_host'],False
core/host/src/hdf_device_token.c,34,HdfDeviceTokenNewInstance,functionimpl,core/host/src/hdf_device_token.c,573,kernal_host,['kernal_host'],False
core/host/src/hdf_device_token.c,34,HdfDeviceTokenFreeInstance,functionimpl,core/host/src/hdf_device_token.c,572,kernal_host,['kernal_host'],False
core/shared/include/hdf_object_manager.h,73,HdfObjectManagerGetObject,functionproto,core/shared/include/hdf_object_manager.h,1052,common,['common'],False
core/shared/include/hdf_object_manager.h,73,HdfObjectManagerFreeObject,functionproto,core/shared/include/hdf_object_manager.h,1050,common,['common'],False
core/host/src/hdf_device_node.c,32,hdf_device_node,file,core/host/src/hdf_device_node.c,501,kernal_host,['kernal_host'],False
core/shared/include/hdf_object_manager.h,73,hdf_object_manager,file,core/shared/include/hdf_object_manager.h,1048,common,['common'],False
include/platform/i2c_if.h,122,I2cOpen,functionproto,include/platform/i2c_if.h,1519,platform,['platform'],False
include/platform/i2c_if.h,122,I2cClose,functionproto,include/platform/i2c_if.h,1518,platform,['platform'],False
core/shared/include/hdf_attribute_manager.h,69,HdfGetHcsRootNode,functionproto,core/shared/include/hdf_attribute_manager.h,1016,common,['common'],False
core/shared/include/hdf_attribute_manager.h,69,hdf_attribute_manager,file,core/shared/include/hdf_attribute_manager.h,1013,common,['common'],False
core/shared/include/device_token_if.h,65,IHdfDeviceToken,type,core/shared/include/device_token_if.h,1001,common,['common'],False
include/osal/osal_timer.h,116,OsalTimerCreate,functionproto,include/osal/osal_timer.h,1441,osal,['osal'],False
include/osal/osal_timer.h,116,OsalTimer,alias,include/osal/osal_timer.h,1439,osal,['osal'],False
include/osal/osal_timer.h,116,OsalTimerDelete,functionproto,include/osal/osal_timer.h,1442,osal,['osal'],False
include/osal/osal_timer.h,116,OsalTimerStartOnce,functionproto,include/osal/osal_timer.h,1445,osal,['osal'],False
core/shared/src/hdf_io_service.c,82,HdfIoServiceBind,functionimpl,core/shared/src/hdf_io_service.c,1102,common,['common'],False
include/platform/adc_if.h,117,AdcIoCmd,type,include/platform/adc_if.h,1450,platform,['platform'],False
core/adapter/vnode/src/hdf_vnode_adapter.c,4,HdfDeviceSendEvent,functionimpl,core/adapter/vnode/src/hdf_vnode_adapter.c,107,convertor,['convertor'],False
include/utils/hdf_dlist.h,143,DListInsertHead,functionimpl,include/utils/hdf_dlist.h,1767,utils,['utils'],False
include/utils/hdf_dlist.h,143,DListIsEmpty,functionimpl,include/utils/hdf_dlist.h,1769,utils,['utils'],False
include/utils/hdf_dlist.h,143,DListHead,type,include/utils/hdf_dlist.h,1773,utils,['utils'],False
include/platform/hdmi_if.h,121,HdmiVideoAttr,type,include/platform/hdmi_if.h,1513,platform,['platform'],False
include/platform/hdmi_if.h,121,HdmiOpen,functionproto,include/platform/hdmi_if.h,1480,platform,['platform'],False
include/platform/hdmi_if.h,121,HdmiClose,functionproto,include/platform/hdmi_if.h,1477,platform,['platform'],False
include/platform/hdmi_if.h,121,HdmiStart,functionproto,include/platform/hdmi_if.h,1486,platform,['platform'],False
include/platform/hdmi_if.h,121,HdmiStop,functionproto,include/platform/hdmi_if.h,1487,platform,['platform'],False
include/platform/hdmi_if.h,121,HdmiSetAudioAttribute,functionproto,include/platform/hdmi_if.h,1483,platform,['platform'],False
include/platform/hdmi_if.h,121,HdmiSetVideoAttribute,functionproto,include/platform/hdmi_if.h,1485,platform,['platform'],False
include/platform/hdmi_if.h,121,HdmiSetHdrAttribute,functionproto,include/platform/hdmi_if.h,1484,platform,['platform'],False
include/platform/hdmi_if.h,121,HdmiAvmuteSet,functionproto,include/platform/hdmi_if.h,1476,platform,['platform'],False
include/platform/hdmi_if.h,121,HdmiReadSinkEdid,functionproto,include/platform/hdmi_if.h,1481,platform,['platform'],False
include/platform/hdmi_if.h,121,HdmiDeepColorSet,functionproto,include/platform/hdmi_if.h,1479,platform,['platform'],False
include/platform/hdmi_if.h,121,HdmiDeepColorGet,functionproto,include/platform/hdmi_if.h,1478,platform,['platform'],False
include/platform/hdmi_if.h,121,HdmiRegisterHpdCallbackFunc,functionproto,include/platform/hdmi_if.h,1482,platform,['platform'],False
include/platform/hdmi_if.h,121,HdmiUnregisterHpdCallbackFunc,functionproto,include/platform/hdmi_if.h,1488,platform,['platform'],False
include/platform/hdmi_if.h,121,hdmi_if,file,include/platform/hdmi_if.h,1475,platform,['platform'],False
include/platform/hdmi_if.h,121,HdmiAudioAttr,type,include/platform/hdmi_if.h,1490,platform,['platform'],False
include/platform/hdmi_if.h,121,HdmiHdrAttr,type,include/platform/hdmi_if.h,1500,platform,['platform'],False
include/platform/hdmi_if.h,121,HdmiHpdCallbackInfo,type,include/platform/hdmi_if.h,1504,platform,['platform'],False
include/platform/hdmi_if.h,121,HdmiDeepColor,type,include/platform/hdmi_if.h,1497,platform,['platform'],False
core/host/src/hdf_device_object.c,33,HdfDeviceObjectConstruct,functionimpl,core/host/src/hdf_device_object.c,528,kernal_host,['kernal_host'],False
core/host/src/hdf_device_node.c,32,HdfDeviceNodePublishService,functionimpl,core/host/src/hdf_device_node.c,511,kernal_host,['kernal_host'],False
core/host/src/hdf_device_node.c,32,devNode,var,core/host/src/hdf_device_node.c,515,kernal_host,['kernal_host'],False
core/host/src/hdf_device_node.c,32,status,var,core/host/src/hdf_device_node.c,523,kernal_host,['kernal_host'],False
core/host/src/hdf_device_node.c,32,nodeIf,var,core/host/src/hdf_device_node.c,521,kernal_host,['kernal_host'],False
core/host/src/hdf_device_node.c,32,driverEntry,var,core/host/src/hdf_device_node.c,518,kernal_host,['kernal_host'],False
core/host/src/hdf_device_node.c,32,ret,var,core/host/src/hdf_device_node.c,522,kernal_host,['kernal_host'],False
core/host/src/hdf_device_node.c,32,listener,var,core/host/src/hdf_device_node.c,520,kernal_host,['kernal_host'],False
core/host/src/hdf_device_node.c,32,HdfDeviceNodePublishPublicService,functionimpl,core/host/src/hdf_device_node.c,510,kernal_host,['kernal_host'],False
core/host/src/hdf_device_node.c,32,HdfDeviceNodeRemoveService,functionimpl,core/host/src/hdf_device_node.c,513,kernal_host,['kernal_host'],False
core/host/src/hdf_device_node.c,32,driverLoader,var,core/host/src/hdf_device_node.c,519,kernal_host,['kernal_host'],False
core/host/src/hdf_device_node.c,32,deviceInfo,var,core/host/src/hdf_device_node.c,516,kernal_host,['kernal_host'],False
core/host/src/hdf_device_node.c,32,driver,var,core/host/src/hdf_device_node.c,517,kernal_host,['kernal_host'],False
core/host/src/devsvc_manager_clnt.c,30,DevSvcManagerClntAddService,functionimpl,core/host/src/devsvc_manager_clnt.c,461,kernal_host,['kernal_host'],False
core/host/src/devsvc_manager_clnt.c,30,DevSvcManagerClntRemoveService,functionimpl,core/host/src/devsvc_manager_clnt.c,467,kernal_host,['kernal_host'],False
include/osal/osal_io.h,108,OsalIoUnmap,functionimpl,include/osal/osal_io.h,1379,osal,['osal'],False
include/osal/osal_io.h,108,osal_io,file,include/osal/osal_io.h,1377,osal,['osal'],False
include/core/hdf_io_service_if.h,97,HdfIoServiceBind,functionproto,include/core/hdf_io_service_if.h,1248,common,['common'],False
include/platform/timer_if.h,137,timer_if,file,include/platform/timer_if.h,1720,platform,['platform'],False
include/platform/timer_if.h,137,HwTimerOpen,functionproto,include/platform/timer_if.h,1723,platform,['platform'],False
include/platform/timer_if.h,137,HwTimerClose,functionproto,include/platform/timer_if.h,1721,platform,['platform'],False
include/platform/timer_if.h,137,HwTimerSet,functionproto,include/platform/timer_if.h,1724,platform,['platform'],False
include/platform/timer_if.h,137,HwTimerSetOnce,functionproto,include/platform/timer_if.h,1725,platform,['platform'],False
include/platform/timer_if.h,137,HwTimerGet,functionproto,include/platform/timer_if.h,1722,platform,['platform'],False
include/platform/timer_if.h,137,HwTimerStart,functionproto,include/platform/timer_if.h,1726,platform,['platform'],False
include/platform/timer_if.h,137,HwTimerStop,functionproto,include/platform/timer_if.h,1727,platform,['platform'],False
include/platform/adc_if.h,117,adc_if,file,include/platform/adc_if.h,1446,platform,['platform'],False
include/platform/platform_if.h,130,platform_if,file,include/platform/platform_if.h,1631,platform,['platform'],False
include/platform/adc_if.h,117,AdcOpen,functionproto,include/platform/adc_if.h,1448,platform,['platform'],False
include/platform/adc_if.h,117,AdcClose,functionproto,include/platform/adc_if.h,1447,platform,['platform'],False
include/platform/adc_if.h,117,AdcRead,functionproto,include/platform/adc_if.h,1449,platform,['platform'],False
include/osal/osal_time.h,115,OsalGetSysTimeMs,functionproto,include/osal/osal_time.h,1431,osal,['osal'],False
include/osal/osal_time.h,115,OsalUDelay,functionproto,include/osal/osal_time.h,1436,osal,['osal'],False
include/audio/audio_accessory_if.h,88,AccessoryDevice,type,include/audio/audio_accessory_if.h,1156,audio,['audio'],False
include/audio/audio_accessory_if.h,88,AccessoryData,type,include/audio/audio_accessory_if.h,1155,audio,['audio'],False
include/platform/gpio_if.h,120,GpioWrite,functionproto,include/platform/gpio_if.h,1471,platform,['platform'],False
include/platform/gpio_if.h,120,GpioSetDir,functionproto,include/platform/gpio_if.h,1468,platform,['platform'],False
include/platform/gpio_if.h,120,gpio_if,file,include/platform/gpio_if.h,1463,platform,['platform'],False
core/host/src/devsvc_manager_clnt.c,30,devsvc_manager_clnt,file,core/host/src/devsvc_manager_clnt.c,460,kernal_host,['kernal_host'],False
core/host/src/devmgr_service_clnt.c,29,DevmgrServiceClntAttachDevice,functionimpl,core/host/src/devmgr_service_clnt.c,448,kernal_host,['kernal_host'],False
core/host/src/devmgr_service_clnt.c,29,DevmgrServiceClntDetachDevice,functionimpl,core/host/src/devmgr_service_clnt.c,450,kernal_host,['kernal_host'],False
core/host/include/power_state_token.h,27,PowerStateTokenNewInstance,functionproto,core/host/include/power_state_token.h,412,kernal_host,['kernal_host'],False
core/host/include/power_state_token.h,27,PowerStateTokenFreeInstance,functionproto,core/host/include/power_state_token.h,411,kernal_host,['kernal_host'],False
core/host/include/power_state_token.h,27,power_state_token,file,core/host/include/power_state_token.h,409,kernal_host,['kernal_host'],False
core/host/include/power_state_token.h,27,PowerStateToken,type,core/host/include/power_state_token.h,413,kernal_host,['kernal_host'],False
core/host/include/hdf_observer_record.h,22,hdf_observer_record,file,core/host/include/hdf_observer_record.h,379,kernal_host,['kernal_host'],False
core/host/include/hdf_driver_loader.h,21,HdfDriverLoaderGetInstance,functionproto,core/host/include/hdf_driver_loader.h,373,kernal_host,['kernal_host'],False
core/host/include/hdf_driver_loader.h,21,hdf_driver_loader,file,core/host/include/hdf_driver_loader.h,368,kernal_host,['kernal_host'],False
core/host/include/hdf_driver_loader.h,21,IDriverLoader,type,core/host/include/hdf_driver_loader.h,378,kernal_host,['kernal_host'],False
core/host/include/hdf_device_token.h,20,HdfDeviceTokenNewInstance,functionproto,core/host/include/hdf_device_token.h,365,kernal_host,['kernal_host'],False
core/host/include/hdf_device_token.h,20,HdfDeviceTokenFreeInstance,functionproto,core/host/include/hdf_device_token.h,364,kernal_host,['kernal_host'],False
core/host/include/hdf_device_token.h,20,hdf_device_token,file,core/host/include/hdf_device_token.h,362,kernal_host,['kernal_host'],False
core/manager/src/devsvc_manager.c,53,DevSvcManagerListService,functionimpl,core/manager/src/devsvc_manager.c,806,manager,['manager'],False
core/host/src/hdf_power_manager.c,37,PmTaskFunc,functionimpl,core/host/src/hdf_power_manager.c,617,kernal_host,['kernal_host'],False
core/host/src/hdf_power_manager.c,37,HdfPmTaskPut,functionimpl,core/host/src/hdf_power_manager.c,611,kernal_host,['kernal_host'],False
core/host/include/hdf_device_object.h,19,HdfDeviceObjectConstruct,functionproto,core/host/include/hdf_device_object.h,353,kernal_host,['kernal_host'],False
core/host/include/hdf_device_object.h,19,hdf_device_object,file,core/host/include/hdf_device_object.h,350,kernal_host,['kernal_host'],False
core/host/include/hdf_device_node.h,18,DeviveDriverBind,functionproto,core/host/include/hdf_device_node.h,337,kernal_host,['kernal_host'],False
core/host/include/hdf_device_node.h,18,HdfDeviceNodePublishPublicService,functionproto,core/host/include/hdf_device_node.h,344,kernal_host,['kernal_host'],False
core/host/include/hdf_device_node.h,18,HdfDeviceNodeRemoveService,functionproto,core/host/include/hdf_device_node.h,346,kernal_host,['kernal_host'],False
core/host/include/hdf_device_node.h,18,HdfDeviceNodeConstruct,functionproto,core/host/include/hdf_device_node.h,339,kernal_host,['kernal_host'],False
core/host/include/hdf_device_node.h,18,HdfDeviceNodeDestruct,functionproto,core/host/include/hdf_device_node.h,341,kernal_host,['kernal_host'],False
core/host/include/hdf_device_node.h,18,HdfDeviceNodeFreeInstance,functionproto,core/host/include/hdf_device_node.h,342,kernal_host,['kernal_host'],False
core/host/include/devsvc_manager_clnt.h,16,DevSvcManagerClntAddService,functionproto,core/host/include/devsvc_manager_clnt.h,315,kernal_host,['kernal_host'],False
core/host/include/devsvc_manager_clnt.h,16,DevSvcManagerClntRemoveService,functionproto,core/host/include/devsvc_manager_clnt.h,318,kernal_host,['kernal_host'],False
core/host/include/devsvc_manager_clnt.h,16,devsvc_manager_clnt,file,core/host/include/devsvc_manager_clnt.h,314,kernal_host,['kernal_host'],False
include/utils/hdf_dlist.h,143,DListInsertTail,functionimpl,include/utils/hdf_dlist.h,1768,utils,['utils'],False
include/utils/hdf_dlist.h,143,DListRemove,functionimpl,include/utils/hdf_dlist.h,1771,utils,['utils'],False
include/utils/hdf_dlist.h,143,DListHeadInit,functionimpl,include/utils/hdf_dlist.h,1766,utils,['utils'],False
core/host/include/devmgr_service_clnt.h,15,DevmgrServiceClntAttachDevice,functionproto,core/host/include/devmgr_service_clnt.h,308,kernal_host,['kernal_host'],False
core/host/include/devmgr_service_clnt.h,15,DevmgrServiceClntDetachDevice,functionproto,core/host/include/devmgr_service_clnt.h,310,kernal_host,['kernal_host'],False
core/host/include/devmgr_service_clnt.h,15,devmgr_service_clnt,file,core/host/include/devmgr_service_clnt.h,307,kernal_host,['kernal_host'],False
core/host/include/devhost_service.h,14,devhost_service,file,core/host/include/devhost_service.h,297,kernal_host,['kernal_host'],False
include/utils/hdf_sbuf.h,145,HdfSbufObtain,functionproto,include/utils/hdf_sbuf.h,1789,utils,['utils'],False
include/utils/hdf_sbuf.h,145,HdfSbufReadInt64,functionproto,include/utils/hdf_sbuf.h,1797,utils,['utils'],False
core/shared/include/hdf_driver.h,71,HdfRegisterDriverEntry,functionproto,core/shared/include/hdf_driver.h,1028,common,['common'],False
core/shared/include/hdf_driver.h,71,HdfUnregisterDriverEntry,functionproto,core/shared/include/hdf_driver.h,1030,common,['common'],False
core/manager/src/devsvc_manager_ext.c,54,DevSvcManagerExtStart,functionimpl,core/manager/src/devsvc_manager_ext.c,850,manager,['manager'],False
core/manager/src/devsvc_manager_ext.c,54,DevSvcManagerExt,type,core/manager/src/devsvc_manager_ext.c,855,manager,['manager'],False
core/manager/src/devsvc_manager_ext.c,54,DeviceSvcMgrDispatch,functionimpl,core/manager/src/devsvc_manager_ext.c,852,manager,['manager'],False
core/manager/src/devsvc_manager_ext.c,54,DevSvcManagerExtRegisterListener,functionimpl,core/manager/src/devsvc_manager_ext.c,848,manager,['manager'],False
core/manager/src/devsvc_manager_ext.c,54,DevSvcManagerExtUnRegisterListener,functionimpl,core/manager/src/devsvc_manager_ext.c,851,manager,['manager'],False
core/manager/src/devsvc_manager_ext.c,54,DeviceSvcMgrOpen,functionimpl,core/manager/src/devsvc_manager_ext.c,853,manager,['manager'],False
core/manager/src/devsvc_manager_ext.c,54,DeviceSvcMgrRelease,functionimpl,core/manager/src/devsvc_manager_ext.c,854,manager,['manager'],False
core/manager/src/devsvc_manager_ext.c,54,DevSvcManagerExtCreate,functionimpl,core/manager/src/devsvc_manager_ext.c,847,manager,['manager'],False
include/platform/mipi_csi_if.h,125,MipiCsiSetComboDevAttr,functionproto,include/platform/mipi_csi_if.h,1584,platform,['platform'],False
include/platform/mipi_csi_if.h,125,ComboDevAttr,alias,include/platform/mipi_csi_if.h,1568,platform,['platform'],False
include/platform/mipi_csi_if.h,125,MipiCsiSetPhyCmvmode,functionproto,include/platform/mipi_csi_if.h,1588,platform,['platform'],False
include/platform/mipi_csi_if.h,125,PhyCmvMode,alias,include/platform/mipi_csi_if.h,1574,platform,['platform'],False
include/platform/mipi_csi_if.h,125,MipiCsiSetHsMode,functionproto,include/platform/mipi_csi_if.h,1587,platform,['platform'],False
include/platform/mipi_csi_if.h,125,LaneDivideMode,alias,include/platform/mipi_csi_if.h,1571,platform,['platform'],False
include/platform/mipi_csi_if.h,125,MipiCsiSetExtDataType,functionproto,include/platform/mipi_csi_if.h,1586,platform,['platform'],False
include/platform/mipi_csi_if.h,125,ExtDataType,alias,include/platform/mipi_csi_if.h,1569,platform,['platform'],False
include/platform/mipi_csi_if.h,125,,type,include/platform/mipi_csi_if.h,1591,platform,['platform'],False
core/manager/src/devsvc_manager_ext.c,54,devsvc_manager_ext,file,core/manager/src/devsvc_manager_ext.c,845,manager,['manager'],False
core/shared/include/svcmgr_ioservice.h,80,svcmgr_ioservice,file,core/shared/include/svcmgr_ioservice.h,1088,common,['common'],False
include/osal/osal_atomic.h,104,osal_atomic,file,include/osal/osal_atomic.h,1351,osal,['osal'],False
core/shared/src/hdf_io_service.c,82,HdfIoServicePublish,functionimpl,core/shared/src/hdf_io_service.c,1103,common,['common'],False
core/manager/src/devsvc_manager_ext.c,54,DevSvcManagerExtRelease,functionimpl,core/manager/src/devsvc_manager_ext.c,849,manager,['manager'],False
core/shared/src/hdf_io_service.c,82,HdfIoServiceRemove,functionimpl,core/shared/src/hdf_io_service.c,1105,common,['common'],False
include/platform/mipi_csi_if.h,125,mipi_csi_if,file,include/platform/mipi_csi_if.h,1575,platform,['platform'],False
include/platform/mipi_csi_if.h,125,MipiCsiOpen,functionproto,include/platform/mipi_csi_if.h,1581,platform,['platform'],False
include/platform/mipi_csi_if.h,125,MipiCsiClose,functionproto,include/platform/mipi_csi_if.h,1576,platform,['platform'],False
include/platform/mipi_csi_if.h,125,MipiCsiResetSensor,functionproto,include/platform/mipi_csi_if.h,1583,platform,['platform'],False
include/platform/mipi_csi_if.h,125,MipiCsiUnresetSensor,functionproto,include/platform/mipi_csi_if.h,1590,platform,['platform'],False
include/platform/mipi_csi_if.h,125,MipiCsiResetRx,functionproto,include/platform/mipi_csi_if.h,1582,platform,['platform'],False
include/platform/mipi_csi_if.h,125,MipiCsiUnresetRx,functionproto,include/platform/mipi_csi_if.h,1589,platform,['platform'],False
include/platform/mipi_csi_if.h,125,MipiCsiEnableClock,functionproto,include/platform/mipi_csi_if.h,1579,platform,['platform'],False
include/platform/mipi_csi_if.h,125,MipiCsiDisableClock,functionproto,include/platform/mipi_csi_if.h,1577,platform,['platform'],False
include/platform/mipi_csi_if.h,125,MipiCsiEnableSensorClock,functionproto,include/platform/mipi_csi_if.h,1580,platform,['platform'],False
include/platform/mipi_csi_if.h,125,MipiCsiDisableSensorClock,functionproto,include/platform/mipi_csi_if.h,1578,platform,['platform'],False
include/platform/mipi_csi_if.h,125,MipiCsiSetDrvData,functionproto,include/platform/mipi_csi_if.h,1585,platform,['platform'],False
core/manager/src/driver_manager.c,55,HdfRegisterDriverEntry,functionimpl,core/manager/src/driver_manager.c,877,manager,['manager'],False
core/manager/src/driver_manager.c,55,HdfUnregisterDriverEntry,functionimpl,core/manager/src/driver_manager.c,879,manager,['manager'],False
core/shared/include/hdf_io_service.h,72,HdfIoServicePublish,functionproto,core/shared/include/hdf_io_service.h,1037,common,['common'],False
core/shared/include/hdf_io_service.h,72,HdfIoServiceRemove,functionproto,core/shared/include/hdf_io_service.h,1038,common,['common'],False
core/shared/include/devsvc_manager_if.h,67,IDevSvcManager,type,core/shared/include/devsvc_manager_if.h,1007,common,['common'],False
core/adapter/syscall/include/hdf_syscall_adapter.h,0,hdf_syscall_adapter,file,core/adapter/syscall/include/hdf_syscall_adapter.h,0,convertor,['convertor'],False
core/adapter/syscall/include/hdf_syscall_adapter.h,0,HdfDevListenerThread,type,core/adapter/syscall/include/hdf_syscall_adapter.h,1,convertor,['convertor'],False
core/adapter/syscall/include/hdf_syscall_adapter.h,0,HdfSyscallAdapter,type,core/adapter/syscall/include/hdf_syscall_adapter.h,3,convertor,['convertor'],False
core/adapter/syscall/include/hdf_syscall_adapter.h,0,HdfSyscallAdapterGroup,type,core/adapter/syscall/include/hdf_syscall_adapter.h,4,convertor,['convertor'],False
core/adapter/vnode/src/hdf_vnode_adapter.c,4,HdfSbufCopyFromUser,functionimpl,core/adapter/vnode/src/hdf_vnode_adapter.c,117,convertor,['convertor'],False
core/adapter/vnode/src/hdf_vnode_adapter.c,4,HdfSbufCopyToUser,functionimpl,core/adapter/vnode/src/hdf_vnode_adapter.c,118,convertor,['convertor'],False
core/adapter/vnode/src/hdf_vnode_adapter.c,4,DevEventFree,functionimpl,core/adapter/vnode/src/hdf_vnode_adapter.c,105,convertor,['convertor'],False
core/adapter/vnode/src/hdf_vnode_adapter.c,4,HdfVNodeAdapterServCall,functionimpl,core/adapter/vnode/src/hdf_vnode_adapter.c,129,convertor,['convertor'],False
core/adapter/vnode/src/hdf_vnode_adapter.c,4,HdfVNodeAdapterReadDevEvent,functionimpl,core/adapter/vnode/src/hdf_vnode_adapter.c,127,convertor,['convertor'],False
core/adapter/vnode/src/hdf_vnode_adapter.c,4,VNodeAdapterSendDevEventToClient,functionimpl,core/adapter/vnode/src/hdf_vnode_adapter.c,132,convertor,['convertor'],False
core/adapter/vnode/src/hdf_vnode_adapter.c,4,HdfVNodeAdapterSendDevEvent,functionimpl,core/adapter/vnode/src/hdf_vnode_adapter.c,128,convertor,['convertor'],False
core/manager/src/servstat_listener_holder.c,59,ServStatListenerHolderGet,functionimpl,core/manager/src/servstat_listener_holder.c,919,manager,['manager'],False
core/manager/src/servstat_listener_holder.c,59,ServStatListenerHolderCreate,functionimpl,core/manager/src/servstat_listener_holder.c,918,manager,['manager'],False
core/manager/src/servstat_listener_holder.c,59,ServStatListenerHolderRelease,functionimpl,core/manager/src/servstat_listener_holder.c,920,manager,['manager'],False
core/manager/src/servstat_listener_holder.c,59,ServStatListenerHolderinit,functionimpl,core/manager/src/servstat_listener_holder.c,921,manager,['manager'],False
core/manager/src/devsvc_manager.c,53,DevSvcManagerGetInstance,functionimpl,core/manager/src/devsvc_manager.c,803,manager,['manager'],False
core/manager/src/devsvc_manager_ext.c,54,DevSvcManagerExtConstruct,functionimpl,core/manager/src/devsvc_manager_ext.c,846,manager,['manager'],False
core/manager/src/devsvc_manager.c,53,DevSvcManagerConstruct,functionimpl,core/manager/src/devsvc_manager.c,801,manager,['manager'],False
core/manager/src/devsvc_manager.c,53,DevSvcManagerRelease,functionimpl,core/manager/src/devsvc_manager.c,808,manager,['manager'],False
core/manager/src/devsvc_manager_ext.c,54,client,var,core/manager/src/devsvc_manager_ext.c,856,manager,['manager'],False
core/manager/src/devsvc_manager_ext.c,54,svcmgrInst,var,core/manager/src/devsvc_manager_ext.c,869,manager,['manager'],False
core/manager/src/devsvc_manager_ext.c,54,data,var,core/manager/src/devsvc_manager_ext.c,858,manager,['manager'],False
core/manager/src/devsvc_manager_ext.c,54,devClass,var,core/manager/src/devsvc_manager_ext.c,859,manager,['manager'],False
core/manager/src/devsvc_manager_ext.c,54,holder,var,core/manager/src/devsvc_manager_ext.c,861,manager,['manager'],False
core/manager/src/devsvc_manager_ext.c,54,service,var,core/manager/src/devsvc_manager_ext.c,866,manager,['manager'],False
core/manager/src/devsvc_manager_ext.c,54,reply,var,core/manager/src/devsvc_manager_ext.c,865,manager,['manager'],False
core/manager/src/devsvc_manager_ext.c,54,ioClientPtr,var,core/manager/src/devsvc_manager_ext.c,864,manager,['manager'],False
core/manager/src/devsvc_manager_ext.c,54,cmdId,var,core/manager/src/devsvc_manager_ext.c,857,manager,['manager'],False
core/manager/src/devsvc_manager_ext.c,54,svcmgr,var,core/manager/src/devsvc_manager_ext.c,867,manager,['manager'],False
core/manager/src/devsvc_manager_ext.c,54,inst,var,core/manager/src/devsvc_manager_ext.c,862,manager,['manager'],False
core/manager/src/devsvc_manager_ext.c,54,svcmgrDevObj,var,core/manager/src/devsvc_manager_ext.c,868,manager,['manager'],False
core/manager/src/devsvc_manager_ext.c,54,svcmgrIoService,var,core/manager/src/devsvc_manager_ext.c,870,manager,['manager'],False
core/manager/src/devsvc_manager_ext.c,54,dispatcher,var,core/manager/src/devsvc_manager_ext.c,860,manager,['manager'],False
core/manager/src/devsvc_manager_ext.c,54,instance,var,core/manager/src/devsvc_manager_ext.c,863,manager,['manager'],False
include/platform/uart_if.h,138,UartAttribute,type,include/platform/uart_if.h,1740,platform,['platform'],False
include/platform/uart_if.h,138,UartTransMode,type,include/platform/uart_if.h,1742,platform,['platform'],False
include/osal/osal_mem.h,110,OsalMemAlloc,functionproto,include/osal/osal_mem.h,1390,osal,['osal'],False
core/manager/include/devsvc_manager.h,45,DevSvcManagerGetInstance,functionproto,core/manager/include/devsvc_manager.h,700,manager,['manager'],False
core/manager/include/devsvc_manager.h,45,DevSvcManagerConstruct,functionproto,core/manager/include/devsvc_manager.h,698,manager,['manager'],False
core/manager/include/devsvc_manager.h,45,DevSvcManagerRelease,functionproto,core/manager/include/devsvc_manager.h,703,manager,['manager'],False
core/manager/include/devsvc_manager.h,45,devsvc_manager,file,core/manager/include/devsvc_manager.h,695,manager,['manager'],False
core/manager/include/devsvc_manager.h,45,DevSvcManager,type,core/manager/include/devsvc_manager.h,706,manager,['manager'],False
include/osal/osal_irq.h,109,OsalRegisterIrq,functionproto,include/osal/osal_irq.h,1386,osal,['osal'],False
include/osal/osal_irq.h,109,OsalUnregisterIrq,functionproto,include/osal/osal_irq.h,1387,osal,['osal'],False
include/osal/osal_irq.h,109,osal_irq,file,include/osal/osal_irq.h,1383,osal,['osal'],False
include/utils/hdf_sbuf.h,145,HdfSbufObtainDefaultSize,functionproto,include/utils/hdf_sbuf.h,1790,utils,['utils'],False
core/manager/include/devsvc_listener_holder.h,44,ServStatListenerHolderGet,functionproto,core/manager/include/devsvc_listener_holder.h,691,manager,['manager'],False
core/manager/include/devsvc_listener_holder.h,44,ServStatListenerHolderCreate,functionproto,core/manager/include/devsvc_listener_holder.h,690,manager,['manager'],False
core/manager/include/devsvc_listener_holder.h,44,ServStatListenerHolderRelease,functionproto,core/manager/include/devsvc_listener_holder.h,692,manager,['manager'],False
core/manager/include/devsvc_listener_holder.h,44,ServStatListenerHolderinit,functionproto,core/manager/include/devsvc_listener_holder.h,693,manager,['manager'],False
core/manager/include/devsvc_listener_holder.h,44,devsvc_listener_holder,file,core/manager/include/devsvc_listener_holder.h,688,manager,['manager'],False
core/manager/include/devsvc_listener_holder.h,44,ServStatListenerHolder,type,core/manager/include/devsvc_listener_holder.h,694,manager,['manager'],False
include/osal/osal_spinlock.h,113,OsalSpinLockIrqSave,functionproto,include/osal/osal_spinlock.h,1413,osal,['osal'],False
include/osal/osal_spinlock.h,113,OsalSpinUnlockIrqRestore,functionproto,include/osal/osal_spinlock.h,1416,osal,['osal'],False
include/osal/osal_spinlock.h,113,OsalSpinInit,functionproto,include/osal/osal_spinlock.h,1410,osal,['osal'],False
include/osal/osal_spinlock.h,113,OsalSpinDestroy,functionproto,include/osal/osal_spinlock.h,1409,osal,['osal'],False
include/osal/osal_mem.h,110,OsalMemAllocAlign,functionproto,include/osal/osal_mem.h,1391,osal,['osal'],False
include/platform/uart_if.h,138,UartOpen,functionproto,include/platform/uart_if.h,1734,platform,['platform'],False
include/platform/uart_if.h,138,UartClose,functionproto,include/platform/uart_if.h,1731,platform,['platform'],False
include/platform/uart_if.h,138,UartRead,functionproto,include/platform/uart_if.h,1735,platform,['platform'],False
include/platform/uart_if.h,138,UartWrite,functionproto,include/platform/uart_if.h,1739,platform,['platform'],False
include/platform/uart_if.h,138,UartGetBaud,functionproto,include/platform/uart_if.h,1733,platform,['platform'],False
include/platform/uart_if.h,138,UartSetBaud,functionproto,include/platform/uart_if.h,1737,platform,['platform'],False
include/platform/uart_if.h,138,UartGetAttribute,functionproto,include/platform/uart_if.h,1732,platform,['platform'],False
include/platform/uart_if.h,138,UartSetAttribute,functionproto,include/platform/uart_if.h,1736,platform,['platform'],False
include/platform/uart_if.h,138,UartSetTransMode,functionproto,include/platform/uart_if.h,1738,platform,['platform'],False
include/osal/osal_io.h,108,OsalIoRemap,functionimpl,include/osal/osal_io.h,1378,osal,['osal'],False
include/platform/gpio_if.h,120,GpioDisableIrq,functionproto,include/platform/gpio_if.h,1464,platform,['platform'],False
include/platform/gpio_if.h,120,GpioEnableIrq,functionproto,include/platform/gpio_if.h,1465,platform,['platform'],False
include/platform/gpio_if.h,120,GpioSetIrq,functionproto,include/platform/gpio_if.h,1469,platform,['platform'],False
core/shared/include/hdf_driver.h,71,HdfDriverManagerGetDriver,functionproto,core/shared/include/hdf_driver.h,1025,common,['common'],False
core/shared/include/hdf_driver.h,71,HdfRegisterDriver,functionproto,core/shared/include/hdf_driver.h,1027,common,['common'],False
core/shared/include/hdf_driver.h,71,HdfUnregisterDriver,functionproto,core/shared/include/hdf_driver.h,1029,common,['common'],False
include/osal/osal_spinlock.h,113,OsalSpinLock,functionproto,include/osal/osal_spinlock.h,1411,osal,['osal'],False
include/osal/osal_spinlock.h,113,OsalSpinUnlock,functionproto,include/osal/osal_spinlock.h,1414,osal,['osal'],False
include/osal/osal_spinlock.h,113,osal_spinlock,file,include/osal/osal_spinlock.h,1408,osal,['osal'],False
include/osal/osal_spinlock.h,113,,type,include/osal/osal_spinlock.h,1417,osal,['osal'],False
include/wifi/wifi_mac80211_ops.h,154,WlanChannelCapabilityFlags,type,include/wifi/wifi_mac80211_ops.h,1927,network,['network'],False
include/wifi/wifi_mac80211_ops.h,154,WLAN_CHANNEL_FLAG_DFS_USABLE,var,include/wifi/wifi_mac80211_ops.h,1934,network,['network'],False
include/wifi/wifi_mac80211_ops.h,154,WLAN_CHANNEL_FLAG_DFS_UNAVAILABLE,var,include/wifi/wifi_mac80211_ops.h,1933,network,['network'],False
include/wifi/wifi_mac80211_ops.h,154,,functionproto,include/wifi/wifi_mac80211_ops.h,1917,network,['network'],False
include/wifi/wifi_mac80211_ops.h,154,WlanHwCapability,type,include/wifi/wifi_mac80211_ops.h,1929,network,['network'],False
include/wifi/wifi_mac80211_ops.h,154,WlanWorkMode,type,include/wifi/wifi_mac80211_ops.h,1932,network,['network'],False
include/wifi/wifi_mac80211_ops.h,154,KeyParams,type,include/wifi/wifi_mac80211_ops.h,1921,network,['network'],False
include/wifi/wifi_mac80211_ops.h,154,WlanConnectParams,type,include/wifi/wifi_mac80211_ops.h,1928,network,['network'],False
include/wifi/wifi_mac80211_ops.h,154,WlanScanRequest,type,include/wifi/wifi_mac80211_ops.h,1931,network,['network'],False
include/wifi/wifi_mac80211_ops.h,154,WlanAPConf,type,include/wifi/wifi_mac80211_ops.h,1923,network,['network'],False
include/wifi/wifi_mac80211_ops.h,154,WlanBeaconConf,type,include/wifi/wifi_mac80211_ops.h,1925,network,['network'],False
include/wifi/wifi_mac80211_ops.h,154,Ieee80211Band,type,include/wifi/wifi_mac80211_ops.h,1919,network,['network'],False
include/wifi/wifi_mac80211_ops.h,154,Ieee80211ChannelWidth,type,include/wifi/wifi_mac80211_ops.h,1920,network,['network'],False
include/wifi/wifi_mac80211_ops.h,154,WlanBand,type,include/wifi/wifi_mac80211_ops.h,1924,network,['network'],False
include/wifi/wifi_mac80211_ops.h,154,WlanChannel,type,include/wifi/wifi_mac80211_ops.h,1926,network,['network'],False
include/wifi/wifi_mac80211_ops.h,154,WlanSSID,type,include/wifi/wifi_mac80211_ops.h,1930,network,['network'],False
include/wifi/wifi_mac80211_ops.h,154,CryptoSettings,type,include/wifi/wifi_mac80211_ops.h,1918,network,['network'],False
include/utils/hdf_workqueue.h,146,HdfAddWork,functionproto,include/utils/hdf_workqueue.h,1835,utils,['utils'],False
include/utils/hdf_workqueue.h,146,HdfWorkQueueInit,functionproto,include/utils/hdf_workqueue.h,1844,utils,['utils'],False
include/utils/hdf_workqueue.h,146,HdfWorkInit,functionproto,include/utils/hdf_workqueue.h,1842,utils,['utils'],False
include/utils/hdf_workqueue.h,146,HdfWorkDestroy,functionproto,include/utils/hdf_workqueue.h,1841,utils,['utils'],False
include/utils/hdf_workqueue.h,146,HdfWorkQueueDestroy,functionproto,include/utils/hdf_workqueue.h,1843,utils,['utils'],False
core/host/include/hdf_service_subscriber.h,26,HdfServiceSubscriberDelete,functionproto,core/host/include/hdf_service_subscriber.h,404,kernal_host,['kernal_host'],False
core/host/include/hdf_service_subscriber.h,26,HdfServiceSubscriber,type,core/host/include/hdf_service_subscriber.h,408,kernal_host,['kernal_host'],False
include/utils/hdf_dlist.h,143,hdf_dlist,file,include/utils/hdf_dlist.h,1765,utils,['utils'],False
core/shared/include/devhost_service_if.h,64,devhost_service_if,file,core/shared/include/devhost_service_if.h,997,common,['common'],False
core/shared/include/devhost_service_if.h,64,IDevHostService,type,core/shared/include/devhost_service_if.h,999,common,['common'],False
include/osal/osal_file.h,106,osal_file,file,include/osal/osal_file.h,1363,osal,['osal'],False
include/wifi/wifi_mac80211_ops.h,154,wifi_mac80211_ops,file,include/wifi/wifi_mac80211_ops.h,1916,network,['network'],False
include/net/net_device.h,102,net_device,file,include/net/net_device.h,1316,network,['network'],False
include/net/net_device.h,102,NetDevice,type,include/net/net_device.h,1344,network,['network'],False
core/shared/include/devhost_service_if.h,64,,functionproto,core/shared/include/devhost_service_if.h,998,common,['common'],False
core/manager/src/servstat_listener_holder.c,59,servstat_listener_holder,file,core/manager/src/servstat_listener_holder.c,914,manager,['manager'],False
core/manager/src/servstat_listener_holder.c,59,KServStatListenerHolderListInit,functionimpl,core/manager/src/servstat_listener_holder.c,915,manager,['manager'],False
core/manager/src/servstat_listener_holder.c,59,SvcStatListenerHolderList,type,core/manager/src/servstat_listener_holder.c,923,manager,['manager'],False
include/platform/mipi_dsi_if.h,126,MipiDsiSetCfg,functionproto,include/platform/mipi_dsi_if.h,1598,platform,['platform'],False
include/platform/mipi_dsi_if.h,126,MipiDsiGetCfg,functionproto,include/platform/mipi_dsi_if.h,1595,platform,['platform'],False
include/platform/mipi_dsi_if.h,126,MipiDsiTx,functionproto,include/platform/mipi_dsi_if.h,1602,platform,['platform'],False
include/platform/mipi_dsi_if.h,126,MipiDsiRx,functionproto,include/platform/mipi_dsi_if.h,1597,platform,['platform'],False
include/platform/mipi_dsi_if.h,126,DsiMode,type,include/platform/mipi_dsi_if.h,1606,platform,['platform'],False
include/platform/mipi_dsi_if.h,126,DsiLane,type,include/platform/mipi_dsi_if.h,1605,platform,['platform'],False
include/platform/mipi_dsi_if.h,126,DsiBurstMode,type,include/platform/mipi_dsi_if.h,1603,platform,['platform'],False
include/platform/mipi_dsi_if.h,126,DsiOutFormat,type,include/platform/mipi_dsi_if.h,1607,platform,['platform'],False
include/platform/mipi_dsi_if.h,126,DsiTimingInfo,type,include/platform/mipi_dsi_if.h,1608,platform,['platform'],False
include/platform/mipi_dsi_if.h,126,MipiDsiOpen,functionproto,include/platform/mipi_dsi_if.h,1596,platform,['platform'],False
include/platform/mipi_dsi_if.h,126,MipiDsiClose,functionproto,include/platform/mipi_dsi_if.h,1594,platform,['platform'],False
include/platform/mipi_dsi_if.h,126,MipiDsiSetLpMode,functionproto,include/platform/mipi_dsi_if.h,1601,platform,['platform'],False
include/platform/mipi_dsi_if.h,126,MipiDsiSetHsMode,functionproto,include/platform/mipi_dsi_if.h,1600,platform,['platform'],False
include/platform/mipi_dsi_if.h,126,MipiDsiAttach,functionproto,include/platform/mipi_dsi_if.h,1593,platform,['platform'],False
include/platform/mipi_dsi_if.h,126,MipiDsiSetDrvData,functionproto,include/platform/mipi_dsi_if.h,1599,platform,['platform'],False
include/platform/mipi_csi_if.h,125,LvdsDevAttr,alias,include/platform/mipi_csi_if.h,1572,platform,['platform'],False
include/platform/mipi_csi_if.h,125,MipiDevAttr,alias,include/platform/mipi_csi_if.h,1573,platform,['platform'],False
include/platform/mipi_csi_if.h,125,InputMode,alias,include/platform/mipi_csi_if.h,1570,platform,['platform'],False
core/host/include/hdf_device.h,17,devid_t,alias,core/host/include/hdf_device.h,323,kernal_host,['kernal_host'],False
core/manager/include/hdf_driver_installer.h,47,hdf_driver_installer,file,core/manager/include/hdf_driver_installer.h,710,manager,['manager'],False
core/manager/include/hdf_driver_installer.h,47,DriverInstallerCreate,functionproto,core/manager/include/hdf_driver_installer.h,711,manager,['manager'],False
core/manager/include/hdf_driver_installer.h,47,IDriverInstaller,type,core/manager/include/hdf_driver_installer.h,714,manager,['manager'],False
include/bluetooth/hdf_chip.h,94,HdfResetVirtualDevice,functionimpl,include/bluetooth/hdf_chip.h,1188,network,['network'],False
include/bluetooth/hdf_chip.h,94,hdf_chip,file,include/bluetooth/hdf_chip.h,1185,network,['network'],False
include/platform/i2s_if.h,123,I2sCfg,type,include/platform/i2s_if.h,1537,platform,['platform'],False
include/platform/i2s_if.h,123,I2sMsg,type,include/platform/i2s_if.h,1545,platform,['platform'],False
include/utils/hdf_sbuf.h,145,HdfSbufReadUint64,functionproto,include/utils/hdf_sbuf.h,1804,utils,['utils'],False
include/utils/hdf_sbuf.h,145,HdfSbufWriteUint64,functionproto,include/utils/hdf_sbuf.h,1827,utils,['utils'],False
core/manager/src/servstat_listener_holder.c,59,KServStatListenerHolder,type,core/manager/src/servstat_listener_holder.c,922,manager,['manager'],False
core/manager/src/servstat_listener_holder.c,59,KServStatListenerHolderNotifyStatus,functionimpl,core/manager/src/servstat_listener_holder.c,916,manager,['manager'],False
include/platform/i3c_if.h,124,i3c_if,file,include/platform/i3c_if.h,1552,platform,['platform'],False
core/shared/include/devsvc_manager_if.h,67,,functionproto,core/shared/include/devsvc_manager_if.h,1006,common,['common'],False
include/platform/spi_if.h,136,spi_if,file,include/platform/spi_if.h,1707,platform,['platform'],False
core/shared/include/devsvc_manager_if.h,67,devsvc_manager_if,file,core/shared/include/devsvc_manager_if.h,1005,common,['common'],False
include/net/net_device.h,102,NetIfDhcpIsBound,functionproto,include/net/net_device.h,1328,network,['network'],False
include/net/net_device.h,102,NetIfDhcpStop,functionproto,include/net/net_device.h,1330,network,['network'],False
include/net/net_device.h,102,NetIfDhcpStart,functionproto,include/net/net_device.h,1329,network,['network'],False
include/platform/i2c_if.h,122,i2c_if,file,include/platform/i2c_if.h,1517,platform,['platform'],False
include/osal/osal_timer.h,116,OsalTimerStartLoop,functionproto,include/osal/osal_timer.h,1444,osal,['osal'],False
include/osal/osal_timer.h,116,OsalTimerSetTimeout,functionproto,include/osal/osal_timer.h,1443,osal,['osal'],False
core/manager/include/hdf_driver_installer.h,47,DriverInstallerGetInstance,functionproto,core/manager/include/hdf_driver_installer.h,712,manager,['manager'],False
core/manager/include/hdf_driver_installer.h,47,DriverInstaller,type,core/manager/include/hdf_driver_installer.h,713,manager,['manager'],False
include/osal/osal_sem.h,112,osal_sem,file,include/osal/osal_sem.h,1401,osal,['osal'],False
include/osal/osal_sem.h,112,OsalSem,type,include/osal/osal_sem.h,1406,osal,['osal'],False
include/osal.h,103,osal,file,include/osal.h,1350,osal,['osal'],False
core/shared/src/hdf_object_manager.c,83,objectId,var,core/shared/src/hdf_object_manager.c,1113,common,['common'],False
core/shared/src/hdf_object_manager.c,83,targetCreator,var,core/shared/src/hdf_object_manager.c,1114,common,['common'],False
core/shared/src/hdf_object_manager.c,83,object,var,core/shared/src/hdf_object_manager.c,1112,common,['common'],False
include/wifi/hdf_wifi_event.h,148,Ieee80211Mgmt,type,include/wifi/hdf_wifi_event.h,1879,network,['network'],False
include/wifi/hdf_wifi_event.h,148,hdf_wifi_event,file,include/wifi/hdf_wifi_event.h,1856,network,['network'],False
include/wifi/hdf_wifi_event.h,148,StationInfo,type,include/wifi/hdf_wifi_event.h,1887,network,['network'],False
include/wifi/hdf_wifi_event.h,148,ScannedBssInfo,type,include/wifi/hdf_wifi_event.h,1884,network,['network'],False
include/wifi/hdf_wifi_event.h,148,ConnetResult,type,include/wifi/hdf_wifi_event.h,1876,network,['network'],False
include/wifi/hdf_wifi_event.h,148,HdfWifiEventNewSta,functionproto,include/wifi/hdf_wifi_event.h,1865,network,['network'],False
include/wifi/hdf_wifi_event.h,148,HdfWifiEventDelSta,functionproto,include/wifi/hdf_wifi_event.h,1860,network,['network'],False
include/wifi/hdf_wifi_event.h,148,HdfWifiEventInformBssFrame,functionproto,include/wifi/hdf_wifi_event.h,1863,network,['network'],False
include/wifi/hdf_wifi_event.h,148,HdfWifiEventScanDone,functionproto,include/wifi/hdf_wifi_event.h,1869,network,['network'],False
include/wifi/hdf_wifi_event.h,148,HdfWifiEventConnectResult,functionproto,include/wifi/hdf_wifi_event.h,1858,network,['network'],False
include/wifi/hdf_wifi_event.h,148,HdfWifiEventDisconnected,functionproto,include/wifi/hdf_wifi_event.h,1861,network,['network'],False
include/wifi/hdf_wifi_event.h,148,HdfWifiEventMgmtTxStatus,functionproto,include/wifi/hdf_wifi_event.h,1864,network,['network'],False
include/wifi/hdf_wifi_event.h,148,HdfWifiEventCsaChannelSwitch,functionproto,include/wifi/hdf_wifi_event.h,1859,network,['network'],False
include/wifi/hdf_wifi_event.h,148,HdfWifiEventTimeoutDisconnected,functionproto,include/wifi/hdf_wifi_event.h,1870,network,['network'],False
include/wifi/hdf_wifi_event.h,148,HdfWifiEventRxMgmt,functionproto,include/wifi/hdf_wifi_event.h,1868,network,['network'],False
include/wifi/hdf_wifi_event.h,148,HdfWifiEventEapolRecv,functionproto,include/wifi/hdf_wifi_event.h,1862,network,['network'],False
include/wifi/hdf_wifi_event.h,148,HdfWifiEventResetResult,functionproto,include/wifi/hdf_wifi_event.h,1867,network,['network'],False
include/wifi/hdf_wifi_event.h,148,HdfWifiEventRemainOnChannel,functionproto,include/wifi/hdf_wifi_event.h,1866,network,['network'],False
include/wifi/hdf_wifi_event.h,148,HdfWifiEventCancelRemainOnChannel,functionproto,include/wifi/hdf_wifi_event.h,1857,network,['network'],False
include/wifi/hdf_wifi_product.h,149,HdfWlanSendBroadcastEvent,functionproto,include/wifi/hdf_wifi_product.h,1895,network,['network'],False
include/wifi/hdf_wifi_product.h,149,hdf_wifi_product,file,include/wifi/hdf_wifi_product.h,1889,network,['network'],False
include/utils/hdf_sbuf.h,145,HdfSbufWriteUint8,functionproto,include/utils/hdf_sbuf.h,1828,utils,['utils'],False
core/shared/include/hdf_object_manager.h,73,HdfObjectManagerGetCreators,functionproto,core/shared/include/hdf_object_manager.h,1051,common,['common'],False
core/shared/src/hdf_object_manager.c,83,hdf_object_manager,file,core/shared/src/hdf_object_manager.c,1109,common,['common'],False
core/shared/include/hdf_object_manager.h,73,HdfObjectCreator,type,core/shared/include/hdf_object_manager.h,1054,common,['common'],False
include/platform/spi_if.h,136,SpiCfg,type,include/platform/spi_if.h,1715,platform,['platform'],False
include/platform/spi_if.h,136,SpiMsg,type,include/platform/spi_if.h,1718,platform,['platform'],False
core/host/src/power_state_token.c,40,PowerStateTokenConstruct,functionimpl,core/host/src/power_state_token.c,654,kernal_host,['kernal_host'],False
core/host/src/power_state_token.c,40,power_state_token,file,core/host/src/power_state_token.c,651,kernal_host,['kernal_host'],False
core/shared/src/svcmgr_ioservice.c,87,SvcMgrIoserviceGet,functionimpl,core/shared/src/svcmgr_ioservice.c,1138,common,['common'],False
core/shared/src/svcmgr_ioservice.c,87,SvcMgrIoserviceRelease,functionimpl,core/shared/src/svcmgr_ioservice.c,1140,common,['common'],False
core/shared/src/svcmgr_ioservice.c,87,svcmgr_ioservice,file,core/shared/src/svcmgr_ioservice.c,1135,common,['common'],False
core/host/include/devmgr_service_clnt.h,15,DevmgrServiceClntGetInstance,functionproto,core/host/include/devmgr_service_clnt.h,312,kernal_host,['kernal_host'],False
core/host/include/devmgr_service_clnt.h,15,DevmgrServiceClnt,type,core/host/include/devmgr_service_clnt.h,313,kernal_host,['kernal_host'],False
core/host/include/devmgr_service_clnt.h,15,DevmgrServiceClntFreeInstance,functionproto,core/host/include/devmgr_service_clnt.h,311,kernal_host,['kernal_host'],False
include/platform/hdmi_if.h,121,HdmiVideoBitDepth,type,include/platform/hdmi_if.h,1514,platform,['platform'],False
include/platform/hdmi_if.h,121,HdmiVideoTiming,type,include/platform/hdmi_if.h,1515,platform,['platform'],False
include/platform/hdmi_if.h,121,HdmiPictureAspectRatio,type,include/platform/hdmi_if.h,1506,platform,['platform'],False
include/platform/hdmi_if.h,121,HdmiSampleRate,type,include/platform/hdmi_if.h,1508,platform,['platform'],False
include/platform/hdmi_if.h,121,HdmiAudioInterfaceType,type,include/platform/hdmi_if.h,1494,platform,['platform'],False
include/platform/hdmi_if.h,121,HdmiAudioBitDepth,type,include/platform/hdmi_if.h,1491,platform,['platform'],False
include/platform/hdmi_if.h,121,HdmiAudioFormatChannel,type,include/platform/hdmi_if.h,1493,platform,['platform'],False
include/platform/hdmi_if.h,121,HdmiColorSpace,type,include/platform/hdmi_if.h,1495,platform,['platform'],False
include/platform/hdmi_if.h,121,HdmiQuantizationRange,type,include/platform/hdmi_if.h,1507,platform,['platform'],False
core/manager/include/device_token_clnt.h,42,device_token_clnt,file,core/manager/include/device_token_clnt.h,675,manager,['manager'],False
core/manager/include/device_token_clnt.h,42,DeviceTokenClnt,type,core/manager/include/device_token_clnt.h,679,manager,['manager'],False
core/shared/include/device_token_if.h,65,device_token_if,file,core/shared/include/device_token_if.h,1000,common,['common'],False
core/manager/include/device_token_clnt.h,42,DeviceTokenClntNewInstance,functionproto,core/manager/include/device_token_clnt.h,678,manager,['manager'],False
core/shared/src/svcmgr_ioservice.c,87,SvcMgrIoservice,type,core/shared/src/svcmgr_ioservice.c,1143,common,['common'],False
core/shared/src/svcmgr_ioservice.c,87,SetListenClass,functionimpl,core/shared/src/svcmgr_ioservice.c,1136,common,['common'],False
core/shared/src/svcmgr_ioservice.c,87,UnSetListenClass,functionimpl,core/shared/src/svcmgr_ioservice.c,1142,common,['common'],False
include/bluetooth/hdf_chip.h,94,HdfReset,type,include/bluetooth/hdf_chip.h,1197,network,['network'],False
include/bluetooth/hdf_chip_config.h,95,HdfResetConfig,type,include/bluetooth/hdf_chip_config.h,1214,network,['network'],False
include/wifi/wifi_module.h,155,wifi_module,file,include/wifi/wifi_module.h,1935,network,['network'],False
include/wifi/wifi_module.h,155,WifiFeature,type,include/wifi/wifi_module.h,1939,network,['network'],False
core/manager/src/device_token_clnt.c,51,DeviceTokenClntConstruct,functionimpl,core/manager/src/device_token_clnt.c,738,manager,['manager'],False
core/manager/src/device_token_clnt.c,51,DeviceTokenClntNewInstance,functionimpl,core/manager/src/device_token_clnt.c,741,manager,['manager'],False
include/platform/gpio_if.h,120,GpioRead,functionproto,include/platform/gpio_if.h,1467,platform,['platform'],False
core/common/src/devmgr_service_start.c,10,DeviceManagerDispatch,functionimpl,core/common/src/devmgr_service_start.c,192,common,['common'],False
include/utils/device_resource_if.h,140,DeviceResourceType,alias,include/utils/device_resource_if.h,1754,utils,['utils'],False
core/manager/src/device_token_clnt.c,51,DeviceTokenClntDelete,functionimpl,core/manager/src/device_token_clnt.c,739,manager,['manager'],False
core/manager/src/device_token_clnt.c,51,DeviceTokenClntFreeInstance,functionimpl,core/manager/src/device_token_clnt.c,740,manager,['manager'],False
core/manager/src/device_token_clnt.c,51,tokenClnt,var,core/manager/src/device_token_clnt.c,743,manager,['manager'],False
core/manager/src/device_token_clnt.c,51,tokenIf,var,core/manager/src/device_token_clnt.c,744,manager,['manager'],False
core/manager/src/device_token_clnt.c,51,listEntry,var,core/manager/src/device_token_clnt.c,742,manager,['manager'],False
core/common/src/devmgr_service_start.c,10,devmgr_service_start,file,core/common/src/devmgr_service_start.c,191,common,['common'],False
core/common/src/devmgr_service_start.c,10,GetDeviceServiceNameByClass,functionimpl,core/common/src/devmgr_service_start.c,197,common,['common'],False
core/manager/src/device_token_clnt.c,51,device_token_clnt,file,core/manager/src/device_token_clnt.c,737,manager,['manager'],False
core/manager/include/device_token_clnt.h,42,DeviceTokenClntFreeInstance,functionproto,core/manager/include/device_token_clnt.h,677,manager,['manager'],False
core/manager/include/device_token_clnt.h,42,DeviceTokenClntDelete,functionproto,core/manager/include/device_token_clnt.h,676,manager,['manager'],False
include/platform/i2c_if.h,122,I2cMsg,type,include/platform/i2c_if.h,1523,platform,['platform'],False
include/platform/i2c_if.h,122,I2cTransfer,functionproto,include/platform/i2c_if.h,1520,platform,['platform'],False
include/net/net_device.h,102,NetIfSetAddr,functionproto,include/net/net_device.h,1336,network,['network'],False
include/net/net_device.h,102,NetIfSetMacAddr,functionproto,include/net/net_device.h,1338,network,['network'],False
include/net/net_device.h,102,NetIfSetStatus,functionproto,include/net/net_device.h,1339,network,['network'],False
include/net/net_device.h,102,,type,include/net/net_device.h,1340,network,['network'],False
include/ethernet/eth_chip_driver.h,100,HdfEthGetChipDriverMgr,functionproto,include/ethernet/eth_chip_driver.h,1280,network,['network'],False
include/ethernet/eth_chip_driver.h,100,GetEthNetDeviceData,functionproto,include/ethernet/eth_chip_driver.h,1279,network,['network'],False
include/ethernet/eth_chip_driver.h,100,eth_chip_driver,file,include/ethernet/eth_chip_driver.h,1277,network,['network'],False
include/ethernet/eth_chip_driver.h,100,HdfEthChipDriverFactory,type,include/ethernet/eth_chip_driver.h,1282,network,['network'],False
include/ethernet/eth_chip_driver.h,100,HdfEthChipDriverManager,type,include/ethernet/eth_chip_driver.h,1283,network,['network'],False
include/ethernet/eth_chip_driver.h,100,HdfEthMacChipDriver,type,include/ethernet/eth_chip_driver.h,1284,network,['network'],False
include/ethernet/eth_chip_driver.h,100,HdfEthNetDeviceData,type,include/ethernet/eth_chip_driver.h,1285,network,['network'],False
include/platform/sdio_if.h,135,SdioIrqHandler,functionproto,include/platform/sdio_if.h,1693,platform,['platform'],False
include/platform/pwm_if.h,131,PwmDisable,functionproto,include/platform/pwm_if.h,1634,platform,['platform'],False
include/platform/pwm_if.h,131,PwmSetDuty,functionproto,include/platform/pwm_if.h,1639,platform,['platform'],False
include/platform/pwm_if.h,131,PwmEnable,functionproto,include/platform/pwm_if.h,1635,platform,['platform'],False
include/platform/pwm_if.h,131,PwmOpen,functionproto,include/platform/pwm_if.h,1637,platform,['platform'],False
include/platform/pwm_if.h,131,PwmGetConfig,functionproto,include/platform/pwm_if.h,1636,platform,['platform'],False
include/platform/pwm_if.h,131,PwmSetConfig,functionproto,include/platform/pwm_if.h,1638,platform,['platform'],False
include/platform/pwm_if.h,131,pwm_if,file,include/platform/pwm_if.h,1632,platform,['platform'],False
include/platform/pwm_if.h,131,PwmConfig,type,include/platform/pwm_if.h,1642,platform,['platform'],False
include/platform/mmc_if.h,127,MmcOpen,functionproto,include/platform/mmc_if.h,1613,platform,['platform'],False
include/platform/mmc_if.h,127,MmcClose,functionproto,include/platform/mmc_if.h,1611,platform,['platform'],False
core/common/src/hdf_attribute_macro.c,12,HdfAttributeManagerGetHostList,functionimpl,core/common/src/hdf_attribute_macro.c,251,common,['common'],False
core/common/src/hdf_attribute_macro.c,12,HdfAttributeManagerGetDeviceList,functionimpl,core/common/src/hdf_attribute_macro.c,250,common,['common'],False
core/common/src/hdf_attribute_macro.c,12,hdf_attribute_macro,file,core/common/src/hdf_attribute_macro.c,243,common,['common'],False
include/utils/hcs_macro.h,141,hcs_macro,file,include/utils/hcs_macro.h,1762,utils,['utils'],False
core/host/src/hdf_driver_loader.c,35,hdf_driver_loader,file,core/host/src/hdf_driver_loader.c,579,kernal_host,['kernal_host'],False
core/host/src/hdf_driver_loader.c,35,HdfDriverEntryConstruct,functionimpl,core/host/src/hdf_driver_loader.c,580,kernal_host,['kernal_host'],False
core/host/src/hdf_driver_loader.c,35,HdfDriverLoaderGetDriver,functionimpl,core/host/src/hdf_driver_loader.c,583,kernal_host,['kernal_host'],False
core/host/src/hdf_driver_loader.c,35,HdfDriverLoaderConstruct,functionimpl,core/host/src/hdf_driver_loader.c,581,kernal_host,['kernal_host'],False
core/host/src/hdf_driver_loader.c,35,HdfDriverLoaderReclaimDriver,functionimpl,core/host/src/hdf_driver_loader.c,585,kernal_host,['kernal_host'],False
include/wifi/wifi_module.h,155,HdfChipDriver,type,include/wifi/wifi_module.h,1938,network,['network'],False
include/platform/dac_if.h,118,DacIoCmd,type,include/platform/dac_if.h,1455,platform,['platform'],False
core/manager/src/driver_manager.c,55,HdfDriverManagerGetDriver,functionimpl,core/manager/src/driver_manager.c,874,manager,['manager'],False
include/osal/osal_time.h,115,OsalMDelay,functionproto,include/osal/osal_time.h,1433,osal,['osal'],False
core/common/src/hdf_attribute_macro.c,12,AttributeManagerFreeDevHost,functionimpl,core/common/src/hdf_attribute_macro.c,244,common,['common'],False
core/common/src/hdf_attribute_macro.c,12,AttributeManagerFreeHost,functionimpl,core/common/src/hdf_attribute_macro.c,245,common,['common'],False
core/host/src/hdf_driver_loader.c,35,HdfDriverLoaderCreate,functionimpl,core/host/src/hdf_driver_loader.c,582,kernal_host,['kernal_host'],False
core/host/src/hdf_driver_loader.c,35,count,var,core/host/src/hdf_driver_loader.c,587,kernal_host,['kernal_host'],False
core/host/src/hdf_driver_loader.c,35,addrBegin,var,core/host/src/hdf_driver_loader.c,586,kernal_host,['kernal_host'],False
core/host/src/hdf_driver_loader.c,35,i,var,core/host/src/hdf_driver_loader.c,591,kernal_host,['kernal_host'],False
core/host/src/hdf_driver_loader.c,35,driverEntry,var,core/host/src/hdf_driver_loader.c,589,kernal_host,['kernal_host'],False
core/host/src/hdf_driver_loader.c,35,moduleName,var,core/host/src/hdf_driver_loader.c,595,kernal_host,['kernal_host'],False
core/host/src/hdf_driver_loader.c,35,driver,var,core/host/src/hdf_driver_loader.c,588,kernal_host,['kernal_host'],False
core/host/src/hdf_driver_loader.c,35,inst,var,core/host/src/hdf_driver_loader.c,592,kernal_host,['kernal_host'],False
core/host/src/hdf_driver_loader.c,35,isDriverLoaderInit,var,core/host/src/hdf_driver_loader.c,594,kernal_host,['kernal_host'],False
core/host/src/hdf_driver_loader.c,35,driverLoader,var,core/host/src/hdf_driver_loader.c,590,kernal_host,['kernal_host'],False
core/host/src/hdf_driver_loader.c,35,instance,var,core/host/src/hdf_driver_loader.c,593,kernal_host,['kernal_host'],False
include/osal/osal_sem.h,112,OsalSemInit,functionproto,include/osal/osal_sem.h,1403,osal,['osal'],False
include/osal/osal_sem.h,112,OsalSemDestroy,functionproto,include/osal/osal_sem.h,1402,osal,['osal'],False
core/host/include/hdf_driver_loader.h,21,HdfDriverLoader,type,core/host/include/hdf_driver_loader.h,377,kernal_host,['kernal_host'],False
core/host/include/hdf_driver_loader.h,21,HdfDriverLoaderGetDriver,functionproto,core/host/include/hdf_driver_loader.h,372,kernal_host,['kernal_host'],False
core/host/include/hdf_driver_loader.h,21,HdfDriverLoaderConstruct,functionproto,core/host/include/hdf_driver_loader.h,370,kernal_host,['kernal_host'],False
core/host/include/hdf_driver_loader.h,21,HdfDriverLoaderCreate,functionproto,core/host/include/hdf_driver_loader.h,371,kernal_host,['kernal_host'],False
include/wifi/hdf_wifi_product.h,149,HdfWlanGetWlanDevice,functionproto,include/wifi/hdf_wifi_product.h,1893,network,['network'],False
include/wifi/hdf_wifi_product.h,149,HdfWlanDevice,type,include/wifi/hdf_wifi_product.h,1896,network,['network'],False
include/wifi/hdf_wlan_chipdriver_manager.h,150,HdfWifiNetDeviceData,type,include/wifi/hdf_wlan_chipdriver_manager.h,1904,network,['network'],False
include/wifi/hdf_wlan_chipdriver_manager.h,150,hdf_wlan_chipdriver_manager,file,include/wifi/hdf_wlan_chipdriver_manager.h,1898,network,['network'],False
core/host/src/hdf_service_observer.c,38,HdfServiceObserverConstruct,functionimpl,core/host/src/hdf_service_observer.c,627,kernal_host,['kernal_host'],False
core/host/src/hdf_service_observer.c,38,HdfServiceObserverDestruct,functionimpl,core/host/src/hdf_service_observer.c,628,kernal_host,['kernal_host'],False
core/host/src/hdf_service_observer.c,38,HdfServiceObserverSubscribeService,functionimpl,core/host/src/hdf_service_observer.c,631,kernal_host,['kernal_host'],False
core/host/src/hdf_service_observer.c,38,HdfServiceObserverRemoveRecord,functionimpl,core/host/src/hdf_service_observer.c,630,kernal_host,['kernal_host'],False
core/shared/include/hdf_device_info.h,70,HdfDeviceInfoDelete,functionproto,core/shared/include/hdf_device_info.h,1019,common,['common'],False
core/host/include/hdf_observer_record.h,22,HdfServiceObserverRecord,type,core/host/include/hdf_observer_record.h,385,kernal_host,['kernal_host'],False
core/host/include/devmgr_service_clnt.h,15,DevmgrServiceClntAttachDeviceHost,functionproto,core/host/include/devmgr_service_clnt.h,309,kernal_host,['kernal_host'],False
core/manager/src/driver_manager.c,55,driver_manager,file,core/manager/src/driver_manager.c,871,manager,['manager'],False
core/shared/include/devmgr_service_if.h,66,devmgr_service_if,file,core/shared/include/devmgr_service_if.h,1002,common,['common'],False
core/shared/include/devmgr_service_if.h,66,IDevmgrService,type,core/shared/include/devmgr_service_if.h,1004,common,['common'],False
include/net/net_device.h,102,NetDeviceDeInit,functionproto,include/net/net_device.h,1320,network,['network'],False
include/net/net_device.h,102,NetDeviceInit,functionproto,include/net/net_device.h,1325,network,['network'],False
core/host/src/hdf_device.c,31,hdf_device,file,core/host/src/hdf_device.c,481,kernal_host,['kernal_host'],False
core/shared/src/ioserstat_listener.c,85,IoServiceStatusListenerNewInstance,functionimpl,core/shared/src/ioserstat_listener.c,1121,common,['common'],False
core/shared/src/ioserstat_listener.c,85,IoServiceStatusListenerFree,functionimpl,core/shared/src/ioserstat_listener.c,1120,common,['common'],False
core/shared/src/ioserstat_listener.c,85,ioserstat_listener,file,core/shared/src/ioserstat_listener.c,1119,common,['common'],False
include/wifi/wifi_module.h,155,WifiModule,type,include/wifi/wifi_module.h,1941,network,['network'],False
include/wifi/wifi_module.h,155,InitWifiModule,functionproto,include/wifi/wifi_module.h,1937,network,['network'],False
core/host/src/hdf_device.c,31,HdfDeviceAttach,functionimpl,core/host/src/hdf_device.c,483,kernal_host,['kernal_host'],False
core/host/src/hdf_device.c,31,HdfDeviceDetach,functionimpl,core/host/src/hdf_device.c,487,kernal_host,['kernal_host'],False
core/host/src/hdf_device.c,31,HdfDeviceConstruct,functionimpl,core/host/src/hdf_device.c,484,kernal_host,['kernal_host'],False
core/host/src/hdf_device.c,31,HdfDeviceDestruct,functionimpl,core/host/src/hdf_device.c,486,kernal_host,['kernal_host'],False
core/host/include/hdf_observer_record.h,22,HdfServiceObserverRecordObtain,functionproto,core/host/include/hdf_observer_record.h,383,kernal_host,['kernal_host'],False
core/host/include/hdf_observer_record.h,22,HdfServiceObserverRecordRecycle,functionproto,core/host/include/hdf_observer_record.h,384,kernal_host,['kernal_host'],False
core/host/include/hdf_observer_record.h,22,HdfServiceObserverRecordNotifySubscribers,functionproto,core/host/include/hdf_observer_record.h,382,kernal_host,['kernal_host'],False
core/host/src/hdf_observer_record.c,36,HdfServiceObserverRecordObtain,functionimpl,core/host/src/hdf_observer_record.c,600,kernal_host,['kernal_host'],False
core/host/src/hdf_observer_record.c,36,HdfServiceObserverRecordRecycle,functionimpl,core/host/src/hdf_observer_record.c,601,kernal_host,['kernal_host'],False
core/host/src/hdf_observer_record.c,36,HdfServiceObserverRecordNotifySubscribers,functionimpl,core/host/src/hdf_observer_record.c,599,kernal_host,['kernal_host'],False
core/host/src/hdf_device.c,31,HdfDeviceCreate,functionimpl,core/host/src/hdf_device.c,485,kernal_host,['kernal_host'],False
core/host/src/hdf_device.c,31,HdfDeviceRelease,functionimpl,core/host/src/hdf_device.c,492,kernal_host,['kernal_host'],False
include/platform/timer_if.h,137,TimerConfig,type,include/platform/timer_if.h,1728,platform,['platform'],False
include/platform/dac_if.h,118,dac_if,file,include/platform/dac_if.h,1451,platform,['platform'],False
include/platform/dac_if.h,118,DacOpen,functionproto,include/platform/dac_if.h,1453,platform,['platform'],False
include/platform/dac_if.h,118,DacClose,functionproto,include/platform/dac_if.h,1452,platform,['platform'],False
include/platform/dac_if.h,118,DacWrite,functionproto,include/platform/dac_if.h,1454,platform,['platform'],False
core/host/src/devhost_service.c,28,ApplyDevicesPowerState,functionimpl,core/host/src/devhost_service.c,415,kernal_host,['kernal_host'],False
core/host/src/power_state_token.c,40,PowerStateChange,functionimpl,core/host/src/power_state_token.c,652,kernal_host,['kernal_host'],False
core/host/src/hdf_service_subscriber.c,39,HdfServiceSubscriberObtain,functionimpl,core/host/src/hdf_service_subscriber.c,644,kernal_host,['kernal_host'],False
core/host/src/hdf_service_subscriber.c,39,HdfServiceSubscriberRecycle,functionimpl,core/host/src/hdf_service_subscriber.c,645,kernal_host,['kernal_host'],False
core/host/src/hdf_service_subscriber.c,39,hdf_service_subscriber,file,core/host/src/hdf_service_subscriber.c,642,kernal_host,['kernal_host'],False
core/host/src/devhost_service.c,28,DevHostServiceNewInstance,functionimpl,core/host/src/devhost_service.c,424,kernal_host,['kernal_host'],False
core/host/src/devhost_service.c,28,DevHostServiceConstruct,functionimpl,core/host/src/devhost_service.c,417,kernal_host,['kernal_host'],False
core/host/src/devhost_service.c,28,DevHostServiceFreeInstance,functionimpl,core/host/src/devhost_service.c,423,kernal_host,['kernal_host'],False
core/host/src/devhost_service.c,28,DevHostServiceAddDevice,functionimpl,core/host/src/devhost_service.c,416,kernal_host,['kernal_host'],False
core/host/src/devhost_service.c,28,DevHostServiceDelDevice,functionimpl,core/host/src/devhost_service.c,419,kernal_host,['kernal_host'],False
core/host/src/devhost_service.c,28,DevHostServiceStartService,functionimpl,core/host/src/devhost_service.c,428,kernal_host,['kernal_host'],False
core/host/src/devhost_service.c,28,DevHostServicePmNotify,functionimpl,core/host/src/devhost_service.c,425,kernal_host,['kernal_host'],False
include/core/hdf_device_desc.h,96,DevSvcManagerClntGetService,functionproto,include/core/hdf_device_desc.h,1230,common,['common'],False
core/host/src/devhost_service.c,28,devhost_service,file,core/host/src/devhost_service.c,414,kernal_host,['kernal_host'],False
core/shared/include/hdf_power_state.h,74,IsPowerWakeState,functionimpl,core/shared/include/hdf_power_state.h,1056,common,['common'],False
include/platform/pin_if.h,129,PinGet,functionproto,include/platform/pin_if.h,1621,platform,['platform'],False
include/platform/pin_if.h,129,PinSetPull,functionproto,include/platform/pin_if.h,1627,platform,['platform'],False
include/platform/pin_if.h,129,PinGetPull,functionproto,include/platform/pin_if.h,1623,platform,['platform'],False
include/platform/pin_if.h,129,PinSetStrength,functionproto,include/platform/pin_if.h,1628,platform,['platform'],False
include/platform/pin_if.h,129,PinGetStrength,functionproto,include/platform/pin_if.h,1624,platform,['platform'],False
include/platform/pin_if.h,129,PinSetFunc,functionproto,include/platform/pin_if.h,1626,platform,['platform'],False
include/platform/pin_if.h,129,PinGetFunc,functionproto,include/platform/pin_if.h,1622,platform,['platform'],False
include/platform/pin_if.h,129,pin_if,file,include/platform/pin_if.h,1620,platform,['platform'],False
include/platform/pin_if.h,129,PinPullType,type,include/platform/pin_if.h,1629,platform,['platform'],False
core/shared/src/hdf_service_record.c,84,DevSvcRecordNewInstance,functionimpl,core/shared/src/hdf_service_record.c,1117,common,['common'],False
core/shared/src/hdf_service_record.c,84,DevSvcRecordFreeInstance,functionimpl,core/shared/src/hdf_service_record.c,1116,common,['common'],False
include/platform/rtc_base.h,133,RtcMonth,type,include/platform/rtc_base.h,1664,platform,['platform'],False
include/platform/rtc_base.h,133,rtc_base,file,include/platform/rtc_base.h,1657,platform,['platform'],False
include/platform/rtc_if.h,134,rtc_if,file,include/platform/rtc_if.h,1665,platform,['platform'],False
include/platform/rtc_base.h,133,RtcIsInvalid,functionproto,include/platform/rtc_base.h,1660,platform,['platform'],False
include/platform/rtc_if.h,134,RtcTime,type,include/platform/rtc_if.h,1682,platform,['platform'],False
include/platform/rtc_base.h,133,RtcGetWeekDay,functionproto,include/platform/rtc_base.h,1659,platform,['platform'],False
include/platform/rtc_base.h,133,RtcTimeToTimestamp,functionproto,include/platform/rtc_base.h,1662,platform,['platform'],False
include/platform/rtc_base.h,133,TimestampToRtcTime,functionproto,include/platform/rtc_base.h,1663,platform,['platform'],False
include/core/hdf_device_desc.h,96,,functionproto,include/core/hdf_device_desc.h,1229,common,['common'],False
include/core/hdf_device_desc.h,96,HdfDeviceGetServiceName,functionproto,include/core/hdf_device_desc.h,1231,common,['common'],False
include/core/hdf_device_desc.h,96,HdfDeviceSubscribeService,functionproto,include/core/hdf_device_desc.h,1235,common,['common'],False
include/core/hdf_device_desc.h,96,HdfDeviceSendEventToClient,functionproto,include/core/hdf_device_desc.h,1233,common,['common'],False
include/core/hdf_device_desc.h,96,HdfDeviceSetClass,functionproto,include/core/hdf_device_desc.h,1234,common,['common'],False
include/core/hdf_device_desc.h,96,,type,include/core/hdf_device_desc.h,1236,common,['common'],False
include/core/hdf_io_service_if.h,97,DeviceClass,alias,include/core/hdf_io_service_if.h,1242,common,['common'],False
core/manager/include/devhost_service_clnt.h,41,devhost_service_clnt,file,core/manager/include/devhost_service_clnt.h,669,manager,['manager'],False
core/shared/include/hdf_attribute_manager.h,69,HdfAttributeManagerGetDeviceList,functionproto,core/shared/include/hdf_attribute_manager.h,1014,common,['common'],False
core/manager/include/devhost_service_clnt.h,41,DevHostServiceClnt,type,core/manager/include/devhost_service_clnt.h,674,manager,['manager'],False
include/osal/osal_irq.h,109,,type,include/osal/osal_irq.h,1388,osal,['osal'],False
core/host/src/devsvc_manager_clnt.c,30,DevSvcManagerClntGetService,functionimpl,core/host/src/devsvc_manager_clnt.c,466,kernal_host,['kernal_host'],False
core/common/src/buildin_config_entry.c,8,HdfGetHcsRootNode,functionimpl,core/common/src/buildin_config_entry.c,185,common,['common'],False
include/utils/hdf_workqueue.h,146,HdfWorkQueue,alias,include/utils/hdf_workqueue.h,1832,utils,['utils'],False
include/utils/hdf_workqueue.h,146,HdfWork,alias,include/utils/hdf_workqueue.h,1831,utils,['utils'],False
include/utils/hdf_workqueue.h,146,HdfDelayedWorkInit,functionproto,include/utils/hdf_workqueue.h,1839,utils,['utils'],False
include/utils/hdf_workqueue.h,146,HdfDelayedWorkDestroy,functionproto,include/utils/hdf_workqueue.h,1838,utils,['utils'],False
include/utils/hdf_workqueue.h,146,HdfAddDelayedWork,functionproto,include/utils/hdf_workqueue.h,1834,utils,['utils'],False
include/utils/hdf_workqueue.h,146,HdfWorkBusy,functionproto,include/utils/hdf_workqueue.h,1840,utils,['utils'],False
include/utils/hdf_workqueue.h,146,HdfCancelWorkSync,functionproto,include/utils/hdf_workqueue.h,1837,utils,['utils'],False
include/utils/hdf_workqueue.h,146,HdfCancelDelayedWorkSync,functionproto,include/utils/hdf_workqueue.h,1836,utils,['utils'],False
include/osal/osal_time.h,115,OsalSleep,functionproto,include/osal/osal_time.h,1435,osal,['osal'],False
core/host/src/devhost_service.c,28,DevHostServiceFindDevice,functionimpl,core/host/src/devhost_service.c,421,kernal_host,['kernal_host'],False
core/host/include/hdf_device.h,17,HdfDevice,type,core/host/include/hdf_device.h,333,kernal_host,['kernal_host'],False
core/host/src/devhost_service.c,28,DevHostServiceDestruct,functionimpl,core/host/src/devhost_service.c,420,kernal_host,['kernal_host'],False
core/host/src/devhost_service.c,28,DevHostServiceFreeDevice,functionimpl,core/host/src/devhost_service.c,422,kernal_host,['kernal_host'],False
core/host/include/hdf_device.h,17,HdfDeviceFreeInstance,functionproto,core/host/include/hdf_device.h,330,kernal_host,['kernal_host'],False
core/host/src/devhost_service.c,28,DevHostServiceQueryOrAddDevice,functionimpl,core/host/src/devhost_service.c,426,kernal_host,['kernal_host'],False
core/host/include/hdf_device.h,17,HdfDeviceNewInstance,functionproto,core/host/include/hdf_device.h,331,kernal_host,['kernal_host'],False
core/host/include/devhost_service.h,14,DevHostService,type,core/host/include/devhost_service.h,306,kernal_host,['kernal_host'],False
core/host/include/devhost_service.h,14,DevHostServiceAddDevice,functionproto,core/host/include/devhost_service.h,298,kernal_host,['kernal_host'],False
core/host/include/devhost_service.h,14,DevHostServiceDelDevice,functionproto,core/host/include/devhost_service.h,301,kernal_host,['kernal_host'],False
core/host/include/devhost_service.h,14,DevHostServiceConstruct,functionproto,core/host/include/devhost_service.h,299,kernal_host,['kernal_host'],False
core/host/include/devhost_service.h,14,DevHostServiceDestruct,functionproto,core/host/include/devhost_service.h,302,kernal_host,['kernal_host'],False
core/host/include/devhost_service.h,14,DevHostServiceCreate,functionproto,core/host/include/devhost_service.h,300,kernal_host,['kernal_host'],False
core/host/include/devhost_service.h,14,DevHostServiceRelease,functionproto,core/host/include/devhost_service.h,305,kernal_host,['kernal_host'],False
core/host/include/devhost_service.h,14,DevHostServiceNewInstance,functionproto,core/host/include/devhost_service.h,304,kernal_host,['kernal_host'],False
core/host/include/devhost_service.h,14,DevHostServiceFreeInstance,functionproto,core/host/include/devhost_service.h,303,kernal_host,['kernal_host'],False
include/platform/pcie_if.h,128,PcieOpen,functionproto,include/platform/pcie_if.h,1617,platform,['platform'],False
include/platform/pcie_if.h,128,PcieRead,functionproto,include/platform/pcie_if.h,1618,platform,['platform'],False
include/platform/pcie_if.h,128,PcieWrite,functionproto,include/platform/pcie_if.h,1619,platform,['platform'],False
include/platform/pcie_if.h,128,PcieClose,functionproto,include/platform/pcie_if.h,1616,platform,['platform'],False
core/host/src/devhost_service.c,28,hostService,var,core/host/src/devhost_service.c,440,kernal_host,['kernal_host'],False
core/host/src/devhost_service.c,28,deviceId,var,core/host/src/devhost_service.c,433,kernal_host,['kernal_host'],False
core/host/src/devhost_service.c,28,device,var,core/host/src/devhost_service.c,432,kernal_host,['kernal_host'],False
core/host/src/devhost_service.c,28,inst,var,core/host/src/devhost_service.c,442,kernal_host,['kernal_host'],False
core/host/src/devhost_service.c,28,deviceInfo,var,core/host/src/devhost_service.c,434,kernal_host,['kernal_host'],False
core/host/src/devhost_service.c,28,driverLoader,var,core/host/src/devhost_service.c,437,kernal_host,['kernal_host'],False
core/host/src/devhost_service.c,28,ret,var,core/host/src/devhost_service.c,444,kernal_host,['kernal_host'],False
core/host/src/devhost_service.c,28,devNode,var,core/host/src/devhost_service.c,431,kernal_host,['kernal_host'],False
core/host/src/devhost_service.c,28,driver,var,core/host/src/devhost_service.c,436,kernal_host,['kernal_host'],False
core/host/src/devhost_service.c,28,devId,var,core/host/src/devhost_service.c,430,kernal_host,['kernal_host'],False
core/host/src/devhost_service.c,28,service,var,core/host/src/devhost_service.c,445,kernal_host,['kernal_host'],False
core/host/src/devhost_service.c,28,state,var,core/host/src/devhost_service.c,446,kernal_host,['kernal_host'],False
core/host/src/devhost_service.c,28,deviceNode,var,core/host/src/devhost_service.c,435,kernal_host,['kernal_host'],False
core/host/src/devhost_service.c,28,hostServiceIf,var,core/host/src/devhost_service.c,441,kernal_host,['kernal_host'],False
core/host/src/devhost_service.c,28,devHostService,var,core/host/src/devhost_service.c,429,kernal_host,['kernal_host'],False
core/host/src/devhost_service.c,28,object,var,core/host/src/devhost_service.c,443,kernal_host,['kernal_host'],False
core/host/src/devhost_service.c,28,hostName,var,core/host/src/devhost_service.c,439,kernal_host,['kernal_host'],False
core/host/src/devhost_service.c,28,hostId,var,core/host/src/devhost_service.c,438,kernal_host,['kernal_host'],False
core/host/src/devmgr_service_clnt.c,29,DevmgrServiceClntAttachDeviceHost,functionimpl,core/host/src/devmgr_service_clnt.c,449,kernal_host,['kernal_host'],False
core/host/include/power_state_token.h,27,PowerStateChange,functionproto,core/host/include/power_state_token.h,410,kernal_host,['kernal_host'],False
include/audio/audio_platform_if.h,92,audio_platform_if,file,include/audio/audio_platform_if.h,1174,audio,['audio'],False
include/platform/pwm_if.h,131,PwmClose,functionproto,include/platform/pwm_if.h,1633,platform,['platform'],False
include/platform/pwm_if.h,131,PwmSetPeriod,functionproto,include/platform/pwm_if.h,1640,platform,['platform'],False
include/platform/pwm_if.h,131,PwmSetPolarity,functionproto,include/platform/pwm_if.h,1641,platform,['platform'],False
core/host/src/hdf_device.c,31,HdfDeviceFreeInstance,functionimpl,core/host/src/hdf_device.c,489,kernal_host,['kernal_host'],False
core/host/src/hdf_device.c,31,HdfDeviceNewInstance,functionimpl,core/host/src/hdf_device.c,491,kernal_host,['kernal_host'],False
core/host/include/devsvc_manager_clnt.h,16,DevSvcManagerClntSubscribeService,functionproto,core/host/include/devsvc_manager_clnt.h,319,kernal_host,['kernal_host'],False
core/host/include/devsvc_manager_clnt.h,16,DevSvcManagerClntUnsubscribeService,functionproto,core/host/include/devsvc_manager_clnt.h,320,kernal_host,['kernal_host'],False
core/common/src/devmgr_service_start.c,10,DeviceManagerStart,functionimpl,core/common/src/devmgr_service_start.c,195,common,['common'],False
core/host/include/hdf_power_manager.h,24,HdfPowerManagerInit,functionproto,core/host/include/hdf_power_manager.h,393,kernal_host,['kernal_host'],False
core/host/include/hdf_power_manager.h,24,hdf_power_manager,file,core/host/include/hdf_power_manager.h,389,kernal_host,['kernal_host'],False
core/shared/include/ioservstat_listener.h,78,ioservstat_listener,file,core/shared/include/ioservstat_listener.h,1080,common,['common'],False
core/shared/include/ioservstat_listener.h,78,IoServiceStatusListener,type,core/shared/include/ioservstat_listener.h,1083,common,['common'],False
core/host/src/devsvc_manager_clnt.c,30,DevSvcManagerClntSubscribeService,functionimpl,core/host/src/devsvc_manager_clnt.c,468,kernal_host,['kernal_host'],False
core/host/src/devsvc_manager_clnt.c,30,DevSvcManagerClntUnsubscribeService,functionimpl,core/host/src/devsvc_manager_clnt.c,469,kernal_host,['kernal_host'],False
include/audio/audio_dai_if.h,90,DaiHost,type,include/audio/audio_dai_if.h,1168,audio,['audio'],False
core/host/src/hdf_power_manager.c,37,HdfPowerManagerInit,functionimpl,core/host/src/hdf_power_manager.c,616,kernal_host,['kernal_host'],False
include/osal/osal_cdev.h,105,OsalAllocCdev,functionproto,include/osal/osal_cdev.h,1354,osal,['osal'],False
include/osal/osal_cdev.h,105,OsalCdevOps,type,include/osal/osal_cdev.h,1361,osal,['osal'],False
core/shared/include/hdf_service_status.h,76,,functionproto,core/shared/include/hdf_service_status.h,1065,common,['common'],False
core/shared/include/hdf_service_status.h,76,ServiceStatusListener,type,core/shared/include/hdf_service_status.h,1069,common,['common'],False
core/shared/include/hdf_service_status.h,76,ServiceStatus,type,core/shared/include/hdf_service_status.h,1068,common,['common'],False
core/shared/include/hdf_service_status.h,76,ServiceStatusMarshalling,functionproto,core/shared/include/hdf_service_status.h,1066,common,['common'],False
core/shared/include/hdf_service_status.h,76,ServiceStatusUnMarshalling,functionproto,core/shared/include/hdf_service_status.h,1067,common,['common'],False
core/shared/include/hdf_service_status.h,76,ServiceStatusType,type,core/shared/include/hdf_service_status.h,1071,common,['common'],False
core/shared/include/hdf_service_status.h,76,ServiceStatusListenerCmd,type,core/shared/include/hdf_service_status.h,1070,common,['common'],False
core/manager/include/devmgr_service.h,43,DevmgrService,type,core/manager/include/devmgr_service.h,687,manager,['manager'],False
core/common/src/devmgr_service_start.c,10,DeviceManagerStartStep2,functionimpl,core/common/src/devmgr_service_start.c,196,common,['common'],False
core/manager/include/devmgr_service.h,43,DevmgrServiceGetInstance,functionproto,core/manager/include/devmgr_service.h,683,manager,['manager'],False
core/manager/include/devmgr_service.h,43,DevmgrServiceLoadLeftDriver,functionproto,core/manager/include/devmgr_service.h,684,manager,['manager'],False
core/manager/include/devmgr_service.h,43,devmgr_service,file,core/manager/include/devmgr_service.h,680,manager,['manager'],False
core/manager/include/devsvc_manager.h,45,DevSvcManagerListService,functionproto,core/manager/include/devsvc_manager.h,702,manager,['manager'],False
core/manager/src/devmgr_service.c,52,DevmgrServiceGetInstance,functionimpl,core/manager/src/devmgr_service.c,753,manager,['manager'],False
core/manager/src/devmgr_service.c,52,DevmgrServiceLoadLeftDriver,functionimpl,core/manager/src/devmgr_service.c,755,manager,['manager'],False
include/osal/osal_firmware.h,107,OsalRequestFirmware,functionproto,include/osal/osal_firmware.h,1373,osal,['osal'],False
include/osal/osal_firmware.h,107,OsalFirmware,type,include/osal/osal_firmware.h,1375,osal,['osal'],False
include/osal/osal_firmware.h,107,OsalSeekFirmware,functionproto,include/osal/osal_firmware.h,1374,osal,['osal'],False
include/osal/osal_firmware.h,107,OsalReadFirmware,functionproto,include/osal/osal_firmware.h,1371,osal,['osal'],False
include/osal/osal_firmware.h,107,OsalFwBlock,type,include/osal/osal_firmware.h,1376,osal,['osal'],False
include/osal/osal_firmware.h,107,OsalReleaseFirmware,functionproto,include/osal/osal_firmware.h,1372,osal,['osal'],False
include/audio/audio_dai_if.h,90,,functionproto,include/audio/audio_dai_if.h,1164,audio,['audio'],False
include/audio/audio_dai_if.h,90,AudioDaiOps,type,include/audio/audio_dai_if.h,1165,audio,['audio'],False
core/common/src/devmgr_service_start.c,10,DeviceManagerIsQuickLoad,functionimpl,core/common/src/devmgr_service_start.c,193,common,['common'],False
core/common/src/devmgr_service_start.c,10,reply,var,core/common/src/devmgr_service_start.c,208,common,['common'],False
core/common/src/devmgr_service_start.c,10,deviceClass,var,core/common/src/devmgr_service_start.c,202,common,['common'],False
core/common/src/devmgr_service_start.c,10,data,var,core/common/src/devmgr_service_start.c,200,common,['common'],False
core/common/src/devmgr_service_start.c,10,devMgrSvc,var,core/common/src/devmgr_service_start.c,201,common,['common'],False
core/common/src/devmgr_service_start.c,10,ret,var,core/common/src/devmgr_service_start.c,209,common,['common'],False
core/common/src/devmgr_service_start.c,10,code,var,core/common/src/devmgr_service_start.c,199,common,['common'],False
core/common/src/devmgr_service_start.c,10,svcName,var,core/common/src/devmgr_service_start.c,210,common,['common'],False
core/common/src/devmgr_service_start.c,10,callback,var,core/common/src/devmgr_service_start.c,198,common,['common'],False
core/common/src/devmgr_service_start.c,10,DeviceManagerSetQuickLoad,functionimpl,core/common/src/devmgr_service_start.c,194,common,['common'],False
core/common/src/devmgr_service_start.c,10,g_isQuickLoad,var,core/common/src/devmgr_service_start.c,204,common,['common'],False
core/common/src/devmgr_service_start.c,10,loadFlag,var,core/common/src/devmgr_service_start.c,207,common,['common'],False
core/common/src/devmgr_service_start.c,10,instance,var,core/common/src/devmgr_service_start.c,205,common,['common'],False
core/common/src/devmgr_service_start.c,10,ioService,var,core/common/src/devmgr_service_start.c,206,common,['common'],False
core/common/src/devmgr_service_start.c,10,dispatcher,var,core/common/src/devmgr_service_start.c,203,common,['common'],False
include/osal/osal_firmware.h,107,osal_firmware,file,include/osal/osal_firmware.h,1370,osal,['osal'],False
core/host/include/hdf_device_object.h,19,HdfDeviceObjectAlloc,functionproto,core/host/include/hdf_device_object.h,351,kernal_host,['kernal_host'],False
core/host/include/hdf_device_object.h,19,HdfDeviceObjectRegister,functionproto,core/host/include/hdf_device_object.h,355,kernal_host,['kernal_host'],False
core/host/include/hdf_device_object.h,19,HdfDeviceObjectRelease,functionproto,core/host/include/hdf_device_object.h,356,kernal_host,['kernal_host'],False
core/host/include/hdf_device_object.h,19,HdfDeviceObjectPublishService,functionproto,core/host/include/hdf_device_object.h,354,kernal_host,['kernal_host'],False
core/adapter/syscall/include/hdf_syscall_adapter.h,0,HdfDevListenerThreadStatus,type,core/adapter/syscall/include/hdf_syscall_adapter.h,2,convertor,['convertor'],False
core/host/src/hdf_device_object.c,33,HdfDeviceObjectAlloc,functionimpl,core/host/src/hdf_device_object.c,526,kernal_host,['kernal_host'],False
core/host/src/hdf_device_object.c,33,HdfDeviceObjectRegister,functionimpl,core/host/src/hdf_device_object.c,530,kernal_host,['kernal_host'],False
core/host/src/hdf_device_object.c,33,HdfDeviceObjectRelease,functionimpl,core/host/src/hdf_device_object.c,531,kernal_host,['kernal_host'],False
core/host/src/hdf_device_object.c,33,HdfDeviceObjectPublishService,functionimpl,core/host/src/hdf_device_object.c,529,kernal_host,['kernal_host'],False
include/core/hdf_io_service_if.h,97,HdfIoServiceRecycle,functionproto,include/core/hdf_io_service_if.h,1255,common,['common'],False
include/wifi/hdf_wifi_product.h,149,HdfWlanAddDevice,functionproto,include/wifi/hdf_wifi_product.h,1890,network,['network'],False
include/wifi/hdf_wifi_product.h,149,HdfWlanInitProduct,functionproto,include/wifi/hdf_wifi_product.h,1894,network,['network'],False
include/wifi/hdf_wlan_power_manager.h,151,HdfWlanCreatePowerManager,functionproto,include/wifi/hdf_wlan_power_manager.h,1907,network,['network'],False
include/wifi/hdf_wlan_power_manager.h,151,PowerManager,type,include/wifi/hdf_wlan_power_manager.h,1908,network,['network'],False
include/wifi/hdf_wlan_reset_manager.h,152,HdfWlanCreateResetManager,functionproto,include/wifi/hdf_wlan_reset_manager.h,1911,network,['network'],False
include/wifi/hdf_wlan_reset_manager.h,152,ResetManager,type,include/wifi/hdf_wlan_reset_manager.h,1912,network,['network'],False
include/wifi/hdf_wlan_chipdriver_manager.h,150,HdfWlanGetChipDriverMgr,functionproto,include/wifi/hdf_wlan_chipdriver_manager.h,1901,network,['network'],False
include/wifi/hdf_wlan_chipdriver_manager.h,150,HdfChipDriverFactory,type,include/wifi/hdf_wlan_chipdriver_manager.h,1902,network,['network'],False
include/wifi/hdf_wlan_chipdriver_manager.h,150,HdfChipDriverManager,type,include/wifi/hdf_wlan_chipdriver_manager.h,1903,network,['network'],False
core/shared/src/hdf_io_service.c,82,HdfIoServiceRecycle,functionimpl,core/shared/src/hdf_io_service.c,1104,common,['common'],False
include/osal/osal_thread.h,114,OsalThreadBind,functionproto,include/osal/osal_thread.h,1419,osal,['osal'],False
include/osal/osal_thread.h,114,OsalThreadSuspend,functionproto,include/osal/osal_thread.h,1424,osal,['osal'],False
include/osal/osal_thread.h,114,OsalThreadResume,functionproto,include/osal/osal_thread.h,1422,osal,['osal'],False
include/osal/osal_thread.h,114,,type,include/osal/osal_thread.h,1425,osal,['osal'],False
include/osal/osal_sem.h,112,OsalSemWait,functionproto,include/osal/osal_sem.h,1405,osal,['osal'],False
core/host/src/hdf_power_manager.c,37,hdf_power_manager,file,core/host/src/hdf_power_manager.c,610,kernal_host,['kernal_host'],False
core/manager/src/devsvc_manager.c,53,DevSvcManagerSearchService,functionimpl,core/manager/src/devsvc_manager.c,810,manager,['manager'],False
core/manager/src/devsvc_manager.c,53,DevSvcManagerRegsterServListener,functionimpl,core/manager/src/devsvc_manager.c,807,manager,['manager'],False
core/manager/src/devsvc_manager.c,53,DevSvcManagerUnregsterServListener,functionimpl,core/manager/src/devsvc_manager.c,813,manager,['manager'],False
include/platform/spi_if.h,136,SpiOpen,functionproto,include/platform/spi_if.h,1710,platform,['platform'],False
include/platform/spi_if.h,136,SpiClose,functionproto,include/platform/spi_if.h,1708,platform,['platform'],False
include/platform/spi_if.h,136,SpiSetCfg,functionproto,include/platform/spi_if.h,1712,platform,['platform'],False
include/platform/spi_if.h,136,SpiTransfer,functionproto,include/platform/spi_if.h,1713,platform,['platform'],False
include/platform/spi_if.h,136,SpiWrite,functionproto,include/platform/spi_if.h,1714,platform,['platform'],False
include/platform/spi_if.h,136,SpiRead,functionproto,include/platform/spi_if.h,1711,platform,['platform'],False
include/platform/spi_if.h,136,SpiGetCfg,functionproto,include/platform/spi_if.h,1709,platform,['platform'],False
include/platform/spi_if.h,136,SpiDevInfo,type,include/platform/spi_if.h,1716,platform,['platform'],False
core/shared/include/hdf_service_record.h,75,DevSvcRecord,type,core/shared/include/hdf_service_record.h,1063,common,['common'],False
core/shared/src/hdf_service_record.c,84,hdf_service_record,file,core/shared/src/hdf_service_record.c,1115,common,['common'],False
core/shared/include/hdf_service_record.h,75,hdf_service_record,file,core/shared/include/hdf_service_record.h,1060,common,['common'],False
core/shared/include/hdf_service_record.h,75,DevSvcRecordNewInstance,functionproto,core/shared/include/hdf_service_record.h,1062,common,['common'],False
core/shared/include/hdf_service_record.h,75,DevSvcRecordFreeInstance,functionproto,core/shared/include/hdf_service_record.h,1061,common,['common'],False
core/adapter/syscall/src/hdf_syscall_adapter.c,2,HdfDevEventListenTask,functionimpl,core/adapter/syscall/src/hdf_syscall_adapter.c,26,convertor,['convertor'],False
core/adapter/syscall/src/hdf_syscall_adapter.c,2,HdfDevListenerThreadDoInit,functionimpl,core/adapter/syscall/src/hdf_syscall_adapter.c,29,convertor,['convertor'],False
core/adapter/syscall/src/hdf_syscall_adapter.c,2,HdfDevListenerThreadStart,functionimpl,core/adapter/syscall/src/hdf_syscall_adapter.c,33,convertor,['convertor'],False
core/adapter/syscall/src/hdf_syscall_adapter.c,2,HdfDevListenerThreadFree,functionimpl,core/adapter/syscall/src/hdf_syscall_adapter.c,30,convertor,['convertor'],False
core/adapter/syscall/src/hdf_syscall_adapter.c,2,hdf_syscall_adapter,file,core/adapter/syscall/src/hdf_syscall_adapter.c,14,convertor,['convertor'],False
core/adapter/syscall/src/hdf_syscall_adapter.c,2,HdfDevListenerThreadDestroy,functionimpl,core/adapter/syscall/src/hdf_syscall_adapter.c,28,convertor,['convertor'],False
include/osal/osal_time.h,115,OsalUSleep,functionproto,include/osal/osal_time.h,1437,osal,['osal'],False
core/shared/src/hdf_service_record.c,84,inst,var,core/shared/src/hdf_service_record.c,1118,common,['common'],False
core/adapter/syscall/src/hdf_syscall_adapter.c,2,AssignPfds,functionimpl,core/adapter/syscall/src/hdf_syscall_adapter.c,16,convertor,['convertor'],False
core/adapter/syscall/src/hdf_syscall_adapter.c,2,GetValidPfdIndexLocked,functionimpl,core/adapter/syscall/src/hdf_syscall_adapter.c,18,convertor,['convertor'],False
core/adapter/syscall/src/hdf_syscall_adapter.c,2,HdfDevListenerThreadObtain,functionimpl,core/adapter/syscall/src/hdf_syscall_adapter.c,32,convertor,['convertor'],False
core/adapter/syscall/src/hdf_syscall_adapter.c,2,HdfIoServiceGroupThreadStart,functionimpl,core/adapter/syscall/src/hdf_syscall_adapter.c,45,convertor,['convertor'],False
include/net/net_device.h,102,NetDeviceGetInstByName,functionproto,include/net/net_device.h,1324,network,['network'],False
include/wifi/hdf_ibus_intf.h,147,hdf_ibus_intf,file,include/wifi/hdf_ibus_intf.h,1846,network,['network'],False
include/utils/hdf_dlist.h,143,DlistGetCount,functionimpl,include/utils/hdf_dlist.h,1772,utils,['utils'],False
core/adapter/syscall/src/hdf_syscall_adapter.c,2,HaveOnlyOneElement,functionimpl,core/adapter/syscall/src/hdf_syscall_adapter.c,19,convertor,['convertor'],False
include/utils/hdf_sbuf.h,145,HdfSbufBind,functionproto,include/utils/hdf_sbuf.h,1781,utils,['utils'],False
include/utils/hdf_sbuf.h,145,HdfSbufSetDataSize,functionproto,include/utils/hdf_sbuf.h,1808,utils,['utils'],False
include/utils/hdf_sbuf.h,145,HdfSbufGetData,functionproto,include/utils/hdf_sbuf.h,1785,utils,['utils'],False
include/utils/hdf_sbuf.h,145,HdfSbufGetCapacity,functionproto,include/utils/hdf_sbuf.h,1784,utils,['utils'],False
include/utils/hdf_sbuf.h,145,HdfSbufGetDataSize,functionproto,include/utils/hdf_sbuf.h,1786,utils,['utils'],False
core/manager/include/devhost_service_clnt.h,41,DevHostServiceClntNewInstance,functionproto,core/manager/include/devhost_service_clnt.h,673,manager,['manager'],False
core/manager/include/devhost_service_clnt.h,41,DevHostServiceClntInstallDriver,functionproto,core/manager/include/devhost_service_clnt.h,672,manager,['manager'],False
core/manager/include/devhost_service_clnt.h,41,DevHostServiceClntFreeInstance,functionproto,core/manager/include/devhost_service_clnt.h,671,manager,['manager'],False
core/manager/include/devhost_service_clnt.h,41,DevHostServiceClntDelete,functionproto,core/manager/include/devhost_service_clnt.h,670,manager,['manager'],False
include/wifi/hdf_wlan_power_manager.h,151,,functionproto,include/wifi/hdf_wlan_power_manager.h,1906,network,['network'],False
core/manager/src/servstat_listener_holder.c,59,KServStatListenerHolderRecycle,functionimpl,core/manager/src/servstat_listener_holder.c,917,manager,['manager'],False
include/platform/regulator_if.h,132,regulator_if,file,include/platform/regulator_if.h,1644,platform,['platform'],False
include/platform/regulator_if.h,132,RegulatorOpen,functionproto,include/platform/regulator_if.h,1652,platform,['platform'],False
include/platform/regulator_if.h,132,RegulatorClose,functionproto,include/platform/regulator_if.h,1645,platform,['platform'],False
include/platform/regulator_if.h,132,RegulatorEnable,functionproto,include/platform/regulator_if.h,1647,platform,['platform'],False
include/platform/regulator_if.h,132,RegulatorDisable,functionproto,include/platform/regulator_if.h,1646,platform,['platform'],False
include/platform/regulator_if.h,132,RegulatorForceDisable,functionproto,include/platform/regulator_if.h,1648,platform,['platform'],False
include/platform/regulator_if.h,132,RegulatorSetVoltage,functionproto,include/platform/regulator_if.h,1654,platform,['platform'],False
include/platform/regulator_if.h,132,RegulatorGetVoltage,functionproto,include/platform/regulator_if.h,1651,platform,['platform'],False
include/platform/regulator_if.h,132,RegulatorSetCurrent,functionproto,include/platform/regulator_if.h,1653,platform,['platform'],False
include/platform/regulator_if.h,132,RegulatorGetCurrent,functionproto,include/platform/regulator_if.h,1649,platform,['platform'],False
include/platform/regulator_if.h,132,RegulatorGetStatus,functionproto,include/platform/regulator_if.h,1650,platform,['platform'],False
include/platform/regulator_if.h,132,RegulatorStatus,type,include/platform/regulator_if.h,1656,platform,['platform'],False
include/platform/regulator_if.h,132,RegulatorChangeMode,type,include/platform/regulator_if.h,1655,platform,['platform'],False
core/host/src/hdf_device_object.c,33,HdfDeviceSetClass,functionimpl,core/host/src/hdf_device_object.c,537,kernal_host,['kernal_host'],False
core/manager/src/devmgr_service.c,52,DevmgrServiceCreate,functionimpl,core/manager/src/devmgr_service.c,749,manager,['manager'],False
core/manager/src/devmgr_service.c,52,DevmgrServiceRelease,functionimpl,core/manager/src/devmgr_service.c,757,manager,['manager'],False
include/utils/hdf_sbuf.h,145,HdfSbufReadUint8,functionproto,include/utils/hdf_sbuf.h,1805,utils,['utils'],False
core/manager/src/devmgr_service.c,52,DevmgrServiceDynamicDevInfoFound,functionimpl,core/manager/src/devmgr_service.c,751,manager,['manager'],False
core/manager/src/devmgr_service.c,52,DevmgrServiceFindDeviceHost,functionimpl,core/manager/src/devmgr_service.c,752,manager,['manager'],False
core/manager/src/devmgr_service.c,52,DevmgrServicePowerStateChange,functionimpl,core/manager/src/devmgr_service.c,756,manager,['manager'],False
core/manager/src/devmgr_service.c,52,DevmgrServiceAttachDeviceHost,functionimpl,core/manager/src/devmgr_service.c,747,manager,['manager'],False
core/manager/src/devmgr_service.c,52,DevmgrServiceStartDeviceHost,functionimpl,core/manager/src/devmgr_service.c,758,manager,['manager'],False
core/manager/src/devmgr_service.c,52,devmgr_service,file,core/manager/src/devmgr_service.c,745,manager,['manager'],False
core/manager/src/devmgr_service.c,52,DevmgrServiceStartHostProcess,functionimpl,core/manager/src/devmgr_service.c,760,manager,['manager'],False
core/manager/src/devmgr_service.c,52,DevmgrServiceLoadDevice,functionimpl,core/manager/src/devmgr_service.c,754,manager,['manager'],False
core/manager/src/devmgr_service.c,52,DevmgrServiceStopHost,functionimpl,core/manager/src/devmgr_service.c,762,manager,['manager'],False
core/manager/src/devmgr_service.c,52,DevmgrServiceUnloadDevice,functionimpl,core/manager/src/devmgr_service.c,763,manager,['manager'],False
core/manager/src/devmgr_service.c,52,DevmgrServiceAttachDevice,functionimpl,core/manager/src/devmgr_service.c,746,manager,['manager'],False
core/manager/src/devmgr_service.c,52,DevmgrServiceDetachDevice,functionimpl,core/manager/src/devmgr_service.c,750,manager,['manager'],False
core/manager/src/devmgr_service.c,52,HdfSListHostSearchDeviceTokenComparer,functionimpl,core/manager/src/devmgr_service.c,764,manager,['manager'],False
core/manager/src/devmgr_service.c,52,DevmgrServiceStartDeviceHosts,functionimpl,core/manager/src/devmgr_service.c,759,manager,['manager'],False
core/manager/src/devmgr_service.c,52,DevmgrServiceStartService,functionimpl,core/manager/src/devmgr_service.c,761,manager,['manager'],False
core/manager/src/devmgr_service.c,52,DevmgrServiceConstruct,functionimpl,core/manager/src/devmgr_service.c,748,manager,['manager'],False
core/manager/include/devmgr_service.h,43,DevmgrServiceStartService,functionproto,core/manager/include/devmgr_service.h,686,manager,['manager'],False
core/manager/include/devmgr_service.h,43,DevmgrServiceConstruct,functionproto,core/manager/include/devmgr_service.h,681,manager,['manager'],False
core/manager/include/devmgr_service.h,43,DevmgrServiceCreate,functionproto,core/manager/include/devmgr_service.h,682,manager,['manager'],False
core/manager/include/devmgr_service.h,43,DevmgrServiceRelease,functionproto,core/manager/include/devmgr_service.h,685,manager,['manager'],False
core/manager/include/devsvc_manager.h,45,DevSvcManagerStartService,functionproto,core/manager/include/devsvc_manager.h,705,manager,['manager'],False
core/manager/src/devhost_service_clnt.c,50,DevHostServiceClntInstallDriver,functionimpl,core/manager/src/devhost_service_clnt.c,728,manager,['manager'],False
core/manager/src/devhost_service_clnt.c,50,DevHostServiceClntNewInstance,functionimpl,core/manager/src/devhost_service_clnt.c,729,manager,['manager'],False
core/manager/src/devhost_service_clnt.c,50,DevHostServiceClntFreeInstance,functionimpl,core/manager/src/devhost_service_clnt.c,727,manager,['manager'],False
core/manager/src/devhost_service_clnt.c,50,DevHostServiceClntDelete,functionimpl,core/manager/src/devhost_service_clnt.c,726,manager,['manager'],False
core/manager/src/devmgr_service.c,52,devMgrSvc,var,core/manager/src/devmgr_service.c,765,manager,['manager'],False
core/manager/src/devmgr_service.c,52,itDeviceInfo,var,core/manager/src/devmgr_service.c,785,manager,['manager'],False
core/manager/src/devmgr_service.c,52,hostClnt,var,core/manager/src/devmgr_service.c,776,manager,['manager'],False
core/manager/src/devmgr_service.c,52,deviceInfo,var,core/manager/src/devmgr_service.c,767,manager,['manager'],False
core/manager/src/devmgr_service.c,52,svcName,var,core/manager/src/devmgr_service.c,791,manager,['manager'],False
core/manager/src/devmgr_service.c,52,targetDeviceInfo,var,core/manager/src/devmgr_service.c,793,manager,['manager'],False
core/manager/src/devmgr_service.c,52,targetHostClnt,var,core/manager/src/devmgr_service.c,794,manager,['manager'],False
core/manager/src/devmgr_service.c,52,installer,var,core/manager/src/devmgr_service.c,781,manager,['manager'],False
core/manager/src/devmgr_service.c,52,dynamic,var,core/manager/src/devmgr_service.c,773,manager,['manager'],False
core/manager/src/devmgr_service.c,52,sync,var,core/manager/src/devmgr_service.c,792,manager,['manager'],False
core/manager/src/devmgr_service.c,52,waitCount,var,core/manager/src/devmgr_service.c,798,manager,['manager'],False
core/manager/src/devmgr_service.c,52,serviceName,var,core/manager/src/devmgr_service.c,790,manager,['manager'],False
core/manager/src/devmgr_service.c,52,ret,var,core/manager/src/devmgr_service.c,789,manager,['manager'],False
core/manager/src/devmgr_service.c,52,inst,var,core/manager/src/devmgr_service.c,780,manager,['manager'],False
core/manager/src/devmgr_service.c,52,dmService,var,core/manager/src/devmgr_service.c,772,manager,['manager'],False
core/manager/src/devmgr_service.c,52,hostId,var,core/manager/src/devmgr_service.c,777,manager,['manager'],False
core/manager/src/devmgr_service.c,52,tokenClnt,var,core/manager/src/devmgr_service.c,796,manager,['manager'],False
core/manager/src/devmgr_service.c,52,token,var,core/manager/src/devmgr_service.c,795,manager,['manager'],False
core/manager/src/devmgr_service.c,52,devid,var,core/manager/src/devmgr_service.c,768,manager,['manager'],False
core/manager/src/devmgr_service.c,52,tokenClntNode,var,core/manager/src/devmgr_service.c,797,manager,['manager'],False
core/manager/src/devmgr_service.c,52,hostService,var,core/manager/src/devmgr_service.c,779,manager,['manager'],False
core/manager/src/devmgr_service.c,52,hostAttr,var,core/manager/src/devmgr_service.c,774,manager,['manager'],False
core/manager/src/devmgr_service.c,52,devmgr,var,core/manager/src/devmgr_service.c,769,manager,['manager'],False
core/manager/src/devmgr_service.c,52,hostList,var,core/manager/src/devmgr_service.c,778,manager,['manager'],False
core/manager/src/devmgr_service.c,52,it,var,core/manager/src/devmgr_service.c,784,manager,['manager'],False
core/manager/src/devmgr_service.c,52,devmgrService,var,core/manager/src/devmgr_service.c,770,manager,['manager'],False
core/manager/src/devmgr_service.c,52,powerState,var,core/manager/src/devmgr_service.c,787,manager,['manager'],False
core/manager/src/devmgr_service.c,52,hostClient,var,core/manager/src/devmgr_service.c,775,manager,['manager'],False
core/manager/src/devmgr_service.c,52,result,var,core/manager/src/devmgr_service.c,788,manager,['manager'],False
core/manager/src/devmgr_service.c,52,devMgrSvcIf,var,core/manager/src/devmgr_service.c,766,manager,['manager'],False
core/manager/src/devmgr_service.c,52,isDevMgrServiceInit,var,core/manager/src/devmgr_service.c,783,manager,['manager'],False
core/manager/src/devmgr_service.c,52,devmgrServiceInstance,var,core/manager/src/devmgr_service.c,771,manager,['manager'],False
core/manager/src/devmgr_service.c,52,instance,var,core/manager/src/devmgr_service.c,782,manager,['manager'],False
core/manager/src/devmgr_service.c,52,object,var,core/manager/src/devmgr_service.c,786,manager,['manager'],False
core/manager/src/devsvc_manager.c,53,DevSvcManagerStartService,functionimpl,core/manager/src/devsvc_manager.c,811,manager,['manager'],False
core/manager/src/hdf_driver_installer.c,56,DriverInstallerGetInstance,functionimpl,core/manager/src/hdf_driver_installer.c,889,manager,['manager'],False
include/osal/osal_spinlock.h,113,OsalSpinLockIrq,functionproto,include/osal/osal_spinlock.h,1412,osal,['osal'],False
include/osal/osal_spinlock.h,113,OsalSpinUnlockIrq,functionproto,include/osal/osal_spinlock.h,1415,osal,['osal'],False
core/manager/src/servstat_listener_holder.c,59,g_holoderList,var,core/manager/src/servstat_listener_holder.c,926,manager,['manager'],False
core/manager/src/servstat_listener_holder.c,59,holder,var,core/manager/src/servstat_listener_holder.c,927,manager,['manager'],False
core/manager/src/servstat_listener_holder.c,59,status,var,core/manager/src/servstat_listener_holder.c,933,manager,['manager'],False
core/manager/src/servstat_listener_holder.c,59,holderInst,var,core/manager/src/servstat_listener_holder.c,928,manager,['manager'],False
core/manager/src/servstat_listener_holder.c,59,data,var,core/manager/src/servstat_listener_holder.c,925,manager,['manager'],False
core/manager/src/servstat_listener_holder.c,59,listener,var,core/manager/src/servstat_listener_holder.c,932,manager,['manager'],False
core/manager/src/servstat_listener_holder.c,59,client,var,core/manager/src/servstat_listener_holder.c,924,manager,['manager'],False
core/manager/src/servstat_listener_holder.c,59,listenClass,var,core/manager/src/servstat_listener_holder.c,931,manager,['manager'],False
core/manager/src/servstat_listener_holder.c,59,it,var,core/manager/src/servstat_listener_holder.c,930,manager,['manager'],False
core/manager/src/servstat_listener_holder.c,59,index,var,core/manager/src/servstat_listener_holder.c,929,manager,['manager'],False
core/shared/include/hdf_attribute_manager.h,69,HdfAttributeManagerGetHostList,functionproto,core/shared/include/hdf_attribute_manager.h,1015,common,['common'],False
core/shared/include/hdf_power_state.h,74,IsValidPowerState,functionimpl,core/shared/include/hdf_power_state.h,1057,common,['common'],False
core/shared/include/hdf_power_state.h,74,HdfPowerState,type,core/shared/include/hdf_power_state.h,1058,common,['common'],False
include/platform/hdmi_if.h,121,HdmiExtendedColorimetry,type,include/platform/hdmi_if.h,1499,platform,['platform'],False
include/platform/hdmi_if.h,121,HdmiColorimetry,type,include/platform/hdmi_if.h,1496,platform,['platform'],False
include/platform/hdmi_if.h,121,HdmiHdrColormetry,type,include/platform/hdmi_if.h,1501,platform,['platform'],False
core/shared/include/hdf_usb_pnp_manage.h,77,hdf_usb_pnp_manage,file,core/shared/include/hdf_usb_pnp_manage.h,1072,common,['common'],False
core/common/src/devlite_object_config.c,9,HdfObjectManagerGetCreators,functionimpl,core/common/src/devlite_object_config.c,187,common,['common'],False
include/wifi/wifi_module.h,155,,functionproto,include/wifi/wifi_module.h,1936,network,['network'],False
include/wifi/wifi_module.h,155,WifiFeatureList,type,include/wifi/wifi_module.h,1940,network,['network'],False
include/wifi/wifi_module.h,155,WifiModuleIface,type,include/wifi/wifi_module.h,1942,network,['network'],False
include/wifi/wifi_module_config.h,156,wifi_module_config,file,include/wifi/wifi_module_config.h,1943,network,['network'],False
include/wifi/wifi_module_config.h,156,WifiModuleConfig,type,include/wifi/wifi_module_config.h,1944,network,['network'],False
core/manager/include/devsvc_listener_holder.h,44,,functionproto,core/manager/include/devsvc_listener_holder.h,689,manager,['manager'],False
include/bluetooth/hdf_chip.h,94,CreateVirtualDevice,functionproto,include/bluetooth/hdf_chip.h,1190,network,['network'],False
include/bluetooth/hdf_chip.h,94,HdfVirtualDevice,type,include/bluetooth/hdf_chip.h,1200,network,['network'],False
include/bluetooth/hdf_chip.h,94,HdfPowerOnVirtualDevice,functionimpl,include/bluetooth/hdf_chip.h,1187,network,['network'],False
include/bluetooth/hdf_chip.h,94,device,var,include/bluetooth/hdf_chip.h,1201,network,['network'],False
include/bluetooth/hdf_chip.h,94,HdfPowerOffVirtualDevice,functionimpl,include/bluetooth/hdf_chip.h,1186,network,['network'],False
include/bluetooth/hdf_chip.h,94,ret,var,include/bluetooth/hdf_chip.h,1202,network,['network'],False
include/bluetooth/hdf_chip.h,94,,functionproto,include/bluetooth/hdf_chip.h,1189,network,['network'],False
include/bluetooth/hdf_chip.h,94,HdfPower,type,include/bluetooth/hdf_chip.h,1195,network,['network'],False
include/bluetooth/hdf_chip.h,94,ReleaseVirtualDevice,functionproto,include/bluetooth/hdf_chip.h,1191,network,['network'],False
include/bluetooth/hdf_chip.h,94,HdfPowerOps,type,include/bluetooth/hdf_chip.h,1196,network,['network'],False
include/bluetooth/hdf_chip.h,94,HdfResetOps,type,include/bluetooth/hdf_chip.h,1198,network,['network'],False
include/bluetooth/hdf_chip.h,94,,type,include/bluetooth/hdf_chip.h,1192,network,['network'],False
include/bluetooth/hdf_chip.h,94,HdfUartBus,type,include/bluetooth/hdf_chip.h,1199,network,['network'],False
include/bluetooth/hdf_chip.h,94,FunctionType,type,include/bluetooth/hdf_chip.h,1193,network,['network'],False
include/bluetooth/hdf_chip.h,94,HdfBus,type,include/bluetooth/hdf_chip.h,1194,network,['network'],False
include/bluetooth/hdf_chip_config.h,95,HdfChipConfig,type,include/bluetooth/hdf_chip_config.h,1210,network,['network'],False
core/shared/include/hdf_service_status.h,76,hdf_service_status,file,core/shared/include/hdf_service_status.h,1064,common,['common'],False
core/manager/src/hdf_driver_installer.c,56,hdf_driver_installer,file,core/manager/src/hdf_driver_installer.c,886,manager,['manager'],False
core/host/include/hdf_power_manager.h,24,HdfPmRequest,type,core/host/include/hdf_power_manager.h,395,kernal_host,['kernal_host'],False
core/common/include/manager/devmgr_service_start.h,6,devmgr_service_start,file,core/common/include/manager/devmgr_service_start.h,174,manager,['manager'],False
core/common/include/manager/devmgr_service_start.h,6,DeviceManagerSetQuickLoad,functionproto,core/common/include/manager/devmgr_service_start.h,176,manager,['manager'],False
core/common/include/manager/devmgr_service_start.h,6,DeviceManagerIsQuickLoad,functionproto,core/common/include/manager/devmgr_service_start.h,175,manager,['manager'],False
core/common/include/manager/devmgr_service_start.h,6,DeviceManagerStart,functionproto,core/common/include/manager/devmgr_service_start.h,177,manager,['manager'],False
core/common/include/manager/devmgr_service_start.h,6,DeviceManagerStartStep2,functionproto,core/common/include/manager/devmgr_service_start.h,178,manager,['manager'],False
include/wifi/hdf_wlan_chipdriver_manager.h,150,,functionproto,include/wifi/hdf_wlan_chipdriver_manager.h,1899,network,['network'],False
core/adapter/syscall/src/hdf_devmgr_adapter.c,1,hdf_devmgr_adapter,file,core/adapter/syscall/src/hdf_devmgr_adapter.c,5,convertor,['convertor'],False
core/adapter/syscall/src/hdf_devmgr_adapter.c,1,HdfLoadDriverByServiceName,functionimpl,core/adapter/syscall/src/hdf_devmgr_adapter.c,7,convertor,['convertor'],False
core/adapter/syscall/src/hdf_devmgr_adapter.c,1,HdfGetServiceNameByDeviceClass,functionimpl,core/adapter/syscall/src/hdf_devmgr_adapter.c,6,convertor,['convertor'],False
include/osal/osal_time.h,115,OsalDiffTime,functionproto,include/osal/osal_time.h,1430,osal,['osal'],False
include/osal/osal_time.h,115,OsalTimespec,alias,include/osal/osal_time.h,1428,osal,['osal'],False
include/wifi/hdf_wlan_power_manager.h,151,hdf_wlan_power_manager,file,include/wifi/hdf_wlan_power_manager.h,1905,network,['network'],False
include/wifi/hdf_wlan_reset_manager.h,152,hdf_wlan_reset_manager,file,include/wifi/hdf_wlan_reset_manager.h,1909,network,['network'],False
include/audio/audio_codec_if.h,89,audio_codec_if,file,include/audio/audio_codec_if.h,1158,audio,['audio'],False
include/platform/pin_if.h,129,PinPut,functionproto,include/platform/pin_if.h,1625,platform,['platform'],False
include/utils/hdf_dlist.h,143,DListMerge,functionimpl,include/utils/hdf_dlist.h,1770,utils,['utils'],False
include/audio/audio_dai_if.h,90,audio_dai_if,file,include/audio/audio_dai_if.h,1163,audio,['audio'],False
include/audio/audio_dsp_if.h,91,audio_dsp_if,file,include/audio/audio_dsp_if.h,1169,audio,['audio'],False
include/wifi/hdf_wlan_chipdriver_manager.h,150,ChipDriverMgrDeInit,functionproto,include/wifi/hdf_wlan_chipdriver_manager.h,1900,network,['network'],False
core/common/src/buildin_config_entry.c,8,buildin_config_entry,file,core/common/src/buildin_config_entry.c,184,common,['common'],False
core/adapter/vnode/src/hdf_vnode_adapter.c,4,HdfDeviceSendEventToClient,functionimpl,core/adapter/vnode/src/hdf_vnode_adapter.c,108,convertor,['convertor'],False
core/shared/include/power_state_token_if.h,79,power_state_token_if,file,core/shared/include/power_state_token_if.h,1084,common,['common'],False
core/shared/include/power_state_token_if.h,79,IPowerStateToken,type,core/shared/include/power_state_token_if.h,1087,common,['common'],False
core/shared/include/power_state_token_if.h,79,,type,core/shared/include/power_state_token_if.h,1086,common,['common'],False
include/platform/i3c_if.h,124,I3cOpen,functionproto,include/platform/i3c_if.h,1557,platform,['platform'],False
include/platform/i3c_if.h,124,,functionproto,include/platform/i3c_if.h,1553,platform,['platform'],False
include/platform/i3c_if.h,124,I3cClose,functionproto,include/platform/i3c_if.h,1554,platform,['platform'],False
include/platform/i3c_if.h,124,I3cTransfer,functionproto,include/platform/i3c_if.h,1560,platform,['platform'],False
include/platform/i3c_if.h,124,I3cRequestIbi,functionproto,include/platform/i3c_if.h,1558,platform,['platform'],False
include/platform/i3c_if.h,124,I3cFreeIbi,functionproto,include/platform/i3c_if.h,1555,platform,['platform'],False
include/platform/i3c_if.h,124,I3cSetConfig,functionproto,include/platform/i3c_if.h,1559,platform,['platform'],False
include/platform/i3c_if.h,124,I3cGetConfig,functionproto,include/platform/i3c_if.h,1556,platform,['platform'],False
include/platform/i3c_if.h,124,I3cIbiData,type,include/platform/i3c_if.h,1565,platform,['platform'],False
include/platform/i3c_if.h,124,I3cMsg,type,include/platform/i3c_if.h,1566,platform,['platform'],False
include/platform/i3c_if.h,124,TransMode,type,include/platform/i3c_if.h,1567,platform,['platform'],False
include/platform/i3c_if.h,124,I3cConfig,type,include/platform/i3c_if.h,1563,platform,['platform'],False
include/platform/i3c_if.h,124,I3cBusMode,type,include/platform/i3c_if.h,1561,platform,['platform'],False
include/platform/i3c_if.h,124,I3cCccCmd,type,include/platform/i3c_if.h,1562,platform,['platform'],False
include/platform/i3c_if.h,124,I3cFlag,type,include/platform/i3c_if.h,1564,platform,['platform'],False
include/core/hdf_pm.h,99,HdfPmRegisterPowerListener,functionproto,include/core/hdf_pm.h,1270,common,['common'],False
include/core/hdf_pm.h,99,HdfPmUnregisterPowerListener,functionproto,include/core/hdf_pm.h,1274,common,['common'],False
include/core/hdf_pm.h,99,PowerManagementMode,type,include/core/hdf_pm.h,1276,common,['common'],False
include/core/hdf_pm.h,99,,functionproto,include/core/hdf_pm.h,1267,common,['common'],False
include/core/hdf_pm.h,99,HdfPmAcquireDevice,functionproto,include/core/hdf_pm.h,1268,common,['common'],False
include/core/hdf_pm.h,99,HdfPmReleaseDevice,functionproto,include/core/hdf_pm.h,1271,common,['common'],False
include/core/hdf_pm.h,99,HdfPmAcquireDeviceAsync,functionproto,include/core/hdf_pm.h,1269,common,['common'],False
include/core/hdf_pm.h,99,HdfPmReleaseDeviceAsync,functionproto,include/core/hdf_pm.h,1272,common,['common'],False
include/core/hdf_pm.h,99,HdfPmSetMode,functionproto,include/core/hdf_pm.h,1273,common,['common'],False
include/osal/osal_file.h,106,OsalFileOpen,functionproto,include/osal/osal_file.h,1366,osal,['osal'],False
include/osal/osal_file.h,106,OsalFile,alias,include/osal/osal_file.h,1362,osal,['osal'],False
include/osal/osal_file.h,106,OsalFileWrite,functionproto,include/osal/osal_file.h,1368,osal,['osal'],False
include/osal/osal_file.h,106,OsalFileClose,functionproto,include/osal/osal_file.h,1364,osal,['osal'],False
include/osal/osal_file.h,106,OsalFileRead,functionproto,include/osal/osal_file.h,1367,osal,['osal'],False
include/osal/osal_file.h,106,OsalFileLseek,functionproto,include/osal/osal_file.h,1365,osal,['osal'],False
core/host/src/hdf_device_object.c,33,HdfPmAcquireDeviceAsync,functionimpl,core/host/src/hdf_device_object.c,540,kernal_host,['kernal_host'],False
core/host/src/hdf_device_object.c,33,HdfPmReleaseDeviceAsync,functionimpl,core/host/src/hdf_device_object.c,543,kernal_host,['kernal_host'],False
core/host/src/hdf_device_object.c,33,HdfDeviceSubscribeService,functionimpl,core/host/src/hdf_device_object.c,538,kernal_host,['kernal_host'],False
core/host/src/hdf_device_object.c,33,HdfPmRegisterPowerListener,functionimpl,core/host/src/hdf_device_object.c,541,kernal_host,['kernal_host'],False
core/host/src/hdf_device_object.c,33,HdfPmUnregisterPowerListener,functionimpl,core/host/src/hdf_device_object.c,545,kernal_host,['kernal_host'],False
core/host/src/hdf_device_object.c,33,deviceObject,var,core/host/src/hdf_device_object.c,551,kernal_host,['kernal_host'],False
core/host/src/hdf_device_object.c,33,serviceName,var,core/host/src/hdf_device_object.c,566,kernal_host,['kernal_host'],False
core/host/src/hdf_device_object.c,33,hostService,var,core/host/src/hdf_device_object.c,554,kernal_host,['kernal_host'],False
core/host/src/hdf_device_object.c,33,devNode,var,core/host/src/hdf_device_object.c,549,kernal_host,['kernal_host'],False
core/host/src/hdf_device_object.c,33,callback,var,core/host/src/hdf_device_object.c,546,kernal_host,['kernal_host'],False
core/host/src/hdf_device_object.c,33,HdfDeviceGetServiceName,functionimpl,core/host/src/hdf_device_object.c,525,kernal_host,['kernal_host'],False
core/host/src/hdf_device_object.c,33,listener,var,core/host/src/hdf_device_object.c,557,kernal_host,['kernal_host'],False
core/host/src/hdf_device_object.c,33,HdfPmAcquireDevice,functionimpl,core/host/src/hdf_device_object.c,539,kernal_host,['kernal_host'],False
core/host/src/hdf_device_object.c,33,tokenIf,var,core/host/src/hdf_device_object.c,568,kernal_host,['kernal_host'],False
core/host/src/hdf_device_object.c,33,HdfPmReleaseDevice,functionimpl,core/host/src/hdf_device_object.c,542,kernal_host,['kernal_host'],False
core/host/src/hdf_device_object.c,33,HdfPmSetMode,functionimpl,core/host/src/hdf_device_object.c,544,kernal_host,['kernal_host'],False
core/host/src/hdf_device_object.c,33,mode,var,core/host/src/hdf_device_object.c,558,kernal_host,['kernal_host'],False
core/host/src/hdf_device_object.c,33,token,var,core/host/src/hdf_device_object.c,567,kernal_host,['kernal_host'],False
core/host/src/hdf_device_object.c,33,deviceClass,var,core/host/src/hdf_device_object.c,550,kernal_host,['kernal_host'],False
core/host/src/hdf_device_object.c,33,parent,var,core/host/src/hdf_device_object.c,560,kernal_host,['kernal_host'],False
core/host/src/hdf_device_object.c,33,parentDevNode,var,core/host/src/hdf_device_object.c,561,kernal_host,['kernal_host'],False
core/host/src/hdf_device_object.c,33,newNode,var,core/host/src/hdf_device_object.c,559,kernal_host,['kernal_host'],False
core/host/src/hdf_device_object.c,33,driverName,var,core/host/src/hdf_device_object.c,553,kernal_host,['kernal_host'],False
core/host/src/hdf_device_object.c,33,dev,var,core/host/src/hdf_device_object.c,548,kernal_host,['kernal_host'],False
core/host/src/hdf_device_object.c,33,driverLoader,var,core/host/src/hdf_device_object.c,552,kernal_host,['kernal_host'],False
core/host/src/hdf_device_object.c,33,ret,var,core/host/src/hdf_device_object.c,564,kernal_host,['kernal_host'],False
core/host/src/hdf_device_object.c,33,HdfDeviceObjectUnRegister,functionimpl,core/host/src/hdf_device_object.c,535,kernal_host,['kernal_host'],False
core/host/src/hdf_device_object.c,33,servName,var,core/host/src/hdf_device_object.c,565,kernal_host,['kernal_host'],False
core/host/src/hdf_device_object.c,33,policy,var,core/host/src/hdf_device_object.c,563,kernal_host,['kernal_host'],False
core/host/src/hdf_device_object.c,33,perm,var,core/host/src/hdf_device_object.c,562,kernal_host,['kernal_host'],False
core/host/src/hdf_device_object.c,33,HdfDeviceObjectRemoveService,functionimpl,core/host/src/hdf_device_object.c,532,kernal_host,['kernal_host'],False
core/host/src/hdf_device_object.c,33,HdfDeviceObjectSetServInfo,functionimpl,core/host/src/hdf_device_object.c,534,kernal_host,['kernal_host'],False
core/host/src/hdf_device_object.c,33,info,var,core/host/src/hdf_device_object.c,555,kernal_host,['kernal_host'],False
core/host/src/hdf_device_object.c,33,HdfDeviceObjectUpdate,functionimpl,core/host/src/hdf_device_object.c,536,kernal_host,['kernal_host'],False
core/host/src/hdf_device_object.c,33,HdfDeviceObjectSetInterfaceDesc,functionimpl,core/host/src/hdf_device_object.c,533,kernal_host,['kernal_host'],False
core/host/src/hdf_device_object.c,33,interfaceDesc,var,core/host/src/hdf_device_object.c,556,kernal_host,['kernal_host'],False
core/host/src/hdf_device_object.c,33,HdfDeviceObjectCheckInterfaceDesc,functionimpl,core/host/src/hdf_device_object.c,527,kernal_host,['kernal_host'],False
core/host/src/hdf_device_object.c,33,data,var,core/host/src/hdf_device_object.c,547,kernal_host,['kernal_host'],False
core/host/src/devsvc_manager_clnt.c,30,DevSvcManagerClntUpdateService,functionimpl,core/host/src/devsvc_manager_clnt.c,470,kernal_host,['kernal_host'],False
core/host/include/hdf_power_manager.h,24,HdfPmTaskPut,functionproto,core/host/include/hdf_power_manager.h,390,kernal_host,['kernal_host'],False
core/host/src/hdf_device_object.c,33,hdf_device_object,file,core/host/src/hdf_device_object.c,524,kernal_host,['kernal_host'],False
include/platform/spi_if.h,136,SpiTransferMode,type,include/platform/spi_if.h,1719,platform,['platform'],False
include/platform/spi_if.h,136,SpiIoCmd,type,include/platform/spi_if.h,1717,platform,['platform'],False
include/wifi/hdf_ibus_intf.h,147,,functionproto,include/wifi/hdf_ibus_intf.h,1847,network,['network'],False
core/host/src/hdf_observer_record.c,36,HdfServiceObserverRecordCompare,functionimpl,core/host/src/hdf_observer_record.c,597,kernal_host,['kernal_host'],False
core/host/src/hdf_observer_record.c,36,HdfServiceObserverRecordDelete,functionimpl,core/host/src/hdf_observer_record.c,598,kernal_host,['kernal_host'],False
core/common/include/manager/devmgr_service_start.h,6,,type,core/common/include/manager/devmgr_service_start.h,179,manager,['manager'],False
core/host/include/hdf_device_object.h,19,HdfDeviceObjectUnRegister,functionproto,core/host/include/hdf_device_object.h,359,kernal_host,['kernal_host'],False
core/host/include/hdf_device_object.h,19,HdfDeviceObjectSetServInfo,functionproto,core/host/include/hdf_device_object.h,358,kernal_host,['kernal_host'],False
core/host/include/hdf_device_object.h,19,HdfDeviceObjectUpdate,functionproto,core/host/include/hdf_device_object.h,360,kernal_host,['kernal_host'],False
core/host/include/hdf_device_object.h,19,HdfDeviceObjectSetInterfaceDesc,functionproto,core/host/include/hdf_device_object.h,357,kernal_host,['kernal_host'],False
core/host/include/hdf_device_object.h,19,HdfDeviceObjectCheckInterfaceDesc,functionproto,core/host/include/hdf_device_object.h,352,kernal_host,['kernal_host'],False
core/host/include/devsvc_manager_clnt.h,16,DevSvcManagerClntUpdateService,functionproto,core/host/include/devsvc_manager_clnt.h,321,kernal_host,['kernal_host'],False
include/utils/hdf_dlist.h,143,head,var,include/utils/hdf_dlist.h,1776,utils,['utils'],False
include/utils/hdf_dlist.h,143,entry,var,include/utils/hdf_dlist.h,1775,utils,['utils'],False
include/utils/hdf_dlist.h,143,list,var,include/utils/hdf_dlist.h,1777,utils,['utils'],False
include/utils/hdf_dlist.h,143,next,var,include/utils/hdf_dlist.h,1778,utils,['utils'],False
include/utils/hdf_dlist.h,143,count,var,include/utils/hdf_dlist.h,1774,utils,['utils'],False
include/audio/audio_platform_if.h,92,,functionproto,include/audio/audio_platform_if.h,1175,audio,['audio'],False
include/audio/audio_platform_if.h,92,AudioDmaOps,type,include/audio/audio_platform_if.h,1176,audio,['audio'],False
include/net/hdf_netbuf.h,101,NetBufQueueIsEmpty,functionproto,include/net/hdf_netbuf.h,1305,network,['network'],False
include/net/hdf_netbuf.h,101,NetBufQueueDequeue,functionproto,include/net/hdf_netbuf.h,1300,network,['network'],False
include/net/hdf_netbuf.h,101,NetBufGetAddress,functionproto,include/net/hdf_netbuf.h,1291,network,['network'],False
include/net/hdf_netbuf.h,101,NetBufGetDataLen,functionproto,include/net/hdf_netbuf.h,1292,network,['network'],False
include/net/hdf_netbuf.h,101,NetBufFree,functionproto,include/net/hdf_netbuf.h,1290,network,['network'],False
include/net/hdf_netbuf.h,101,NetBufDevAlloc,functionproto,include/net/hdf_netbuf.h,1289,network,['network'],False
include/net/hdf_netbuf.h,101,NetBufPush,functionproto,include/net/hdf_netbuf.h,1295,network,['network'],False
include/net/hdf_netbuf.h,101,NetBufQueueEnqueue,functionproto,include/net/hdf_netbuf.h,1302,network,['network'],False
include/net/hdf_netbuf.h,101,NetBufQueueInit,functionproto,include/net/hdf_netbuf.h,1304,network,['network'],False
include/net/hdf_netbuf.h,101,NetBufQueueClear,functionproto,include/net/hdf_netbuf.h,1298,network,['network'],False
include/audio/audio_platform_if.h,92,PlatformHost,type,include/audio/audio_platform_if.h,1179,audio,['audio'],False
core/shared/src/hdf_device_info.c,81,HdfDeviceInfoNewInstance,functionimpl,core/shared/src/hdf_device_info.c,1098,common,['common'],False
core/shared/src/hdf_device_info.c,81,hdf_device_info,file,core/shared/src/hdf_device_info.c,1094,common,['common'],False
core/shared/src/hdf_device_info.c,81,HdfDeviceInfoConstruct,functionimpl,core/shared/src/hdf_device_info.c,1095,common,['common'],False
core/shared/include/hdf_device_info.h,70,HdfDeviceInfoConstruct,functionproto,core/shared/include/hdf_device_info.h,1018,common,['common'],False
core/shared/include/hdf_device_info.h,70,HdfDeviceInfoNewInstance,functionproto,core/shared/include/hdf_device_info.h,1021,common,['common'],False
core/shared/src/hdf_device_info.c,81,HdfDeviceInfoFreeInstance,functionimpl,core/shared/src/hdf_device_info.c,1097,common,['common'],False
core/shared/include/hdf_device_info.h,70,HdfDeviceInfoFreeInstance,functionproto,core/shared/include/hdf_device_info.h,1020,common,['common'],False
core/host/src/hdf_service_observer.c,38,hdf_service_observer,file,core/host/src/hdf_service_observer.c,626,kernal_host,['kernal_host'],False
core/shared/src/hdf_device_info.c,81,deviceInfo,var,core/shared/src/hdf_device_info.c,1099,common,['common'],False
core/shared/src/hdf_device_info.c,81,listEntry,var,core/shared/src/hdf_device_info.c,1100,common,['common'],False
core/host/include/hdf_device_object.h,19,HdfRemoveService,functionproto,core/host/include/hdf_device_object.h,361,kernal_host,['kernal_host'],False
include/osal/osal_spinlock.h,113,OsalSpinlock,alias,include/osal/osal_spinlock.h,1407,osal,['osal'],False
core/manager/src/devhost_service_clnt.c,50,DevHostServiceClntConstruct,functionimpl,core/manager/src/devhost_service_clnt.c,725,manager,['manager'],False
include/audio/audio_accessory_if.h,88,audio_accessory_if,file,include/audio/audio_accessory_if.h,1153,audio,['audio'],False
include/net/hdf_netbuf.h,101,NetBufAlloc,functionproto,include/net/hdf_netbuf.h,1287,network,['network'],False
include/net/net_device.h,102,NetDeviceAdd,functionproto,include/net/net_device.h,1319,network,['network'],False
include/net/net_device.h,102,NetDeviceDelete,functionproto,include/net/net_device.h,1321,network,['network'],False
include/net/net_device.h,102,NetDevGetRegisterCount,functionproto,include/net/net_device.h,1318,network,['network'],False
include/net/net_device.h,102,NetDeviceGetCap,functionproto,include/net/net_device.h,1322,network,['network'],False
include/net/net_device.h,102,NetIfRx,functionproto,include/net/net_device.h,1334,network,['network'],False
include/net/net_device.h,102,NetIfDhcpsStop,functionproto,include/net/net_device.h,1332,network,['network'],False
include/net/net_device.h,102,NetIfDhcpsStart,functionproto,include/net/net_device.h,1331,network,['network'],False
core/common/src/hdf_attribute_macro.c,12,GetDevcieNodeList,functionimpl,core/common/src/hdf_attribute_macro.c,247,common,['common'],False
core/shared/include/hdf_attribute_macro.h,68,hdf_attribute_macro,file,core/shared/include/hdf_attribute_macro.h,1008,common,['common'],False
core/shared/include/hdf_attribute_macro.h,68,HdfDevHostMgr,type,core/shared/include/hdf_attribute_macro.h,1009,common,['common'],False
core/shared/include/hdf_attribute_macro.h,68,HdfHostType,type,core/shared/include/hdf_attribute_macro.h,1012,common,['common'],False
core/shared/include/hdf_attribute_macro.h,68,HdfDeviceType,type,core/shared/include/hdf_attribute_macro.h,1011,common,['common'],False
core/shared/include/hdf_attribute_macro.h,68,HdfDeviceNodeType,type,core/shared/include/hdf_attribute_macro.h,1010,common,['common'],False
core/common/src/hdf_attribute_macro.c,12,HdfDeviceListCompare,functionimpl,core/common/src/hdf_attribute_macro.c,252,common,['common'],False
core/common/src/hdf_attribute_macro.c,12,CheckDeviceInfo,functionimpl,core/common/src/hdf_attribute_macro.c,246,common,['common'],False
core/common/src/hdf_attribute_macro.c,12,GetDeviceNodeInfo,functionimpl,core/common/src/hdf_attribute_macro.c,248,common,['common'],False
core/common/src/hdf_attribute_macro.c,12,GetHostInfo,functionimpl,core/common/src/hdf_attribute_macro.c,249,common,['common'],False
core/common/src/hdf_attribute_macro.c,12,HdfHostListCompare,functionimpl,core/common/src/hdf_attribute_macro.c,253,common,['common'],False
include/platform/gpio_if.h,120,GpioGetDir,functionproto,include/platform/gpio_if.h,1466,platform,['platform'],False
include/platform/gpio_if.h,120,GpioUnsetIrq,functionproto,include/platform/gpio_if.h,1470,platform,['platform'],False
include/utils/hdf_sbuf.h,145,HdfSbufWriteUnpadBuffer,functionproto,include/utils/hdf_sbuf.h,1829,utils,['utils'],False
include/utils/hdf_sbuf.h,145,HdfSbufReadUnpadBuffer,functionproto,include/utils/hdf_sbuf.h,1806,utils,['utils'],False
include/utils/hdf_sbuf.h,145,HdfSbufWriteInt64,functionproto,include/utils/hdf_sbuf.h,1820,utils,['utils'],False
include/utils/hdf_sbuf.h,145,HdfSbufWriteInt16,functionproto,include/utils/hdf_sbuf.h,1818,utils,['utils'],False
include/utils/hdf_sbuf.h,145,HdfSbufWriteInt8,functionproto,include/utils/hdf_sbuf.h,1821,utils,['utils'],False
include/utils/hdf_sbuf.h,145,HdfSbufWriteString16,functionproto,include/utils/hdf_sbuf.h,1824,utils,['utils'],False
include/utils/hdf_sbuf.h,145,HdfSbufReadInt16,functionproto,include/utils/hdf_sbuf.h,1795,utils,['utils'],False
include/utils/hdf_sbuf.h,145,HdfSbufReadInt8,functionproto,include/utils/hdf_sbuf.h,1798,utils,['utils'],False
include/utils/hdf_sbuf.h,145,HdfSbufReadString16,functionproto,include/utils/hdf_sbuf.h,1801,utils,['utils'],False
include/utils/hdf_sbuf.h,145,HdfSbufWriteRemoteService,functionproto,include/utils/hdf_sbuf.h,1822,utils,['utils'],False
include/utils/hdf_sbuf.h,145,HdfSbufReadRemoteService,functionproto,include/utils/hdf_sbuf.h,1799,utils,['utils'],False
include/utils/hdf_sbuf.h,145,HdfSbufWriteFloat,functionproto,include/utils/hdf_sbuf.h,1817,utils,['utils'],False
include/utils/hdf_sbuf.h,145,HdfSbufWriteDouble,functionproto,include/utils/hdf_sbuf.h,1815,utils,['utils'],False
include/utils/hdf_sbuf.h,145,HdfSbufWriteFileDescriptor,functionproto,include/utils/hdf_sbuf.h,1816,utils,['utils'],False
include/utils/hdf_sbuf.h,145,HdfSbufReadFileDescriptor,functionproto,include/utils/hdf_sbuf.h,1793,utils,['utils'],False
include/utils/hdf_sbuf.h,145,HdfSbufReadDouble,functionproto,include/utils/hdf_sbuf.h,1792,utils,['utils'],False
include/utils/hdf_sbuf.h,145,HdfSbufReadFloat,functionproto,include/utils/hdf_sbuf.h,1794,utils,['utils'],False
include/utils/hdf_sbuf.h,145,HdfSbufTypedObtainCapacity,functionproto,include/utils/hdf_sbuf.h,1812,utils,['utils'],False
include/utils/hdf_sbuf.h,145,HdfSbufTypedObtainInplace,functionproto,include/utils/hdf_sbuf.h,1813,utils,['utils'],False
include/utils/hdf_sbuf.h,145,HdfSbufTypedObtain,functionproto,include/utils/hdf_sbuf.h,1811,utils,['utils'],False
include/utils/hdf_sbuf.h,145,HdfSbufTypedBind,functionproto,include/utils/hdf_sbuf.h,1810,utils,['utils'],False
include/utils/hdf_sbuf.h,145,HdfSbufCopy,functionproto,include/utils/hdf_sbuf.h,1782,utils,['utils'],False
include/utils/hdf_sbuf.h,145,HdfSbufMove,functionproto,include/utils/hdf_sbuf.h,1788,utils,['utils'],False
include/utils/hdf_sbuf.h,145,HdfSbufTransDataOwnership,functionproto,include/utils/hdf_sbuf.h,1809,utils,['utils'],False
include/utils/hdf_sbuf.h,145,HdfSbufGetImpl,functionproto,include/utils/hdf_sbuf.h,1787,utils,['utils'],False
core/host/include/devsvc_manager_clnt.h,16,DevSvcManagerClntGetDeviceObject,functionproto,core/host/include/devsvc_manager_clnt.h,316,kernal_host,['kernal_host'],False
core/shared/include/ioservstat_listener.h,78,IoServiceStatusListenerNewInstance,functionproto,core/shared/include/ioservstat_listener.h,1082,common,['common'],False
core/shared/include/ioservstat_listener.h,78,IoServiceStatusListenerFree,functionproto,core/shared/include/ioservstat_listener.h,1081,common,['common'],False
core/common/src/hdf_attribute_macro.c,12,listEntryFirst,var,core/common/src/hdf_attribute_macro.c,270,common,['common'],False
core/common/src/hdf_attribute_macro.c,12,listEntrySecond,var,core/common/src/hdf_attribute_macro.c,271,common,['common'],False
core/common/src/hdf_attribute_macro.c,12,attrFirst,var,core/common/src/hdf_attribute_macro.c,254,common,['common'],False
core/common/src/hdf_attribute_macro.c,12,attrSecond,var,core/common/src/hdf_attribute_macro.c,255,common,['common'],False
core/common/src/hdf_attribute_macro.c,12,hostInfo,var,core/common/src/hdf_attribute_macro.c,266,common,['common'],False
core/common/src/hdf_attribute_macro.c,12,hostNode,var,core/common/src/hdf_attribute_macro.c,269,common,['common'],False
core/common/src/hdf_attribute_macro.c,12,host,var,core/common/src/hdf_attribute_macro.c,263,common,['common'],False
core/common/src/hdf_attribute_macro.c,12,hostMgr,var,core/common/src/hdf_attribute_macro.c,268,common,['common'],False
core/common/src/hdf_attribute_macro.c,12,hostList,var,core/common/src/hdf_attribute_macro.c,267,common,['common'],False
core/common/src/hdf_attribute_macro.c,12,devHost,var,core/common/src/hdf_attribute_macro.c,256,common,['common'],False
core/common/src/hdf_attribute_macro.c,12,hostId,var,core/common/src/hdf_attribute_macro.c,265,common,['common'],False
core/common/src/hdf_attribute_macro.c,12,deviceNodeInfo,var,core/common/src/hdf_attribute_macro.c,262,common,['common'],False
core/common/src/hdf_attribute_macro.c,12,deviceNode,var,core/common/src/hdf_attribute_macro.c,260,common,['common'],False
core/common/src/hdf_attribute_macro.c,12,hostClnt,var,core/common/src/hdf_attribute_macro.c,264,common,['common'],False
core/common/src/hdf_attribute_macro.c,12,devNode,var,core/common/src/hdf_attribute_macro.c,257,common,['common'],False
core/common/src/hdf_attribute_macro.c,12,deviceNodeIdx,var,core/common/src/hdf_attribute_macro.c,261,common,['common'],False
core/common/src/hdf_attribute_macro.c,12,device,var,core/common/src/hdf_attribute_macro.c,258,common,['common'],False
core/common/src/hdf_attribute_macro.c,12,deviceIdx,var,core/common/src/hdf_attribute_macro.c,259,common,['common'],False
core/common/src/hdf_attribute_macro.c,12,ret,var,core/common/src/hdf_attribute_macro.c,272,common,['common'],False
core/host/src/hdf_device_token.c,34,HdfDeviceTokenCreate,functionimpl,core/host/src/hdf_device_token.c,571,kernal_host,['kernal_host'],False
core/host/src/hdf_device_token.c,34,HdfDeviceTokenRelease,functionimpl,core/host/src/hdf_device_token.c,574,kernal_host,['kernal_host'],False
core/host/src/hdf_device_token.c,34,hdf_device_token,file,core/host/src/hdf_device_token.c,569,kernal_host,['kernal_host'],False
core/host/src/devsvc_manager_clnt.c,30,DevSvcManagerClntGetDeviceObject,functionimpl,core/host/src/devsvc_manager_clnt.c,464,kernal_host,['kernal_host'],False
include/platform/rtc_base.h,133,RtcGetMonthDays,functionproto,include/platform/rtc_base.h,1658,platform,['platform'],False
include/platform/rtc_base.h,133,RtcIsInvalidDay,functionproto,include/platform/rtc_base.h,1661,platform,['platform'],False
core/shared/src/service_status.c,86,status,var,core/shared/src/service_status.c,1134,common,['common'],False
core/shared/src/service_status.c,86,buf,var,core/shared/src/service_status.c,1133,common,['common'],False
include/platform/rtc_if.h,134,RtcOpen,functionproto,include/platform/rtc_if.h,1670,platform,['platform'],False
include/platform/rtc_if.h,134,RtcClose,functionproto,include/platform/rtc_if.h,1668,platform,['platform'],False
include/platform/rtc_if.h,134,RtcReadTime,functionproto,include/platform/rtc_if.h,1673,platform,['platform'],False
include/platform/rtc_if.h,134,RtcWriteTime,functionproto,include/platform/rtc_if.h,1679,platform,['platform'],False
include/platform/rtc_if.h,134,RtcReadAlarm,functionproto,include/platform/rtc_if.h,1671,platform,['platform'],False
include/platform/rtc_if.h,134,RtcWriteAlarm,functionproto,include/platform/rtc_if.h,1677,platform,['platform'],False
include/platform/rtc_if.h,134,RtcRegisterAlarmCallback,functionproto,include/platform/rtc_if.h,1674,platform,['platform'],False
include/platform/rtc_if.h,134,RtcAlarmInterruptEnable,functionproto,include/platform/rtc_if.h,1667,platform,['platform'],False
include/platform/rtc_if.h,134,RtcGetFreq,functionproto,include/platform/rtc_if.h,1669,platform,['platform'],False
include/platform/rtc_if.h,134,RtcSetFreq,functionproto,include/platform/rtc_if.h,1676,platform,['platform'],False
include/platform/rtc_if.h,134,RtcReset,functionproto,include/platform/rtc_if.h,1675,platform,['platform'],False
include/platform/rtc_if.h,134,RtcReadReg,functionproto,include/platform/rtc_if.h,1672,platform,['platform'],False
include/platform/rtc_if.h,134,RtcWriteReg,functionproto,include/platform/rtc_if.h,1678,platform,['platform'],False
include/platform/rtc_if.h,134,RtcAlarmIndex,type,include/platform/rtc_if.h,1680,platform,['platform'],False
core/common/src/hdf_device_node_ext.c,13,DeviceNodeExtPublishService,functionimpl,core/common/src/hdf_device_node_ext.c,278,common,['common'],False
core/common/include/manager/hdf_device_node_ext.h,7,DeviceNodeExt,type,core/common/include/manager/hdf_device_node_ext.h,183,manager,['manager'],False
core/common/src/hdf_device_node_ext.c,13,DeviceNodeExtRemoveService,functionimpl,core/common/src/hdf_device_node_ext.c,280,common,['common'],False
core/common/src/hdf_device_node_ext.c,13,DeviceNodeExtCreate,functionimpl,core/common/src/hdf_device_node_ext.c,275,common,['common'],False
core/common/src/hdf_device_node_ext.c,13,DeviceNodeExtRelease,functionimpl,core/common/src/hdf_device_node_ext.c,279,common,['common'],False
core/common/src/hdf_device_node_ext.c,13,hdf_device_node_ext,file,core/common/src/hdf_device_node_ext.c,273,common,['common'],False
core/common/include/manager/hdf_device_node_ext.h,7,hdf_device_node_ext,file,core/common/include/manager/hdf_device_node_ext.h,180,manager,['manager'],False
core/common/src/hdf_device_node_ext.c,13,DeviceNodeExtConstruct,functionimpl,core/common/src/hdf_device_node_ext.c,274,common,['common'],False
core/common/src/hdf_device_node_ext.c,13,DeviceNodeExtDestruct,functionimpl,core/common/src/hdf_device_node_ext.c,276,common,['common'],False
core/common/include/manager/hdf_device_node_ext.h,7,DeviceNodeExtCreate,functionproto,core/common/include/manager/hdf_device_node_ext.h,181,manager,['manager'],False
core/common/include/manager/hdf_device_node_ext.h,7,DeviceNodeExtRelease,functionproto,core/common/include/manager/hdf_device_node_ext.h,182,manager,['manager'],False
core/adapter/vnode/src/hdf_vnode_adapter.c,4,HdfVNodeAdapterIoctl,functionimpl,core/adapter/vnode/src/hdf_vnode_adapter.c,124,convertor,['convertor'],False
core/adapter/vnode/src/hdf_vnode_adapter.c,4,HdfIoServiceAdapterObtain,functionimpl,core/adapter/vnode/src/hdf_vnode_adapter.c,110,convertor,['convertor'],False
core/adapter/vnode/src/hdf_vnode_adapter.c,4,HdfIoServiceAdapterRecycle,functionimpl,core/adapter/vnode/src/hdf_vnode_adapter.c,112,convertor,['convertor'],False
core/adapter/vnode/src/hdf_vnode_adapter.c,4,HdfIoServiceAdapterPublish,functionimpl,core/adapter/vnode/src/hdf_vnode_adapter.c,111,convertor,['convertor'],False
core/shared/include/hdf_io_service.h,72,HdfIoServiceAdapterPublish,functionproto,core/shared/include/hdf_io_service.h,1034,common,['common'],False
core/adapter/vnode/src/hdf_vnode_adapter.c,4,HdfIoServiceAdapterRemove,functionimpl,core/adapter/vnode/src/hdf_vnode_adapter.c,114,convertor,['convertor'],False
core/shared/include/hdf_io_service.h,72,HdfIoServiceAdapterRemove,functionproto,core/shared/include/hdf_io_service.h,1036,common,['common'],False
include/wifi/hdf_ibus_intf.h,147,BusConfig,type,include/wifi/hdf_ibus_intf.h,1850,network,['network'],False
include/wifi/hdf_ibus_intf.h,147,IrqHandler,functionproto,include/wifi/hdf_ibus_intf.h,1849,network,['network'],False
include/wifi/hdf_ibus_intf.h,147,BusInfo,type,include/wifi/hdf_ibus_intf.h,1852,network,['network'],False
include/wifi/hdf_ibus_intf.h,147,SdioConfigInfo,type,include/wifi/hdf_ibus_intf.h,1855,network,['network'],False
include/wifi/hdf_ibus_intf.h,147,DevOps,type,include/wifi/hdf_ibus_intf.h,1853,network,['network'],False
include/wifi/hdf_ibus_intf.h,147,PrivateData,type,include/wifi/hdf_ibus_intf.h,1854,network,['network'],False
include/net/net_device.h,102,NetDeviceIsInstRunning,functionproto,include/net/net_device.h,1327,network,['network'],False
include/net/net_device.h,102,NetDeviceGetInstByIndex,functionproto,include/net/net_device.h,1323,network,['network'],False
core/host/src/hdf_service_observer.c,38,observer,var,core/host/src/hdf_service_observer.c,635,kernal_host,['kernal_host'],False
core/host/src/hdf_service_observer.c,38,svcName,var,core/host/src/hdf_service_observer.c,641,kernal_host,['kernal_host'],False
core/host/src/hdf_service_observer.c,38,serviceRecord,var,core/host/src/hdf_service_observer.c,639,kernal_host,['kernal_host'],False
core/host/src/hdf_service_observer.c,38,serviceKey,var,core/host/src/hdf_service_observer.c,638,kernal_host,['kernal_host'],False
core/host/src/hdf_service_observer.c,38,subscriber,var,core/host/src/hdf_service_observer.c,640,kernal_host,['kernal_host'],False
core/host/src/hdf_service_observer.c,38,callback,var,core/host/src/hdf_service_observer.c,632,kernal_host,['kernal_host'],False
core/host/src/hdf_service_observer.c,38,devid,var,core/host/src/hdf_service_observer.c,634,kernal_host,['kernal_host'],False
core/host/src/hdf_service_observer.c,38,service,var,core/host/src/hdf_service_observer.c,637,kernal_host,['kernal_host'],False
core/host/src/hdf_service_observer.c,38,devId,var,core/host/src/hdf_service_observer.c,633,kernal_host,['kernal_host'],False
core/host/src/hdf_service_observer.c,38,policy,var,core/host/src/hdf_service_observer.c,636,kernal_host,['kernal_host'],False
core/adapter/vnode/src/hdf_vnode_adapter.c,4,HdfKIoServiceDispatch,functionimpl,core/adapter/vnode/src/hdf_vnode_adapter.c,115,convertor,['convertor'],False
core/adapter/vnode/src/hdf_vnode_adapter.c,4,HdfIoServiceAdapterRegCdev,functionimpl,core/adapter/vnode/src/hdf_vnode_adapter.c,113,convertor,['convertor'],False
core/adapter/vnode/src/hdf_vnode_adapter.c,4,HdfHdfIoServiceKClientInstance,functionimpl,core/adapter/vnode/src/hdf_vnode_adapter.c,109,convertor,['convertor'],False
core/adapter/vnode/src/hdf_vnode_adapter.c,4,HdfVNodeAdapterClient,type,core/adapter/vnode/src/hdf_vnode_adapter.c,134,convertor,['convertor'],False
core/adapter/vnode/src/hdf_vnode_adapter.c,4,HdfIoServiceKClient,type,core/adapter/vnode/src/hdf_vnode_adapter.c,133,convertor,['convertor'],False
core/adapter/vnode/src/hdf_vnode_adapter.c,4,HdfNewVNodeAdapterClient,functionimpl,core/adapter/vnode/src/hdf_vnode_adapter.c,116,convertor,['convertor'],False
core/host/include/hdf_service_subscriber.h,26,HdfServiceSubscriberObtain,functionproto,core/host/include/hdf_service_subscriber.h,405,kernal_host,['kernal_host'],False
core/host/include/hdf_observer_record.h,22,HdfServiceObserverRecordDelete,functionproto,core/host/include/hdf_observer_record.h,381,kernal_host,['kernal_host'],False
core/host/include/hdf_observer_record.h,22,HdfServiceObserverRecordCompare,functionproto,core/host/include/hdf_observer_record.h,380,kernal_host,['kernal_host'],False
core/shared/include/hdf_power_state.h,74,hdf_power_state,file,core/shared/include/hdf_power_state.h,1055,common,['common'],False
core/host/src/devsvc_manager_clnt.c,30,DevSvcManagerClntGetInstance,functionimpl,core/host/src/devsvc_manager_clnt.c,465,kernal_host,['kernal_host'],False
core/shared/include/hdf_driver.h,71,HdfDriverManagerGetDriverList,functionproto,core/shared/include/hdf_driver.h,1026,common,['common'],False
core/host/include/devsvc_manager_clnt.h,16,DevSvcManagerClntGetInstance,functionproto,core/host/include/devsvc_manager_clnt.h,317,kernal_host,['kernal_host'],False
core/adapter/vnode/src/hdf_vnode_adapter.c,4,hdf_vnode_adapter,file,core/adapter/vnode/src/hdf_vnode_adapter.c,104,convertor,['convertor'],False
core/host/include/devsvc_manager_clnt.h,16,DevSvcManagerClnt,type,core/host/include/devsvc_manager_clnt.h,322,kernal_host,['kernal_host'],False
core/common/src/hdf_device_node_ext.c,13,DeviceNodeExtDispatch,functionimpl,core/common/src/hdf_device_node_ext.c,277,common,['common'],False
include/wifi/wifi_mac80211_ops.h,154,StationDelParameters,type,include/wifi/wifi_mac80211_ops.h,1922,network,['network'],False
core/host/include/hdf_device_token.h,20,HdfDeviceToken,type,core/host/include/hdf_device_token.h,367,kernal_host,['kernal_host'],False
core/shared/include/hdf_object_manager.h,73,,type,core/shared/include/hdf_object_manager.h,1053,common,['common'],False
core/host/include/hdf_device_token.h,20,HdfDeviceTokenCreate,functionproto,core/host/include/hdf_device_token.h,363,kernal_host,['kernal_host'],False
core/host/include/hdf_device_token.h,20,HdfDeviceTokenRelease,functionproto,core/host/include/hdf_device_token.h,366,kernal_host,['kernal_host'],False
core/shared/include/hdf_object_manager.h,73,,functionproto,core/shared/include/hdf_object_manager.h,1049,common,['common'],False
core/shared/include/hdf_usb_pnp_manage.h,77,UsbPnpNotifyServiceInfo,type,core/shared/include/hdf_usb_pnp_manage.h,1079,common,['common'],False
core/shared/include/hdf_usb_pnp_manage.h,77,UsbPnpNotifyMatchInfoTable,type,core/shared/include/hdf_usb_pnp_manage.h,1076,common,['common'],False
include/wifi/hdf_wifi_product.h,149,HdfWlanGetModule,functionproto,include/wifi/hdf_wifi_product.h,1892,network,['network'],False
include/wifi/hdf_wifi_product.h,149,HdfWlanManufacturer,type,include/wifi/hdf_wifi_product.h,1897,network,['network'],False
core/shared/src/hdf_io_service.c,82,hdf_io_service,file,core/shared/src/hdf_io_service.c,1101,common,['common'],False
include/net/net_device.h,102,NetIfStatus,alias,include/net/net_device.h,1313,network,['network'],False
include/net/net_device.h,102,NetIfLinkStatus,alias,include/net/net_device.h,1312,network,['network'],False
include/net/net_device.h,102,IpV4Addr,alias,include/net/net_device.h,1309,network,['network'],False
include/platform/mmc_if.h,127,MmcDevPresent,functionproto,include/platform/mmc_if.h,1612,platform,['platform'],False
core/shared/src/hdf_io_service.c,82,serviceName,var,core/shared/src/hdf_io_service.c,1108,common,['common'],False
core/shared/src/hdf_io_service.c,82,service,var,core/shared/src/hdf_io_service.c,1107,common,['common'],False
core/shared/src/hdf_io_service.c,82,mode,var,core/shared/src/hdf_io_service.c,1106,common,['common'],False
include/net/net_device.h,102,,functionproto,include/net/net_device.h,1317,network,['network'],False
include/net/net_device.h,102,NetDevStats,type,include/net/net_device.h,1343,network,['network'],False
include/net/net_device.h,102,ProcessingResult,alias,include/net/net_device.h,1315,network,['network'],False
include/net/net_device.h,102,PROTOCOL_80211_IFTYPE_NUM,var,include/net/net_device.h,1349,network,['network'],False
include/net/net_device.h,102,IfReq,alias,include/net/net_device.h,1308,network,['network'],False
include/net/net_device.h,102,NetDevNotify,alias,include/net/net_device.h,1310,network,['network'],False
include/net/net_device.h,102,NetLinkType,alias,include/net/net_device.h,1314,network,['network'],False
include/net/net_device.h,102,NetIfCategory,alias,include/net/net_device.h,1311,network,['network'],False
include/net/net_device.h,102,NetIfSetLinkStatus,functionproto,include/net/net_device.h,1337,network,['network'],False
include/net/net_device.h,102,NetIfGetLinkStatus,functionproto,include/net/net_device.h,1333,network,['network'],False
include/net/net_device.h,102,NetIfRxNi,functionproto,include/net/net_device.h,1335,network,['network'],False
include/net/net_device.h,102,NetDeviceInterFace,type,include/net/net_device.h,1345,network,['network'],False
core/manager/src/devsvc_manager.c,53,NotifyServiceStatusLocked,functionimpl,core/manager/src/devsvc_manager.c,815,manager,['manager'],False
include/net/hdf_netbuf.h,101,hdf_netbuf,file,include/net/hdf_netbuf.h,1286,network,['network'],False
core/common/src/devlite_object_config.c,9,devlite_object_config,file,core/common/src/devlite_object_config.c,186,common,['common'],False
core/common/src/devlite_object_config.c,9,g_liteObjectCreators,var,core/common/src/devlite_object_config.c,188,common,['common'],False
core/common/src/devlite_object_config.c,9,objectId,var,core/common/src/devlite_object_config.c,190,common,['common'],False
core/common/src/devlite_object_config.c,9,numConfigs,var,core/common/src/devlite_object_config.c,189,common,['common'],False
core/host/src/hdf_power_manager.c,37,HdfPowerManagerExit,functionimpl,core/host/src/hdf_power_manager.c,615,kernal_host,['kernal_host'],False
core/host/include/hdf_power_manager.h,24,HdfPowerManagerExit,functionproto,core/host/include/hdf_power_manager.h,392,kernal_host,['kernal_host'],False
core/adapter/vnode/src/hdf_vnode_adapter.c,4,HdfVnodeAdapterDropOldEventLocked,functionimpl,core/adapter/vnode/src/hdf_vnode_adapter.c,130,convertor,['convertor'],False
core/adapter/vnode/src/hdf_vnode_adapter.c,4,HdfVnodeCleanEventQueue,functionimpl,core/adapter/vnode/src/hdf_vnode_adapter.c,131,convertor,['convertor'],False
core/adapter/vnode/src/hdf_vnode_adapter.c,4,HdfDestoryVNodeAdapterClient,functionimpl,core/adapter/vnode/src/hdf_vnode_adapter.c,106,convertor,['convertor'],False
core/adapter/vnode/src/hdf_vnode_adapter.c,4,HdfVNodeAdapterPoll,functionimpl,core/adapter/vnode/src/hdf_vnode_adapter.c,126,convertor,['convertor'],False
core/manager/include/devsvc_manager_ext.h,46,DevSvcManagerExtCreate,functionproto,core/manager/include/devsvc_manager_ext.h,708,manager,['manager'],False
core/manager/include/devsvc_manager_ext.h,46,DevSvcManagerExtRelease,functionproto,core/manager/include/devsvc_manager_ext.h,709,manager,['manager'],False
core/manager/include/devsvc_manager_ext.h,46,devsvc_manager_ext,file,core/manager/include/devsvc_manager_ext.h,707,manager,['manager'],False
include/bluetooth/hdf_chip_config.h,95,HdfPowerConfig,type,include/bluetooth/hdf_chip_config.h,1212,network,['network'],False
include/bluetooth/hdf_chip_config.h,95,HdfPowersConfig,type,include/bluetooth/hdf_chip_config.h,1213,network,['network'],False
core/manager/src/hdf_driver_installer.c,56,DriverInstallerCreate,functionimpl,core/manager/src/hdf_driver_installer.c,888,manager,['manager'],False
core/host/src/hdf_service_subscriber.c,39,HdfServiceSubscriberDelete,functionimpl,core/host/src/hdf_service_subscriber.c,643,kernal_host,['kernal_host'],False
core/host/include/hdf_service_subscriber.h,26,HdfServiceSubscriberRecycle,functionproto,core/host/include/hdf_service_subscriber.h,406,kernal_host,['kernal_host'],False
include/platform/watchdog_if.h,139,watchdog_if,file,include/platform/watchdog_if.h,1743,platform,['platform'],False
include/platform/watchdog_if.h,139,WatchdogOpen,functionproto,include/platform/watchdog_if.h,1748,platform,['platform'],False
include/platform/watchdog_if.h,139,WatchdogClose,functionproto,include/platform/watchdog_if.h,1744,platform,['platform'],False
include/platform/watchdog_if.h,139,WatchdogGetStatus,functionproto,include/platform/watchdog_if.h,1746,platform,['platform'],False
include/platform/watchdog_if.h,139,WatchdogStart,functionproto,include/platform/watchdog_if.h,1750,platform,['platform'],False
include/platform/watchdog_if.h,139,WatchdogStop,functionproto,include/platform/watchdog_if.h,1751,platform,['platform'],False
include/platform/watchdog_if.h,139,WatchdogSetTimeout,functionproto,include/platform/watchdog_if.h,1749,platform,['platform'],False
include/platform/watchdog_if.h,139,WatchdogGetTimeout,functionproto,include/platform/watchdog_if.h,1747,platform,['platform'],False
include/platform/watchdog_if.h,139,WatchdogFeed,functionproto,include/platform/watchdog_if.h,1745,platform,['platform'],False
core/host/src/hdf_service_subscriber.c,39,serviceSubscriber,var,core/host/src/hdf_service_subscriber.c,649,kernal_host,['kernal_host'],False
core/host/src/hdf_service_subscriber.c,39,devid,var,core/host/src/hdf_service_subscriber.c,647,kernal_host,['kernal_host'],False
core/host/src/hdf_service_subscriber.c,39,callback,var,core/host/src/hdf_service_subscriber.c,646,kernal_host,['kernal_host'],False
core/host/src/hdf_service_subscriber.c,39,subscriber,var,core/host/src/hdf_service_subscriber.c,650,kernal_host,['kernal_host'],False
core/host/src/hdf_service_subscriber.c,39,listEntry,var,core/host/src/hdf_service_subscriber.c,648,kernal_host,['kernal_host'],False
core/host/include/hdf_device.h,17,HdfDeviceCreate,functionproto,core/host/include/hdf_device.h,327,kernal_host,['kernal_host'],False
core/host/include/hdf_device.h,17,HdfDeviceRelease,functionproto,core/host/include/hdf_device.h,332,kernal_host,['kernal_host'],False
core/host/include/hdf_driver_loader.h,21,HdfDriverLoaderLoadNode,functionproto,core/host/include/hdf_driver_loader.h,374,kernal_host,['kernal_host'],False
core/host/include/hdf_driver_loader.h,21,HdfDriverLoaderUnLoadNode,functionproto,core/host/include/hdf_driver_loader.h,376,kernal_host,['kernal_host'],False
core/host/include/hdf_driver_loader.h,21,,functionproto,core/host/include/hdf_driver_loader.h,369,kernal_host,['kernal_host'],False
include/platform/gpio_if.h,120,GpioValue,type,include/platform/gpio_if.h,1474,platform,['platform'],False
include/platform/gpio_if.h,120,GpioDirType,type,include/platform/gpio_if.h,1472,platform,['platform'],False
include/platform/gpio_if.h,120,GpioIrqType,type,include/platform/gpio_if.h,1473,platform,['platform'],False
core/host/include/hdf_driver_loader.h,21,HdfDriverLoaderRelease,functionproto,core/host/include/hdf_driver_loader.h,375,kernal_host,['kernal_host'],False
core/common/src/hdf_attribute.c,11,CheckDeviceInfo,functionimpl,core/common/src/hdf_attribute.c,212,common,['common'],False
core/common/src/hdf_attribute.c,11,HdfHostListCompare,functionimpl,core/common/src/hdf_attribute.c,221,common,['common'],False
core/common/src/hdf_attribute.c,11,listEntryFirst,var,core/common/src/hdf_attribute.c,238,common,['common'],False
core/common/src/hdf_attribute.c,11,listEntrySecond,var,core/common/src/hdf_attribute.c,239,common,['common'],False
core/common/src/hdf_attribute.c,11,attrFirst,var,core/common/src/hdf_attribute.c,222,common,['common'],False
core/common/src/hdf_attribute.c,11,attrSecond,var,core/common/src/hdf_attribute.c,223,common,['common'],False
core/common/src/hdf_attribute.c,11,node,var,core/common/src/hdf_attribute.c,240,common,['common'],False
core/common/src/hdf_attribute.c,11,hostNode,var,core/common/src/hdf_attribute.c,236,common,['common'],False
core/common/src/hdf_attribute.c,11,hostInfo,var,core/common/src/hdf_attribute.c,233,common,['common'],False
core/common/src/hdf_attribute.c,11,readNum,var,core/common/src/hdf_attribute.c,241,common,['common'],False
core/common/src/hdf_attribute.c,11,hostList,var,core/common/src/hdf_attribute.c,234,common,['common'],False
core/common/src/hdf_attribute.c,11,hdfManagerNode,var,core/common/src/hdf_attribute.c,230,common,['common'],False
core/common/src/hdf_attribute.c,11,hostId,var,core/common/src/hdf_attribute.c,232,common,['common'],False
core/common/src/hdf_attribute.c,11,HdfDeviceListCompare,functionimpl,core/common/src/hdf_attribute.c,220,common,['common'],False
core/common/src/hdf_attribute.c,11,inHostName,var,core/common/src/hdf_attribute.c,237,common,['common'],False
core/common/src/hdf_attribute.c,11,hostName,var,core/common/src/hdf_attribute.c,235,common,['common'],False
core/common/src/hdf_attribute.c,11,deviceNodeInfo,var,core/common/src/hdf_attribute.c,229,common,['common'],False
core/common/src/hdf_attribute.c,11,deviceNode,var,core/common/src/hdf_attribute.c,227,common,['common'],False
core/common/src/hdf_attribute.c,11,hostClnt,var,core/common/src/hdf_attribute.c,231,common,['common'],False
core/common/src/hdf_attribute.c,11,device,var,core/common/src/hdf_attribute.c,225,common,['common'],False
core/common/src/hdf_attribute.c,11,devNodeResource,var,core/common/src/hdf_attribute.c,224,common,['common'],False
core/common/src/hdf_attribute.c,11,deviceNodeIdx,var,core/common/src/hdf_attribute.c,228,common,['common'],False
core/common/src/hdf_attribute.c,11,ret,var,core/common/src/hdf_attribute.c,242,common,['common'],False
core/common/src/hdf_attribute.c,11,deviceIdx,var,core/common/src/hdf_attribute.c,226,common,['common'],False
core/adapter/vnode/src/hdf_vnode_adapter.c,4,HdfVNodeAdapterClientStartListening,functionimpl,core/adapter/vnode/src/hdf_vnode_adapter.c,120,convertor,['convertor'],False
core/adapter/vnode/src/hdf_vnode_adapter.c,4,HdfVNodeAdapterClientStopListening,functionimpl,core/adapter/vnode/src/hdf_vnode_adapter.c,121,convertor,['convertor'],False
core/adapter/vnode/src/hdf_vnode_adapter.c,4,HdfVNodeAdapterClientExitListening,functionimpl,core/adapter/vnode/src/hdf_vnode_adapter.c,119,convertor,['convertor'],False
core/adapter/vnode/src/hdf_vnode_adapter.c,4,HdfVNodeAdapterClientWakeup,functionimpl,core/adapter/vnode/src/hdf_vnode_adapter.c,122,convertor,['convertor'],False
include/osal/osal_cdev.h,105,OsalGetFilePriv,functionproto,include/osal/osal_cdev.h,1357,osal,['osal'],False
core/adapter/vnode/src/hdf_vnode_adapter.c,4,HdfVNodeAdapterOpen,functionimpl,core/adapter/vnode/src/hdf_vnode_adapter.c,125,convertor,['convertor'],False
include/osal/osal_cdev.h,105,OsalGetCdevPriv,functionproto,include/osal/osal_cdev.h,1356,osal,['osal'],False
include/osal/osal_cdev.h,105,OsalSetFilePriv,functionproto,include/osal/osal_cdev.h,1359,osal,['osal'],False
core/adapter/vnode/src/hdf_vnode_adapter.c,4,HdfVNodeAdapterClose,functionimpl,core/adapter/vnode/src/hdf_vnode_adapter.c,123,convertor,['convertor'],False
include/osal/osal_cdev.h,105,OsalRegisterCdev,functionproto,include/osal/osal_cdev.h,1358,osal,['osal'],False
include/osal/osal_cdev.h,105,OsalUnregisterCdev,functionproto,include/osal/osal_cdev.h,1360,osal,['osal'],False
include/osal/osal_cdev.h,105,OsalFreeCdev,functionproto,include/osal/osal_cdev.h,1355,osal,['osal'],False
include/osal/osal_cdev.h,105,osal_cdev,file,include/osal/osal_cdev.h,1353,osal,['osal'],False
include/platform/i2s_if.h,123,I2sSetCfg,functionproto,include/platform/i2s_if.h,1531,platform,['platform'],False
include/platform/i2s_if.h,123,I2sGetCfg,functionproto,include/platform/i2s_if.h,1528,platform,['platform'],False
include/platform/i2s_if.h,123,I2sEnable,functionproto,include/platform/i2s_if.h,1527,platform,['platform'],False
include/platform/i2s_if.h,123,I2sDisable,functionproto,include/platform/i2s_if.h,1526,platform,['platform'],False
include/platform/i2s_if.h,123,I2sWrite,functionproto,include/platform/i2s_if.h,1536,platform,['platform'],False
include/platform/i2s_if.h,123,I2sRead,functionproto,include/platform/i2s_if.h,1530,platform,['platform'],False
include/platform/i2s_if.h,123,I2sStartWrite,functionproto,include/platform/i2s_if.h,1533,platform,['platform'],False
include/platform/i2s_if.h,123,I2sStartRead,functionproto,include/platform/i2s_if.h,1532,platform,['platform'],False
include/platform/i2s_if.h,123,I2sStopWrite,functionproto,include/platform/i2s_if.h,1535,platform,['platform'],False
include/platform/i2s_if.h,123,I2sStopRead,functionproto,include/platform/i2s_if.h,1534,platform,['platform'],False
include/platform/i2s_if.h,123,I2sOpen,functionproto,include/platform/i2s_if.h,1529,platform,['platform'],False
include/platform/i2s_if.h,123,I2sClose,functionproto,include/platform/i2s_if.h,1525,platform,['platform'],False
include/platform/i2s_if.h,123,i2s_if,file,include/platform/i2s_if.h,1524,platform,['platform'],False
include/core/hdf_io_service_if.h,97,,functionproto,include/core/hdf_io_service_if.h,1244,common,['common'],False
include/core/hdf_io_service_if.h,97,,type,include/core/hdf_io_service_if.h,1259,common,['common'],False
include/osal/osal_file.h,106,,type,include/osal/osal_file.h,1369,osal,['osal'],False
core/host/include/hdf_device.h,17,,functionproto,core/host/include/hdf_device.h,325,kernal_host,['kernal_host'],False
core/host/include/hdf_device.h,17,IHdfDevice,type,core/host/include/hdf_device.h,334,kernal_host,['kernal_host'],False
core/host/include/hdf_device.h,17,HdfDeviceDetach,functionproto,core/host/include/hdf_device.h,329,kernal_host,['kernal_host'],False
core/host/include/hdf_device.h,17,HdfDeviceConstruct,functionproto,core/host/include/hdf_device.h,326,kernal_host,['kernal_host'],False
core/host/include/hdf_device.h,17,HdfDeviceDestruct,functionproto,core/host/include/hdf_device.h,328,kernal_host,['kernal_host'],False
include/platform/hdmi_if.h,121,HdmiYccQuantizationRange,type,include/platform/hdmi_if.h,1516,platform,['platform'],False
include/platform/hdmi_if.h,121,HdmiVideo3dStructure,type,include/platform/hdmi_if.h,1512,platform,['platform'],False
include/platform/hdmi_if.h,121,HdmiActiveFormatAspectRatio,type,include/platform/hdmi_if.h,1489,platform,['platform'],False
include/platform/hdmi_if.h,121,HdmiNups,type,include/platform/hdmi_if.h,1505,platform,['platform'],False
include/platform/hdmi_if.h,121,HdmiAudioCodingType,type,include/platform/hdmi_if.h,1492,platform,['platform'],False
include/platform/hdmi_if.h,121,HdmiEotfType,type,include/platform/hdmi_if.h,1498,platform,['platform'],False
include/platform/hdmi_if.h,121,HdmiHdrMode,type,include/platform/hdmi_if.h,1502,platform,['platform'],False
include/platform/hdmi_if.h,121,HdmiHdrUserMode,type,include/platform/hdmi_if.h,1503,platform,['platform'],False
include/platform/hdmi_if.h,121,HdmiStaticMetadataType,type,include/platform/hdmi_if.h,1511,platform,['platform'],False
include/platform/hdmi_if.h,121,HdmiStaticMetadataDescriptor,type,include/platform/hdmi_if.h,1509,platform,['platform'],False
include/platform/hdmi_if.h,121,HdmiStaticMetadataDescriptor1st,type,include/platform/hdmi_if.h,1510,platform,['platform'],False
core/adapter/syscall/src/hdf_devmgr_adapter.c,1,serviceName,var,core/adapter/syscall/src/hdf_devmgr_adapter.c,13,convertor,['convertor'],False
core/adapter/syscall/src/hdf_devmgr_adapter.c,1,ret,var,core/adapter/syscall/src/hdf_devmgr_adapter.c,12,convertor,['convertor'],False
core/adapter/syscall/src/hdf_devmgr_adapter.c,1,ioService,var,core/adapter/syscall/src/hdf_devmgr_adapter.c,10,convertor,['convertor'],False
core/adapter/syscall/src/hdf_devmgr_adapter.c,1,data,var,core/adapter/syscall/src/hdf_devmgr_adapter.c,8,convertor,['convertor'],False
core/adapter/syscall/src/hdf_devmgr_adapter.c,1,reply,var,core/adapter/syscall/src/hdf_devmgr_adapter.c,11,convertor,['convertor'],False
core/adapter/syscall/src/hdf_devmgr_adapter.c,1,deviceClass,var,core/adapter/syscall/src/hdf_devmgr_adapter.c,9,convertor,['convertor'],False
core/manager/include/power_state_token_clnt.h,49,power_state_token_clnt,file,core/manager/include/power_state_token_clnt.h,720,manager,['manager'],False
core/manager/include/power_state_token_clnt.h,49,PowerStateTokenClntNewInstance,functionproto,core/manager/include/power_state_token_clnt.h,722,manager,['manager'],False
core/manager/include/power_state_token_clnt.h,49,PowerStateTokenClnt,type,core/manager/include/power_state_token_clnt.h,723,manager,['manager'],False
include/audio/audio_dsp_if.h,91,,functionproto,include/audio/audio_dsp_if.h,1170,audio,['audio'],False
core/host/include/hdf_power_manager.h,24,HDF_PM_REQUEST_TYPE,alias,core/host/include/hdf_power_manager.h,388,kernal_host,['kernal_host'],False
core/host/include/hdf_power_manager.h,24,,type,core/host/include/hdf_power_manager.h,394,kernal_host,['kernal_host'],False
core/adapter/vnode/include/hdf_vnode_adapter.h,3,hdf_vnode_adapter,file,core/adapter/vnode/include/hdf_vnode_adapter.h,101,convertor,['convertor'],False
core/adapter/vnode/include/hdf_vnode_adapter.h,3,HdfVNodeAdapter,type,core/adapter/vnode/include/hdf_vnode_adapter.h,103,convertor,['convertor'],False
core/adapter/vnode/include/hdf_vnode_adapter.h,3,HdfDevEvent,type,core/adapter/vnode/include/hdf_vnode_adapter.h,102,convertor,['convertor'],False
include/platform/pwm_if.h,131,PwmIoCmd,type,include/platform/pwm_if.h,1643,platform,['platform'],False
core/manager/include/power_state_token_clnt.h,49,PowerStateTokenClntFreeInstance,functionproto,core/manager/include/power_state_token_clnt.h,721,manager,['manager'],False
core/manager/src/hdf_driver_installer.c,56,DriverInstallerStartDeviceHost,functionimpl,core/manager/src/hdf_driver_installer.c,890,manager,['manager'],False
include/wifi/hdf_wifi_event.h,148,RateInfo,type,include/wifi/hdf_wifi_event.h,1881,network,['network'],False
include/wifi/hdf_wifi_event.h,148,StaBssParameters,type,include/wifi/hdf_wifi_event.h,1885,network,['network'],False
include/wifi/hdf_wifi_event.h,148,StaFlagUpdate,type,include/wifi/hdf_wifi_event.h,1886,network,['network'],False
include/wifi/hdf_wifi_event.h,148,,type,include/wifi/hdf_wifi_event.h,1871,network,['network'],False
include/wifi/hdf_wifi_event.h,148,Auth,type,include/wifi/hdf_wifi_event.h,1874,network,['network'],False
include/wifi/hdf_wifi_event.h,148,Deauth,type,include/wifi/hdf_wifi_event.h,1877,network,['network'],False
include/wifi/hdf_wifi_event.h,148,AssocReq,type,include/wifi/hdf_wifi_event.h,1872,network,['network'],False
include/wifi/hdf_wifi_event.h,148,AssocResp,type,include/wifi/hdf_wifi_event.h,1873,network,['network'],False
include/wifi/hdf_wifi_event.h,148,ReassocReq,type,include/wifi/hdf_wifi_event.h,1882,network,['network'],False
include/wifi/hdf_wifi_event.h,148,ReassocResp,type,include/wifi/hdf_wifi_event.h,1883,network,['network'],False
include/wifi/hdf_wifi_event.h,148,Disassoc,type,include/wifi/hdf_wifi_event.h,1878,network,['network'],False
include/wifi/hdf_wifi_event.h,148,Beacon,type,include/wifi/hdf_wifi_event.h,1875,network,['network'],False
include/wifi/hdf_wifi_event.h,148,ProbeResp,type,include/wifi/hdf_wifi_event.h,1880,network,['network'],False
include/wifi/hdf_wifi_event.h,148,WifiHmacMgmtStatus,type,include/wifi/hdf_wifi_event.h,1888,network,['network'],False
core/adapter/vnode/src/hdf_vnode_adapter.c,4,service,var,core/adapter/vnode/src/hdf_vnode_adapter.c,166,convertor,['convertor'],False
core/adapter/vnode/src/hdf_vnode_adapter.c,4,ioService,var,core/adapter/vnode/src/hdf_vnode_adapter.c,155,convertor,['convertor'],False
core/adapter/vnode/src/hdf_vnode_adapter.c,4,kClient,var,core/adapter/vnode/src/hdf_vnode_adapter.c,156,convertor,['convertor'],False
core/adapter/vnode/src/hdf_vnode_adapter.c,4,cmdId,var,core/adapter/vnode/src/hdf_vnode_adapter.c,143,convertor,['convertor'],False
core/adapter/vnode/src/hdf_vnode_adapter.c,4,data,var,core/adapter/vnode/src/hdf_vnode_adapter.c,144,convertor,['convertor'],False
core/adapter/vnode/src/hdf_vnode_adapter.c,4,reply,var,core/adapter/vnode/src/hdf_vnode_adapter.c,162,convertor,['convertor'],False
core/adapter/vnode/src/hdf_vnode_adapter.c,4,client,var,core/adapter/vnode/src/hdf_vnode_adapter.c,141,convertor,['convertor'],False
core/adapter/vnode/src/hdf_vnode_adapter.c,4,deviceObject,var,core/adapter/vnode/src/hdf_vnode_adapter.c,146,convertor,['convertor'],False
core/adapter/vnode/src/hdf_vnode_adapter.c,4,kDispatcher,var,core/adapter/vnode/src/hdf_vnode_adapter.c,158,convertor,['convertor'],False
core/adapter/vnode/src/hdf_vnode_adapter.c,4,serviceName,var,core/adapter/vnode/src/hdf_vnode_adapter.c,167,convertor,['convertor'],False
core/adapter/vnode/src/hdf_vnode_adapter.c,4,svcMgr,var,core/adapter/vnode/src/hdf_vnode_adapter.c,169,convertor,['convertor'],False
core/adapter/vnode/src/hdf_vnode_adapter.c,4,size,var,core/adapter/vnode/src/hdf_vnode_adapter.c,168,convertor,['convertor'],False
core/adapter/vnode/src/hdf_vnode_adapter.c,4,kData,var,core/adapter/vnode/src/hdf_vnode_adapter.c,157,convertor,['convertor'],False
core/adapter/vnode/src/hdf_vnode_adapter.c,4,sbuf,var,core/adapter/vnode/src/hdf_vnode_adapter.c,164,convertor,['convertor'],False
core/adapter/vnode/src/hdf_vnode_adapter.c,4,sbufSize,var,core/adapter/vnode/src/hdf_vnode_adapter.c,165,convertor,['convertor'],False
core/adapter/vnode/src/hdf_vnode_adapter.c,4,dstUserSize,var,core/adapter/vnode/src/hdf_vnode_adapter.c,149,convertor,['convertor'],False
core/adapter/vnode/src/hdf_vnode_adapter.c,4,dstUser,var,core/adapter/vnode/src/hdf_vnode_adapter.c,148,convertor,['convertor'],False
core/adapter/vnode/src/hdf_vnode_adapter.c,4,event,var,core/adapter/vnode/src/hdf_vnode_adapter.c,150,convertor,['convertor'],False
core/adapter/vnode/src/hdf_vnode_adapter.c,4,arg,var,core/adapter/vnode/src/hdf_vnode_adapter.c,137,convertor,['convertor'],False
core/adapter/vnode/src/hdf_vnode_adapter.c,4,bwrUser,var,core/adapter/vnode/src/hdf_vnode_adapter.c,139,convertor,['convertor'],False
core/adapter/vnode/src/hdf_vnode_adapter.c,4,bwr,var,core/adapter/vnode/src/hdf_vnode_adapter.c,138,convertor,['convertor'],False
core/adapter/vnode/src/hdf_vnode_adapter.c,4,ret,var,core/adapter/vnode/src/hdf_vnode_adapter.c,163,convertor,['convertor'],False
core/adapter/vnode/src/hdf_vnode_adapter.c,4,eventSize,var,core/adapter/vnode/src/hdf_vnode_adapter.c,151,convertor,['convertor'],False
core/adapter/vnode/src/hdf_vnode_adapter.c,4,dropEvent,var,core/adapter/vnode/src/hdf_vnode_adapter.c,147,convertor,['convertor'],False
core/adapter/vnode/src/hdf_vnode_adapter.c,4,vnodeClient,var,core/adapter/vnode/src/hdf_vnode_adapter.c,171,convertor,['convertor'],False
core/adapter/vnode/src/hdf_vnode_adapter.c,4,id,var,core/adapter/vnode/src/hdf_vnode_adapter.c,154,convertor,['convertor'],False
core/adapter/vnode/src/hdf_vnode_adapter.c,4,adapter,var,core/adapter/vnode/src/hdf_vnode_adapter.c,136,convertor,['convertor'],False
core/adapter/vnode/src/hdf_vnode_adapter.c,4,filep,var,core/adapter/vnode/src/hdf_vnode_adapter.c,153,convertor,['convertor'],False
core/adapter/vnode/src/hdf_vnode_adapter.c,4,cmd,var,core/adapter/vnode/src/hdf_vnode_adapter.c,142,convertor,['convertor'],False
core/adapter/vnode/src/hdf_vnode_adapter.c,4,cdev,var,core/adapter/vnode/src/hdf_vnode_adapter.c,140,convertor,['convertor'],False
core/adapter/vnode/src/hdf_vnode_adapter.c,4,mask,var,core/adapter/vnode/src/hdf_vnode_adapter.c,159,convertor,['convertor'],False
core/adapter/vnode/src/hdf_vnode_adapter.c,4,wait,var,core/adapter/vnode/src/hdf_vnode_adapter.c,172,convertor,['convertor'],False
core/adapter/vnode/src/hdf_vnode_adapter.c,4,vnodeAdapter,var,core/adapter/vnode/src/hdf_vnode_adapter.c,170,convertor,['convertor'],False
core/adapter/vnode/src/hdf_vnode_adapter.c,4,fileOps,var,core/adapter/vnode/src/hdf_vnode_adapter.c,152,convertor,['convertor'],False
core/adapter/vnode/src/hdf_vnode_adapter.c,4,mode,var,core/adapter/vnode/src/hdf_vnode_adapter.c,160,convertor,['convertor'],False
core/adapter/vnode/src/hdf_vnode_adapter.c,4,nodePathLength,var,core/adapter/vnode/src/hdf_vnode_adapter.c,161,convertor,['convertor'],False
core/adapter/vnode/src/hdf_vnode_adapter.c,4,deviceNode,var,core/adapter/vnode/src/hdf_vnode_adapter.c,145,convertor,['convertor'],False
core/adapter/vnode/src/hdf_vnode_adapter.c,4,HdfVNodeClientStatus,type,core/adapter/vnode/src/hdf_vnode_adapter.c,135,convertor,['convertor'],False
core/host/src/hdf_device.c,31,HdfDeviceGetDeviceNode,functionimpl,core/host/src/hdf_device.c,490,kernal_host,['kernal_host'],False
core/host/src/hdf_device.c,31,HdfDeviceDetachWithDevid,functionimpl,core/host/src/hdf_device.c,488,kernal_host,['kernal_host'],False
core/host/src/hdf_device.c,31,UpdateDeivceNodeIdIndex,functionimpl,core/host/src/hdf_device.c,493,kernal_host,['kernal_host'],False
core/host/src/hdf_device.c,31,AcquireNodeDeivceId,functionimpl,core/host/src/hdf_device.c,482,kernal_host,['kernal_host'],False
core/host/src/hdf_device.c,31,device,var,core/host/src/hdf_device.c,496,kernal_host,['kernal_host'],False
core/host/src/hdf_device.c,31,devid,var,core/host/src/hdf_device.c,497,kernal_host,['kernal_host'],False
core/host/src/hdf_device.c,31,devInst,var,core/host/src/hdf_device.c,494,kernal_host,['kernal_host'],False
core/host/src/hdf_device.c,31,devNode,var,core/host/src/hdf_device.c,495,kernal_host,['kernal_host'],False
core/host/src/hdf_device.c,31,nodeIf,var,core/host/src/hdf_device.c,498,kernal_host,['kernal_host'],False
core/host/src/hdf_device.c,31,ret,var,core/host/src/hdf_device.c,500,kernal_host,['kernal_host'],False
core/host/src/hdf_device.c,31,object,var,core/host/src/hdf_device.c,499,kernal_host,['kernal_host'],False
core/manager/src/hdf_driver_installer.c,56,DriverInstallerConstruct,functionimpl,core/manager/src/hdf_driver_installer.c,887,manager,['manager'],False
core/manager/src/hdf_driver_installer.c,56,devHostId,var,core/manager/src/hdf_driver_installer.c,891,manager,['manager'],False
core/manager/src/hdf_driver_installer.c,56,devHostName,var,core/manager/src/hdf_driver_installer.c,892,manager,['manager'],False
core/manager/src/hdf_driver_installer.c,56,dynamic,var,core/manager/src/hdf_driver_installer.c,895,manager,['manager'],False
core/manager/src/hdf_driver_installer.c,56,hostServiceIf,var,core/manager/src/hdf_driver_installer.c,896,manager,['manager'],False
core/manager/src/hdf_driver_installer.c,56,ret,var,core/manager/src/hdf_driver_installer.c,900,manager,['manager'],False
core/manager/src/hdf_driver_installer.c,56,inst,var,core/manager/src/hdf_driver_installer.c,897,manager,['manager'],False
core/manager/src/hdf_driver_installer.c,56,driverInstallIf,var,core/manager/src/hdf_driver_installer.c,893,manager,['manager'],False
core/manager/src/hdf_driver_installer.c,56,isDriverInstInit,var,core/manager/src/hdf_driver_installer.c,899,manager,['manager'],False
core/manager/src/hdf_driver_installer.c,56,driverInstaller,var,core/manager/src/hdf_driver_installer.c,894,manager,['manager'],False
core/manager/src/hdf_driver_installer.c,56,installer,var,core/manager/src/hdf_driver_installer.c,898,manager,['manager'],False
include/core/hdf_io_service_if.h,97,HdfGetServiceNameByDeviceClass,functionproto,include/core/hdf_io_service_if.h,1247,common,['common'],False
include/net/net_device.h,102,TcpHeader,type,include/net/net_device.h,1346,network,['network'],False
include/net/net_device.h,102,IpHeader,type,include/net/net_device.h,1342,network,['network'],False
include/net/net_device.h,102,UdpHeader,type,include/net/net_device.h,1347,network,['network'],False
include/net/net_device.h,102,EtherHeader,type,include/net/net_device.h,1341,network,['network'],False
include/net/hdf_netbuf.h,101,NetBufQueueSize,functionproto,include/net/hdf_netbuf.h,1306,network,['network'],False
core/host/src/devmgr_service_clnt.c,29,DevmgrServiceClntGetInstance,functionimpl,core/host/src/devmgr_service_clnt.c,452,kernal_host,['kernal_host'],False
include/audio/audio_accessory_if.h,88,AccessoryHost,type,include/audio/audio_accessory_if.h,1157,audio,['audio'],False
include/audio/audio_accessory_if.h,88,,functionproto,include/audio/audio_accessory_if.h,1154,audio,['audio'],False
core/host/src/devmgr_service_clnt.c,29,devmgr_service_clnt,file,core/host/src/devmgr_service_clnt.c,447,kernal_host,['kernal_host'],False
core/host/src/devmgr_service_clnt.c,29,DevmgrServiceClntFreeInstance,functionimpl,core/host/src/devmgr_service_clnt.c,451,kernal_host,['kernal_host'],False
core/host/src/devmgr_service_clnt.c,29,inst,var,core/host/src/devmgr_service_clnt.c,458,kernal_host,['kernal_host'],False
core/host/src/devmgr_service_clnt.c,29,devMgrSvcIf,var,core/host/src/devmgr_service_clnt.c,453,kernal_host,['kernal_host'],False
core/host/src/devmgr_service_clnt.c,29,hostId,var,core/host/src/devmgr_service_clnt.c,456,kernal_host,['kernal_host'],False
core/host/src/devmgr_service_clnt.c,29,hostService,var,core/host/src/devmgr_service_clnt.c,457,kernal_host,['kernal_host'],False
core/host/src/devmgr_service_clnt.c,29,deviceToken,var,core/host/src/devmgr_service_clnt.c,454,kernal_host,['kernal_host'],False
core/host/src/devmgr_service_clnt.c,29,devid,var,core/host/src/devmgr_service_clnt.c,455,kernal_host,['kernal_host'],False
core/host/src/devmgr_service_clnt.c,29,instance,var,core/host/src/devmgr_service_clnt.c,459,kernal_host,['kernal_host'],False
core/host/src/hdf_observer_record.c,36,hdf_observer_record,file,core/host/src/hdf_observer_record.c,596,kernal_host,['kernal_host'],False
core/host/src/devsvc_manager_clnt.c,30,DevSvcManagerClntFreeInstance,functionimpl,core/host/src/devsvc_manager_clnt.c,463,kernal_host,['kernal_host'],False
core/host/src/hdf_observer_record.c,36,observerRecord,var,core/host/src/hdf_observer_record.c,605,kernal_host,['kernal_host'],False
core/host/src/hdf_observer_record.c,36,serviceKey,var,core/host/src/hdf_observer_record.c,608,kernal_host,['kernal_host'],False
core/host/src/hdf_observer_record.c,36,listEntry,var,core/host/src/hdf_observer_record.c,604,kernal_host,['kernal_host'],False
core/host/src/hdf_observer_record.c,36,record,var,core/host/src/hdf_observer_record.c,607,kernal_host,['kernal_host'],False
core/host/src/hdf_observer_record.c,36,it,var,core/host/src/hdf_observer_record.c,603,kernal_host,['kernal_host'],False
core/host/src/hdf_observer_record.c,36,devId,var,core/host/src/hdf_observer_record.c,602,kernal_host,['kernal_host'],False
core/host/src/hdf_observer_record.c,36,subscriber,var,core/host/src/hdf_observer_record.c,609,kernal_host,['kernal_host'],False
core/host/src/hdf_observer_record.c,36,policy,var,core/host/src/hdf_observer_record.c,606,kernal_host,['kernal_host'],False
include/platform/watchdog_if.h,139,WatchdogStatus,type,include/platform/watchdog_if.h,1753,platform,['platform'],False
include/platform/watchdog_if.h,139,WatchdogIoCmd,type,include/platform/watchdog_if.h,1752,platform,['platform'],False
core/host/src/power_state_token.c,40,PowerStateTokenAcquireWakeLock,functionimpl,core/host/src/power_state_token.c,653,kernal_host,['kernal_host'],False
core/host/src/power_state_token.c,40,PowerStateTokenReleaseWakeLock,functionimpl,core/host/src/power_state_token.c,659,kernal_host,['kernal_host'],False
core/host/src/power_state_token.c,40,PowerStateTokenOnFirstAcquire,functionimpl,core/host/src/power_state_token.c,657,kernal_host,['kernal_host'],False
core/host/src/power_state_token.c,40,PowerStateTokenOnLastRelease,functionimpl,core/host/src/power_state_token.c,658,kernal_host,['kernal_host'],False
include/utils/device_resource_if.h,140,,functionproto,include/utils/device_resource_if.h,1756,utils,['utils'],False
include/utils/device_resource_if.h,140,,type,include/utils/device_resource_if.h,1758,utils,['utils'],False
core/shared/include/hdf_device_info.h,70,,type,core/shared/include/hdf_device_info.h,1022,common,['common'],False
core/host/src/devsvc_manager_clnt.c,30,DevSvcManagerClntConstruct,functionimpl,core/host/src/devsvc_manager_clnt.c,462,kernal_host,['kernal_host'],False
core/host/src/devsvc_manager_clnt.c,30,devSvcMgrClnt,var,core/host/src/devsvc_manager_clnt.c,473,kernal_host,['kernal_host'],False
core/host/src/devsvc_manager_clnt.c,30,devClass,var,core/host/src/devsvc_manager_clnt.c,472,kernal_host,['kernal_host'],False
core/host/src/devsvc_manager_clnt.c,30,serviceManager,var,core/host/src/devsvc_manager_clnt.c,477,kernal_host,['kernal_host'],False
core/host/src/devsvc_manager_clnt.c,30,svcName,var,core/host/src/devsvc_manager_clnt.c,480,kernal_host,['kernal_host'],False
core/host/src/devsvc_manager_clnt.c,30,service,var,core/host/src/devsvc_manager_clnt.c,476,kernal_host,['kernal_host'],False
core/host/src/devsvc_manager_clnt.c,30,servinfo,var,core/host/src/devsvc_manager_clnt.c,478,kernal_host,['kernal_host'],False
core/host/src/devsvc_manager_clnt.c,30,callback,var,core/host/src/devsvc_manager_clnt.c,471,kernal_host,['kernal_host'],False
core/host/src/devsvc_manager_clnt.c,30,inst,var,core/host/src/devsvc_manager_clnt.c,474,kernal_host,['kernal_host'],False
core/host/src/devsvc_manager_clnt.c,30,instance,var,core/host/src/devsvc_manager_clnt.c,475,kernal_host,['kernal_host'],False
core/host/src/devsvc_manager_clnt.c,30,singletonInstance,var,core/host/src/devsvc_manager_clnt.c,479,kernal_host,['kernal_host'],False
core/manager/src/devhost_service_clnt.c,50,devhost_service_clnt,file,core/manager/src/devhost_service_clnt.c,724,manager,['manager'],False
core/manager/src/devhost_service_clnt.c,50,hostClnt,var,core/manager/src/devhost_service_clnt.c,732,manager,['manager'],False
core/manager/src/devhost_service_clnt.c,50,devHostSvcIf,var,core/manager/src/devhost_service_clnt.c,730,manager,['manager'],False
core/manager/src/devhost_service_clnt.c,50,it,var,core/manager/src/devhost_service_clnt.c,735,manager,['manager'],False
core/manager/src/devhost_service_clnt.c,50,deviceInfo,var,core/manager/src/devhost_service_clnt.c,731,manager,['manager'],False
core/manager/src/devhost_service_clnt.c,50,ret,var,core/manager/src/devhost_service_clnt.c,736,manager,['manager'],False
core/manager/src/devhost_service_clnt.c,50,hostId,var,core/manager/src/devhost_service_clnt.c,733,manager,['manager'],False
core/manager/src/devhost_service_clnt.c,50,hostName,var,core/manager/src/devhost_service_clnt.c,734,manager,['manager'],False
include/osal/osal_irq.h,109,OsalDisableIrq,functionproto,include/osal/osal_irq.h,1384,osal,['osal'],False
include/osal/osal_irq.h,109,OsalEnableIrq,functionproto,include/osal/osal_irq.h,1385,osal,['osal'],False
core/shared/include/devmgr_service_if.h,66,,functionproto,core/shared/include/devmgr_service_if.h,1003,common,['common'],False
core/common/include/host/hdf_device_section.h,5,hdf_device_section,file,core/common/include/host/hdf_device_section.h,173,kernal_host,['kernal_host'],False
include/ethernet/eth_chip_driver.h,100,,functionproto,include/ethernet/eth_chip_driver.h,1278,network,['network'],False
include/ethernet/eth_chip_driver.h,100,EthMacOps,type,include/ethernet/eth_chip_driver.h,1281,network,['network'],False
core/host/src/hdf_power_manager.c,37,HdfPmTaskQueueInit,functionimpl,core/host/src/hdf_power_manager.c,613,kernal_host,['kernal_host'],False
core/host/src/hdf_power_manager.c,37,HdfPmTaskQueueDestroy,functionimpl,core/host/src/hdf_power_manager.c,612,kernal_host,['kernal_host'],False
include/platform/timer_if.h,137,TimerIoCmd,type,include/platform/timer_if.h,1729,platform,['platform'],False
core/host/src/hdf_power_manager.c,37,PmTaskQueue,type,core/host/src/hdf_power_manager.c,618,kernal_host,['kernal_host'],False
include/audio/audio_dsp_if.h,91,DspHost,type,include/audio/audio_dsp_if.h,1173,audio,['audio'],False
include/wifi/hdf_wifi_product.h,149,HdfWlanDeinitProduct,functionproto,include/wifi/hdf_wifi_product.h,1891,network,['network'],False
include/net/hdf_netbuf.h,101,NetBufGetRoom,functionproto,include/net/hdf_netbuf.h,1293,network,['network'],False
include/net/hdf_netbuf.h,101,NetBufPop,functionproto,include/net/hdf_netbuf.h,1294,network,['network'],False
include/net/hdf_netbuf.h,101,NetBufResizeRoom,functionproto,include/net/hdf_netbuf.h,1307,network,['network'],False
include/net/hdf_netbuf.h,101,NetBufConcat,functionproto,include/net/hdf_netbuf.h,1288,network,['network'],False
include/net/hdf_netbuf.h,101,NetBufQueueAtHead,functionproto,include/net/hdf_netbuf.h,1296,network,['network'],False
include/net/hdf_netbuf.h,101,NetBufQueueAtTail,functionproto,include/net/hdf_netbuf.h,1297,network,['network'],False
include/net/hdf_netbuf.h,101,NetBufQueueEnqueueHead,functionproto,include/net/hdf_netbuf.h,1303,network,['network'],False
include/net/hdf_netbuf.h,101,NetBufQueueDequeueTail,functionproto,include/net/hdf_netbuf.h,1301,network,['network'],False
include/net/hdf_netbuf.h,101,NetBufQueueConcat,functionproto,include/net/hdf_netbuf.h,1299,network,['network'],False
core/manager/include/devsvc_manager.h,45,DevSvcManagerCreate,functionproto,core/manager/include/devsvc_manager.h,699,manager,['manager'],False
core/manager/include/devsvc_manager.h,45,DevSvcManagerGetService,functionproto,core/manager/include/devsvc_manager.h,701,manager,['manager'],False
core/manager/include/devsvc_manager.h,45,DevSvcManagerAddService,functionproto,core/manager/include/devsvc_manager.h,696,manager,['manager'],False
core/manager/include/devsvc_manager.h,45,DevSvcManagerClntSubscribeService,functionproto,core/manager/include/devsvc_manager.h,697,manager,['manager'],False
core/manager/src/driver_manager.c,55,HdfDriverHead,functionimpl,core/manager/src/driver_manager.c,872,manager,['manager'],False
core/manager/src/driver_manager.c,55,HdfRegisterDriver,functionimpl,core/manager/src/driver_manager.c,876,manager,['manager'],False
core/manager/src/driver_manager.c,55,HdfUnregisterDriver,functionimpl,core/manager/src/driver_manager.c,878,manager,['manager'],False
core/manager/src/driver_manager.c,55,HdfDriverManagerFoundDriver,functionimpl,core/manager/src/driver_manager.c,873,manager,['manager'],False
core/manager/src/driver_manager.c,55,HdfDriverManagerGetDriverList,functionimpl,core/manager/src/driver_manager.c,875,manager,['manager'],False
core/manager/src/driver_manager.c,55,driverHead,var,core/manager/src/driver_manager.c,881,manager,['manager'],False
core/manager/src/driver_manager.c,55,entry,var,core/manager/src/driver_manager.c,883,manager,['manager'],False
core/manager/src/driver_manager.c,55,newDriver,var,core/manager/src/driver_manager.c,885,manager,['manager'],False
core/manager/src/driver_manager.c,55,driver,var,core/manager/src/driver_manager.c,880,manager,['manager'],False
core/manager/src/driver_manager.c,55,it,var,core/manager/src/driver_manager.c,884,manager,['manager'],False
core/manager/src/driver_manager.c,55,driverName,var,core/manager/src/driver_manager.c,882,manager,['manager'],False
include/platform/emmc_if.h,119,mmcBusNum,var,include/platform/emmc_if.h,1462,platform,['platform'],False
include/platform/emmc_if.h,119,handle,var,include/platform/emmc_if.h,1461,platform,['platform'],False
include/bluetooth/hdf_bt_transport.h,93,HdfBtTransportService,type,include/bluetooth/hdf_bt_transport.h,1184,network,['network'],False
include/bluetooth/hdf_bt_transport.h,93,HdfBtTransport,type,include/bluetooth/hdf_bt_transport.h,1182,network,['network'],False
include/bluetooth/hdf_bt_transport.h,93,hdf_bt_transport,file,include/bluetooth/hdf_bt_transport.h,1180,network,['network'],False
include/bluetooth/hdf_bt_transport.h,93,HdfBtTransportOps,type,include/bluetooth/hdf_bt_transport.h,1183,network,['network'],False
core/shared/src/svcmgr_ioservice.c,87,SvcMgrIoserviceRegSvcStatListener,functionimpl,core/shared/src/svcmgr_ioservice.c,1139,common,['common'],False
core/shared/src/svcmgr_ioservice.c,87,SvcMgrIoserviceUnRegSvcStatListener,functionimpl,core/shared/src/svcmgr_ioservice.c,1141,common,['common'],False
core/shared/include/svcmgr_ioservice.h,80,ISvcMgrIoservice,type,core/shared/include/svcmgr_ioservice.h,1092,common,['common'],False
core/shared/src/svcmgr_ioservice.c,87,SvcMgrIoserviceConstruct,functionimpl,core/shared/src/svcmgr_ioservice.c,1137,common,['common'],False
core/shared/include/svcmgr_ioservice.h,80,SvcMgrIoserviceGet,functionproto,core/shared/include/svcmgr_ioservice.h,1090,common,['common'],False
core/shared/include/svcmgr_ioservice.h,80,SvcMgrIoserviceRelease,functionproto,core/shared/include/svcmgr_ioservice.h,1091,common,['common'],False
core/shared/src/svcmgr_ioservice.c,87,data,var,core/shared/src/svcmgr_ioservice.c,1144,common,['common'],False
core/shared/src/svcmgr_ioservice.c,87,devClass,var,core/shared/src/svcmgr_ioservice.c,1145,common,['common'],False
core/shared/src/svcmgr_ioservice.c,87,svcmgrInst,var,core/shared/src/svcmgr_ioservice.c,1152,common,['common'],False
core/shared/src/svcmgr_ioservice.c,87,self,var,core/shared/src/svcmgr_ioservice.c,1150,common,['common'],False
core/shared/src/svcmgr_ioservice.c,87,listener,var,core/shared/src/svcmgr_ioservice.c,1147,common,['common'],False
core/shared/src/svcmgr_ioservice.c,87,deviceClass,var,core/shared/src/svcmgr_ioservice.c,1146,common,['common'],False
core/shared/src/svcmgr_ioservice.c,87,listenerInst,var,core/shared/src/svcmgr_ioservice.c,1148,common,['common'],False
core/shared/src/svcmgr_ioservice.c,87,ret,var,core/shared/src/svcmgr_ioservice.c,1149,common,['common'],False
core/shared/src/svcmgr_ioservice.c,87,svcmgr,var,core/shared/src/svcmgr_ioservice.c,1151,common,['common'],False
include/bluetooth/hdf_chip_config.h,95,node,var,include/bluetooth/hdf_chip_config.h,1222,network,['network'],False
include/bluetooth/hdf_chip_config.h,95,config,var,include/bluetooth/hdf_chip_config.h,1218,network,['network'],False
include/bluetooth/hdf_chip_config.h,95,drsOps,var,include/bluetooth/hdf_chip_config.h,1220,network,['network'],False
include/bluetooth/hdf_chip_config.h,95,nodeCount,var,include/bluetooth/hdf_chip_config.h,1223,network,['network'],False
include/bluetooth/hdf_chip_config.h,95,i,var,include/bluetooth/hdf_chip_config.h,1221,network,['network'],False
include/bluetooth/hdf_chip_config.h,95,ret,var,include/bluetooth/hdf_chip_config.h,1227,network,['network'],False
include/bluetooth/hdf_chip_config.h,95,buff,var,include/bluetooth/hdf_chip_config.h,1217,network,['network'],False
include/bluetooth/hdf_chip_config.h,95,powerNode,var,include/bluetooth/hdf_chip_config.h,1224,network,['network'],False
include/bluetooth/hdf_chip_config.h,95,reset,var,include/bluetooth/hdf_chip_config.h,1225,network,['network'],False
include/bluetooth/hdf_chip_config.h,95,resetNode,var,include/bluetooth/hdf_chip_config.h,1226,network,['network'],False
include/bluetooth/hdf_chip_config.h,95,devPowerNode,var,include/bluetooth/hdf_chip_config.h,1219,network,['network'],False
include/bluetooth/hdf_chip_config.h,95,PowerType,type,include/bluetooth/hdf_chip_config.h,1215,network,['network'],False
include/bluetooth/hdf_chip_config.h,95,,type,include/bluetooth/hdf_chip_config.h,1209,network,['network'],False
include/bluetooth/hdf_chip_config.h,95,HdfConfigGpioBasedSwitch,type,include/bluetooth/hdf_chip_config.h,1211,network,['network'],False
include/bluetooth/hdf_chip_config.h,95,ResetType,type,include/bluetooth/hdf_chip_config.h,1216,network,['network'],False
core/host/src/hdf_device_token.c,34,HdfDeviceTokenConstruct,functionimpl,core/host/src/hdf_device_token.c,570,kernal_host,['kernal_host'],False
core/host/src/hdf_device_token.c,34,inst,var,core/host/src/hdf_device_token.c,576,kernal_host,['kernal_host'],False
core/host/src/hdf_device_token.c,34,token,var,core/host/src/hdf_device_token.c,578,kernal_host,['kernal_host'],False
core/host/src/hdf_device_token.c,34,object,var,core/host/src/hdf_device_token.c,577,kernal_host,['kernal_host'],False
core/host/src/hdf_device_token.c,34,deviceToken,var,core/host/src/hdf_device_token.c,575,kernal_host,['kernal_host'],False
core/shared/include/hdf_usb_pnp_manage.h,77,UsbPnpNotifyServiceCmd,type,core/shared/include/hdf_usb_pnp_manage.h,1078,common,['common'],False
core/shared/include/hdf_usb_pnp_manage.h,77,UsbPnpNotifyRemoveType,type,core/shared/include/hdf_usb_pnp_manage.h,1077,common,['common'],False
core/shared/include/hdf_usb_pnp_manage.h,77,,type,core/shared/include/hdf_usb_pnp_manage.h,1073,common,['common'],False
core/shared/include/hdf_usb_pnp_manage.h,77,UsbPnpNotifyDeviceInfo,type,core/shared/include/hdf_usb_pnp_manage.h,1074,common,['common'],False
core/shared/include/hdf_usb_pnp_manage.h,77,UsbPnpNotifyInterfaceInfo,type,core/shared/include/hdf_usb_pnp_manage.h,1075,common,['common'],False
include/platform/i2c_if.h,122,I2cFlag,type,include/platform/i2c_if.h,1521,platform,['platform'],False
include/platform/i2c_if.h,122,I2cIoCmd,type,include/platform/i2c_if.h,1522,platform,['platform'],False
core/host/include/hdf_power_manager.h,24,HdfPmTaskQueueInit,functionproto,core/host/include/hdf_power_manager.h,391,kernal_host,['kernal_host'],False
core/host/include/hdf_pm_reg.h,23,DevMgrPmRegister,functionproto,core/host/include/hdf_pm_reg.h,387,kernal_host,['kernal_host'],False
core/host/include/hdf_pm_reg.h,23,hdf_pm_reg,file,core/host/include/hdf_pm_reg.h,386,kernal_host,['kernal_host'],False
include/platform/mmc_if.h,127,MmcIoCmd,type,include/platform/mmc_if.h,1614,platform,['platform'],False
include/platform/i2s_if.h,123,I2sSampleRate,type,include/platform/i2s_if.h,1548,platform,['platform'],False
include/platform/i2s_if.h,123,I2sWordWidth,type,include/platform/i2s_if.h,1549,platform,['platform'],False
include/platform/i2s_if.h,123,I2sMode,type,include/platform/i2s_if.h,1544,platform,['platform'],False
include/platform/i2s_if.h,123,I2sLoopMode,type,include/platform/i2s_if.h,1543,platform,['platform'],False
include/platform/i2s_if.h,123,I2sChannel,type,include/platform/i2s_if.h,1538,platform,['platform'],False
include/platform/i2s_if.h,123,I2sFrameLen,type,include/platform/i2s_if.h,1542,platform,['platform'],False
include/platform/i2s_if.h,123,I2sProtocolType,type,include/platform/i2s_if.h,1547,platform,['platform'],False
include/platform/i2s_if.h,123,I2sPcmFscDelay,type,include/platform/i2s_if.h,1546,platform,['platform'],False
include/platform/i2s_if.h,123,I2sDataSel,type,include/platform/i2s_if.h,1541,platform,['platform'],False
include/platform/i2s_if.h,123,I2sChannelMode,type,include/platform/i2s_if.h,1540,platform,['platform'],False
include/platform/i2s_if.h,123,I2sChannelIfMode,type,include/platform/i2s_if.h,1539,platform,['platform'],False
include/platform/i2s_if.h,123,I2sWriteChannel,type,include/platform/i2s_if.h,1550,platform,['platform'],False
include/platform/i2s_if.h,123,I2slFsSel,type,include/platform/i2s_if.h,1551,platform,['platform'],False
core/host/src/hdf_power_manager.c,37,HdfPmTaskQueueInstance,functionimpl,core/host/src/hdf_power_manager.c,614,kernal_host,['kernal_host'],False
core/host/src/hdf_power_manager.c,37,pmTaskQueue,var,core/host/src/hdf_power_manager.c,622,kernal_host,['kernal_host'],False
core/host/src/hdf_power_manager.c,37,func,var,core/host/src/hdf_power_manager.c,619,kernal_host,['kernal_host'],False
core/host/src/hdf_power_manager.c,37,para,var,core/host/src/hdf_power_manager.c,620,kernal_host,['kernal_host'],False
core/host/src/hdf_power_manager.c,37,pmRequest,var,core/host/src/hdf_power_manager.c,621,kernal_host,['kernal_host'],False
core/host/src/hdf_power_manager.c,37,tokenIf,var,core/host/src/hdf_power_manager.c,624,kernal_host,['kernal_host'],False
core/host/src/hdf_power_manager.c,37,powerToken,var,core/host/src/hdf_power_manager.c,623,kernal_host,['kernal_host'],False
core/host/src/hdf_power_manager.c,37,type,var,core/host/src/hdf_power_manager.c,625,kernal_host,['kernal_host'],False
include/wifi/hdf_wlan_reset_manager.h,152,,functionproto,include/wifi/hdf_wlan_reset_manager.h,1910,network,['network'],False
include/net/net_device.h,102,NET_DEVICE_IFF_RUNNING,var,include/net/net_device.h,1348,network,['network'],False
include/net/net_device.h,102,NetDeviceIsAnyInstRunning,functionproto,include/net/net_device.h,1326,network,['network'],False
core/manager/src/power_state_token_clnt.c,58,PowerStateTokenClntConstruct,functionimpl,core/manager/src/power_state_token_clnt.c,908,manager,['manager'],False
core/manager/src/power_state_token_clnt.c,58,clnt,var,core/manager/src/power_state_token_clnt.c,911,manager,['manager'],False
core/manager/src/power_state_token_clnt.c,58,tokenIf,var,core/manager/src/power_state_token_clnt.c,913,manager,['manager'],False
core/manager/src/power_state_token_clnt.c,58,tokenClnt,var,core/manager/src/power_state_token_clnt.c,912,manager,['manager'],False
include/utils/hdf_sbuf.h,145,HdfSbufType,type,include/utils/hdf_sbuf.h,1830,utils,['utils'],False
core/shared/include/hdf_power_state.h,74,state,var,core/shared/include/hdf_power_state.h,1059,common,['common'],False
core/shared/src/ioserstat_listener.c,85,OnIoServiceEventReceive,functionimpl,core/shared/src/ioserstat_listener.c,1122,common,['common'],False
core/host/include/hdf_service_subscriber.h,26,,type,core/host/include/hdf_service_subscriber.h,407,kernal_host,['kernal_host'],False
core/shared/src/ioserstat_listener.c,85,listener,var,core/shared/src/ioserstat_listener.c,1126,common,['common'],False
core/shared/src/ioserstat_listener.c,85,service,var,core/shared/src/ioserstat_listener.c,1127,common,['common'],False
core/shared/src/ioserstat_listener.c,85,data,var,core/shared/src/ioserstat_listener.c,1123,common,['common'],False
core/shared/src/ioserstat_listener.c,85,id,var,core/shared/src/ioserstat_listener.c,1124,common,['common'],False
core/shared/src/ioserstat_listener.c,85,status,var,core/shared/src/ioserstat_listener.c,1128,common,['common'],False
core/shared/src/ioserstat_listener.c,85,statusListener,var,core/shared/src/ioserstat_listener.c,1129,common,['common'],False
core/shared/src/ioserstat_listener.c,85,ioservListener,var,core/shared/src/ioserstat_listener.c,1125,common,['common'],False
core/shared/include/hdf_io_service.h,72,,type,core/shared/include/hdf_io_service.h,1040,common,['common'],False
include/platform/rtc_if.h,134,,functionproto,include/platform/rtc_if.h,1666,platform,['platform'],False
include/platform/rtc_if.h,134,RtcIoCmd,type,include/platform/rtc_if.h,1681,platform,['platform'],False
core/manager/include/devsvc_manager.h,45,DevSvcManagerRemoveService,functionproto,core/manager/include/devsvc_manager.h,704,manager,['manager'],False
include/platform/uart_if.h,138,UartIoCmd,type,include/platform/uart_if.h,1741,platform,['platform'],False
core/manager/src/devsvc_manager.c,53,NotifyServiceStatusOnRegisterLocked,functionimpl,core/manager/src/devsvc_manager.c,816,manager,['manager'],False
core/manager/src/devsvc_manager.c,53,DevSvcManagerGetService,functionimpl,core/manager/src/devsvc_manager.c,805,manager,['manager'],False
core/manager/src/devsvc_manager.c,53,DevSvcManagerCreate,functionimpl,core/manager/src/devsvc_manager.c,802,manager,['manager'],False
core/manager/src/devsvc_manager.c,53,DevSvcManagerSubscribeService,functionimpl,core/manager/src/devsvc_manager.c,812,manager,['manager'],False
core/manager/src/devsvc_manager.c,53,inst,var,core/manager/src/devsvc_manager.c,827,manager,['manager'],False
core/manager/src/devsvc_manager.c,53,devSvcManager,var,core/manager/src/devsvc_manager.c,820,manager,['manager'],False
core/manager/src/devsvc_manager.c,53,record,var,core/manager/src/devsvc_manager.c,831,manager,['manager'],False
core/manager/src/devsvc_manager.c,53,serviceKey,var,core/manager/src/devsvc_manager.c,838,manager,['manager'],False
core/manager/src/devsvc_manager.c,53,searchResult,var,core/manager/src/devsvc_manager.c,833,manager,['manager'],False
core/manager/src/devsvc_manager.c,53,status,var,core/manager/src/devsvc_manager.c,841,manager,['manager'],False
core/manager/src/devsvc_manager.c,53,holder,var,core/manager/src/devsvc_manager.c,826,manager,['manager'],False
core/manager/src/devsvc_manager.c,53,svcstat,var,core/manager/src/devsvc_manager.c,844,manager,['manager'],False
core/manager/src/devsvc_manager.c,53,listenerHolder,var,core/manager/src/devsvc_manager.c,830,manager,['manager'],False
core/manager/src/devsvc_manager.c,53,service,var,core/manager/src/devsvc_manager.c,837,manager,['manager'],False
core/manager/src/devsvc_manager.c,53,servName,var,core/manager/src/devsvc_manager.c,836,manager,['manager'],False
core/manager/src/devsvc_manager.c,53,devClass,var,core/manager/src/devsvc_manager.c,818,manager,['manager'],False
core/manager/src/devsvc_manager.c,53,servInfo,var,core/manager/src/devsvc_manager.c,834,manager,['manager'],False
core/manager/src/devsvc_manager.c,53,servInfoStr,var,core/manager/src/devsvc_manager.c,835,manager,['manager'],False
core/manager/src/devsvc_manager.c,53,svcName,var,core/manager/src/devsvc_manager.c,842,manager,['manager'],False
core/manager/src/devsvc_manager.c,53,devMgrSvc,var,core/manager/src/devsvc_manager.c,819,manager,['manager'],False
core/manager/src/devsvc_manager.c,53,deviceService,var,core/manager/src/devsvc_manager.c,825,manager,['manager'],False
core/manager/src/devsvc_manager.c,53,callBack,var,core/manager/src/devsvc_manager.c,817,manager,['manager'],False
core/manager/src/devsvc_manager.c,53,serviceRecord,var,core/manager/src/devsvc_manager.c,839,manager,['manager'],False
core/manager/src/devsvc_manager.c,53,deviceClass,var,core/manager/src/devsvc_manager.c,823,manager,['manager'],False
core/manager/src/devsvc_manager.c,53,serviecNameSet,var,core/manager/src/devsvc_manager.c,840,manager,['manager'],False
core/manager/src/devsvc_manager.c,53,deviceObject,var,core/manager/src/devsvc_manager.c,824,manager,['manager'],False
core/manager/src/devsvc_manager.c,53,devSvcMgrIf,var,core/manager/src/devsvc_manager.c,822,manager,['manager'],False
core/manager/src/devsvc_manager.c,53,svcmgr,var,core/manager/src/devsvc_manager.c,843,manager,['manager'],False
core/manager/src/devsvc_manager.c,53,ret,var,core/manager/src/devsvc_manager.c,832,manager,['manager'],False
core/manager/src/devsvc_manager.c,53,isDevSvcManagerInit,var,core/manager/src/devsvc_manager.c,829,manager,['manager'],False
core/manager/src/devsvc_manager.c,53,devSvcManagerInstance,var,core/manager/src/devsvc_manager.c,821,manager,['manager'],False
core/manager/src/devsvc_manager.c,53,instance,var,core/manager/src/devsvc_manager.c,828,manager,['manager'],False
core/shared/include/svcmgr_ioservice.h,80,,functionproto,core/shared/include/svcmgr_ioservice.h,1089,common,['common'],False
core/shared/include/svcmgr_ioservice.h,80,SvcMgrIoCmd,type,core/shared/include/svcmgr_ioservice.h,1093,common,['common'],False
include/osal/osal_io.h,108,phys_addr,var,include/osal/osal_io.h,1381,osal,['osal'],False
include/osal/osal_io.h,108,size,var,include/osal/osal_io.h,1382,osal,['osal'],False
include/osal/osal_io.h,108,addr,var,include/osal/osal_io.h,1380,osal,['osal'],False
core/shared/include/power_state_token_if.h,79,,functionproto,core/shared/include/power_state_token_if.h,1085,common,['common'],False
core/host/include/hdf_device_node.h,18,,functionproto,core/host/include/hdf_device_node.h,336,kernal_host,['kernal_host'],False
core/host/include/hdf_device_node.h,18,HdfDeviceNodeDelete,functionproto,core/host/include/hdf_device_node.h,340,kernal_host,['kernal_host'],False
core/host/include/hdf_device_node.h,18,DevNodeStaus,type,core/host/include/hdf_device_node.h,347,kernal_host,['kernal_host'],False
core/common/src/hdf_device_node_ext.c,13,stub,var,core/common/src/hdf_device_node_ext.c,296,common,['common'],False
core/common/src/hdf_device_node_ext.c,13,reply,var,core/common/src/hdf_device_node_ext.c,294,common,['common'],False
core/common/src/hdf_device_node_ext.c,13,ioClientPtr,var,core/common/src/hdf_device_node_ext.c,291,common,['common'],False
core/common/src/hdf_device_node_ext.c,13,devNode,var,core/common/src/hdf_device_node_ext.c,283,common,['common'],False
core/common/src/hdf_device_node_ext.c,13,deviceMethod,var,core/common/src/hdf_device_node_ext.c,285,common,['common'],False
core/common/src/hdf_device_node_ext.c,13,code,var,core/common/src/hdf_device_node_ext.c,281,common,['common'],False
core/common/src/hdf_device_node_ext.c,13,data,var,core/common/src/hdf_device_node_ext.c,282,common,['common'],False
core/common/src/hdf_device_node_ext.c,13,devNodeExt,var,core/common/src/hdf_device_node_ext.c,284,common,['common'],False
core/common/src/hdf_device_node_ext.c,13,deviceObject,var,core/common/src/hdf_device_node_ext.c,286,common,['common'],False
core/common/src/hdf_device_node_ext.c,13,dispatcher,var,core/common/src/hdf_device_node_ext.c,288,common,['common'],False
core/common/src/hdf_device_node_ext.c,13,ret,var,core/common/src/hdf_device_node_ext.c,295,common,['common'],False
core/common/src/hdf_device_node_ext.c,13,inst,var,core/common/src/hdf_device_node_ext.c,289,common,['common'],False
core/common/src/hdf_device_node_ext.c,13,nodeIf,var,core/common/src/hdf_device_node_ext.c,292,common,['common'],False
core/common/src/hdf_device_node_ext.c,13,devnode,var,core/common/src/hdf_device_node_ext.c,287,common,['common'],False
core/common/src/hdf_device_node_ext.c,13,instance,var,core/common/src/hdf_device_node_ext.c,290,common,['common'],False
core/common/src/hdf_device_node_ext.c,13,object,var,core/common/src/hdf_device_node_ext.c,293,common,['common'],False
core/adapter/syscall/src/hdf_syscall_adapter.c,2,HdfFdToAdapterLocked,functionimpl,core/adapter/syscall/src/hdf_syscall_adapter.c,36,convertor,['convertor'],False
core/adapter/syscall/src/hdf_syscall_adapter.c,2,HdfListenThreadInitPollFds,functionimpl,core/adapter/syscall/src/hdf_syscall_adapter.c,52,convertor,['convertor'],False
core/adapter/syscall/src/hdf_syscall_adapter.c,2,HdfDevListenerThreadInit,functionimpl,core/adapter/syscall/src/hdf_syscall_adapter.c,31,convertor,['convertor'],False
core/adapter/syscall/src/hdf_syscall_adapter.c,2,HdfAddAdapterToPfds,functionimpl,core/adapter/syscall/src/hdf_syscall_adapter.c,23,convertor,['convertor'],False
core/adapter/syscall/src/hdf_syscall_adapter.c,2,HdfIoServiceGroupThreadInit,functionimpl,core/adapter/syscall/src/hdf_syscall_adapter.c,44,convertor,['convertor'],False
core/adapter/syscall/src/hdf_syscall_adapter.c,2,HdfIoServiceThreadBindLocked,functionimpl,core/adapter/syscall/src/hdf_syscall_adapter.c,48,convertor,['convertor'],False
core/adapter/syscall/src/hdf_syscall_adapter.c,2,HdfIoServiceStartListen,functionimpl,core/adapter/syscall/src/hdf_syscall_adapter.c,47,convertor,['convertor'],False
core/adapter/syscall/src/hdf_syscall_adapter.c,2,head,var,core/adapter/syscall/src/hdf_syscall_adapter.c,70,convertor,['convertor'],False
core/adapter/syscall/src/hdf_syscall_adapter.c,2,buffer,var,core/adapter/syscall/src/hdf_syscall_adapter.c,59,convertor,['convertor'],False
core/adapter/syscall/src/hdf_syscall_adapter.c,2,newSize,var,core/adapter/syscall/src/hdf_syscall_adapter.c,81,convertor,['convertor'],False
core/adapter/syscall/src/hdf_syscall_adapter.c,2,newBuff,var,core/adapter/syscall/src/hdf_syscall_adapter.c,79,convertor,['convertor'],False
core/adapter/syscall/src/hdf_syscall_adapter.c,2,thread,var,core/adapter/syscall/src/hdf_syscall_adapter.c,98,convertor,['convertor'],False
core/adapter/syscall/src/hdf_syscall_adapter.c,2,fd,var,core/adapter/syscall/src/hdf_syscall_adapter.c,68,convertor,['convertor'],False
core/adapter/syscall/src/hdf_syscall_adapter.c,2,adapter,var,core/adapter/syscall/src/hdf_syscall_adapter.c,57,convertor,['convertor'],False
core/adapter/syscall/src/hdf_syscall_adapter.c,2,bwr,var,core/adapter/syscall/src/hdf_syscall_adapter.c,60,convertor,['convertor'],False
core/adapter/syscall/src/hdf_syscall_adapter.c,2,sbuf,var,core/adapter/syscall/src/hdf_syscall_adapter.c,93,convertor,['convertor'],False
core/adapter/syscall/src/hdf_syscall_adapter.c,2,listener,var,core/adapter/syscall/src/hdf_syscall_adapter.c,76,convertor,['convertor'],False
core/adapter/syscall/src/hdf_syscall_adapter.c,2,ret,var,core/adapter/syscall/src/hdf_syscall_adapter.c,92,convertor,['convertor'],False
core/adapter/syscall/src/hdf_syscall_adapter.c,2,pfds,var,core/adapter/syscall/src/hdf_syscall_adapter.c,87,convertor,['convertor'],False
core/adapter/syscall/src/hdf_syscall_adapter.c,2,pfdSize,var,core/adapter/syscall/src/hdf_syscall_adapter.c,86,convertor,['convertor'],False
core/adapter/syscall/src/hdf_syscall_adapter.c,2,pfdPtr,var,core/adapter/syscall/src/hdf_syscall_adapter.c,85,convertor,['convertor'],False
core/adapter/syscall/src/hdf_syscall_adapter.c,2,i,var,core/adapter/syscall/src/hdf_syscall_adapter.c,72,convertor,['convertor'],False
core/adapter/syscall/src/hdf_syscall_adapter.c,2,pfdCount,var,core/adapter/syscall/src/hdf_syscall_adapter.c,84,convertor,['convertor'],False
core/adapter/syscall/src/hdf_syscall_adapter.c,2,para,var,core/adapter/syscall/src/hdf_syscall_adapter.c,83,convertor,['convertor'],False
core/adapter/syscall/src/hdf_syscall_adapter.c,2,pollCount,var,core/adapter/syscall/src/hdf_syscall_adapter.c,88,convertor,['convertor'],False
core/adapter/syscall/src/hdf_syscall_adapter.c,2,pollSize,var,core/adapter/syscall/src/hdf_syscall_adapter.c,89,convertor,['convertor'],False
core/adapter/syscall/src/hdf_syscall_adapter.c,2,index,var,core/adapter/syscall/src/hdf_syscall_adapter.c,73,convertor,['convertor'],False
core/adapter/syscall/src/hdf_syscall_adapter.c,2,newPfds,var,core/adapter/syscall/src/hdf_syscall_adapter.c,80,convertor,['convertor'],False
core/adapter/syscall/src/hdf_syscall_adapter.c,2,config,var,core/adapter/syscall/src/hdf_syscall_adapter.c,62,convertor,['convertor'],False
core/adapter/syscall/src/hdf_syscall_adapter.c,2,group,var,core/adapter/syscall/src/hdf_syscall_adapter.c,69,convertor,['convertor'],False
core/adapter/syscall/src/hdf_syscall_adapter.c,2,listenerThread,var,core/adapter/syscall/src/hdf_syscall_adapter.c,77,convertor,['convertor'],False
core/adapter/syscall/src/hdf_syscall_adapter.c,2,headAdapter,var,core/adapter/syscall/src/hdf_syscall_adapter.c,71,convertor,['convertor'],False
core/adapter/syscall/src/hdf_syscall_adapter.c,2,stopCount,var,core/adapter/syscall/src/hdf_syscall_adapter.c,96,convertor,['convertor'],False
core/adapter/syscall/src/hdf_syscall_adapter.c,2,count,var,core/adapter/syscall/src/hdf_syscall_adapter.c,63,convertor,['convertor'],False
core/adapter/syscall/src/hdf_syscall_adapter.c,2,object,var,core/adapter/syscall/src/hdf_syscall_adapter.c,82,convertor,['convertor'],False
core/adapter/syscall/src/hdf_syscall_adapter.c,2,reply,var,core/adapter/syscall/src/hdf_syscall_adapter.c,91,convertor,['convertor'],False
core/adapter/syscall/src/hdf_syscall_adapter.c,2,wrBuf,var,core/adapter/syscall/src/hdf_syscall_adapter.c,100,convertor,['convertor'],False
core/adapter/syscall/src/hdf_syscall_adapter.c,2,data,var,core/adapter/syscall/src/hdf_syscall_adapter.c,64,convertor,['convertor'],False
core/adapter/syscall/src/hdf_syscall_adapter.c,2,code,var,core/adapter/syscall/src/hdf_syscall_adapter.c,61,convertor,['convertor'],False
core/adapter/syscall/src/hdf_syscall_adapter.c,2,ioService,var,core/adapter/syscall/src/hdf_syscall_adapter.c,74,convertor,['convertor'],False
core/adapter/syscall/src/hdf_syscall_adapter.c,2,serviceName,var,core/adapter/syscall/src/hdf_syscall_adapter.c,95,convertor,['convertor'],False
core/adapter/syscall/src/hdf_syscall_adapter.c,2,devNodePath,var,core/adapter/syscall/src/hdf_syscall_adapter.c,65,convertor,['convertor'],False
core/adapter/syscall/src/hdf_syscall_adapter.c,2,realPath,var,core/adapter/syscall/src/hdf_syscall_adapter.c,90,convertor,['convertor'],False
core/adapter/syscall/src/hdf_syscall_adapter.c,2,waitCount,var,core/adapter/syscall/src/hdf_syscall_adapter.c,99,convertor,['convertor'],False
core/adapter/syscall/src/hdf_syscall_adapter.c,2,devPath,var,core/adapter/syscall/src/hdf_syscall_adapter.c,66,convertor,['convertor'],False
core/adapter/syscall/src/hdf_syscall_adapter.c,2,dispatch,var,core/adapter/syscall/src/hdf_syscall_adapter.c,67,convertor,['convertor'],False
core/adapter/syscall/src/hdf_syscall_adapter.c,2,service,var,core/adapter/syscall/src/hdf_syscall_adapter.c,94,convertor,['convertor'],False
core/adapter/syscall/src/hdf_syscall_adapter.c,2,listenerthread,var,core/adapter/syscall/src/hdf_syscall_adapter.c,78,convertor,['convertor'],False
core/adapter/syscall/src/hdf_syscall_adapter.c,2,it,var,core/adapter/syscall/src/hdf_syscall_adapter.c,75,convertor,['convertor'],False
core/adapter/syscall/src/hdf_syscall_adapter.c,2,target,var,core/adapter/syscall/src/hdf_syscall_adapter.c,97,convertor,['convertor'],False
core/adapter/syscall/src/hdf_syscall_adapter.c,2,adapterGroup,var,core/adapter/syscall/src/hdf_syscall_adapter.c,58,convertor,['convertor'],False
include/bluetooth/hdf_bt_transport.h,93,,functionproto,include/bluetooth/hdf_bt_transport.h,1181,network,['network'],False
core/host/src/power_state_token.c,40,sref,var,core/host/src/power_state_token.c,664,kernal_host,['kernal_host'],False
core/host/src/power_state_token.c,40,stateToken,var,core/host/src/power_state_token.c,666,kernal_host,['kernal_host'],False
core/host/src/power_state_token.c,40,listener,var,core/host/src/power_state_token.c,661,kernal_host,['kernal_host'],False
core/host/src/power_state_token.c,40,pEvent,var,core/host/src/power_state_token.c,662,kernal_host,['kernal_host'],False
core/host/src/power_state_token.c,40,token,var,core/host/src/power_state_token.c,667,kernal_host,['kernal_host'],False
core/host/src/power_state_token.c,40,powerStateToken,var,core/host/src/power_state_token.c,663,kernal_host,['kernal_host'],False
core/host/src/power_state_token.c,40,srefListener,var,core/host/src/power_state_token.c,665,kernal_host,['kernal_host'],False
core/host/src/power_state_token.c,40,tokenIf,var,core/host/src/power_state_token.c,668,kernal_host,['kernal_host'],False
core/host/src/power_state_token.c,40,deviceObject,var,core/host/src/power_state_token.c,660,kernal_host,['kernal_host'],False
