Source_ID,Target_ID,Source_File,Target_File,Source_Member,Target_Member,Source_Member_Type,Target_Member_Type,Dependency_Type,Dependency_Count,Is_Member_Level,Source_Member_ID,Target_Member_ID,Source_Modules,Target_Modules,Source_Module,Target_Module
25,98,core/host/include/hdf_service_observer.h,include/core/hdf_object.h,HdfServiceObserverPublishService,HdfObject,functionproto,type,Parameter,1.0,True,399,1265,['kernal_host'],['common'],kernal_host,common
25,96,core/host/include/hdf_service_observer.h,include/core/hdf_device_desc.h,HdfServiceObserverSubscribeService,SubscriberCallback,functionproto,type,Parameter,1.0,True,401,1241,['kernal_host'],['common'],kernal_host,common
58,110,core/manager/src/power_state_token_clnt.c,include/osal/osal_mem.h,PowerStateTokenClntNewInstance,OsalMemCalloc,functionimpl,functionproto,Call,2.0,True,910,1392,['manager'],['osal'],manager,osal
58,110,core/manager/src/power_state_token_clnt.c,include/osal/osal_mem.h,PowerStateTokenClntFreeInstance,OsalMemFree,functionimpl,functionproto,Call,2.0,True,909,1393,['manager'],['osal'],manager,osal
58,110,core/manager/src/power_state_token_clnt.c,include/osal/osal_mem.h,,,file,file,Import,1.0,False,,,['manager'],['osal'],manager,osal
57,48,core/manager/src/hdf_host_info.c,core/manager/include/hdf_host_info.h,HdfHostInfoNewInstance,HdfHostInfo,functionimpl,type,Cast,2.0,True,904,719,['manager'],['manager'],manager,manager
57,48,core/manager/src/hdf_host_info.c,core/manager/include/hdf_host_info.h,HdfHostInfoDelete,HdfHostInfo,functionimpl,type,Cast,2.0,True,902,719,['manager'],['manager'],manager,manager
57,48,core/manager/src/hdf_host_info.c,core/manager/include/hdf_host_info.h,,,file,file,Import,1.0,False,,,['manager'],['manager'],manager,manager
57,48,core/manager/src/hdf_host_info.c,core/manager/include/hdf_host_info.h,HdfHostInfoNewInstance,HdfHostInfo,functionimpl,type,Return,1.0,True,904,719,['manager'],['manager'],manager,manager
57,48,core/manager/src/hdf_host_info.c,core/manager/include/hdf_host_info.h,HdfHostInfoNewInstance,HdfHostInfo,functionimpl,type,Use,1.0,True,904,719,['manager'],['manager'],manager,manager
57,48,core/manager/src/hdf_host_info.c,core/manager/include/hdf_host_info.h,HdfHostInfoNewInstance,HdfHostInfoNewInstance,functionimpl,functionproto,Implement,3.0,True,904,718,['manager'],['manager'],manager,manager
57,48,core/manager/src/hdf_host_info.c,core/manager/include/hdf_host_info.h,HdfHostInfoFreeInstance,HdfHostInfoFreeInstance,functionimpl,functionproto,Implement,3.0,True,903,717,['manager'],['manager'],manager,manager
57,48,core/manager/src/hdf_host_info.c,core/manager/include/hdf_host_info.h,HdfHostInfoDelete,HdfHostInfoDelete,functionimpl,functionproto,Implement,3.0,True,902,716,['manager'],['manager'],manager,manager
57,48,core/manager/src/hdf_host_info.c,core/manager/include/hdf_host_info.h,HdfHostInfoFreeInstance,HdfHostInfo,functionimpl,type,Parameter,1.0,True,903,719,['manager'],['manager'],manager,manager
57,48,core/manager/src/hdf_host_info.c,core/manager/include/hdf_host_info.h,HdfHostInfoDelete,HdfHostInfo,functionimpl,type,Contain,1.0,True,902,719,['manager'],['manager'],manager,manager
11,140,core/common/src/hdf_attribute.c,include/utils/device_resource_if.h,GetHdfManagerNode,DeviceResourceNode,functionimpl,type,Return,2.0,True,215,1761,['common'],['utils'],common,utils
11,140,core/common/src/hdf_attribute.c,include/utils/device_resource_if.h,GetHostNode,DeviceResourceNode,functionimpl,type,Return,2.0,True,217,1761,['common'],['utils'],common,utils
11,140,core/common/src/hdf_attribute.c,include/utils/device_resource_if.h,HdfAttributeManagerGetHostList,DeviceResourceNode,functionimpl,type,Use,12.0,True,219,1761,['common'],['utils'],common,utils
11,140,core/common/src/hdf_attribute.c,include/utils/device_resource_if.h,GetHostNode,DeviceResourceNode,functionimpl,type,Use,12.0,True,217,1761,['common'],['utils'],common,utils
11,140,core/common/src/hdf_attribute.c,include/utils/device_resource_if.h,GetDevcieNodeList,DeviceResourceNode,functionimpl,type,Use,12.0,True,213,1761,['common'],['utils'],common,utils
11,140,core/common/src/hdf_attribute.c,include/utils/device_resource_if.h,HdfAttributeManagerGetDeviceList,DeviceResourceNode,functionimpl,type,Use,12.0,True,218,1761,['common'],['utils'],common,utils
11,140,core/common/src/hdf_attribute.c,include/utils/device_resource_if.h,GetHdfManagerNode,DeviceResourceNode,functionimpl,type,Parameter,4.0,True,215,1761,['common'],['utils'],common,utils
11,140,core/common/src/hdf_attribute.c,include/utils/device_resource_if.h,GetHostInfo,DeviceResourceNode,functionimpl,type,Parameter,4.0,True,216,1761,['common'],['utils'],common,utils
11,140,core/common/src/hdf_attribute.c,include/utils/device_resource_if.h,GetDeviceNodeInfo,DeviceResourceNode,functionimpl,type,Parameter,4.0,True,214,1761,['common'],['utils'],common,utils
11,140,core/common/src/hdf_attribute.c,include/utils/device_resource_if.h,GetDevcieNodeList,DeviceResourceNode,functionimpl,type,Parameter,4.0,True,213,1761,['common'],['utils'],common,utils
11,140,core/common/src/hdf_attribute.c,include/utils/device_resource_if.h,HdfAttributeManagerGetHostList,DeviceResourceNode,functionimpl,type,Contain,7.0,True,219,1761,['common'],['utils'],common,utils
11,140,core/common/src/hdf_attribute.c,include/utils/device_resource_if.h,GetHostNode,DeviceResourceNode,functionimpl,type,Contain,7.0,True,217,1761,['common'],['utils'],common,utils
11,140,core/common/src/hdf_attribute.c,include/utils/device_resource_if.h,GetDevcieNodeList,DeviceResourceNode,functionimpl,type,Contain,7.0,True,213,1761,['common'],['utils'],common,utils
11,140,core/common/src/hdf_attribute.c,include/utils/device_resource_if.h,HdfAttributeManagerGetDeviceList,DeviceResourceNode,functionimpl,type,Contain,7.0,True,218,1761,['common'],['utils'],common,utils
11,144,core/common/src/hdf_attribute.c,include/utils/hdf_log.h,,,file,file,Import,1.0,False,,,['common'],['utils'],common,utils
95,110,include/bluetooth/hdf_chip_config.h,include/osal/osal_mem.h,ParsePowersConfig,OsalMemCalloc,functionimpl,functionproto,Call,3.0,True,1207,1392,['network'],['osal'],network,osal
95,110,include/bluetooth/hdf_chip_config.h,include/osal/osal_mem.h,ParsePowersConfig,OsalMemFree,functionimpl,functionproto,Call,3.0,True,1207,1393,['network'],['osal'],network,osal
95,110,include/bluetooth/hdf_chip_config.h,include/osal/osal_mem.h,ClearChipConfig,OsalMemFree,functionimpl,functionproto,Call,3.0,True,1204,1393,['network'],['osal'],network,osal
95,110,include/bluetooth/hdf_chip_config.h,include/osal/osal_mem.h,,,file,file,Import,1.0,False,,,['network'],['osal'],network,osal
135,127,include/platform/sdio_if.h,include/platform/mmc_if.h,,,file,file,Import,1.0,False,,,['platform'],['platform'],platform,platform
95,144,include/bluetooth/hdf_chip_config.h,include/utils/hdf_log.h,,,file,file,Import,1.0,False,,,['network'],['utils'],network,utils
135,130,include/platform/sdio_if.h,include/platform/platform_if.h,SdioOpen,DevHandle,functionproto,alias,Return,1.0,True,1694,1630,['platform'],['platform'],platform,platform
135,130,include/platform/sdio_if.h,include/platform/platform_if.h,SdioClose,DevHandle,functionproto,alias,Parameter,17.0,True,1688,1630,['platform'],['platform'],platform,platform
135,130,include/platform/sdio_if.h,include/platform/platform_if.h,SdioReadBytes,DevHandle,functionproto,alias,Parameter,17.0,True,1695,1630,['platform'],['platform'],platform,platform
135,130,include/platform/sdio_if.h,include/platform/platform_if.h,SdioWriteBytes,DevHandle,functionproto,alias,Parameter,17.0,True,1702,1630,['platform'],['platform'],platform,platform
135,130,include/platform/sdio_if.h,include/platform/platform_if.h,SdioReadBytesFromFixedAddr,DevHandle,functionproto,alias,Parameter,17.0,True,1696,1630,['platform'],['platform'],platform,platform
135,130,include/platform/sdio_if.h,include/platform/platform_if.h,SdioWriteBytesToFixedAddr,DevHandle,functionproto,alias,Parameter,17.0,True,1703,1630,['platform'],['platform'],platform,platform
135,130,include/platform/sdio_if.h,include/platform/platform_if.h,SdioReadBytesFromFunc0,DevHandle,functionproto,alias,Parameter,17.0,True,1697,1630,['platform'],['platform'],platform,platform
135,130,include/platform/sdio_if.h,include/platform/platform_if.h,SdioWriteBytesToFunc0,DevHandle,functionproto,alias,Parameter,17.0,True,1704,1630,['platform'],['platform'],platform,platform
135,130,include/platform/sdio_if.h,include/platform/platform_if.h,SdioSetBlockSize,DevHandle,functionproto,alias,Parameter,17.0,True,1700,1630,['platform'],['platform'],platform,platform
135,130,include/platform/sdio_if.h,include/platform/platform_if.h,SdioGetCommonInfo,DevHandle,functionproto,alias,Parameter,17.0,True,1692,1630,['platform'],['platform'],platform,platform
135,130,include/platform/sdio_if.h,include/platform/platform_if.h,SdioSetCommonInfo,DevHandle,functionproto,alias,Parameter,17.0,True,1701,1630,['platform'],['platform'],platform,platform
135,130,include/platform/sdio_if.h,include/platform/platform_if.h,SdioFlushData,DevHandle,functionproto,alias,Parameter,17.0,True,1691,1630,['platform'],['platform'],platform,platform
135,130,include/platform/sdio_if.h,include/platform/platform_if.h,SdioClaimHost,DevHandle,functionproto,alias,Parameter,17.0,True,1686,1630,['platform'],['platform'],platform,platform
135,130,include/platform/sdio_if.h,include/platform/platform_if.h,SdioReleaseHost,DevHandle,functionproto,alias,Parameter,17.0,True,1698,1630,['platform'],['platform'],platform,platform
135,130,include/platform/sdio_if.h,include/platform/platform_if.h,SdioEnableFunc,DevHandle,functionproto,alias,Parameter,17.0,True,1690,1630,['platform'],['platform'],platform,platform
135,130,include/platform/sdio_if.h,include/platform/platform_if.h,SdioDisableFunc,DevHandle,functionproto,alias,Parameter,17.0,True,1689,1630,['platform'],['platform'],platform,platform
135,130,include/platform/sdio_if.h,include/platform/platform_if.h,SdioClaimIrq,DevHandle,functionproto,alias,Parameter,17.0,True,1687,1630,['platform'],['platform'],platform,platform
135,130,include/platform/sdio_if.h,include/platform/platform_if.h,SdioReleaseIrq,DevHandle,functionproto,alias,Parameter,17.0,True,1699,1630,['platform'],['platform'],platform,platform
95,142,include/bluetooth/hdf_chip_config.h,include/utils/hdf_base.h,,,file,file,Import,1.0,False,,,['network'],['utils'],network,utils
95,140,include/bluetooth/hdf_chip_config.h,include/utils/device_resource_if.h,ParsePowerConfig,DeviceResourceGetIfaceInstance,functionimpl,functionproto,Call,4.0,True,1206,1757,['network'],['utils'],network,utils
95,140,include/bluetooth/hdf_chip_config.h,include/utils/device_resource_if.h,ParsePowersConfig,DeviceResourceGetIfaceInstance,functionimpl,functionproto,Call,4.0,True,1207,1757,['network'],['utils'],network,utils
95,140,include/bluetooth/hdf_chip_config.h,include/utils/device_resource_if.h,ParseResetConfig,DeviceResourceGetIfaceInstance,functionimpl,functionproto,Call,4.0,True,1208,1757,['network'],['utils'],network,utils
95,140,include/bluetooth/hdf_chip_config.h,include/utils/device_resource_if.h,ParseChipConfig,DeviceResourceGetIfaceInstance,functionimpl,functionproto,Call,4.0,True,1205,1757,['network'],['utils'],network,utils
95,140,include/bluetooth/hdf_chip_config.h,include/utils/device_resource_if.h,,,file,file,Import,1.0,False,,,['network'],['utils'],network,utils
95,140,include/bluetooth/hdf_chip_config.h,include/utils/device_resource_if.h,ParsePowerConfig,DeviceResourceIface,functionimpl,type,Use,22.0,True,1206,1760,['network'],['utils'],network,utils
95,140,include/bluetooth/hdf_chip_config.h,include/utils/device_resource_if.h,ParsePowersConfig,DeviceResourceIface,functionimpl,type,Use,22.0,True,1207,1760,['network'],['utils'],network,utils
95,140,include/bluetooth/hdf_chip_config.h,include/utils/device_resource_if.h,ParseResetConfig,DeviceResourceIface,functionimpl,type,Use,22.0,True,1208,1760,['network'],['utils'],network,utils
95,140,include/bluetooth/hdf_chip_config.h,include/utils/device_resource_if.h,ParseChipConfig,DeviceResourceIface,functionimpl,type,Use,22.0,True,1205,1760,['network'],['utils'],network,utils
95,140,include/bluetooth/hdf_chip_config.h,include/utils/device_resource_if.h,ParseChipConfig,DeviceResourceNode,functionimpl,type,Use,22.0,True,1205,1761,['network'],['utils'],network,utils
95,140,include/bluetooth/hdf_chip_config.h,include/utils/device_resource_if.h,ParsePowerConfig,DeviceResourceNode,functionimpl,type,Parameter,4.0,True,1206,1761,['network'],['utils'],network,utils
95,140,include/bluetooth/hdf_chip_config.h,include/utils/device_resource_if.h,ParsePowersConfig,DeviceResourceNode,functionimpl,type,Parameter,4.0,True,1207,1761,['network'],['utils'],network,utils
95,140,include/bluetooth/hdf_chip_config.h,include/utils/device_resource_if.h,ParseResetConfig,DeviceResourceNode,functionimpl,type,Parameter,4.0,True,1208,1761,['network'],['utils'],network,utils
95,140,include/bluetooth/hdf_chip_config.h,include/utils/device_resource_if.h,ParseChipConfig,DeviceResourceNode,functionimpl,type,Parameter,4.0,True,1205,1761,['network'],['utils'],network,utils
95,140,include/bluetooth/hdf_chip_config.h,include/utils/device_resource_if.h,ParsePowerConfig,DeviceResourceIface,functionimpl,type,Contain,8.0,True,1206,1760,['network'],['utils'],network,utils
95,140,include/bluetooth/hdf_chip_config.h,include/utils/device_resource_if.h,ParsePowersConfig,DeviceResourceIface,functionimpl,type,Contain,8.0,True,1207,1760,['network'],['utils'],network,utils
95,140,include/bluetooth/hdf_chip_config.h,include/utils/device_resource_if.h,ParsePowersConfig,DeviceResourceNode,functionimpl,type,Contain,8.0,True,1207,1761,['network'],['utils'],network,utils
95,140,include/bluetooth/hdf_chip_config.h,include/utils/device_resource_if.h,ParseResetConfig,DeviceResourceIface,functionimpl,type,Contain,8.0,True,1208,1760,['network'],['utils'],network,utils
95,140,include/bluetooth/hdf_chip_config.h,include/utils/device_resource_if.h,ParseChipConfig,DeviceResourceIface,functionimpl,type,Contain,8.0,True,1205,1760,['network'],['utils'],network,utils
95,140,include/bluetooth/hdf_chip_config.h,include/utils/device_resource_if.h,ParseChipConfig,DeviceResourceNode,functionimpl,type,Contain,8.0,True,1205,1761,['network'],['utils'],network,utils
25,26,core/host/include/hdf_service_observer.h,core/host/include/hdf_service_subscriber.h,,,file,file,Import,1.0,False,,,['kernal_host'],['kernal_host'],kernal_host,kernal_host
89,96,include/audio/audio_codec_if.h,include/core/hdf_device_desc.h,CodecDevice,HdfDeviceObject,type,type,Contain,3.0,True,1161,1238,['audio'],['common'],audio,common
89,96,include/audio/audio_codec_if.h,include/core/hdf_device_desc.h,CodecHost,IDeviceIoService,type,type,Contain,3.0,True,1162,1240,['audio'],['common'],audio,common
89,96,include/audio/audio_codec_if.h,include/core/hdf_device_desc.h,CodecHost,HdfDeviceObject,type,type,Contain,3.0,True,1162,1238,['audio'],['common'],audio,common
18,70,core/host/include/hdf_device_node.h,core/shared/include/hdf_device_info.h,,,file,file,Import,1.0,False,,,['kernal_host'],['common'],kernal_host,common
18,70,core/host/include/hdf_device_node.h,core/shared/include/hdf_device_info.h,HdfDeviceNodeNewInstance,HdfDeviceInfo,functionproto,type,Parameter,1.0,True,343,1023,['kernal_host'],['common'],kernal_host,common
18,71,core/host/include/hdf_device_node.h,core/shared/include/hdf_driver.h,,,file,file,Import,1.0,False,,,['kernal_host'],['common'],kernal_host,common
18,71,core/host/include/hdf_device_node.h,core/shared/include/hdf_driver.h,HdfDeviceNodeNewInstance,HdfDriver,functionproto,type,Parameter,1.0,True,343,1031,['kernal_host'],['common'],kernal_host,common
18,71,core/host/include/hdf_device_node.h,core/shared/include/hdf_driver.h,HdfDeviceNode,HdfDriver,type,type,Contain,1.0,True,348,1031,['kernal_host'],['common'],kernal_host,common
18,96,core/host/include/hdf_device_node.h,include/core/hdf_device_desc.h,,,file,file,Import,1.0,False,,,['kernal_host'],['common'],kernal_host,common
18,96,core/host/include/hdf_device_node.h,include/core/hdf_device_desc.h,HdfDeviceNode,HdfDeviceObject,type,type,Contain,1.0,True,348,1238,['kernal_host'],['common'],kernal_host,common
18,98,core/host/include/hdf_device_node.h,include/core/hdf_object.h,IDeviceNode,HdfObject,type,type,Contain,1.0,True,349,1265,['kernal_host'],['common'],kernal_host,common
18,99,core/host/include/hdf_device_node.h,include/core/hdf_pm.h,,,file,file,Import,1.0,False,,,['kernal_host'],['common'],kernal_host,common
18,99,core/host/include/hdf_device_node.h,include/core/hdf_pm.h,HdfDeviceNodeAddPowerStateListener,IPowerEventListener,functionproto,type,Parameter,2.0,True,338,1275,['kernal_host'],['common'],kernal_host,common
18,99,core/host/include/hdf_device_node.h,include/core/hdf_pm.h,HdfDeviceNodeRemovePowerStateListener,IPowerEventListener,functionproto,type,Parameter,2.0,True,345,1275,['kernal_host'],['common'],kernal_host,common
32,99,core/host/src/hdf_device_node.c,include/core/hdf_pm.h,HdfDeviceNodeAddPowerStateListener,IPowerEventListener,functionimpl,type,Parameter,2.0,True,504,1275,['kernal_host'],['common'],kernal_host,common
32,99,core/host/src/hdf_device_node.c,include/core/hdf_pm.h,HdfDeviceNodeRemovePowerStateListener,IPowerEventListener,functionimpl,type,Parameter,2.0,True,512,1275,['kernal_host'],['common'],kernal_host,common
32,98,core/host/src/hdf_device_node.c,include/core/hdf_object.h,HdfDeviceNodePublishLocalService,HdfObject,functionimpl,type,Cast,2.0,True,509,1265,['kernal_host'],['common'],kernal_host,common
32,98,core/host/src/hdf_device_node.c,include/core/hdf_object.h,HdfDeviceNodeFreeInstance,HdfObject,functionimpl,type,Cast,2.0,True,507,1265,['kernal_host'],['common'],kernal_host,common
32,96,core/host/src/hdf_device_node.c,include/core/hdf_device_desc.h,DeviveDriverBind,HdfDriverEntry,functionimpl,type,Use,6.0,True,502,1239,['kernal_host'],['common'],kernal_host,common
32,96,core/host/src/hdf_device_node.c,include/core/hdf_device_desc.h,HdfDeviceLaunchNode,HdfDriverEntry,functionimpl,type,Use,6.0,True,503,1239,['kernal_host'],['common'],kernal_host,common
32,96,core/host/src/hdf_device_node.c,include/core/hdf_device_desc.h,HdfDeviceUnlaunchNode,HdfDriverEntry,functionimpl,type,Use,6.0,True,514,1239,['kernal_host'],['common'],kernal_host,common
32,96,core/host/src/hdf_device_node.c,include/core/hdf_device_desc.h,DeviveDriverBind,HdfDriverEntry,functionimpl,type,Contain,3.0,True,502,1239,['kernal_host'],['common'],kernal_host,common
32,96,core/host/src/hdf_device_node.c,include/core/hdf_device_desc.h,HdfDeviceLaunchNode,HdfDriverEntry,functionimpl,type,Contain,3.0,True,503,1239,['kernal_host'],['common'],kernal_host,common
32,96,core/host/src/hdf_device_node.c,include/core/hdf_device_desc.h,HdfDeviceUnlaunchNode,HdfDriverEntry,functionimpl,type,Contain,3.0,True,514,1239,['kernal_host'],['common'],kernal_host,common
86,145,core/shared/src/service_status.c,include/utils/hdf_sbuf.h,ServiceStatusMarshalling,HdfSbufWriteString,functionimpl,functionproto,Call,8.0,True,1131,1823,['common'],['utils'],common,utils
86,145,core/shared/src/service_status.c,include/utils/hdf_sbuf.h,ServiceStatusMarshalling,HdfSbufWriteUint16,functionimpl,functionproto,Call,8.0,True,1131,1825,['common'],['utils'],common,utils
86,145,core/shared/src/service_status.c,include/utils/hdf_sbuf.h,ServiceStatusUnMarshalling,HdfSbufReadString,functionimpl,functionproto,Call,8.0,True,1132,1800,['common'],['utils'],common,utils
86,145,core/shared/src/service_status.c,include/utils/hdf_sbuf.h,ServiceStatusUnMarshalling,HdfSbufReadUint16,functionimpl,functionproto,Call,8.0,True,1132,1802,['common'],['utils'],common,utils
86,145,core/shared/src/service_status.c,include/utils/hdf_sbuf.h,,,file,file,Import,1.0,False,,,['common'],['utils'],common,utils
86,144,core/shared/src/service_status.c,include/utils/hdf_log.h,,,file,file,Import,1.0,False,,,['common'],['utils'],common,utils
2,98,core/adapter/syscall/src/hdf_syscall_adapter.c,include/core/hdf_object.h,HdfSyscallAdapterDispatch,HdfObject,functionimpl,type,Parameter,1.0,True,55,1265,['convertor'],['common'],convertor,common
2,97,core/adapter/syscall/src/hdf_syscall_adapter.c,include/core/hdf_io_service_if.h,HdfDevEventDispatchLocked,HdfDevEventlistener,functionimpl,type,Cast,24.0,True,24,1260,['convertor'],['common'],convertor,common
2,97,core/adapter/syscall/src/hdf_syscall_adapter.c,include/core/hdf_io_service_if.h,AddListenerToAdapterLocked,HdfDevEventlistener,functionimpl,type,Cast,24.0,True,15,1260,['convertor'],['common'],convertor,common
2,97,core/adapter/syscall/src/hdf_syscall_adapter.c,include/core/hdf_io_service_if.h,HdfIoServiceGroupRegisterListener,HdfDevEventlistener,functionimpl,type,Cast,24.0,True,42,1260,['convertor'],['common'],convertor,common
2,97,core/adapter/syscall/src/hdf_syscall_adapter.c,include/core/hdf_io_service_if.h,GetListenerCount,HdfDevEventlistener,functionimpl,type,Cast,24.0,True,17,1260,['convertor'],['common'],convertor,common
2,97,core/adapter/syscall/src/hdf_syscall_adapter.c,include/core/hdf_io_service_if.h,HdfIoServiceAdapterObtain,HdfIoService,functionimpl,type,Return,2.0,True,37,1262,['convertor'],['common'],convertor,common
2,97,core/adapter/syscall/src/hdf_syscall_adapter.c,include/core/hdf_io_service_if.h,HdfIoServiceGroupObtain,HdfIoServiceGroup,functionimpl,type,Return,2.0,True,40,1263,['convertor'],['common'],convertor,common
2,97,core/adapter/syscall/src/hdf_syscall_adapter.c,include/core/hdf_io_service_if.h,HdfDevEventDispatchLocked,HdfDevEventlistener,functionimpl,type,Use,38.0,True,24,1260,['convertor'],['common'],convertor,common
2,97,core/adapter/syscall/src/hdf_syscall_adapter.c,include/core/hdf_io_service_if.h,HdfIoServiceAdapterObtain,HdfIoDispatcher,functionimpl,type,Use,38.0,True,37,1261,['convertor'],['common'],convertor,common
2,97,core/adapter/syscall/src/hdf_syscall_adapter.c,include/core/hdf_io_service_if.h,HdfIoServiceAdapterObtain,HdfIoService,functionimpl,type,Use,38.0,True,37,1262,['convertor'],['common'],convertor,common
2,97,core/adapter/syscall/src/hdf_syscall_adapter.c,include/core/hdf_io_service_if.h,AddListenerToAdapterLocked,HdfDevEventlistener,functionimpl,type,Use,38.0,True,15,1260,['convertor'],['common'],convertor,common
2,97,core/adapter/syscall/src/hdf_syscall_adapter.c,include/core/hdf_io_service_if.h,HdfDeviceRegisterEventListener,HdfDevEventlistener,functionimpl,type,Use,38.0,True,34,1260,['convertor'],['common'],convertor,common
2,97,core/adapter/syscall/src/hdf_syscall_adapter.c,include/core/hdf_io_service_if.h,HdfDeviceUnregisterEventListener,HdfDevEventlistener,functionimpl,type,Use,38.0,True,35,1260,['convertor'],['common'],convertor,common
2,97,core/adapter/syscall/src/hdf_syscall_adapter.c,include/core/hdf_io_service_if.h,HdfIoServiceGroupRegisterListener,HdfDevEventlistener,functionimpl,type,Use,38.0,True,42,1260,['convertor'],['common'],convertor,common
2,97,core/adapter/syscall/src/hdf_syscall_adapter.c,include/core/hdf_io_service_if.h,GetListenerCount,HdfDevEventlistener,functionimpl,type,Use,38.0,True,17,1260,['convertor'],['common'],convertor,common
2,97,core/adapter/syscall/src/hdf_syscall_adapter.c,include/core/hdf_io_service_if.h,HdfIoServiceGroupUnregisterListener,HdfDevEventlistener,functionimpl,type,Use,38.0,True,46,1260,['convertor'],['common'],convertor,common
2,97,core/adapter/syscall/src/hdf_syscall_adapter.c,include/core/hdf_io_service_if.h,HdfDeviceRegisterEventListener,HdfDeviceRegisterEventListener,functionimpl,functionproto,Implement,11.0,True,34,1245,['convertor'],['common'],convertor,common
2,97,core/adapter/syscall/src/hdf_syscall_adapter.c,include/core/hdf_io_service_if.h,HdfDeviceUnregisterEventListener,HdfDeviceUnregisterEventListener,functionimpl,functionproto,Implement,11.0,True,35,1246,['convertor'],['common'],convertor,common
2,97,core/adapter/syscall/src/hdf_syscall_adapter.c,include/core/hdf_io_service_if.h,HdfIoServiceGroupObtain,HdfIoServiceGroupObtain,functionimpl,functionproto,Implement,11.0,True,40,1250,['convertor'],['common'],convertor,common
2,97,core/adapter/syscall/src/hdf_syscall_adapter.c,include/core/hdf_io_service_if.h,HdfIoServiceGroupRecycle,HdfIoServiceGroupRecycle,functionimpl,functionproto,Implement,11.0,True,41,1251,['convertor'],['common'],convertor,common
2,97,core/adapter/syscall/src/hdf_syscall_adapter.c,include/core/hdf_io_service_if.h,HdfIoServiceGroupRegisterListener,HdfIoServiceGroupRegisterListener,functionimpl,functionproto,Implement,11.0,True,42,1252,['convertor'],['common'],convertor,common
2,97,core/adapter/syscall/src/hdf_syscall_adapter.c,include/core/hdf_io_service_if.h,HdfIoServiceGroupUnregisterListener,HdfIoServiceGroupUnregisterListener,functionimpl,functionproto,Implement,11.0,True,46,1254,['convertor'],['common'],convertor,common
2,97,core/adapter/syscall/src/hdf_syscall_adapter.c,include/core/hdf_io_service_if.h,HdfIoServiceGroupAddService,HdfIoServiceGroupAddService,functionimpl,functionproto,Implement,11.0,True,39,1249,['convertor'],['common'],convertor,common
2,97,core/adapter/syscall/src/hdf_syscall_adapter.c,include/core/hdf_io_service_if.h,HdfIoServiceGroupRemoveService,HdfIoServiceGroupRemoveService,functionimpl,functionproto,Implement,11.0,True,43,1253,['convertor'],['common'],convertor,common
2,97,core/adapter/syscall/src/hdf_syscall_adapter.c,include/core/hdf_io_service_if.h,HdfIoserviceGetListenerCount,HdfIoserviceGetListenerCount,functionimpl,functionproto,Implement,11.0,True,49,1256,['convertor'],['common'],convertor,common
2,97,core/adapter/syscall/src/hdf_syscall_adapter.c,include/core/hdf_io_service_if.h,HdfIoserviceGroupGetListenerCount,HdfIoserviceGroupGetListenerCount,functionimpl,functionproto,Implement,11.0,True,50,1257,['convertor'],['common'],convertor,common
2,97,core/adapter/syscall/src/hdf_syscall_adapter.c,include/core/hdf_io_service_if.h,HdfIoserviceGroupGetServiceCount,HdfIoserviceGroupGetServiceCount,functionimpl,functionproto,Implement,11.0,True,51,1258,['convertor'],['common'],convertor,common
2,97,core/adapter/syscall/src/hdf_syscall_adapter.c,include/core/hdf_io_service_if.h,HdfIoServiceAdapterRecycle,HdfIoService,functionimpl,type,Parameter,18.0,True,38,1262,['convertor'],['common'],convertor,common
2,97,core/adapter/syscall/src/hdf_syscall_adapter.c,include/core/hdf_io_service_if.h,AddListenerToAdapterLocked,HdfDevEventlistener,functionimpl,type,Parameter,18.0,True,15,1260,['convertor'],['common'],convertor,common
2,97,core/adapter/syscall/src/hdf_syscall_adapter.c,include/core/hdf_io_service_if.h,HdfDeviceRegisterEventListener,HdfIoService,functionimpl,type,Parameter,18.0,True,34,1262,['convertor'],['common'],convertor,common
2,97,core/adapter/syscall/src/hdf_syscall_adapter.c,include/core/hdf_io_service_if.h,HdfDeviceRegisterEventListener,HdfDevEventlistener,functionimpl,type,Parameter,18.0,True,34,1260,['convertor'],['common'],convertor,common
2,97,core/adapter/syscall/src/hdf_syscall_adapter.c,include/core/hdf_io_service_if.h,HdfDeviceUnregisterEventListener,HdfIoService,functionimpl,type,Parameter,18.0,True,35,1262,['convertor'],['common'],convertor,common
2,97,core/adapter/syscall/src/hdf_syscall_adapter.c,include/core/hdf_io_service_if.h,HdfDeviceUnregisterEventListener,HdfDevEventlistener,functionimpl,type,Parameter,18.0,True,35,1260,['convertor'],['common'],convertor,common
2,97,core/adapter/syscall/src/hdf_syscall_adapter.c,include/core/hdf_io_service_if.h,HdfIoServiceGroupRecycle,HdfIoServiceGroup,functionimpl,type,Parameter,18.0,True,41,1263,['convertor'],['common'],convertor,common
2,97,core/adapter/syscall/src/hdf_syscall_adapter.c,include/core/hdf_io_service_if.h,HdfIoServiceGroupRegisterListener,HdfIoServiceGroup,functionimpl,type,Parameter,18.0,True,42,1263,['convertor'],['common'],convertor,common
2,97,core/adapter/syscall/src/hdf_syscall_adapter.c,include/core/hdf_io_service_if.h,HdfIoServiceGroupRegisterListener,HdfDevEventlistener,functionimpl,type,Parameter,18.0,True,42,1260,['convertor'],['common'],convertor,common
2,97,core/adapter/syscall/src/hdf_syscall_adapter.c,include/core/hdf_io_service_if.h,HdfIoServiceGroupUnregisterListener,HdfIoServiceGroup,functionimpl,type,Parameter,18.0,True,46,1263,['convertor'],['common'],convertor,common
2,97,core/adapter/syscall/src/hdf_syscall_adapter.c,include/core/hdf_io_service_if.h,HdfIoServiceGroupUnregisterListener,HdfDevEventlistener,functionimpl,type,Parameter,18.0,True,46,1260,['convertor'],['common'],convertor,common
2,97,core/adapter/syscall/src/hdf_syscall_adapter.c,include/core/hdf_io_service_if.h,HdfIoServiceGroupAddService,HdfIoServiceGroup,functionimpl,type,Parameter,18.0,True,39,1263,['convertor'],['common'],convertor,common
2,97,core/adapter/syscall/src/hdf_syscall_adapter.c,include/core/hdf_io_service_if.h,HdfIoServiceGroupAddService,HdfIoService,functionimpl,type,Parameter,18.0,True,39,1262,['convertor'],['common'],convertor,common
2,97,core/adapter/syscall/src/hdf_syscall_adapter.c,include/core/hdf_io_service_if.h,HdfIoServiceGroupRemoveService,HdfIoServiceGroup,functionimpl,type,Parameter,18.0,True,43,1263,['convertor'],['common'],convertor,common
2,97,core/adapter/syscall/src/hdf_syscall_adapter.c,include/core/hdf_io_service_if.h,HdfIoServiceGroupRemoveService,HdfIoService,functionimpl,type,Parameter,18.0,True,43,1262,['convertor'],['common'],convertor,common
2,97,core/adapter/syscall/src/hdf_syscall_adapter.c,include/core/hdf_io_service_if.h,HdfIoserviceGetListenerCount,HdfIoService,functionimpl,type,Parameter,18.0,True,49,1262,['convertor'],['common'],convertor,common
2,97,core/adapter/syscall/src/hdf_syscall_adapter.c,include/core/hdf_io_service_if.h,HdfIoserviceGroupGetListenerCount,HdfIoServiceGroup,functionimpl,type,Parameter,18.0,True,50,1263,['convertor'],['common'],convertor,common
2,97,core/adapter/syscall/src/hdf_syscall_adapter.c,include/core/hdf_io_service_if.h,HdfIoserviceGroupGetServiceCount,HdfIoServiceGroup,functionimpl,type,Parameter,18.0,True,51,1263,['convertor'],['common'],convertor,common
2,97,core/adapter/syscall/src/hdf_syscall_adapter.c,include/core/hdf_io_service_if.h,HdfDevEventDispatchLocked,HdfDevEventlistener,functionimpl,type,Contain,6.0,True,24,1260,['convertor'],['common'],convertor,common
2,97,core/adapter/syscall/src/hdf_syscall_adapter.c,include/core/hdf_io_service_if.h,HdfIoServiceAdapterObtain,HdfIoService,functionimpl,type,Contain,6.0,True,37,1262,['convertor'],['common'],convertor,common
2,97,core/adapter/syscall/src/hdf_syscall_adapter.c,include/core/hdf_io_service_if.h,HdfIoServiceAdapterObtain,HdfIoDispatcher,functionimpl,type,Contain,6.0,True,37,1261,['convertor'],['common'],convertor,common
2,97,core/adapter/syscall/src/hdf_syscall_adapter.c,include/core/hdf_io_service_if.h,AddListenerToAdapterLocked,HdfDevEventlistener,functionimpl,type,Contain,6.0,True,15,1260,['convertor'],['common'],convertor,common
2,97,core/adapter/syscall/src/hdf_syscall_adapter.c,include/core/hdf_io_service_if.h,HdfIoServiceGroupRegisterListener,HdfDevEventlistener,functionimpl,type,Contain,6.0,True,42,1260,['convertor'],['common'],convertor,common
2,97,core/adapter/syscall/src/hdf_syscall_adapter.c,include/core/hdf_io_service_if.h,GetListenerCount,HdfDevEventlistener,functionimpl,type,Contain,6.0,True,17,1260,['convertor'],['common'],convertor,common
2,72,core/adapter/syscall/src/hdf_syscall_adapter.c,core/shared/include/hdf_io_service.h,HdfDevEventReadAndDispatch,HDF_READ_DEV_EVENT,functionimpl,var,Call,8.0,True,27,1046,['convertor'],['common'],convertor,common
2,72,core/adapter/syscall/src/hdf_syscall_adapter.c,core/shared/include/hdf_io_service.h,HdfAdapterStartListenIoctl,HDF_LISTEN_EVENT_START,functionimpl,var,Call,8.0,True,21,1043,['convertor'],['common'],convertor,common
2,72,core/adapter/syscall/src/hdf_syscall_adapter.c,core/shared/include/hdf_io_service.h,HdfAdapterStopListenIoctl,HDF_LISTEN_EVENT_STOP,functionimpl,var,Call,8.0,True,22,1044,['convertor'],['common'],convertor,common
2,72,core/adapter/syscall/src/hdf_syscall_adapter.c,core/shared/include/hdf_io_service.h,HdfAdapterExitListenIoctl,HDF_LISTEN_EVENT_EXIT,functionimpl,var,Call,8.0,True,20,1042,['convertor'],['common'],convertor,common
2,72,core/adapter/syscall/src/hdf_syscall_adapter.c,core/shared/include/hdf_io_service.h,HdfListenThreadPollAdd,HDF_LISTEN_EVENT_WAKEUP,functionimpl,var,Call,8.0,True,53,1045,['convertor'],['common'],convertor,common
2,72,core/adapter/syscall/src/hdf_syscall_adapter.c,core/shared/include/hdf_io_service.h,HdfListenThreadPollDel,HDF_LISTEN_EVENT_WAKEUP,functionimpl,var,Call,8.0,True,54,1045,['convertor'],['common'],convertor,common
2,72,core/adapter/syscall/src/hdf_syscall_adapter.c,core/shared/include/hdf_io_service.h,HdfSyscallAdapterDispatch,HDF_WRITE_READ,functionimpl,var,Call,8.0,True,55,1047,['convertor'],['common'],convertor,common
2,72,core/adapter/syscall/src/hdf_syscall_adapter.c,core/shared/include/hdf_io_service.h,TrytoLoadIoService,HdfLoadDriverByServiceName,functionimpl,functionproto,Call,8.0,True,56,1039,['convertor'],['common'],convertor,common
2,72,core/adapter/syscall/src/hdf_syscall_adapter.c,core/shared/include/hdf_io_service.h,HdfDevEventGrowReadBuffer,HdfWriteReadBuf,functionimpl,type,Use,37.0,True,25,1041,['convertor'],['common'],convertor,common
2,72,core/adapter/syscall/src/hdf_syscall_adapter.c,core/shared/include/hdf_io_service.h,HdfDevEventDispatchLocked,HdfWriteReadBuf,functionimpl,type,Use,37.0,True,24,1041,['convertor'],['common'],convertor,common
2,72,core/adapter/syscall/src/hdf_syscall_adapter.c,core/shared/include/hdf_io_service.h,HdfDevEventReadAndDispatch,HdfWriteReadBuf,functionimpl,type,Use,37.0,True,27,1041,['convertor'],['common'],convertor,common
2,72,core/adapter/syscall/src/hdf_syscall_adapter.c,core/shared/include/hdf_io_service.h,HdfDevEventReadAndDispatch,HDF_READ_DEV_EVENT,functionimpl,var,Use,37.0,True,27,1046,['convertor'],['common'],convertor,common
2,72,core/adapter/syscall/src/hdf_syscall_adapter.c,core/shared/include/hdf_io_service.h,HdfAdapterStartListenIoctl,HDF_LISTEN_EVENT_START,functionimpl,var,Use,37.0,True,21,1043,['convertor'],['common'],convertor,common
2,72,core/adapter/syscall/src/hdf_syscall_adapter.c,core/shared/include/hdf_io_service.h,HdfAdapterStopListenIoctl,HDF_LISTEN_EVENT_STOP,functionimpl,var,Use,37.0,True,22,1044,['convertor'],['common'],convertor,common
2,72,core/adapter/syscall/src/hdf_syscall_adapter.c,core/shared/include/hdf_io_service.h,HdfAdapterExitListenIoctl,HDF_LISTEN_EVENT_EXIT,functionimpl,var,Use,37.0,True,20,1042,['convertor'],['common'],convertor,common
2,72,core/adapter/syscall/src/hdf_syscall_adapter.c,core/shared/include/hdf_io_service.h,HdfListenThreadPollAdd,HDF_LISTEN_EVENT_WAKEUP,functionimpl,var,Use,37.0,True,53,1045,['convertor'],['common'],convertor,common
2,72,core/adapter/syscall/src/hdf_syscall_adapter.c,core/shared/include/hdf_io_service.h,HdfListenThreadPollDel,HDF_LISTEN_EVENT_WAKEUP,functionimpl,var,Use,37.0,True,54,1045,['convertor'],['common'],convertor,common
2,72,core/adapter/syscall/src/hdf_syscall_adapter.c,core/shared/include/hdf_io_service.h,HdfSyscallAdapterDispatch,HdfWriteReadBuf,functionimpl,type,Use,37.0,True,55,1041,['convertor'],['common'],convertor,common
2,72,core/adapter/syscall/src/hdf_syscall_adapter.c,core/shared/include/hdf_io_service.h,HdfSyscallAdapterDispatch,HDF_WRITE_READ,functionimpl,var,Use,37.0,True,55,1047,['convertor'],['common'],convertor,common
2,72,core/adapter/syscall/src/hdf_syscall_adapter.c,core/shared/include/hdf_io_service.h,HdfIoServiceAdapterObtain,HdfIoServiceAdapterObtain,functionimpl,functionproto,Implement,2.0,True,37,1033,['convertor'],['common'],convertor,common
2,72,core/adapter/syscall/src/hdf_syscall_adapter.c,core/shared/include/hdf_io_service.h,HdfIoServiceAdapterRecycle,HdfIoServiceAdapterRecycle,functionimpl,functionproto,Implement,2.0,True,38,1035,['convertor'],['common'],convertor,common
2,72,core/adapter/syscall/src/hdf_syscall_adapter.c,core/shared/include/hdf_io_service.h,HdfDevEventGrowReadBuffer,HdfWriteReadBuf,functionimpl,type,Parameter,2.0,True,25,1041,['convertor'],['common'],convertor,common
2,72,core/adapter/syscall/src/hdf_syscall_adapter.c,core/shared/include/hdf_io_service.h,HdfDevEventDispatchLocked,HdfWriteReadBuf,functionimpl,type,Parameter,2.0,True,24,1041,['convertor'],['common'],convertor,common
2,72,core/adapter/syscall/src/hdf_syscall_adapter.c,core/shared/include/hdf_io_service.h,HdfDevEventReadAndDispatch,HdfWriteReadBuf,functionimpl,type,Contain,2.0,True,27,1041,['convertor'],['common'],convertor,common
2,72,core/adapter/syscall/src/hdf_syscall_adapter.c,core/shared/include/hdf_io_service.h,HdfSyscallAdapterDispatch,HdfWriteReadBuf,functionimpl,type,Contain,2.0,True,55,1041,['convertor'],['common'],convertor,common
32,73,core/host/src/hdf_device_node.c,core/shared/include/hdf_object_manager.h,HdfDeviceNodeNewInstance,HdfObjectManagerGetObject,functionimpl,functionproto,Call,2.0,True,508,1052,['kernal_host'],['common'],kernal_host,common
32,73,core/host/src/hdf_device_node.c,core/shared/include/hdf_object_manager.h,HdfDeviceNodeFreeInstance,HdfObjectManagerFreeObject,functionimpl,functionproto,Call,2.0,True,507,1050,['kernal_host'],['common'],kernal_host,common
32,73,core/host/src/hdf_device_node.c,core/shared/include/hdf_object_manager.h,,,file,file,Import,1.0,False,,,['kernal_host'],['common'],kernal_host,common
32,71,core/host/src/hdf_device_node.c,core/shared/include/hdf_driver.h,HdfDeviceNodeNewInstance,HdfDriver,functionimpl,type,Use,1.0,True,508,1031,['kernal_host'],['common'],kernal_host,common
32,71,core/host/src/hdf_device_node.c,core/shared/include/hdf_driver.h,HdfDeviceNodeNewInstance,HdfDriver,functionimpl,type,Parameter,1.0,True,508,1031,['kernal_host'],['common'],kernal_host,common
32,70,core/host/src/hdf_device_node.c,core/shared/include/hdf_device_info.h,HdfDeviceNodeNewInstance,HdfDeviceInfo,functionimpl,type,Use,6.0,True,508,1023,['kernal_host'],['common'],kernal_host,common
32,70,core/host/src/hdf_device_node.c,core/shared/include/hdf_device_info.h,HdfDeviceNodeNewInstance,HdfDeviceInfo,functionimpl,type,Parameter,1.0,True,508,1023,['kernal_host'],['common'],kernal_host,common
32,69,core/host/src/hdf_device_node.c,core/shared/include/hdf_attribute_manager.h,HdfDeviceNodeNewInstance,HdfGetHcsRootNode,functionimpl,functionproto,Call,1.0,True,508,1016,['kernal_host'],['common'],kernal_host,common
32,69,core/host/src/hdf_device_node.c,core/shared/include/hdf_attribute_manager.h,,,file,file,Import,1.0,False,,,['kernal_host'],['common'],kernal_host,common
32,65,core/host/src/hdf_device_node.c,core/shared/include/device_token_if.h,HdfDeviceNodeConstruct,IHdfDeviceToken,functionimpl,type,Use,1.0,True,505,1001,['kernal_host'],['common'],kernal_host,common
116,142,include/osal/osal_timer.h,include/utils/hdf_base.h,,,file,file,Import,1.0,False,,,['osal'],['utils'],osal,utils
117,130,include/platform/adc_if.h,include/platform/platform_if.h,,,file,file,Import,1.0,False,,,['platform'],['platform'],platform,platform
117,130,include/platform/adc_if.h,include/platform/platform_if.h,AdcOpen,DevHandle,functionproto,alias,Return,1.0,True,1448,1630,['platform'],['platform'],platform,platform
117,130,include/platform/adc_if.h,include/platform/platform_if.h,AdcClose,DevHandle,functionproto,alias,Parameter,2.0,True,1447,1630,['platform'],['platform'],platform,platform
117,130,include/platform/adc_if.h,include/platform/platform_if.h,AdcRead,DevHandle,functionproto,alias,Parameter,2.0,True,1449,1630,['platform'],['platform'],platform,platform
30,144,core/host/src/devsvc_manager_clnt.c,include/utils/hdf_log.h,,,file,file,Import,1.0,False,,,['kernal_host'],['utils'],kernal_host,utils
32,27,core/host/src/hdf_device_node.c,core/host/include/power_state_token.h,HdfDeviceNodeAddPowerStateListener,PowerStateTokenNewInstance,functionimpl,functionproto,Call,3.0,True,504,412,['kernal_host'],['kernal_host'],kernal_host,kernal_host
32,27,core/host/src/hdf_device_node.c,core/host/include/power_state_token.h,HdfDeviceNodeRemovePowerStateListener,PowerStateTokenFreeInstance,functionimpl,functionproto,Call,3.0,True,512,411,['kernal_host'],['kernal_host'],kernal_host,kernal_host
32,27,core/host/src/hdf_device_node.c,core/host/include/power_state_token.h,HdfDeviceNodeDestruct,PowerStateTokenFreeInstance,functionimpl,functionproto,Call,3.0,True,506,411,['kernal_host'],['kernal_host'],kernal_host,kernal_host
32,27,core/host/src/hdf_device_node.c,core/host/include/power_state_token.h,,,file,file,Import,1.0,False,,,['kernal_host'],['kernal_host'],kernal_host,kernal_host
32,27,core/host/src/hdf_device_node.c,core/host/include/power_state_token.h,HdfDeviceNodeAddPowerStateListener,PowerStateToken,functionimpl,type,Use,1.0,True,504,413,['kernal_host'],['kernal_host'],kernal_host,kernal_host
32,25,core/host/src/hdf_device_node.c,core/host/include/hdf_service_observer.h,HdfDeviceNodePublishLocalService,HdfServiceObserverPublishService,functionimpl,functionproto,Call,1.0,True,509,399,['kernal_host'],['kernal_host'],kernal_host,kernal_host
32,22,core/host/src/hdf_device_node.c,core/host/include/hdf_observer_record.h,,,file,file,Import,1.0,False,,,['kernal_host'],['kernal_host'],kernal_host,kernal_host
32,21,core/host/src/hdf_device_node.c,core/host/include/hdf_driver_loader.h,HdfDeviceUnlaunchNode,HdfDriverLoaderGetInstance,functionimpl,functionproto,Call,1.0,True,514,373,['kernal_host'],['kernal_host'],kernal_host,kernal_host
32,21,core/host/src/hdf_device_node.c,core/host/include/hdf_driver_loader.h,,,file,file,Import,1.0,False,,,['kernal_host'],['kernal_host'],kernal_host,kernal_host
32,21,core/host/src/hdf_device_node.c,core/host/include/hdf_driver_loader.h,HdfDeviceUnlaunchNode,IDriverLoader,functionimpl,type,Use,2.0,True,514,378,['kernal_host'],['kernal_host'],kernal_host,kernal_host
32,21,core/host/src/hdf_device_node.c,core/host/include/hdf_driver_loader.h,HdfDeviceUnlaunchNode,IDriverLoader,functionimpl,type,Contain,1.0,True,514,378,['kernal_host'],['kernal_host'],kernal_host,kernal_host
32,20,core/host/src/hdf_device_node.c,core/host/include/hdf_device_token.h,HdfDeviceNodeConstruct,HdfDeviceTokenNewInstance,functionimpl,functionproto,Call,2.0,True,505,365,['kernal_host'],['kernal_host'],kernal_host,kernal_host
32,20,core/host/src/hdf_device_node.c,core/host/include/hdf_device_token.h,HdfDeviceNodeDestruct,HdfDeviceTokenFreeInstance,functionimpl,functionproto,Call,2.0,True,506,364,['kernal_host'],['kernal_host'],kernal_host,kernal_host
32,20,core/host/src/hdf_device_node.c,core/host/include/hdf_device_token.h,,,file,file,Import,1.0,False,,,['kernal_host'],['kernal_host'],kernal_host,kernal_host
32,19,core/host/src/hdf_device_node.c,core/host/include/hdf_device_object.h,HdfDeviceNodeConstruct,HdfDeviceObjectConstruct,functionimpl,functionproto,Call,1.0,True,505,353,['kernal_host'],['kernal_host'],kernal_host,kernal_host
32,19,core/host/src/hdf_device_node.c,core/host/include/hdf_device_object.h,,,file,file,Import,1.0,False,,,['kernal_host'],['kernal_host'],kernal_host,kernal_host
32,18,core/host/src/hdf_device_node.c,core/host/include/hdf_device_node.h,HdfDeviceNodeNewInstance,HdfDeviceNode,functionimpl,type,Cast,1.0,True,508,348,['kernal_host'],['kernal_host'],kernal_host,kernal_host
32,18,core/host/src/hdf_device_node.c,core/host/include/hdf_device_node.h,,,file,file,Import,1.0,False,,,['kernal_host'],['kernal_host'],kernal_host,kernal_host
32,18,core/host/src/hdf_device_node.c,core/host/include/hdf_device_node.h,HdfDeviceNodeNewInstance,HdfDeviceNode,functionimpl,type,Return,1.0,True,508,348,['kernal_host'],['kernal_host'],kernal_host,kernal_host
32,18,core/host/src/hdf_device_node.c,core/host/include/hdf_device_node.h,HdfDeviceNodePublishLocalService,HdfDeviceNode,functionimpl,type,Use,77.0,True,509,348,['kernal_host'],['kernal_host'],kernal_host,kernal_host
32,18,core/host/src/hdf_device_node.c,core/host/include/hdf_device_node.h,HdfDeviceNodePublishService,HdfDeviceNode,functionimpl,type,Use,77.0,True,511,348,['kernal_host'],['kernal_host'],kernal_host,kernal_host
32,18,core/host/src/hdf_device_node.c,core/host/include/hdf_device_node.h,HdfDeviceNodePublishService,IDeviceNode,functionimpl,type,Use,77.0,True,511,349,['kernal_host'],['kernal_host'],kernal_host,kernal_host
32,18,core/host/src/hdf_device_node.c,core/host/include/hdf_device_node.h,DeviveDriverBind,HdfDeviceNode,functionimpl,type,Use,77.0,True,502,348,['kernal_host'],['kernal_host'],kernal_host,kernal_host
32,18,core/host/src/hdf_device_node.c,core/host/include/hdf_device_node.h,HdfDeviceLaunchNode,HdfDeviceNode,functionimpl,type,Use,77.0,True,503,348,['kernal_host'],['kernal_host'],kernal_host,kernal_host
32,18,core/host/src/hdf_device_node.c,core/host/include/hdf_device_node.h,HdfDeviceNodeAddPowerStateListener,HdfDeviceNode,functionimpl,type,Use,77.0,True,504,348,['kernal_host'],['kernal_host'],kernal_host,kernal_host
32,18,core/host/src/hdf_device_node.c,core/host/include/hdf_device_node.h,HdfDeviceNodeRemovePowerStateListener,HdfDeviceNode,functionimpl,type,Use,77.0,True,512,348,['kernal_host'],['kernal_host'],kernal_host,kernal_host
32,18,core/host/src/hdf_device_node.c,core/host/include/hdf_device_node.h,HdfDeviceNodePublishPublicService,HdfDeviceNode,functionimpl,type,Use,77.0,True,510,348,['kernal_host'],['kernal_host'],kernal_host,kernal_host
32,18,core/host/src/hdf_device_node.c,core/host/include/hdf_device_node.h,HdfDeviceNodeRemoveService,HdfDeviceNode,functionimpl,type,Use,77.0,True,513,348,['kernal_host'],['kernal_host'],kernal_host,kernal_host
32,18,core/host/src/hdf_device_node.c,core/host/include/hdf_device_node.h,HdfDeviceUnlaunchNode,HdfDeviceNode,functionimpl,type,Use,77.0,True,514,348,['kernal_host'],['kernal_host'],kernal_host,kernal_host
32,18,core/host/src/hdf_device_node.c,core/host/include/hdf_device_node.h,HdfDeviceNodeConstruct,HdfDeviceNode,functionimpl,type,Use,77.0,True,505,348,['kernal_host'],['kernal_host'],kernal_host,kernal_host
32,18,core/host/src/hdf_device_node.c,core/host/include/hdf_device_node.h,HdfDeviceNodeConstruct,IDeviceNode,functionimpl,type,Use,77.0,True,505,349,['kernal_host'],['kernal_host'],kernal_host,kernal_host
32,18,core/host/src/hdf_device_node.c,core/host/include/hdf_device_node.h,HdfDeviceNodeDestruct,HdfDeviceNode,functionimpl,type,Use,77.0,True,506,348,['kernal_host'],['kernal_host'],kernal_host,kernal_host
32,18,core/host/src/hdf_device_node.c,core/host/include/hdf_device_node.h,HdfDeviceNodeNewInstance,HdfDeviceNode,functionimpl,type,Use,77.0,True,508,348,['kernal_host'],['kernal_host'],kernal_host,kernal_host
32,18,core/host/src/hdf_device_node.c,core/host/include/hdf_device_node.h,DeviveDriverBind,DeviveDriverBind,functionimpl,functionproto,Implement,9.0,True,502,337,['kernal_host'],['kernal_host'],kernal_host,kernal_host
32,18,core/host/src/hdf_device_node.c,core/host/include/hdf_device_node.h,HdfDeviceNodeAddPowerStateListener,HdfDeviceNodeAddPowerStateListener,functionimpl,functionproto,Implement,9.0,True,504,338,['kernal_host'],['kernal_host'],kernal_host,kernal_host
32,18,core/host/src/hdf_device_node.c,core/host/include/hdf_device_node.h,HdfDeviceNodeRemovePowerStateListener,HdfDeviceNodeRemovePowerStateListener,functionimpl,functionproto,Implement,9.0,True,512,345,['kernal_host'],['kernal_host'],kernal_host,kernal_host
32,18,core/host/src/hdf_device_node.c,core/host/include/hdf_device_node.h,HdfDeviceNodePublishPublicService,HdfDeviceNodePublishPublicService,functionimpl,functionproto,Implement,9.0,True,510,344,['kernal_host'],['kernal_host'],kernal_host,kernal_host
32,18,core/host/src/hdf_device_node.c,core/host/include/hdf_device_node.h,HdfDeviceNodeRemoveService,HdfDeviceNodeRemoveService,functionimpl,functionproto,Implement,9.0,True,513,346,['kernal_host'],['kernal_host'],kernal_host,kernal_host
32,18,core/host/src/hdf_device_node.c,core/host/include/hdf_device_node.h,HdfDeviceNodeConstruct,HdfDeviceNodeConstruct,functionimpl,functionproto,Implement,9.0,True,505,339,['kernal_host'],['kernal_host'],kernal_host,kernal_host
32,18,core/host/src/hdf_device_node.c,core/host/include/hdf_device_node.h,HdfDeviceNodeDestruct,HdfDeviceNodeDestruct,functionimpl,functionproto,Implement,9.0,True,506,341,['kernal_host'],['kernal_host'],kernal_host,kernal_host
32,18,core/host/src/hdf_device_node.c,core/host/include/hdf_device_node.h,HdfDeviceNodeNewInstance,HdfDeviceNodeNewInstance,functionimpl,functionproto,Implement,9.0,True,508,343,['kernal_host'],['kernal_host'],kernal_host,kernal_host
32,18,core/host/src/hdf_device_node.c,core/host/include/hdf_device_node.h,HdfDeviceNodeFreeInstance,HdfDeviceNodeFreeInstance,functionimpl,functionproto,Implement,9.0,True,507,342,['kernal_host'],['kernal_host'],kernal_host,kernal_host
32,18,core/host/src/hdf_device_node.c,core/host/include/hdf_device_node.h,HdfDeviceNodePublishLocalService,HdfDeviceNode,functionimpl,type,Parameter,12.0,True,509,348,['kernal_host'],['kernal_host'],kernal_host,kernal_host
32,18,core/host/src/hdf_device_node.c,core/host/include/hdf_device_node.h,HdfDeviceNodePublishService,HdfDeviceNode,functionimpl,type,Parameter,12.0,True,511,348,['kernal_host'],['kernal_host'],kernal_host,kernal_host
32,18,core/host/src/hdf_device_node.c,core/host/include/hdf_device_node.h,DeviveDriverBind,HdfDeviceNode,functionimpl,type,Parameter,12.0,True,502,348,['kernal_host'],['kernal_host'],kernal_host,kernal_host
32,18,core/host/src/hdf_device_node.c,core/host/include/hdf_device_node.h,HdfDeviceLaunchNode,HdfDeviceNode,functionimpl,type,Parameter,12.0,True,503,348,['kernal_host'],['kernal_host'],kernal_host,kernal_host
32,18,core/host/src/hdf_device_node.c,core/host/include/hdf_device_node.h,HdfDeviceNodeAddPowerStateListener,HdfDeviceNode,functionimpl,type,Parameter,12.0,True,504,348,['kernal_host'],['kernal_host'],kernal_host,kernal_host
32,18,core/host/src/hdf_device_node.c,core/host/include/hdf_device_node.h,HdfDeviceNodeRemovePowerStateListener,HdfDeviceNode,functionimpl,type,Parameter,12.0,True,512,348,['kernal_host'],['kernal_host'],kernal_host,kernal_host
32,18,core/host/src/hdf_device_node.c,core/host/include/hdf_device_node.h,HdfDeviceNodePublishPublicService,HdfDeviceNode,functionimpl,type,Parameter,12.0,True,510,348,['kernal_host'],['kernal_host'],kernal_host,kernal_host
32,18,core/host/src/hdf_device_node.c,core/host/include/hdf_device_node.h,HdfDeviceNodeRemoveService,HdfDeviceNode,functionimpl,type,Parameter,12.0,True,513,348,['kernal_host'],['kernal_host'],kernal_host,kernal_host
32,18,core/host/src/hdf_device_node.c,core/host/include/hdf_device_node.h,HdfDeviceUnlaunchNode,HdfDeviceNode,functionimpl,type,Parameter,12.0,True,514,348,['kernal_host'],['kernal_host'],kernal_host,kernal_host
32,18,core/host/src/hdf_device_node.c,core/host/include/hdf_device_node.h,HdfDeviceNodeConstruct,HdfDeviceNode,functionimpl,type,Parameter,12.0,True,505,348,['kernal_host'],['kernal_host'],kernal_host,kernal_host
32,18,core/host/src/hdf_device_node.c,core/host/include/hdf_device_node.h,HdfDeviceNodeDestruct,HdfDeviceNode,functionimpl,type,Parameter,12.0,True,506,348,['kernal_host'],['kernal_host'],kernal_host,kernal_host
32,18,core/host/src/hdf_device_node.c,core/host/include/hdf_device_node.h,HdfDeviceNodeFreeInstance,HdfDeviceNode,functionimpl,type,Parameter,12.0,True,507,348,['kernal_host'],['kernal_host'],kernal_host,kernal_host
32,18,core/host/src/hdf_device_node.c,core/host/include/hdf_device_node.h,HdfDeviceNodePublishService,IDeviceNode,functionimpl,type,Contain,3.0,True,511,349,['kernal_host'],['kernal_host'],kernal_host,kernal_host
32,18,core/host/src/hdf_device_node.c,core/host/include/hdf_device_node.h,HdfDeviceNodeConstruct,IDeviceNode,functionimpl,type,Contain,3.0,True,505,349,['kernal_host'],['kernal_host'],kernal_host,kernal_host
32,18,core/host/src/hdf_device_node.c,core/host/include/hdf_device_node.h,HdfDeviceNodeNewInstance,HdfDeviceNode,functionimpl,type,Contain,3.0,True,508,348,['kernal_host'],['kernal_host'],kernal_host,kernal_host
32,16,core/host/src/hdf_device_node.c,core/host/include/devsvc_manager_clnt.h,HdfDeviceNodePublishPublicService,DevSvcManagerClntAddService,functionimpl,functionproto,Call,2.0,True,510,315,['kernal_host'],['kernal_host'],kernal_host,kernal_host
32,16,core/host/src/hdf_device_node.c,core/host/include/devsvc_manager_clnt.h,HdfDeviceNodeRemoveService,DevSvcManagerClntRemoveService,functionimpl,functionproto,Call,2.0,True,513,318,['kernal_host'],['kernal_host'],kernal_host,kernal_host
32,16,core/host/src/hdf_device_node.c,core/host/include/devsvc_manager_clnt.h,,,file,file,Import,1.0,False,,,['kernal_host'],['kernal_host'],kernal_host,kernal_host
32,15,core/host/src/hdf_device_node.c,core/host/include/devmgr_service_clnt.h,HdfDeviceLaunchNode,DevmgrServiceClntAttachDevice,functionimpl,functionproto,Call,2.0,True,503,308,['kernal_host'],['kernal_host'],kernal_host,kernal_host
32,15,core/host/src/hdf_device_node.c,core/host/include/devmgr_service_clnt.h,HdfDeviceUnlaunchNode,DevmgrServiceClntDetachDevice,functionimpl,functionproto,Call,2.0,True,514,310,['kernal_host'],['kernal_host'],kernal_host,kernal_host
32,15,core/host/src/hdf_device_node.c,core/host/include/devmgr_service_clnt.h,,,file,file,Import,1.0,False,,,['kernal_host'],['kernal_host'],kernal_host,kernal_host
32,14,core/host/src/hdf_device_node.c,core/host/include/devhost_service.h,,,file,file,Import,1.0,False,,,['kernal_host'],['kernal_host'],kernal_host,kernal_host
71,96,core/shared/include/hdf_driver.h,include/core/hdf_device_desc.h,,,file,file,Import,1.0,False,,,['common'],['common'],common,common
71,96,core/shared/include/hdf_driver.h,include/core/hdf_device_desc.h,HdfRegisterDriverEntry,HdfDriverEntry,functionproto,type,Parameter,2.0,True,1028,1239,['common'],['common'],common,common
71,96,core/shared/include/hdf_driver.h,include/core/hdf_device_desc.h,HdfUnregisterDriverEntry,HdfDriverEntry,functionproto,type,Parameter,2.0,True,1030,1239,['common'],['common'],common,common
71,96,core/shared/include/hdf_driver.h,include/core/hdf_device_desc.h,HdfDriver,HdfDriverEntry,type,type,Contain,1.0,True,1031,1239,['common'],['common'],common,common
54,97,core/manager/src/devsvc_manager_ext.c,include/core/hdf_io_service_if.h,DevSvcManagerExtStart,HdfIoService,functionimpl,type,Use,2.0,True,850,1262,['manager'],['common'],manager,common
54,97,core/manager/src/devsvc_manager_ext.c,include/core/hdf_io_service_if.h,DevSvcManagerExtStart,HdfIoDispatcher,functionimpl,type,Use,2.0,True,850,1261,['manager'],['common'],manager,common
54,97,core/manager/src/devsvc_manager_ext.c,include/core/hdf_io_service_if.h,DevSvcManagerExt,HdfIoService,type,type,Contain,2.0,True,855,1262,['manager'],['common'],manager,common
54,97,core/manager/src/devsvc_manager_ext.c,include/core/hdf_io_service_if.h,DevSvcManagerExtStart,HdfIoDispatcher,functionimpl,type,Contain,2.0,True,850,1261,['manager'],['common'],manager,common
54,96,core/manager/src/devsvc_manager_ext.c,include/core/hdf_device_desc.h,DeviceSvcMgrDispatch,HdfDeviceIoClient,functionimpl,type,Cast,1.0,True,852,1237,['manager'],['common'],manager,common
54,96,core/manager/src/devsvc_manager_ext.c,include/core/hdf_device_desc.h,DevSvcManagerExtRegisterListener,HdfDeviceIoClient,functionimpl,type,Use,11.0,True,848,1237,['manager'],['common'],manager,common
54,96,core/manager/src/devsvc_manager_ext.c,include/core/hdf_device_desc.h,DevSvcManagerExtUnRegisterListener,HdfDeviceIoClient,functionimpl,type,Use,11.0,True,851,1237,['manager'],['common'],manager,common
54,96,core/manager/src/devsvc_manager_ext.c,include/core/hdf_device_desc.h,DeviceSvcMgrDispatch,HdfDeviceIoClient,functionimpl,type,Use,11.0,True,852,1237,['manager'],['common'],manager,common
54,96,core/manager/src/devsvc_manager_ext.c,include/core/hdf_device_desc.h,DevSvcManagerExtStart,IDeviceIoService,functionimpl,type,Use,11.0,True,850,1240,['manager'],['common'],manager,common
54,96,core/manager/src/devsvc_manager_ext.c,include/core/hdf_device_desc.h,DevSvcManagerExtStart,HdfDeviceObject,functionimpl,type,Use,11.0,True,850,1238,['manager'],['common'],manager,common
54,96,core/manager/src/devsvc_manager_ext.c,include/core/hdf_device_desc.h,DeviceSvcMgrOpen,HdfDeviceIoClient,functionimpl,type,Parameter,4.0,True,853,1237,['manager'],['common'],manager,common
54,96,core/manager/src/devsvc_manager_ext.c,include/core/hdf_device_desc.h,DevSvcManagerExtRegisterListener,HdfDeviceIoClient,functionimpl,type,Parameter,4.0,True,848,1237,['manager'],['common'],manager,common
54,96,core/manager/src/devsvc_manager_ext.c,include/core/hdf_device_desc.h,DevSvcManagerExtUnRegisterListener,HdfDeviceIoClient,functionimpl,type,Parameter,4.0,True,851,1237,['manager'],['common'],manager,common
54,96,core/manager/src/devsvc_manager_ext.c,include/core/hdf_device_desc.h,DeviceSvcMgrRelease,HdfDeviceIoClient,functionimpl,type,Parameter,4.0,True,854,1237,['manager'],['common'],manager,common
54,96,core/manager/src/devsvc_manager_ext.c,include/core/hdf_device_desc.h,DevSvcManagerExt,IDeviceIoService,type,type,Contain,4.0,True,855,1240,['manager'],['common'],manager,common
54,96,core/manager/src/devsvc_manager_ext.c,include/core/hdf_device_desc.h,DeviceSvcMgrDispatch,HdfDeviceIoClient,functionimpl,type,Contain,4.0,True,852,1237,['manager'],['common'],manager,common
54,96,core/manager/src/devsvc_manager_ext.c,include/core/hdf_device_desc.h,DevSvcManagerExtStart,HdfDeviceObject,functionimpl,type,Contain,4.0,True,850,1238,['manager'],['common'],manager,common
54,96,core/manager/src/devsvc_manager_ext.c,include/core/hdf_device_desc.h,DevSvcManagerExtStart,IDeviceIoService,functionimpl,type,Contain,4.0,True,850,1240,['manager'],['common'],manager,common
54,98,core/manager/src/devsvc_manager_ext.c,include/core/hdf_object.h,DevSvcManagerExtStart,HdfObject,functionimpl,type,Cast,3.0,True,850,1265,['manager'],['common'],manager,common
54,98,core/manager/src/devsvc_manager_ext.c,include/core/hdf_object.h,DevSvcManagerExtCreate,HdfObject,functionimpl,type,Cast,3.0,True,847,1265,['manager'],['common'],manager,common
54,98,core/manager/src/devsvc_manager_ext.c,include/core/hdf_object.h,DevSvcManagerExtCreate,HdfObject,functionimpl,type,Return,1.0,True,847,1265,['manager'],['common'],manager,common
54,98,core/manager/src/devsvc_manager_ext.c,include/core/hdf_object.h,DevSvcManagerExtStart,HdfObject,functionimpl,type,Use,1.0,True,850,1265,['manager'],['common'],manager,common
54,98,core/manager/src/devsvc_manager_ext.c,include/core/hdf_object.h,DeviceSvcMgrDispatch,HdfObject,functionimpl,type,Parameter,1.0,True,852,1265,['manager'],['common'],manager,common
54,80,core/manager/src/devsvc_manager_ext.c,core/shared/include/svcmgr_ioservice.h,,,file,file,Import,1.0,False,,,['manager'],['common'],manager,common
125,130,include/platform/mipi_csi_if.h,include/platform/platform_if.h,,,file,file,Import,1.0,False,,,['platform'],['platform'],platform,platform
125,130,include/platform/mipi_csi_if.h,include/platform/platform_if.h,MipiCsiOpen,DevHandle,functionproto,alias,Return,1.0,True,1581,1630,['platform'],['platform'],platform,platform
125,130,include/platform/mipi_csi_if.h,include/platform/platform_if.h,MipiCsiClose,DevHandle,functionproto,alias,Parameter,14.0,True,1576,1630,['platform'],['platform'],platform,platform
125,130,include/platform/mipi_csi_if.h,include/platform/platform_if.h,MipiCsiSetComboDevAttr,DevHandle,functionproto,alias,Parameter,14.0,True,1584,1630,['platform'],['platform'],platform,platform
125,130,include/platform/mipi_csi_if.h,include/platform/platform_if.h,MipiCsiSetPhyCmvmode,DevHandle,functionproto,alias,Parameter,14.0,True,1588,1630,['platform'],['platform'],platform,platform
125,130,include/platform/mipi_csi_if.h,include/platform/platform_if.h,MipiCsiResetSensor,DevHandle,functionproto,alias,Parameter,14.0,True,1583,1630,['platform'],['platform'],platform,platform
125,130,include/platform/mipi_csi_if.h,include/platform/platform_if.h,MipiCsiUnresetSensor,DevHandle,functionproto,alias,Parameter,14.0,True,1590,1630,['platform'],['platform'],platform,platform
125,130,include/platform/mipi_csi_if.h,include/platform/platform_if.h,MipiCsiResetRx,DevHandle,functionproto,alias,Parameter,14.0,True,1582,1630,['platform'],['platform'],platform,platform
125,130,include/platform/mipi_csi_if.h,include/platform/platform_if.h,MipiCsiUnresetRx,DevHandle,functionproto,alias,Parameter,14.0,True,1589,1630,['platform'],['platform'],platform,platform
125,130,include/platform/mipi_csi_if.h,include/platform/platform_if.h,MipiCsiSetHsMode,DevHandle,functionproto,alias,Parameter,14.0,True,1587,1630,['platform'],['platform'],platform,platform
125,130,include/platform/mipi_csi_if.h,include/platform/platform_if.h,MipiCsiEnableClock,DevHandle,functionproto,alias,Parameter,14.0,True,1579,1630,['platform'],['platform'],platform,platform
125,130,include/platform/mipi_csi_if.h,include/platform/platform_if.h,MipiCsiDisableClock,DevHandle,functionproto,alias,Parameter,14.0,True,1577,1630,['platform'],['platform'],platform,platform
125,130,include/platform/mipi_csi_if.h,include/platform/platform_if.h,MipiCsiEnableSensorClock,DevHandle,functionproto,alias,Parameter,14.0,True,1580,1630,['platform'],['platform'],platform,platform
125,130,include/platform/mipi_csi_if.h,include/platform/platform_if.h,MipiCsiDisableSensorClock,DevHandle,functionproto,alias,Parameter,14.0,True,1578,1630,['platform'],['platform'],platform,platform
125,130,include/platform/mipi_csi_if.h,include/platform/platform_if.h,MipiCsiSetExtDataType,DevHandle,functionproto,alias,Parameter,14.0,True,1586,1630,['platform'],['platform'],platform,platform
125,130,include/platform/mipi_csi_if.h,include/platform/platform_if.h,MipiCsiSetDrvData,DevHandle,functionproto,alias,Parameter,14.0,True,1585,1630,['platform'],['platform'],platform,platform
54,73,core/manager/src/devsvc_manager_ext.c,core/shared/include/hdf_object_manager.h,,,file,file,Import,1.0,False,,,['manager'],['common'],manager,common
54,72,core/manager/src/devsvc_manager_ext.c,core/shared/include/hdf_io_service.h,DevSvcManagerExtStart,HdfIoServicePublish,functionimpl,functionproto,Call,2.0,True,850,1037,['manager'],['common'],manager,common
54,72,core/manager/src/devsvc_manager_ext.c,core/shared/include/hdf_io_service.h,DevSvcManagerExtRelease,HdfIoServiceRemove,functionimpl,functionproto,Call,2.0,True,849,1038,['manager'],['common'],manager,common
54,72,core/manager/src/devsvc_manager_ext.c,core/shared/include/hdf_io_service.h,,,file,file,Import,1.0,False,,,['manager'],['common'],manager,common
54,67,core/manager/src/devsvc_manager_ext.c,core/shared/include/devsvc_manager_if.h,DevSvcManagerExtStart,IDevSvcManager,functionimpl,type,Parameter,2.0,True,850,1007,['manager'],['common'],manager,common
54,67,core/manager/src/devsvc_manager_ext.c,core/shared/include/devsvc_manager_if.h,DevSvcManagerExtRelease,IDevSvcManager,functionimpl,type,Parameter,2.0,True,849,1007,['manager'],['common'],manager,common
0,114,core/adapter/syscall/include/hdf_syscall_adapter.h,include/osal/osal_thread.h,,,file,file,Import,1.0,False,,,['convertor'],['osal'],convertor,osal
0,114,core/adapter/syscall/include/hdf_syscall_adapter.h,include/osal/osal_thread.h,HdfDevListenerThread,OsalThread,type,type,Contain,1.0,True,1,1426,['convertor'],['osal'],convertor,osal
0,111,core/adapter/syscall/include/hdf_syscall_adapter.h,include/osal/osal_mutex.h,,,file,file,Import,1.0,False,,,['convertor'],['osal'],convertor,osal
0,111,core/adapter/syscall/include/hdf_syscall_adapter.h,include/osal/osal_mutex.h,HdfDevListenerThread,OsalMutex,type,type,Contain,3.0,True,1,1400,['convertor'],['osal'],convertor,osal
0,111,core/adapter/syscall/include/hdf_syscall_adapter.h,include/osal/osal_mutex.h,HdfSyscallAdapter,OsalMutex,type,type,Contain,3.0,True,3,1400,['convertor'],['osal'],convertor,osal
0,111,core/adapter/syscall/include/hdf_syscall_adapter.h,include/osal/osal_mutex.h,HdfSyscallAdapterGroup,OsalMutex,type,type,Contain,3.0,True,4,1400,['convertor'],['osal'],convertor,osal
54,45,core/manager/src/devsvc_manager_ext.c,core/manager/include/devsvc_manager.h,DevSvcManagerExtRegisterListener,DevSvcManagerGetInstance,functionimpl,functionproto,Call,3.0,True,848,700,['manager'],['manager'],manager,manager
54,45,core/manager/src/devsvc_manager_ext.c,core/manager/include/devsvc_manager.h,DevSvcManagerExtConstruct,DevSvcManagerConstruct,functionimpl,functionproto,Call,3.0,True,846,698,['manager'],['manager'],manager,manager
54,45,core/manager/src/devsvc_manager_ext.c,core/manager/include/devsvc_manager.h,DevSvcManagerExtRelease,DevSvcManagerRelease,functionimpl,functionproto,Call,3.0,True,849,703,['manager'],['manager'],manager,manager
54,45,core/manager/src/devsvc_manager_ext.c,core/manager/include/devsvc_manager.h,,,file,file,Import,1.0,False,,,['manager'],['manager'],manager,manager
54,45,core/manager/src/devsvc_manager_ext.c,core/manager/include/devsvc_manager.h,DevSvcManagerExt,DevSvcManager,type,type,Contain,1.0,True,855,706,['manager'],['manager'],manager,manager
54,44,core/manager/src/devsvc_manager_ext.c,core/manager/include/devsvc_listener_holder.h,DevSvcManagerExtRegisterListener,ServStatListenerHolderGet,functionimpl,functionproto,Call,5.0,True,848,691,['manager'],['manager'],manager,manager
54,44,core/manager/src/devsvc_manager_ext.c,core/manager/include/devsvc_listener_holder.h,DevSvcManagerExtRegisterListener,ServStatListenerHolderCreate,functionimpl,functionproto,Call,5.0,True,848,690,['manager'],['manager'],manager,manager
54,44,core/manager/src/devsvc_manager_ext.c,core/manager/include/devsvc_listener_holder.h,DevSvcManagerExtUnRegisterListener,ServStatListenerHolderGet,functionimpl,functionproto,Call,5.0,True,851,691,['manager'],['manager'],manager,manager
54,44,core/manager/src/devsvc_manager_ext.c,core/manager/include/devsvc_listener_holder.h,DevSvcManagerExtUnRegisterListener,ServStatListenerHolderRelease,functionimpl,functionproto,Call,5.0,True,851,692,['manager'],['manager'],manager,manager
54,44,core/manager/src/devsvc_manager_ext.c,core/manager/include/devsvc_listener_holder.h,DevSvcManagerExtStart,ServStatListenerHolderinit,functionimpl,functionproto,Call,5.0,True,850,693,['manager'],['manager'],manager,manager
54,44,core/manager/src/devsvc_manager_ext.c,core/manager/include/devsvc_listener_holder.h,,,file,file,Import,1.0,False,,,['manager'],['manager'],manager,manager
54,44,core/manager/src/devsvc_manager_ext.c,core/manager/include/devsvc_listener_holder.h,DevSvcManagerExtRegisterListener,ServStatListenerHolder,functionimpl,type,Use,5.0,True,848,694,['manager'],['manager'],manager,manager
54,44,core/manager/src/devsvc_manager_ext.c,core/manager/include/devsvc_listener_holder.h,DevSvcManagerExtUnRegisterListener,ServStatListenerHolder,functionimpl,type,Use,5.0,True,851,694,['manager'],['manager'],manager,manager
54,44,core/manager/src/devsvc_manager_ext.c,core/manager/include/devsvc_listener_holder.h,DevSvcManagerExtRegisterListener,ServStatListenerHolder,functionimpl,type,Contain,2.0,True,848,694,['manager'],['manager'],manager,manager
54,44,core/manager/src/devsvc_manager_ext.c,core/manager/include/devsvc_listener_holder.h,DevSvcManagerExtUnRegisterListener,ServStatListenerHolder,functionimpl,type,Contain,2.0,True,851,694,['manager'],['manager'],manager,manager
54,18,core/manager/src/devsvc_manager_ext.c,core/host/include/hdf_device_node.h,,,file,file,Import,1.0,False,,,['manager'],['kernal_host'],manager,kernal_host
0,143,core/adapter/syscall/include/hdf_syscall_adapter.h,include/utils/hdf_dlist.h,,,file,file,Import,1.0,False,,,['convertor'],['utils'],convertor,utils
0,143,core/adapter/syscall/include/hdf_syscall_adapter.h,include/utils/hdf_dlist.h,HdfDevListenerThread,DListHead,type,type,Contain,6.0,True,1,1773,['convertor'],['utils'],convertor,utils
0,143,core/adapter/syscall/include/hdf_syscall_adapter.h,include/utils/hdf_dlist.h,HdfSyscallAdapter,DListHead,type,type,Contain,6.0,True,3,1773,['convertor'],['utils'],convertor,utils
0,143,core/adapter/syscall/include/hdf_syscall_adapter.h,include/utils/hdf_dlist.h,HdfSyscallAdapterGroup,DListHead,type,type,Contain,6.0,True,4,1773,['convertor'],['utils'],convertor,utils
64,98,core/shared/include/devhost_service_if.h,include/core/hdf_object.h,,,file,file,Import,1.0,False,,,['common'],['common'],common,common
64,98,core/shared/include/devhost_service_if.h,include/core/hdf_object.h,IDevHostService,HdfObject,type,type,Contain,1.0,True,999,1265,['common'],['common'],common,common
154,102,include/wifi/wifi_mac80211_ops.h,include/net/net_device.h,,,file,file,Import,1.0,False,,,['network'],['network'],network,network
154,102,include/wifi/wifi_mac80211_ops.h,include/net/net_device.h,,NetDevice,functionproto,type,Parameter,31.0,True,1917,1344,['network'],['network'],network,network
154,102,include/wifi/wifi_mac80211_ops.h,include/net/net_device.h,,NetDevice,functionproto,type,Parameter,31.0,True,1917,1344,['network'],['network'],network,network
154,102,include/wifi/wifi_mac80211_ops.h,include/net/net_device.h,,NetDevice,functionproto,type,Parameter,31.0,True,1917,1344,['network'],['network'],network,network
154,102,include/wifi/wifi_mac80211_ops.h,include/net/net_device.h,,NetDevice,functionproto,type,Parameter,31.0,True,1917,1344,['network'],['network'],network,network
59,110,core/manager/src/servstat_listener_holder.c,include/osal/osal_mem.h,ServStatListenerHolderCreate,OsalMemCalloc,functionimpl,functionproto,Call,2.0,True,918,1392,['manager'],['osal'],manager,osal
59,110,core/manager/src/servstat_listener_holder.c,include/osal/osal_mem.h,ServStatListenerHolderRelease,OsalMemFree,functionimpl,functionproto,Call,2.0,True,920,1393,['manager'],['osal'],manager,osal
59,110,core/manager/src/servstat_listener_holder.c,include/osal/osal_mem.h,,,file,file,Import,1.0,False,,,['manager'],['osal'],manager,osal
59,111,core/manager/src/servstat_listener_holder.c,include/osal/osal_mutex.h,KServStatListenerHolderListInit,OsalMutexInit,functionimpl,functionproto,Call,7.0,True,915,1396,['manager'],['osal'],manager,osal
59,111,core/manager/src/servstat_listener_holder.c,include/osal/osal_mutex.h,ServStatListenerHolderCreate,OsalMutexLock,functionimpl,functionproto,Call,7.0,True,918,1397,['manager'],['osal'],manager,osal
59,111,core/manager/src/servstat_listener_holder.c,include/osal/osal_mutex.h,ServStatListenerHolderCreate,OsalMutexUnlock,functionimpl,functionproto,Call,7.0,True,918,1399,['manager'],['osal'],manager,osal
59,111,core/manager/src/servstat_listener_holder.c,include/osal/osal_mutex.h,ServStatListenerHolderGet,OsalMutexLock,functionimpl,functionproto,Call,7.0,True,919,1397,['manager'],['osal'],manager,osal
59,111,core/manager/src/servstat_listener_holder.c,include/osal/osal_mutex.h,ServStatListenerHolderGet,OsalMutexUnlock,functionimpl,functionproto,Call,7.0,True,919,1399,['manager'],['osal'],manager,osal
59,111,core/manager/src/servstat_listener_holder.c,include/osal/osal_mutex.h,ServStatListenerHolderRelease,OsalMutexLock,functionimpl,functionproto,Call,7.0,True,920,1397,['manager'],['osal'],manager,osal
59,111,core/manager/src/servstat_listener_holder.c,include/osal/osal_mutex.h,ServStatListenerHolderRelease,OsalMutexUnlock,functionimpl,functionproto,Call,7.0,True,920,1399,['manager'],['osal'],manager,osal
59,111,core/manager/src/servstat_listener_holder.c,include/osal/osal_mutex.h,,,file,file,Import,1.0,False,,,['manager'],['osal'],manager,osal
59,111,core/manager/src/servstat_listener_holder.c,include/osal/osal_mutex.h,SvcStatListenerHolderList,OsalMutex,type,type,Contain,1.0,True,923,1400,['manager'],['osal'],manager,osal
64,70,core/shared/include/devhost_service_if.h,core/shared/include/hdf_device_info.h,,,file,file,Import,1.0,False,,,['common'],['common'],common,common
64,70,core/shared/include/devhost_service_if.h,core/shared/include/hdf_device_info.h,,HdfDeviceInfo,functionproto,type,Parameter,1.0,True,998,1023,['common'],['common'],common,common
126,130,include/platform/mipi_dsi_if.h,include/platform/platform_if.h,,,file,file,Import,1.0,False,,,['platform'],['platform'],platform,platform
126,130,include/platform/mipi_dsi_if.h,include/platform/platform_if.h,MipiDsiOpen,DevHandle,functionproto,alias,Return,1.0,True,1596,1630,['platform'],['platform'],platform,platform
126,130,include/platform/mipi_dsi_if.h,include/platform/platform_if.h,MipiDsiClose,DevHandle,functionproto,alias,Parameter,9.0,True,1594,1630,['platform'],['platform'],platform,platform
126,130,include/platform/mipi_dsi_if.h,include/platform/platform_if.h,MipiDsiSetCfg,DevHandle,functionproto,alias,Parameter,9.0,True,1598,1630,['platform'],['platform'],platform,platform
126,130,include/platform/mipi_dsi_if.h,include/platform/platform_if.h,MipiDsiGetCfg,DevHandle,functionproto,alias,Parameter,9.0,True,1595,1630,['platform'],['platform'],platform,platform
126,130,include/platform/mipi_dsi_if.h,include/platform/platform_if.h,MipiDsiSetLpMode,DevHandle,functionproto,alias,Parameter,9.0,True,1601,1630,['platform'],['platform'],platform,platform
126,130,include/platform/mipi_dsi_if.h,include/platform/platform_if.h,MipiDsiSetHsMode,DevHandle,functionproto,alias,Parameter,9.0,True,1600,1630,['platform'],['platform'],platform,platform
126,130,include/platform/mipi_dsi_if.h,include/platform/platform_if.h,MipiDsiTx,DevHandle,functionproto,alias,Parameter,9.0,True,1602,1630,['platform'],['platform'],platform,platform
126,130,include/platform/mipi_dsi_if.h,include/platform/platform_if.h,MipiDsiRx,DevHandle,functionproto,alias,Parameter,9.0,True,1597,1630,['platform'],['platform'],platform,platform
126,130,include/platform/mipi_dsi_if.h,include/platform/platform_if.h,MipiDsiAttach,DevHandle,functionproto,alias,Parameter,9.0,True,1593,1630,['platform'],['platform'],platform,platform
126,130,include/platform/mipi_dsi_if.h,include/platform/platform_if.h,MipiDsiSetDrvData,DevHandle,functionproto,alias,Parameter,9.0,True,1599,1630,['platform'],['platform'],platform,platform
64,17,core/shared/include/devhost_service_if.h,core/host/include/hdf_device.h,,,file,file,Import,1.0,False,,,['common'],['kernal_host'],common,kernal_host
64,17,core/shared/include/devhost_service_if.h,core/host/include/hdf_device.h,,devid_t,functionproto,alias,Parameter,1.0,True,998,323,['common'],['kernal_host'],common,kernal_host
47,98,core/manager/include/hdf_driver_installer.h,include/core/hdf_object.h,,,file,file,Import,1.0,False,,,['manager'],['common'],manager,common
47,98,core/manager/include/hdf_driver_installer.h,include/core/hdf_object.h,DriverInstallerCreate,HdfObject,functionproto,type,Return,1.0,True,711,1265,['manager'],['common'],manager,common
47,98,core/manager/include/hdf_driver_installer.h,include/core/hdf_object.h,IDriverInstaller,HdfObject,type,type,Contain,1.0,True,714,1265,['manager'],['common'],manager,common
94,115,include/bluetooth/hdf_chip.h,include/osal/osal_time.h,HdfResetVirtualDevice,OsalMSleep,functionimpl,functionproto,Call,1.0,True,1188,1434,['network'],['osal'],network,osal
94,115,include/bluetooth/hdf_chip.h,include/osal/osal_time.h,,,file,file,Import,1.0,False,,,['network'],['osal'],network,osal
59,143,core/manager/src/servstat_listener_holder.c,include/utils/hdf_dlist.h,KServStatListenerHolderListInit,DListHeadInit,functionimpl,functionimpl,Call,3.0,True,915,1766,['manager'],['utils'],manager,utils
59,143,core/manager/src/servstat_listener_holder.c,include/utils/hdf_dlist.h,ServStatListenerHolderCreate,DListInsertTail,functionimpl,functionimpl,Call,3.0,True,918,1768,['manager'],['utils'],manager,utils
59,143,core/manager/src/servstat_listener_holder.c,include/utils/hdf_dlist.h,ServStatListenerHolderRelease,DListRemove,functionimpl,functionimpl,Call,3.0,True,920,1771,['manager'],['utils'],manager,utils
59,143,core/manager/src/servstat_listener_holder.c,include/utils/hdf_dlist.h,KServStatListenerHolderListInit,DListHeadInit,functionimpl,functionimpl,Use,3.0,True,915,1766,['manager'],['utils'],manager,utils
59,143,core/manager/src/servstat_listener_holder.c,include/utils/hdf_dlist.h,ServStatListenerHolderCreate,DListInsertTail,functionimpl,functionimpl,Use,3.0,True,918,1768,['manager'],['utils'],manager,utils
59,143,core/manager/src/servstat_listener_holder.c,include/utils/hdf_dlist.h,ServStatListenerHolderRelease,DListRemove,functionimpl,functionimpl,Use,3.0,True,920,1771,['manager'],['utils'],manager,utils
59,143,core/manager/src/servstat_listener_holder.c,include/utils/hdf_dlist.h,KServStatListenerHolder,DListHead,type,type,Contain,2.0,True,922,1773,['manager'],['utils'],manager,utils
59,143,core/manager/src/servstat_listener_holder.c,include/utils/hdf_dlist.h,SvcStatListenerHolderList,DListHead,type,type,Contain,2.0,True,923,1773,['manager'],['utils'],manager,utils
59,144,core/manager/src/servstat_listener_holder.c,include/utils/hdf_log.h,,,file,file,Import,1.0,False,,,['manager'],['utils'],manager,utils
59,142,core/manager/src/servstat_listener_holder.c,include/utils/hdf_base.h,,,file,file,Import,1.0,False,,,['manager'],['utils'],manager,utils
59,145,core/manager/src/servstat_listener_holder.c,include/utils/hdf_sbuf.h,KServStatListenerHolderNotifyStatus,HdfSbufObtainDefaultSize,functionimpl,functionproto,Call,3.0,True,916,1790,['manager'],['utils'],manager,utils
59,145,core/manager/src/servstat_listener_holder.c,include/utils/hdf_sbuf.h,KServStatListenerHolderNotifyStatus,HdfSbufRecycle,functionimpl,functionproto,Call,3.0,True,916,1807,['manager'],['utils'],manager,utils
67,44,core/shared/include/devsvc_manager_if.h,core/manager/include/devsvc_listener_holder.h,,,file,file,Import,1.0,False,,,['common'],['manager'],common,manager
67,44,core/shared/include/devsvc_manager_if.h,core/manager/include/devsvc_listener_holder.h,,ServStatListenerHolder,functionproto,type,Parameter,2.0,True,1006,694,['common'],['manager'],common,manager
83,73,core/shared/src/hdf_object_manager.c,core/shared/include/hdf_object_manager.h,HdfObjectManagerGetObject,HdfObjectManagerGetCreators,functionimpl,functionproto,Call,2.0,True,1111,1051,['common'],['common'],common,common
83,73,core/shared/src/hdf_object_manager.c,core/shared/include/hdf_object_manager.h,HdfObjectManagerFreeObject,HdfObjectManagerGetCreators,functionimpl,functionproto,Call,2.0,True,1110,1051,['common'],['common'],common,common
83,73,core/shared/src/hdf_object_manager.c,core/shared/include/hdf_object_manager.h,,,file,file,Import,1.0,False,,,['common'],['common'],common,common
83,73,core/shared/src/hdf_object_manager.c,core/shared/include/hdf_object_manager.h,HdfObjectManagerGetObject,HdfObjectCreator,functionimpl,type,Use,4.0,True,1111,1054,['common'],['common'],common,common
83,73,core/shared/src/hdf_object_manager.c,core/shared/include/hdf_object_manager.h,HdfObjectManagerFreeObject,HdfObjectCreator,functionimpl,type,Use,4.0,True,1110,1054,['common'],['common'],common,common
83,73,core/shared/src/hdf_object_manager.c,core/shared/include/hdf_object_manager.h,HdfObjectManagerGetObject,HdfObjectManagerGetObject,functionimpl,functionproto,Implement,2.0,True,1111,1052,['common'],['common'],common,common
83,73,core/shared/src/hdf_object_manager.c,core/shared/include/hdf_object_manager.h,HdfObjectManagerFreeObject,HdfObjectManagerFreeObject,functionimpl,functionproto,Implement,2.0,True,1110,1050,['common'],['common'],common,common
83,73,core/shared/src/hdf_object_manager.c,core/shared/include/hdf_object_manager.h,HdfObjectManagerGetObject,HdfObjectCreator,functionimpl,type,Contain,2.0,True,1111,1054,['common'],['common'],common,common
83,73,core/shared/src/hdf_object_manager.c,core/shared/include/hdf_object_manager.h,HdfObjectManagerFreeObject,HdfObjectCreator,functionimpl,type,Contain,2.0,True,1110,1054,['common'],['common'],common,common
40,110,core/host/src/power_state_token.c,include/osal/osal_mem.h,PowerStateTokenConstruct,OsalMemCalloc,functionimpl,functionproto,Call,5.0,True,654,1392,['kernal_host'],['osal'],kernal_host,osal
40,110,core/host/src/power_state_token.c,include/osal/osal_mem.h,PowerStateTokenNewInstance,OsalMemCalloc,functionimpl,functionproto,Call,5.0,True,656,1392,['kernal_host'],['osal'],kernal_host,osal
40,110,core/host/src/power_state_token.c,include/osal/osal_mem.h,PowerStateTokenNewInstance,OsalMemFree,functionimpl,functionproto,Call,5.0,True,656,1393,['kernal_host'],['osal'],kernal_host,osal
40,110,core/host/src/power_state_token.c,include/osal/osal_mem.h,PowerStateTokenFreeInstance,OsalMemFree,functionimpl,functionproto,Call,5.0,True,655,1393,['kernal_host'],['osal'],kernal_host,osal
40,110,core/host/src/power_state_token.c,include/osal/osal_mem.h,,,file,file,Import,1.0,False,,,['kernal_host'],['osal'],kernal_host,osal
87,110,core/shared/src/svcmgr_ioservice.c,include/osal/osal_mem.h,SvcMgrIoserviceGet,OsalMemCalloc,functionimpl,functionproto,Call,3.0,True,1138,1392,['common'],['osal'],common,osal
87,110,core/shared/src/svcmgr_ioservice.c,include/osal/osal_mem.h,SvcMgrIoserviceGet,OsalMemFree,functionimpl,functionproto,Call,3.0,True,1138,1393,['common'],['osal'],common,osal
87,110,core/shared/src/svcmgr_ioservice.c,include/osal/osal_mem.h,SvcMgrIoserviceRelease,OsalMemFree,functionimpl,functionproto,Call,3.0,True,1140,1393,['common'],['osal'],common,osal
87,110,core/shared/src/svcmgr_ioservice.c,include/osal/osal_mem.h,,,file,file,Import,1.0,False,,,['common'],['osal'],common,osal
42,70,core/manager/include/device_token_clnt.h,core/shared/include/hdf_device_info.h,,,file,file,Import,1.0,False,,,['manager'],['common'],manager,common
42,70,core/manager/include/device_token_clnt.h,core/shared/include/hdf_device_info.h,DeviceTokenClnt,HdfDeviceInfo,type,type,Contain,1.0,True,679,1023,['manager'],['common'],manager,common
15,20,core/host/include/devmgr_service_clnt.h,core/host/include/hdf_device_token.h,,,file,file,Import,1.0,False,,,['kernal_host'],['kernal_host'],kernal_host,kernal_host
15,17,core/host/include/devmgr_service_clnt.h,core/host/include/hdf_device.h,DevmgrServiceClntDetachDevice,devid_t,functionproto,alias,Parameter,1.0,True,310,323,['kernal_host'],['kernal_host'],kernal_host,kernal_host
42,65,core/manager/include/device_token_clnt.h,core/shared/include/device_token_if.h,,,file,file,Import,1.0,False,,,['manager'],['common'],manager,common
42,65,core/manager/include/device_token_clnt.h,core/shared/include/device_token_if.h,DeviceTokenClntNewInstance,IHdfDeviceToken,functionproto,type,Parameter,1.0,True,678,1001,['manager'],['common'],manager,common
42,65,core/manager/include/device_token_clnt.h,core/shared/include/device_token_if.h,DeviceTokenClnt,IHdfDeviceToken,type,type,Contain,1.0,True,679,1001,['manager'],['common'],manager,common
87,143,core/shared/src/svcmgr_ioservice.c,include/utils/hdf_dlist.h,,,file,file,Import,1.0,False,,,['common'],['utils'],common,utils
87,143,core/shared/src/svcmgr_ioservice.c,include/utils/hdf_dlist.h,SvcMgrIoservice,DListHead,type,type,Contain,1.0,True,1143,1773,['common'],['utils'],common,utils
87,142,core/shared/src/svcmgr_ioservice.c,include/utils/hdf_base.h,,,file,file,Import,1.0,False,,,['common'],['utils'],common,utils
87,145,core/shared/src/svcmgr_ioservice.c,include/utils/hdf_sbuf.h,SetListenClass,HdfSbufObtainDefaultSize,functionimpl,functionproto,Call,4.0,True,1136,1790,['common'],['utils'],common,utils
87,145,core/shared/src/svcmgr_ioservice.c,include/utils/hdf_sbuf.h,SetListenClass,HdfSbufWriteUint16,functionimpl,functionproto,Call,4.0,True,1136,1825,['common'],['utils'],common,utils
87,145,core/shared/src/svcmgr_ioservice.c,include/utils/hdf_sbuf.h,UnSetListenClass,HdfSbufObtainDefaultSize,functionimpl,functionproto,Call,4.0,True,1142,1790,['common'],['utils'],common,utils
87,145,core/shared/src/svcmgr_ioservice.c,include/utils/hdf_sbuf.h,UnSetListenClass,HdfSbufWriteUint16,functionimpl,functionproto,Call,4.0,True,1142,1825,['common'],['utils'],common,utils
87,145,core/shared/src/svcmgr_ioservice.c,include/utils/hdf_sbuf.h,,,file,file,Import,1.0,False,,,['common'],['utils'],common,utils
87,144,core/shared/src/svcmgr_ioservice.c,include/utils/hdf_log.h,,,file,file,Import,1.0,False,,,['common'],['utils'],common,utils
51,65,core/manager/src/device_token_clnt.c,core/shared/include/device_token_if.h,DeviceTokenClntConstruct,IHdfDeviceToken,functionimpl,type,Use,1.0,True,738,1001,['manager'],['common'],manager,common
51,65,core/manager/src/device_token_clnt.c,core/shared/include/device_token_if.h,DeviceTokenClntConstruct,IHdfDeviceToken,functionimpl,type,Parameter,2.0,True,738,1001,['manager'],['common'],manager,common
51,65,core/manager/src/device_token_clnt.c,core/shared/include/device_token_if.h,DeviceTokenClntNewInstance,IHdfDeviceToken,functionimpl,type,Parameter,2.0,True,741,1001,['manager'],['common'],manager,common
10,111,core/common/src/devmgr_service_start.c,include/osal/osal_mutex.h,DeviceManagerDispatch,OsalMutexLock,functionimpl,functionproto,Call,2.0,True,192,1397,['common'],['osal'],common,osal
10,111,core/common/src/devmgr_service_start.c,include/osal/osal_mutex.h,DeviceManagerDispatch,OsalMutexUnlock,functionimpl,functionproto,Call,2.0,True,192,1399,['common'],['osal'],common,osal
10,142,core/common/src/devmgr_service_start.c,include/utils/hdf_base.h,,,file,file,Import,1.0,False,,,['common'],['utils'],common,utils
10,145,core/common/src/devmgr_service_start.c,include/utils/hdf_sbuf.h,GetDeviceServiceNameByClass,HdfSbufFlush,functionimpl,functionproto,Call,5.0,True,197,1783,['common'],['utils'],common,utils
10,145,core/common/src/devmgr_service_start.c,include/utils/hdf_sbuf.h,GetDeviceServiceNameByClass,HdfSbufWriteString,functionimpl,functionproto,Call,5.0,True,197,1823,['common'],['utils'],common,utils
10,145,core/common/src/devmgr_service_start.c,include/utils/hdf_sbuf.h,DeviceManagerDispatch,HdfSbufReadString,functionimpl,functionproto,Call,5.0,True,192,1800,['common'],['utils'],common,utils
10,145,core/common/src/devmgr_service_start.c,include/utils/hdf_sbuf.h,DeviceManagerDispatch,HdfSbufReadInt32,functionimpl,functionproto,Call,5.0,True,192,1796,['common'],['utils'],common,utils
10,145,core/common/src/devmgr_service_start.c,include/utils/hdf_sbuf.h,,,file,file,Import,1.0,False,,,['common'],['utils'],common,utils
10,144,core/common/src/devmgr_service_start.c,include/utils/hdf_log.h,,,file,file,Import,1.0,False,,,['common'],['utils'],common,utils
51,42,core/manager/src/device_token_clnt.c,core/manager/include/device_token_clnt.h,DeviceTokenClntNewInstance,DeviceTokenClnt,functionimpl,type,Cast,2.0,True,741,679,['manager'],['manager'],manager,manager
51,42,core/manager/src/device_token_clnt.c,core/manager/include/device_token_clnt.h,DeviceTokenClntDelete,DeviceTokenClnt,functionimpl,type,Cast,2.0,True,739,679,['manager'],['manager'],manager,manager
51,42,core/manager/src/device_token_clnt.c,core/manager/include/device_token_clnt.h,,,file,file,Import,1.0,False,,,['manager'],['manager'],manager,manager
51,42,core/manager/src/device_token_clnt.c,core/manager/include/device_token_clnt.h,DeviceTokenClntNewInstance,DeviceTokenClnt,functionimpl,type,Return,1.0,True,741,679,['manager'],['manager'],manager,manager
51,42,core/manager/src/device_token_clnt.c,core/manager/include/device_token_clnt.h,DeviceTokenClntConstruct,DeviceTokenClnt,functionimpl,type,Use,3.0,True,738,679,['manager'],['manager'],manager,manager
51,42,core/manager/src/device_token_clnt.c,core/manager/include/device_token_clnt.h,DeviceTokenClntNewInstance,DeviceTokenClnt,functionimpl,type,Use,3.0,True,741,679,['manager'],['manager'],manager,manager
51,42,core/manager/src/device_token_clnt.c,core/manager/include/device_token_clnt.h,DeviceTokenClntNewInstance,DeviceTokenClntNewInstance,functionimpl,functionproto,Implement,3.0,True,741,678,['manager'],['manager'],manager,manager
51,42,core/manager/src/device_token_clnt.c,core/manager/include/device_token_clnt.h,DeviceTokenClntFreeInstance,DeviceTokenClntFreeInstance,functionimpl,functionproto,Implement,3.0,True,740,677,['manager'],['manager'],manager,manager
51,42,core/manager/src/device_token_clnt.c,core/manager/include/device_token_clnt.h,DeviceTokenClntDelete,DeviceTokenClntDelete,functionimpl,functionproto,Implement,3.0,True,739,676,['manager'],['manager'],manager,manager
51,42,core/manager/src/device_token_clnt.c,core/manager/include/device_token_clnt.h,DeviceTokenClntConstruct,DeviceTokenClnt,functionimpl,type,Parameter,2.0,True,738,679,['manager'],['manager'],manager,manager
51,42,core/manager/src/device_token_clnt.c,core/manager/include/device_token_clnt.h,DeviceTokenClntFreeInstance,DeviceTokenClnt,functionimpl,type,Parameter,2.0,True,740,679,['manager'],['manager'],manager,manager
51,42,core/manager/src/device_token_clnt.c,core/manager/include/device_token_clnt.h,DeviceTokenClntNewInstance,DeviceTokenClnt,functionimpl,type,Contain,2.0,True,741,679,['manager'],['manager'],manager,manager
51,42,core/manager/src/device_token_clnt.c,core/manager/include/device_token_clnt.h,DeviceTokenClntDelete,DeviceTokenClnt,functionimpl,type,Contain,2.0,True,739,679,['manager'],['manager'],manager,manager
51,20,core/manager/src/device_token_clnt.c,core/host/include/hdf_device_token.h,,,file,file,Import,1.0,False,,,['manager'],['kernal_host'],manager,kernal_host
57,110,core/manager/src/hdf_host_info.c,include/osal/osal_mem.h,HdfHostInfoNewInstance,OsalMemCalloc,functionimpl,functionproto,Call,2.0,True,904,1392,['manager'],['osal'],manager,osal
57,110,core/manager/src/hdf_host_info.c,include/osal/osal_mem.h,HdfHostInfoFreeInstance,OsalMemFree,functionimpl,functionproto,Call,2.0,True,903,1393,['manager'],['osal'],manager,osal
57,110,core/manager/src/hdf_host_info.c,include/osal/osal_mem.h,,,file,file,Import,1.0,False,,,['manager'],['osal'],manager,osal
12,143,core/common/src/hdf_attribute_macro.c,include/utils/hdf_dlist.h,HdfAttributeManagerGetHostList,DListHeadInit,functionimpl,functionimpl,Call,2.0,True,251,1766,['common'],['utils'],common,utils
12,143,core/common/src/hdf_attribute_macro.c,include/utils/hdf_dlist.h,HdfAttributeManagerGetDeviceList,DListHeadInit,functionimpl,functionimpl,Call,2.0,True,250,1766,['common'],['utils'],common,utils
12,143,core/common/src/hdf_attribute_macro.c,include/utils/hdf_dlist.h,HdfAttributeManagerGetHostList,DListHeadInit,functionimpl,functionimpl,Use,2.0,True,251,1766,['common'],['utils'],common,utils
12,143,core/common/src/hdf_attribute_macro.c,include/utils/hdf_dlist.h,HdfAttributeManagerGetDeviceList,DListHeadInit,functionimpl,functionimpl,Use,2.0,True,250,1766,['common'],['utils'],common,utils
12,141,core/common/src/hdf_attribute_macro.c,include/utils/hcs_macro.h,,,file,file,Import,1.0,False,,,['common'],['utils'],common,utils
12,144,core/common/src/hdf_attribute_macro.c,include/utils/hdf_log.h,,,file,file,Import,1.0,False,,,['common'],['utils'],common,utils
35,73,core/host/src/hdf_driver_loader.c,core/shared/include/hdf_object_manager.h,HdfDriverLoaderGetInstance,HdfObjectManagerGetObject,functionimpl,functionproto,Call,1.0,True,584,1052,['kernal_host'],['common'],kernal_host,common
35,73,core/host/src/hdf_driver_loader.c,core/shared/include/hdf_object_manager.h,,,file,file,Import,1.0,False,,,['kernal_host'],['common'],kernal_host,common
35,71,core/host/src/hdf_driver_loader.c,core/shared/include/hdf_driver.h,HdfDriverEntryConstruct,HdfRegisterDriverEntry,functionimpl,functionproto,Call,2.0,True,580,1028,['kernal_host'],['common'],kernal_host,common
35,71,core/host/src/hdf_driver_loader.c,core/shared/include/hdf_driver.h,HdfDriverLoaderGetDriver,HdfDriverManagerGetDriver,functionimpl,functionproto,Call,2.0,True,583,1025,['kernal_host'],['common'],kernal_host,common
35,71,core/host/src/hdf_driver_loader.c,core/shared/include/hdf_driver.h,,,file,file,Import,1.0,False,,,['kernal_host'],['common'],kernal_host,common
35,71,core/host/src/hdf_driver_loader.c,core/shared/include/hdf_driver.h,HdfDriverLoaderGetDriver,HdfDriver,functionimpl,type,Return,1.0,True,583,1031,['kernal_host'],['common'],kernal_host,common
35,71,core/host/src/hdf_driver_loader.c,core/shared/include/hdf_driver.h,HdfDriverLoaderConstruct,HdfDriver,functionimpl,type,Use,1.0,True,581,1031,['kernal_host'],['common'],kernal_host,common
35,71,core/host/src/hdf_driver_loader.c,core/shared/include/hdf_driver.h,HdfDriverLoaderReclaimDriver,HdfDriver,functionimpl,type,Parameter,1.0,True,585,1031,['kernal_host'],['common'],kernal_host,common
12,110,core/common/src/hdf_attribute_macro.c,include/osal/osal_mem.h,AttributeManagerFreeDevHost,OsalMemFree,functionimpl,functionproto,Call,7.0,True,244,1393,['common'],['osal'],common,osal
12,110,core/common/src/hdf_attribute_macro.c,include/osal/osal_mem.h,HdfAttributeManagerGetHostList,OsalMemCalloc,functionimpl,functionproto,Call,7.0,True,251,1392,['common'],['osal'],common,osal
12,110,core/common/src/hdf_attribute_macro.c,include/osal/osal_mem.h,AttributeManagerFreeHost,OsalMemFree,functionimpl,functionproto,Call,7.0,True,245,1393,['common'],['osal'],common,osal
12,110,core/common/src/hdf_attribute_macro.c,include/osal/osal_mem.h,HdfAttributeManagerGetDeviceList,OsalMemCalloc,functionimpl,functionproto,Call,7.0,True,250,1392,['common'],['osal'],common,osal
12,110,core/common/src/hdf_attribute_macro.c,include/osal/osal_mem.h,,,file,file,Import,1.0,False,,,['common'],['osal'],common,osal
35,21,core/host/src/hdf_driver_loader.c,core/host/include/hdf_driver_loader.h,HdfDriverLoaderGetInstance,IDriverLoader,functionimpl,type,Cast,1.0,True,584,378,['kernal_host'],['kernal_host'],kernal_host,kernal_host
35,21,core/host/src/hdf_driver_loader.c,core/host/include/hdf_driver_loader.h,,,file,file,Import,1.0,False,,,['kernal_host'],['kernal_host'],kernal_host,kernal_host
35,21,core/host/src/hdf_driver_loader.c,core/host/include/hdf_driver_loader.h,HdfDriverLoaderGetInstance,IDriverLoader,functionimpl,type,Return,1.0,True,584,378,['kernal_host'],['kernal_host'],kernal_host,kernal_host
35,21,core/host/src/hdf_driver_loader.c,core/host/include/hdf_driver_loader.h,HdfDriverLoaderConstruct,HdfDriverLoader,functionimpl,type,Use,3.0,True,581,377,['kernal_host'],['kernal_host'],kernal_host,kernal_host
35,21,core/host/src/hdf_driver_loader.c,core/host/include/hdf_driver_loader.h,HdfDriverLoaderGetInstance,IDriverLoader,functionimpl,type,Use,3.0,True,584,378,['kernal_host'],['kernal_host'],kernal_host,kernal_host
35,21,core/host/src/hdf_driver_loader.c,core/host/include/hdf_driver_loader.h,HdfDriverLoaderGetDriver,HdfDriverLoaderGetDriver,functionimpl,functionproto,Implement,4.0,True,583,372,['kernal_host'],['kernal_host'],kernal_host,kernal_host
35,21,core/host/src/hdf_driver_loader.c,core/host/include/hdf_driver_loader.h,HdfDriverLoaderConstruct,HdfDriverLoaderConstruct,functionimpl,functionproto,Implement,4.0,True,581,370,['kernal_host'],['kernal_host'],kernal_host,kernal_host
35,21,core/host/src/hdf_driver_loader.c,core/host/include/hdf_driver_loader.h,HdfDriverLoaderCreate,HdfDriverLoaderCreate,functionimpl,functionproto,Implement,4.0,True,582,371,['kernal_host'],['kernal_host'],kernal_host,kernal_host
35,21,core/host/src/hdf_driver_loader.c,core/host/include/hdf_driver_loader.h,HdfDriverLoaderGetInstance,HdfDriverLoaderGetInstance,functionimpl,functionproto,Implement,4.0,True,584,373,['kernal_host'],['kernal_host'],kernal_host,kernal_host
35,21,core/host/src/hdf_driver_loader.c,core/host/include/hdf_driver_loader.h,HdfDriverLoaderConstruct,HdfDriverLoader,functionimpl,type,Parameter,1.0,True,581,377,['kernal_host'],['kernal_host'],kernal_host,kernal_host
35,21,core/host/src/hdf_driver_loader.c,core/host/include/hdf_driver_loader.h,HdfDriverLoaderCreate,HdfDriverLoader,functionimpl,type,Contain,2.0,True,582,377,['kernal_host'],['kernal_host'],kernal_host,kernal_host
35,21,core/host/src/hdf_driver_loader.c,core/host/include/hdf_driver_loader.h,HdfDriverLoaderGetInstance,IDriverLoader,functionimpl,type,Contain,2.0,True,584,378,['kernal_host'],['kernal_host'],kernal_host,kernal_host
22,98,core/host/include/hdf_observer_record.h,include/core/hdf_object.h,,,file,file,Import,1.0,False,,,['kernal_host'],['common'],kernal_host,common
22,98,core/host/include/hdf_observer_record.h,include/core/hdf_object.h,HdfServiceObserverRecord,HdfObject,type,type,Contain,1.0,True,385,1265,['kernal_host'],['common'],kernal_host,common
15,65,core/host/include/devmgr_service_clnt.h,core/shared/include/device_token_if.h,DevmgrServiceClntAttachDevice,IHdfDeviceToken,functionproto,type,Parameter,1.0,True,308,1001,['kernal_host'],['common'],kernal_host,common
15,64,core/host/include/devmgr_service_clnt.h,core/shared/include/devhost_service_if.h,,,file,file,Import,1.0,False,,,['kernal_host'],['common'],kernal_host,common
15,64,core/host/include/devmgr_service_clnt.h,core/shared/include/devhost_service_if.h,DevmgrServiceClntAttachDeviceHost,IDevHostService,functionproto,type,Parameter,1.0,True,309,999,['kernal_host'],['common'],kernal_host,common
15,66,core/host/include/devmgr_service_clnt.h,core/shared/include/devmgr_service_if.h,,,file,file,Import,1.0,False,,,['kernal_host'],['common'],kernal_host,common
15,66,core/host/include/devmgr_service_clnt.h,core/shared/include/devmgr_service_if.h,DevmgrServiceClnt,IDevmgrService,type,type,Contain,1.0,True,313,1004,['kernal_host'],['common'],kernal_host,common
31,142,core/host/src/hdf_device.c,include/utils/hdf_base.h,,,file,file,Import,1.0,False,,,['kernal_host'],['utils'],kernal_host,utils
85,110,core/shared/src/ioserstat_listener.c,include/osal/osal_mem.h,IoServiceStatusListenerNewInstance,OsalMemCalloc,functionimpl,functionproto,Call,2.0,True,1121,1392,['common'],['osal'],common,osal
85,110,core/shared/src/ioserstat_listener.c,include/osal/osal_mem.h,IoServiceStatusListenerFree,OsalMemFree,functionimpl,functionproto,Call,2.0,True,1120,1393,['common'],['osal'],common,osal
85,110,core/shared/src/ioserstat_listener.c,include/osal/osal_mem.h,,,file,file,Import,1.0,False,,,['common'],['osal'],common,osal
31,143,core/host/src/hdf_device.c,include/utils/hdf_dlist.h,HdfDeviceAttach,DListInsertTail,functionimpl,functionimpl,Call,4.0,True,483,1768,['kernal_host'],['utils'],kernal_host,utils
31,143,core/host/src/hdf_device.c,include/utils/hdf_dlist.h,HdfDeviceDetach,DListRemove,functionimpl,functionimpl,Call,4.0,True,487,1771,['kernal_host'],['utils'],kernal_host,utils
31,143,core/host/src/hdf_device.c,include/utils/hdf_dlist.h,HdfDeviceConstruct,DListHeadInit,functionimpl,functionimpl,Call,4.0,True,484,1766,['kernal_host'],['utils'],kernal_host,utils
31,143,core/host/src/hdf_device.c,include/utils/hdf_dlist.h,HdfDeviceDestruct,DListHeadInit,functionimpl,functionimpl,Call,4.0,True,486,1766,['kernal_host'],['utils'],kernal_host,utils
31,143,core/host/src/hdf_device.c,include/utils/hdf_dlist.h,HdfDeviceAttach,DListInsertTail,functionimpl,functionimpl,Use,4.0,True,483,1768,['kernal_host'],['utils'],kernal_host,utils
31,143,core/host/src/hdf_device.c,include/utils/hdf_dlist.h,HdfDeviceDetach,DListRemove,functionimpl,functionimpl,Use,4.0,True,487,1771,['kernal_host'],['utils'],kernal_host,utils
31,143,core/host/src/hdf_device.c,include/utils/hdf_dlist.h,HdfDeviceConstruct,DListHeadInit,functionimpl,functionimpl,Use,4.0,True,484,1766,['kernal_host'],['utils'],kernal_host,utils
31,143,core/host/src/hdf_device.c,include/utils/hdf_dlist.h,HdfDeviceDestruct,DListHeadInit,functionimpl,functionimpl,Use,4.0,True,486,1766,['kernal_host'],['utils'],kernal_host,utils
31,144,core/host/src/hdf_device.c,include/utils/hdf_log.h,,,file,file,Import,1.0,False,,,['kernal_host'],['utils'],kernal_host,utils
35,98,core/host/src/hdf_driver_loader.c,include/core/hdf_object.h,HdfDriverLoaderCreate,HdfObject,functionimpl,type,Cast,1.0,True,582,1265,['kernal_host'],['common'],kernal_host,common
35,98,core/host/src/hdf_driver_loader.c,include/core/hdf_object.h,HdfDriverLoaderCreate,HdfObject,functionimpl,type,Return,1.0,True,582,1265,['kernal_host'],['common'],kernal_host,common
35,96,core/host/src/hdf_driver_loader.c,include/core/hdf_device_desc.h,HdfDriverEntryConstruct,HdfDriverEntry,functionimpl,type,Cast,1.0,True,580,1239,['kernal_host'],['common'],kernal_host,common
35,96,core/host/src/hdf_driver_loader.c,include/core/hdf_device_desc.h,HdfDriverEntryConstruct,HdfDriverEntry,functionimpl,type,Use,1.0,True,580,1239,['kernal_host'],['common'],kernal_host,common
35,96,core/host/src/hdf_driver_loader.c,include/core/hdf_device_desc.h,HdfDriverEntryConstruct,HdfDriverEntry,functionimpl,type,Contain,1.0,True,580,1239,['kernal_host'],['common'],kernal_host,common
22,17,core/host/include/hdf_observer_record.h,core/host/include/hdf_device.h,,,file,file,Import,1.0,False,,,['kernal_host'],['kernal_host'],kernal_host,kernal_host
22,17,core/host/include/hdf_observer_record.h,core/host/include/hdf_device.h,HdfServiceObserverRecordNotifySubscribers,devid_t,functionproto,alias,Parameter,1.0,True,382,323,['kernal_host'],['kernal_host'],kernal_host,kernal_host
31,110,core/host/src/hdf_device.c,include/osal/osal_mem.h,HdfDeviceCreate,OsalMemCalloc,functionimpl,functionproto,Call,2.0,True,485,1392,['kernal_host'],['osal'],kernal_host,osal
31,110,core/host/src/hdf_device.c,include/osal/osal_mem.h,HdfDeviceRelease,OsalMemFree,functionimpl,functionproto,Call,2.0,True,492,1393,['kernal_host'],['osal'],kernal_host,osal
31,110,core/host/src/hdf_device.c,include/osal/osal_mem.h,,,file,file,Import,1.0,False,,,['kernal_host'],['osal'],kernal_host,osal
118,130,include/platform/dac_if.h,include/platform/platform_if.h,,,file,file,Import,1.0,False,,,['platform'],['platform'],platform,platform
118,130,include/platform/dac_if.h,include/platform/platform_if.h,DacOpen,DevHandle,functionproto,alias,Return,1.0,True,1453,1630,['platform'],['platform'],platform,platform
118,130,include/platform/dac_if.h,include/platform/platform_if.h,DacClose,DevHandle,functionproto,alias,Parameter,2.0,True,1452,1630,['platform'],['platform'],platform,platform
118,130,include/platform/dac_if.h,include/platform/platform_if.h,DacWrite,DevHandle,functionproto,alias,Parameter,2.0,True,1454,1630,['platform'],['platform'],platform,platform
39,110,core/host/src/hdf_service_subscriber.c,include/osal/osal_mem.h,HdfServiceSubscriberObtain,OsalMemCalloc,functionimpl,functionproto,Call,2.0,True,644,1392,['kernal_host'],['osal'],kernal_host,osal
39,110,core/host/src/hdf_service_subscriber.c,include/osal/osal_mem.h,HdfServiceSubscriberRecycle,OsalMemFree,functionimpl,functionproto,Call,2.0,True,645,1393,['kernal_host'],['osal'],kernal_host,osal
39,110,core/host/src/hdf_service_subscriber.c,include/osal/osal_mem.h,,,file,file,Import,1.0,False,,,['kernal_host'],['osal'],kernal_host,osal
28,64,core/host/src/devhost_service.c,core/shared/include/devhost_service_if.h,DevHostServiceNewInstance,IDevHostService,functionimpl,type,Cast,1.0,True,424,999,['kernal_host'],['common'],kernal_host,common
28,64,core/host/src/devhost_service.c,core/shared/include/devhost_service_if.h,DevHostServiceNewInstance,IDevHostService,functionimpl,type,Return,1.0,True,424,999,['kernal_host'],['common'],kernal_host,common
28,64,core/host/src/devhost_service.c,core/shared/include/devhost_service_if.h,DevHostServiceConstruct,IDevHostService,functionimpl,type,Use,5.0,True,417,999,['kernal_host'],['common'],kernal_host,common
28,64,core/host/src/devhost_service.c,core/shared/include/devhost_service_if.h,DevHostServiceFreeInstance,IDevHostService,functionimpl,type,Use,5.0,True,423,999,['kernal_host'],['common'],kernal_host,common
28,64,core/host/src/devhost_service.c,core/shared/include/devhost_service_if.h,DevHostServiceAddDevice,IDevHostService,functionimpl,type,Parameter,5.0,True,416,999,['kernal_host'],['common'],kernal_host,common
28,64,core/host/src/devhost_service.c,core/shared/include/devhost_service_if.h,DevHostServiceDelDevice,IDevHostService,functionimpl,type,Parameter,5.0,True,419,999,['kernal_host'],['common'],kernal_host,common
28,64,core/host/src/devhost_service.c,core/shared/include/devhost_service_if.h,DevHostServiceStartService,IDevHostService,functionimpl,type,Parameter,5.0,True,428,999,['kernal_host'],['common'],kernal_host,common
28,64,core/host/src/devhost_service.c,core/shared/include/devhost_service_if.h,DevHostServicePmNotify,IDevHostService,functionimpl,type,Parameter,5.0,True,425,999,['kernal_host'],['common'],kernal_host,common
28,64,core/host/src/devhost_service.c,core/shared/include/devhost_service_if.h,DevHostServiceFreeInstance,IDevHostService,functionimpl,type,Parameter,5.0,True,423,999,['kernal_host'],['common'],kernal_host,common
28,64,core/host/src/devhost_service.c,core/shared/include/devhost_service_if.h,DevHostServiceConstruct,IDevHostService,functionimpl,type,Contain,1.0,True,417,999,['kernal_host'],['common'],kernal_host,common
28,73,core/host/src/devhost_service.c,core/shared/include/hdf_object_manager.h,DevHostServiceNewInstance,HdfObjectManagerGetObject,functionimpl,functionproto,Call,2.0,True,424,1052,['kernal_host'],['common'],kernal_host,common
28,73,core/host/src/devhost_service.c,core/shared/include/hdf_object_manager.h,DevHostServiceFreeInstance,HdfObjectManagerFreeObject,functionimpl,functionproto,Call,2.0,True,423,1050,['kernal_host'],['common'],kernal_host,common
28,73,core/host/src/devhost_service.c,core/shared/include/hdf_object_manager.h,,,file,file,Import,1.0,False,,,['kernal_host'],['common'],kernal_host,common
28,74,core/host/src/devhost_service.c,core/shared/include/hdf_power_state.h,ApplyDevicesPowerState,IsPowerWakeState,functionimpl,functionimpl,Call,2.0,True,415,1056,['kernal_host'],['common'],kernal_host,common
28,74,core/host/src/devhost_service.c,core/shared/include/hdf_power_state.h,DevHostServicePmNotify,IsPowerWakeState,functionimpl,functionimpl,Call,2.0,True,425,1056,['kernal_host'],['common'],kernal_host,common
28,74,core/host/src/devhost_service.c,core/shared/include/hdf_power_state.h,ApplyDevicesPowerState,IsPowerWakeState,functionimpl,functionimpl,Use,2.0,True,415,1056,['kernal_host'],['common'],kernal_host,common
28,74,core/host/src/devhost_service.c,core/shared/include/hdf_power_state.h,DevHostServicePmNotify,IsPowerWakeState,functionimpl,functionimpl,Use,2.0,True,425,1056,['kernal_host'],['common'],kernal_host,common
28,71,core/host/src/devhost_service.c,core/shared/include/hdf_driver.h,,,file,file,Import,1.0,False,,,['kernal_host'],['common'],kernal_host,common
28,71,core/host/src/devhost_service.c,core/shared/include/hdf_driver.h,DevHostServiceAddDevice,HdfDriver,functionimpl,type,Use,1.0,True,416,1031,['kernal_host'],['common'],kernal_host,common
28,71,core/host/src/devhost_service.c,core/shared/include/hdf_driver.h,DevHostServiceAddDevice,HdfDriver,functionimpl,type,Contain,1.0,True,416,1031,['kernal_host'],['common'],kernal_host,common
28,70,core/host/src/devhost_service.c,core/shared/include/hdf_device_info.h,DevHostServiceAddDevice,HdfDeviceInfo,functionimpl,type,Use,2.0,True,416,1023,['kernal_host'],['common'],kernal_host,common
28,70,core/host/src/devhost_service.c,core/shared/include/hdf_device_info.h,DevHostServiceAddDevice,HdfDeviceInfo,functionimpl,type,Parameter,1.0,True,416,1023,['kernal_host'],['common'],kernal_host,common
109,142,include/osal/osal_irq.h,include/utils/hdf_base.h,,,file,file,Import,1.0,False,,,['osal'],['utils'],osal,utils
28,98,core/host/src/devhost_service.c,include/core/hdf_object.h,DevHostServiceCreate,HdfObject,functionimpl,type,Cast,1.0,True,418,1265,['kernal_host'],['common'],kernal_host,common
28,98,core/host/src/devhost_service.c,include/core/hdf_object.h,DevHostServiceCreate,HdfObject,functionimpl,type,Return,1.0,True,418,1265,['kernal_host'],['common'],kernal_host,common
28,98,core/host/src/devhost_service.c,include/core/hdf_object.h,DevHostServiceRelease,HdfObject,functionimpl,type,Parameter,1.0,True,427,1265,['kernal_host'],['common'],kernal_host,common
133,134,include/platform/rtc_base.h,include/platform/rtc_if.h,,,file,file,Import,1.0,False,,,['platform'],['platform'],platform,platform
133,134,include/platform/rtc_base.h,include/platform/rtc_if.h,RtcIsInvalid,RtcTime,functionproto,type,Parameter,4.0,True,1660,1682,['platform'],['platform'],platform,platform
133,134,include/platform/rtc_base.h,include/platform/rtc_if.h,RtcGetWeekDay,RtcTime,functionproto,type,Parameter,4.0,True,1659,1682,['platform'],['platform'],platform,platform
133,134,include/platform/rtc_base.h,include/platform/rtc_if.h,RtcTimeToTimestamp,RtcTime,functionproto,type,Parameter,4.0,True,1662,1682,['platform'],['platform'],platform,platform
133,134,include/platform/rtc_base.h,include/platform/rtc_if.h,TimestampToRtcTime,RtcTime,functionproto,type,Parameter,4.0,True,1663,1682,['platform'],['platform'],platform,platform
96,98,include/core/hdf_device_desc.h,include/core/hdf_object.h,,,file,file,Import,1.0,False,,,['common'],['common'],common,common
96,98,include/core/hdf_device_desc.h,include/core/hdf_object.h,DevSvcManagerClntGetService,HdfObject,functionproto,type,Return,1.0,True,1230,1265,['common'],['common'],common,common
96,98,include/core/hdf_device_desc.h,include/core/hdf_object.h,,HdfObject,functionproto,type,Parameter,1.0,True,1229,1265,['common'],['common'],common,common
96,98,include/core/hdf_device_desc.h,include/core/hdf_object.h,IDeviceIoService,HdfObject,type,type,Contain,1.0,True,1240,1265,['common'],['common'],common,common
96,97,include/core/hdf_device_desc.h,include/core/hdf_io_service_if.h,,,file,file,Import,1.0,False,,,['common'],['common'],common,common
96,97,include/core/hdf_device_desc.h,include/core/hdf_io_service_if.h,HdfDeviceSetClass,DeviceClass,functionproto,alias,Parameter,1.0,True,1234,1242,['common'],['common'],common,common
69,41,core/shared/include/hdf_attribute_manager.h,core/manager/include/devhost_service_clnt.h,,,file,file,Import,1.0,False,,,['common'],['manager'],common,manager
69,41,core/shared/include/hdf_attribute_manager.h,core/manager/include/devhost_service_clnt.h,HdfAttributeManagerGetDeviceList,DevHostServiceClnt,functionproto,type,Parameter,1.0,True,1014,674,['common'],['manager'],common,manager
146,142,include/utils/hdf_workqueue.h,include/utils/hdf_base.h,,,file,file,Import,1.0,False,,,['utils'],['utils'],utils,utils
28,17,core/host/src/devhost_service.c,core/host/include/hdf_device.h,DevHostServiceFindDevice,HdfDevice,functionimpl,type,Cast,18.0,True,421,333,['kernal_host'],['kernal_host'],kernal_host,kernal_host
28,17,core/host/src/devhost_service.c,core/host/include/hdf_device.h,DevHostServicePmNotify,HdfDevice,functionimpl,type,Cast,18.0,True,425,333,['kernal_host'],['kernal_host'],kernal_host,kernal_host
28,17,core/host/src/devhost_service.c,core/host/include/hdf_device.h,DevHostServiceDestruct,HdfDevice,functionimpl,type,Cast,18.0,True,420,333,['kernal_host'],['kernal_host'],kernal_host,kernal_host
28,17,core/host/src/devhost_service.c,core/host/include/hdf_device.h,DevHostServiceFreeDevice,HdfDeviceFreeInstance,functionimpl,functionproto,Call,3.0,True,422,330,['kernal_host'],['kernal_host'],kernal_host,kernal_host
28,17,core/host/src/devhost_service.c,core/host/include/hdf_device.h,DevHostServiceQueryOrAddDevice,HdfDeviceNewInstance,functionimpl,functionproto,Call,3.0,True,426,331,['kernal_host'],['kernal_host'],kernal_host,kernal_host
28,17,core/host/src/devhost_service.c,core/host/include/hdf_device.h,DevHostServiceDestruct,HdfDeviceFreeInstance,functionimpl,functionproto,Call,3.0,True,420,330,['kernal_host'],['kernal_host'],kernal_host,kernal_host
28,17,core/host/src/devhost_service.c,core/host/include/hdf_device.h,DevHostServiceFindDevice,HdfDevice,functionimpl,type,Return,2.0,True,421,333,['kernal_host'],['kernal_host'],kernal_host,kernal_host
28,17,core/host/src/devhost_service.c,core/host/include/hdf_device.h,DevHostServiceQueryOrAddDevice,HdfDevice,functionimpl,type,Return,2.0,True,426,333,['kernal_host'],['kernal_host'],kernal_host,kernal_host
28,17,core/host/src/devhost_service.c,core/host/include/hdf_device.h,DevHostServiceFindDevice,HdfDevice,functionimpl,type,Use,27.0,True,421,333,['kernal_host'],['kernal_host'],kernal_host,kernal_host
28,17,core/host/src/devhost_service.c,core/host/include/hdf_device.h,DevHostServiceFreeDevice,HdfDevice,functionimpl,type,Use,27.0,True,422,333,['kernal_host'],['kernal_host'],kernal_host,kernal_host
28,17,core/host/src/devhost_service.c,core/host/include/hdf_device.h,DevHostServiceQueryOrAddDevice,HdfDevice,functionimpl,type,Use,27.0,True,426,333,['kernal_host'],['kernal_host'],kernal_host,kernal_host
28,17,core/host/src/devhost_service.c,core/host/include/hdf_device.h,DevHostServiceAddDevice,HdfDevice,functionimpl,type,Use,27.0,True,416,333,['kernal_host'],['kernal_host'],kernal_host,kernal_host
28,17,core/host/src/devhost_service.c,core/host/include/hdf_device.h,DevHostServiceDelDevice,HdfDevice,functionimpl,type,Use,27.0,True,419,333,['kernal_host'],['kernal_host'],kernal_host,kernal_host
28,17,core/host/src/devhost_service.c,core/host/include/hdf_device.h,DevHostServicePmNotify,HdfDevice,functionimpl,type,Use,27.0,True,425,333,['kernal_host'],['kernal_host'],kernal_host,kernal_host
28,17,core/host/src/devhost_service.c,core/host/include/hdf_device.h,DevHostServiceDestruct,HdfDevice,functionimpl,type,Use,27.0,True,420,333,['kernal_host'],['kernal_host'],kernal_host,kernal_host
28,17,core/host/src/devhost_service.c,core/host/include/hdf_device.h,DevHostServiceFreeDevice,HdfDevice,functionimpl,type,Parameter,3.0,True,422,333,['kernal_host'],['kernal_host'],kernal_host,kernal_host
28,17,core/host/src/devhost_service.c,core/host/include/hdf_device.h,DevHostServiceDelDevice,devid_t,functionimpl,alias,Parameter,3.0,True,419,323,['kernal_host'],['kernal_host'],kernal_host,kernal_host
28,17,core/host/src/devhost_service.c,core/host/include/hdf_device.h,ApplyDevicesPowerState,HdfDevice,functionimpl,type,Parameter,3.0,True,415,333,['kernal_host'],['kernal_host'],kernal_host,kernal_host
28,17,core/host/src/devhost_service.c,core/host/include/hdf_device.h,DevHostServiceFindDevice,HdfDevice,functionimpl,type,Contain,7.0,True,421,333,['kernal_host'],['kernal_host'],kernal_host,kernal_host
28,17,core/host/src/devhost_service.c,core/host/include/hdf_device.h,DevHostServiceQueryOrAddDevice,HdfDevice,functionimpl,type,Contain,7.0,True,426,333,['kernal_host'],['kernal_host'],kernal_host,kernal_host
28,17,core/host/src/devhost_service.c,core/host/include/hdf_device.h,DevHostServiceAddDevice,HdfDevice,functionimpl,type,Contain,7.0,True,416,333,['kernal_host'],['kernal_host'],kernal_host,kernal_host
28,17,core/host/src/devhost_service.c,core/host/include/hdf_device.h,DevHostServiceDelDevice,HdfDevice,functionimpl,type,Contain,7.0,True,419,333,['kernal_host'],['kernal_host'],kernal_host,kernal_host
28,17,core/host/src/devhost_service.c,core/host/include/hdf_device.h,DevHostServicePmNotify,HdfDevice,functionimpl,type,Contain,7.0,True,425,333,['kernal_host'],['kernal_host'],kernal_host,kernal_host
28,17,core/host/src/devhost_service.c,core/host/include/hdf_device.h,DevHostServiceDestruct,HdfDevice,functionimpl,type,Contain,7.0,True,420,333,['kernal_host'],['kernal_host'],kernal_host,kernal_host
28,18,core/host/src/devhost_service.c,core/host/include/hdf_device_node.h,ApplyDevicesPowerState,HdfDeviceNode,functionimpl,type,Cast,8.0,True,415,348,['kernal_host'],['kernal_host'],kernal_host,kernal_host
28,18,core/host/src/devhost_service.c,core/host/include/hdf_device_node.h,DevHostServiceAddDevice,HdfDeviceNodeNewInstance,functionimpl,functionproto,Call,3.0,True,416,343,['kernal_host'],['kernal_host'],kernal_host,kernal_host
28,18,core/host/src/devhost_service.c,core/host/include/hdf_device_node.h,DevHostServiceAddDevice,HdfDeviceNodeFreeInstance,functionimpl,functionproto,Call,3.0,True,416,342,['kernal_host'],['kernal_host'],kernal_host,kernal_host
28,18,core/host/src/devhost_service.c,core/host/include/hdf_device_node.h,DevHostServiceDelDevice,HdfDeviceNodeFreeInstance,functionimpl,functionproto,Call,3.0,True,419,342,['kernal_host'],['kernal_host'],kernal_host,kernal_host
28,18,core/host/src/devhost_service.c,core/host/include/hdf_device_node.h,DevHostServiceAddDevice,HdfDeviceNode,functionimpl,type,Use,12.0,True,416,348,['kernal_host'],['kernal_host'],kernal_host,kernal_host
28,18,core/host/src/devhost_service.c,core/host/include/hdf_device_node.h,ApplyDevicesPowerState,HdfDeviceNode,functionimpl,type,Use,12.0,True,415,348,['kernal_host'],['kernal_host'],kernal_host,kernal_host
28,18,core/host/src/devhost_service.c,core/host/include/hdf_device_node.h,DevHostServiceAddDevice,HdfDeviceNode,functionimpl,type,Contain,3.0,True,416,348,['kernal_host'],['kernal_host'],kernal_host,kernal_host
28,18,core/host/src/devhost_service.c,core/host/include/hdf_device_node.h,DevHostServiceDelDevice,HdfDeviceNode,functionimpl,type,Contain,3.0,True,419,348,['kernal_host'],['kernal_host'],kernal_host,kernal_host
28,18,core/host/src/devhost_service.c,core/host/include/hdf_device_node.h,ApplyDevicesPowerState,HdfDeviceNode,functionimpl,type,Contain,3.0,True,415,348,['kernal_host'],['kernal_host'],kernal_host,kernal_host
28,15,core/host/src/devhost_service.c,core/host/include/devmgr_service_clnt.h,DevHostServiceStartService,DevmgrServiceClntAttachDeviceHost,functionimpl,functionproto,Call,1.0,True,428,309,['kernal_host'],['kernal_host'],kernal_host,kernal_host
28,15,core/host/src/devhost_service.c,core/host/include/devmgr_service_clnt.h,,,file,file,Import,1.0,False,,,['kernal_host'],['kernal_host'],kernal_host,kernal_host
28,16,core/host/src/devhost_service.c,core/host/include/devsvc_manager_clnt.h,,,file,file,Import,1.0,False,,,['kernal_host'],['kernal_host'],kernal_host,kernal_host
28,14,core/host/src/devhost_service.c,core/host/include/devhost_service.h,DevHostServiceAddDevice,DevHostService,functionimpl,type,Cast,9.0,True,416,306,['kernal_host'],['kernal_host'],kernal_host,kernal_host
28,14,core/host/src/devhost_service.c,core/host/include/devhost_service.h,DevHostServiceDelDevice,DevHostService,functionimpl,type,Cast,9.0,True,419,306,['kernal_host'],['kernal_host'],kernal_host,kernal_host
28,14,core/host/src/devhost_service.c,core/host/include/devhost_service.h,DevHostServiceStartService,DevHostService,functionimpl,type,Cast,9.0,True,428,306,['kernal_host'],['kernal_host'],kernal_host,kernal_host
28,14,core/host/src/devhost_service.c,core/host/include/devhost_service.h,DevHostServicePmNotify,DevHostService,functionimpl,type,Cast,9.0,True,425,306,['kernal_host'],['kernal_host'],kernal_host,kernal_host
28,14,core/host/src/devhost_service.c,core/host/include/devhost_service.h,DevHostServiceCreate,DevHostService,functionimpl,type,Cast,9.0,True,418,306,['kernal_host'],['kernal_host'],kernal_host,kernal_host
28,14,core/host/src/devhost_service.c,core/host/include/devhost_service.h,DevHostServiceRelease,DevHostService,functionimpl,type,Cast,9.0,True,427,306,['kernal_host'],['kernal_host'],kernal_host,kernal_host
28,14,core/host/src/devhost_service.c,core/host/include/devhost_service.h,DevHostServiceNewInstance,DevHostService,functionimpl,type,Cast,9.0,True,424,306,['kernal_host'],['kernal_host'],kernal_host,kernal_host
28,14,core/host/src/devhost_service.c,core/host/include/devhost_service.h,,,file,file,Import,1.0,False,,,['kernal_host'],['kernal_host'],kernal_host,kernal_host
28,14,core/host/src/devhost_service.c,core/host/include/devhost_service.h,DevHostServiceQueryOrAddDevice,DevHostService,functionimpl,type,Use,12.0,True,426,306,['kernal_host'],['kernal_host'],kernal_host,kernal_host
28,14,core/host/src/devhost_service.c,core/host/include/devhost_service.h,DevHostServiceAddDevice,DevHostService,functionimpl,type,Use,12.0,True,416,306,['kernal_host'],['kernal_host'],kernal_host,kernal_host
28,14,core/host/src/devhost_service.c,core/host/include/devhost_service.h,DevHostServiceStartService,DevHostService,functionimpl,type,Use,12.0,True,428,306,['kernal_host'],['kernal_host'],kernal_host,kernal_host
28,14,core/host/src/devhost_service.c,core/host/include/devhost_service.h,DevHostServicePmNotify,DevHostService,functionimpl,type,Use,12.0,True,425,306,['kernal_host'],['kernal_host'],kernal_host,kernal_host
28,14,core/host/src/devhost_service.c,core/host/include/devhost_service.h,DevHostServiceConstruct,DevHostService,functionimpl,type,Use,12.0,True,417,306,['kernal_host'],['kernal_host'],kernal_host,kernal_host
28,14,core/host/src/devhost_service.c,core/host/include/devhost_service.h,DevHostServiceDestruct,DevHostService,functionimpl,type,Use,12.0,True,420,306,['kernal_host'],['kernal_host'],kernal_host,kernal_host
28,14,core/host/src/devhost_service.c,core/host/include/devhost_service.h,DevHostServiceCreate,DevHostService,functionimpl,type,Use,12.0,True,418,306,['kernal_host'],['kernal_host'],kernal_host,kernal_host
28,14,core/host/src/devhost_service.c,core/host/include/devhost_service.h,DevHostServiceNewInstance,DevHostService,functionimpl,type,Use,12.0,True,424,306,['kernal_host'],['kernal_host'],kernal_host,kernal_host
28,14,core/host/src/devhost_service.c,core/host/include/devhost_service.h,DevHostServiceAddDevice,DevHostServiceAddDevice,functionimpl,functionproto,Implement,8.0,True,416,298,['kernal_host'],['kernal_host'],kernal_host,kernal_host
28,14,core/host/src/devhost_service.c,core/host/include/devhost_service.h,DevHostServiceDelDevice,DevHostServiceDelDevice,functionimpl,functionproto,Implement,8.0,True,419,301,['kernal_host'],['kernal_host'],kernal_host,kernal_host
28,14,core/host/src/devhost_service.c,core/host/include/devhost_service.h,DevHostServiceConstruct,DevHostServiceConstruct,functionimpl,functionproto,Implement,8.0,True,417,299,['kernal_host'],['kernal_host'],kernal_host,kernal_host
28,14,core/host/src/devhost_service.c,core/host/include/devhost_service.h,DevHostServiceDestruct,DevHostServiceDestruct,functionimpl,functionproto,Implement,8.0,True,420,302,['kernal_host'],['kernal_host'],kernal_host,kernal_host
28,14,core/host/src/devhost_service.c,core/host/include/devhost_service.h,DevHostServiceCreate,DevHostServiceCreate,functionimpl,functionproto,Implement,8.0,True,418,300,['kernal_host'],['kernal_host'],kernal_host,kernal_host
28,14,core/host/src/devhost_service.c,core/host/include/devhost_service.h,DevHostServiceRelease,DevHostServiceRelease,functionimpl,functionproto,Implement,8.0,True,427,305,['kernal_host'],['kernal_host'],kernal_host,kernal_host
28,14,core/host/src/devhost_service.c,core/host/include/devhost_service.h,DevHostServiceNewInstance,DevHostServiceNewInstance,functionimpl,functionproto,Implement,8.0,True,424,304,['kernal_host'],['kernal_host'],kernal_host,kernal_host
28,14,core/host/src/devhost_service.c,core/host/include/devhost_service.h,DevHostServiceFreeInstance,DevHostServiceFreeInstance,functionimpl,functionproto,Implement,8.0,True,423,303,['kernal_host'],['kernal_host'],kernal_host,kernal_host
28,14,core/host/src/devhost_service.c,core/host/include/devhost_service.h,DevHostServiceFindDevice,DevHostService,functionimpl,type,Parameter,5.0,True,421,306,['kernal_host'],['kernal_host'],kernal_host,kernal_host
28,14,core/host/src/devhost_service.c,core/host/include/devhost_service.h,DevHostServiceFreeDevice,DevHostService,functionimpl,type,Parameter,5.0,True,422,306,['kernal_host'],['kernal_host'],kernal_host,kernal_host
28,14,core/host/src/devhost_service.c,core/host/include/devhost_service.h,DevHostServiceQueryOrAddDevice,DevHostService,functionimpl,type,Parameter,5.0,True,426,306,['kernal_host'],['kernal_host'],kernal_host,kernal_host
28,14,core/host/src/devhost_service.c,core/host/include/devhost_service.h,DevHostServiceConstruct,DevHostService,functionimpl,type,Parameter,5.0,True,417,306,['kernal_host'],['kernal_host'],kernal_host,kernal_host
28,14,core/host/src/devhost_service.c,core/host/include/devhost_service.h,DevHostServiceDestruct,DevHostService,functionimpl,type,Parameter,5.0,True,420,306,['kernal_host'],['kernal_host'],kernal_host,kernal_host
28,14,core/host/src/devhost_service.c,core/host/include/devhost_service.h,DevHostServiceAddDevice,DevHostService,functionimpl,type,Contain,7.0,True,416,306,['kernal_host'],['kernal_host'],kernal_host,kernal_host
28,14,core/host/src/devhost_service.c,core/host/include/devhost_service.h,DevHostServiceDelDevice,DevHostService,functionimpl,type,Contain,7.0,True,419,306,['kernal_host'],['kernal_host'],kernal_host,kernal_host
28,14,core/host/src/devhost_service.c,core/host/include/devhost_service.h,DevHostServiceStartService,DevHostService,functionimpl,type,Contain,7.0,True,428,306,['kernal_host'],['kernal_host'],kernal_host,kernal_host
28,14,core/host/src/devhost_service.c,core/host/include/devhost_service.h,DevHostServicePmNotify,DevHostService,functionimpl,type,Contain,7.0,True,425,306,['kernal_host'],['kernal_host'],kernal_host,kernal_host
28,14,core/host/src/devhost_service.c,core/host/include/devhost_service.h,DevHostServiceCreate,DevHostService,functionimpl,type,Contain,7.0,True,418,306,['kernal_host'],['kernal_host'],kernal_host,kernal_host
28,14,core/host/src/devhost_service.c,core/host/include/devhost_service.h,DevHostServiceRelease,DevHostService,functionimpl,type,Contain,7.0,True,427,306,['kernal_host'],['kernal_host'],kernal_host,kernal_host
28,14,core/host/src/devhost_service.c,core/host/include/devhost_service.h,DevHostServiceNewInstance,DevHostService,functionimpl,type,Contain,7.0,True,424,306,['kernal_host'],['kernal_host'],kernal_host,kernal_host
28,21,core/host/src/devhost_service.c,core/host/include/hdf_driver_loader.h,DevHostServiceAddDevice,HdfDriverLoaderGetInstance,functionimpl,functionproto,Call,1.0,True,416,373,['kernal_host'],['kernal_host'],kernal_host,kernal_host
28,21,core/host/src/devhost_service.c,core/host/include/hdf_driver_loader.h,,,file,file,Import,1.0,False,,,['kernal_host'],['kernal_host'],kernal_host,kernal_host
28,21,core/host/src/devhost_service.c,core/host/include/hdf_driver_loader.h,DevHostServiceAddDevice,IDriverLoader,functionimpl,type,Use,3.0,True,416,378,['kernal_host'],['kernal_host'],kernal_host,kernal_host
28,21,core/host/src/devhost_service.c,core/host/include/hdf_driver_loader.h,DevHostServiceAddDevice,IDriverLoader,functionimpl,type,Contain,1.0,True,416,378,['kernal_host'],['kernal_host'],kernal_host,kernal_host
28,27,core/host/src/devhost_service.c,core/host/include/power_state_token.h,ApplyDevicesPowerState,PowerStateChange,functionimpl,functionproto,Call,2.0,True,415,410,['kernal_host'],['kernal_host'],kernal_host,kernal_host
28,27,core/host/src/devhost_service.c,core/host/include/power_state_token.h,,,file,file,Import,1.0,False,,,['kernal_host'],['kernal_host'],kernal_host,kernal_host
28,25,core/host/src/devhost_service.c,core/host/include/hdf_service_observer.h,DevHostServiceConstruct,HdfServiceObserverConstruct,functionimpl,functionproto,Call,2.0,True,417,397,['kernal_host'],['kernal_host'],kernal_host,kernal_host
28,25,core/host/src/devhost_service.c,core/host/include/hdf_service_observer.h,DevHostServiceDestruct,HdfServiceObserverDestruct,functionimpl,functionproto,Call,2.0,True,420,398,['kernal_host'],['kernal_host'],kernal_host,kernal_host
10,16,core/common/src/devmgr_service_start.c,core/host/include/devsvc_manager_clnt.h,DeviceManagerDispatch,DevSvcManagerClntSubscribeService,functionimpl,functionproto,Call,2.0,True,192,319,['common'],['kernal_host'],common,kernal_host
10,16,core/common/src/devmgr_service_start.c,core/host/include/devsvc_manager_clnt.h,DeviceManagerDispatch,DevSvcManagerClntUnsubscribeService,functionimpl,functionproto,Call,2.0,True,192,320,['common'],['kernal_host'],common,kernal_host
10,16,core/common/src/devmgr_service_start.c,core/host/include/devsvc_manager_clnt.h,,,file,file,Import,1.0,False,,,['common'],['kernal_host'],common,kernal_host
10,18,core/common/src/devmgr_service_start.c,core/host/include/hdf_device_node.h,,,file,file,Import,1.0,False,,,['common'],['kernal_host'],common,kernal_host
10,24,core/common/src/devmgr_service_start.c,core/host/include/hdf_power_manager.h,DeviceManagerStart,HdfPowerManagerInit,functionimpl,functionproto,Call,1.0,True,195,393,['common'],['kernal_host'],common,kernal_host
10,24,core/common/src/devmgr_service_start.c,core/host/include/hdf_power_manager.h,,,file,file,Import,1.0,False,,,['common'],['kernal_host'],common,kernal_host
78,143,core/shared/include/ioservstat_listener.h,include/utils/hdf_dlist.h,,,file,file,Import,1.0,False,,,['common'],['utils'],common,utils
78,143,core/shared/include/ioservstat_listener.h,include/utils/hdf_dlist.h,IoServiceStatusListener,DListHead,type,type,Contain,1.0,True,1083,1773,['common'],['utils'],common,utils
90,96,include/audio/audio_dai_if.h,include/core/hdf_device_desc.h,DaiDevice,HdfDeviceObject,type,type,Contain,3.0,True,1167,1238,['audio'],['common'],audio,common
90,96,include/audio/audio_dai_if.h,include/core/hdf_device_desc.h,DaiHost,IDeviceIoService,type,type,Contain,3.0,True,1168,1240,['audio'],['common'],audio,common
90,96,include/audio/audio_dai_if.h,include/core/hdf_device_desc.h,DaiHost,HdfDeviceObject,type,type,Contain,3.0,True,1168,1238,['audio'],['common'],audio,common
10,41,core/common/src/devmgr_service_start.c,core/manager/include/devhost_service_clnt.h,,,file,file,Import,1.0,False,,,['common'],['manager'],common,manager
10,43,core/common/src/devmgr_service_start.c,core/manager/include/devmgr_service.h,DeviceManagerDispatch,DevmgrService,functionimpl,type,Cast,2.0,True,192,687,['common'],['manager'],common,manager
10,43,core/common/src/devmgr_service_start.c,core/manager/include/devmgr_service.h,DeviceManagerStartStep2,DevmgrService,functionimpl,type,Cast,2.0,True,196,687,['common'],['manager'],common,manager
10,43,core/common/src/devmgr_service_start.c,core/manager/include/devmgr_service.h,DeviceManagerDispatch,DevmgrServiceGetInstance,functionimpl,functionproto,Call,4.0,True,192,683,['common'],['manager'],common,manager
10,43,core/common/src/devmgr_service_start.c,core/manager/include/devmgr_service.h,DeviceManagerStart,DevmgrServiceGetInstance,functionimpl,functionproto,Call,4.0,True,195,683,['common'],['manager'],common,manager
10,43,core/common/src/devmgr_service_start.c,core/manager/include/devmgr_service.h,DeviceManagerStartStep2,DevmgrServiceGetInstance,functionimpl,functionproto,Call,4.0,True,196,683,['common'],['manager'],common,manager
10,43,core/common/src/devmgr_service_start.c,core/manager/include/devmgr_service.h,DeviceManagerStartStep2,DevmgrServiceLoadLeftDriver,functionimpl,functionproto,Call,4.0,True,196,684,['common'],['manager'],common,manager
10,43,core/common/src/devmgr_service_start.c,core/manager/include/devmgr_service.h,,,file,file,Import,1.0,False,,,['common'],['manager'],common,manager
10,43,core/common/src/devmgr_service_start.c,core/manager/include/devmgr_service.h,DeviceManagerDispatch,DevmgrService,functionimpl,type,Use,3.0,True,192,687,['common'],['manager'],common,manager
10,43,core/common/src/devmgr_service_start.c,core/manager/include/devmgr_service.h,DeviceManagerStartStep2,DevmgrService,functionimpl,type,Use,3.0,True,196,687,['common'],['manager'],common,manager
10,43,core/common/src/devmgr_service_start.c,core/manager/include/devmgr_service.h,DeviceManagerDispatch,DevmgrService,functionimpl,type,Contain,2.0,True,192,687,['common'],['manager'],common,manager
10,43,core/common/src/devmgr_service_start.c,core/manager/include/devmgr_service.h,DeviceManagerStartStep2,DevmgrService,functionimpl,type,Contain,2.0,True,196,687,['common'],['manager'],common,manager
10,45,core/common/src/devmgr_service_start.c,core/manager/include/devsvc_manager.h,GetDeviceServiceNameByClass,DevSvcManagerListService,functionimpl,functionproto,Call,1.0,True,197,702,['common'],['manager'],common,manager
10,45,core/common/src/devmgr_service_start.c,core/manager/include/devsvc_manager.h,,,file,file,Import,1.0,False,,,['common'],['manager'],common,manager
107,142,include/osal/osal_firmware.h,include/utils/hdf_base.h,,,file,file,Import,1.0,False,,,['osal'],['utils'],osal,utils
10,66,core/common/src/devmgr_service_start.c,core/shared/include/devmgr_service_if.h,DeviceManagerStart,IDevmgrService,functionimpl,type,Use,2.0,True,195,1004,['common'],['common'],common,common
10,66,core/common/src/devmgr_service_start.c,core/shared/include/devmgr_service_if.h,DeviceManagerStart,IDevmgrService,functionimpl,type,Contain,1.0,True,195,1004,['common'],['common'],common,common
10,72,core/common/src/devmgr_service_start.c,core/shared/include/hdf_io_service.h,DeviceManagerStart,HdfIoServicePublish,functionimpl,functionproto,Call,1.0,True,195,1037,['common'],['common'],common,common
10,72,core/common/src/devmgr_service_start.c,core/shared/include/hdf_io_service.h,,,file,file,Import,1.0,False,,,['common'],['common'],common,common
83,98,core/shared/src/hdf_object_manager.c,include/core/hdf_object.h,HdfObjectManagerGetObject,HdfObject,functionimpl,type,Return,1.0,True,1111,1265,['common'],['common'],common,common
83,98,core/shared/src/hdf_object_manager.c,include/core/hdf_object.h,HdfObjectManagerGetObject,HdfObject,functionimpl,type,Use,2.0,True,1111,1265,['common'],['common'],common,common
83,98,core/shared/src/hdf_object_manager.c,include/core/hdf_object.h,HdfObjectManagerFreeObject,HdfObject,functionimpl,type,Use,2.0,True,1110,1265,['common'],['common'],common,common
83,98,core/shared/src/hdf_object_manager.c,include/core/hdf_object.h,HdfObjectManagerFreeObject,HdfObject,functionimpl,type,Parameter,1.0,True,1110,1265,['common'],['common'],common,common
83,98,core/shared/src/hdf_object_manager.c,include/core/hdf_object.h,HdfObjectManagerGetObject,HdfObject,functionimpl,type,Contain,1.0,True,1111,1265,['common'],['common'],common,common
10,97,core/common/src/devmgr_service_start.c,include/core/hdf_io_service_if.h,DeviceManagerStart,HdfIoService,functionimpl,type,Use,4.0,True,195,1262,['common'],['common'],common,common
10,97,core/common/src/devmgr_service_start.c,include/core/hdf_io_service_if.h,DeviceManagerStart,HdfIoDispatcher,functionimpl,type,Use,4.0,True,195,1261,['common'],['common'],common,common
10,97,core/common/src/devmgr_service_start.c,include/core/hdf_io_service_if.h,GetDeviceServiceNameByClass,DeviceClass,functionimpl,alias,Parameter,1.0,True,197,1242,['common'],['common'],common,common
10,97,core/common/src/devmgr_service_start.c,include/core/hdf_io_service_if.h,DeviceManagerStart,HdfIoService,functionimpl,type,Contain,2.0,True,195,1262,['common'],['common'],common,common
10,97,core/common/src/devmgr_service_start.c,include/core/hdf_io_service_if.h,DeviceManagerStart,HdfIoDispatcher,functionimpl,type,Contain,2.0,True,195,1261,['common'],['common'],common,common
10,96,core/common/src/devmgr_service_start.c,include/core/hdf_device_desc.h,DeviceManagerDispatch,SubscriberCallback,functionimpl,type,Contain,1.0,True,192,1241,['common'],['common'],common,common
10,98,core/common/src/devmgr_service_start.c,include/core/hdf_object.h,DeviceManagerDispatch,HdfObject,functionimpl,type,Parameter,1.0,True,192,1265,['common'],['common'],common,common
37,110,core/host/src/hdf_power_manager.c,include/osal/osal_mem.h,PmTaskFunc,OsalMemFree,functionimpl,functionproto,Call,2.0,True,617,1393,['kernal_host'],['osal'],kernal_host,osal
37,110,core/host/src/hdf_power_manager.c,include/osal/osal_mem.h,HdfPmTaskPut,OsalMemCalloc,functionimpl,functionproto,Call,2.0,True,611,1392,['kernal_host'],['osal'],kernal_host,osal
37,110,core/host/src/hdf_power_manager.c,include/osal/osal_mem.h,,,file,file,Import,1.0,False,,,['kernal_host'],['osal'],kernal_host,osal
37,144,core/host/src/hdf_power_manager.c,include/utils/hdf_log.h,,,file,file,Import,1.0,False,,,['kernal_host'],['utils'],kernal_host,utils
84,75,core/shared/src/hdf_service_record.c,core/shared/include/hdf_service_record.h,DevSvcRecordNewInstance,DevSvcRecord,functionimpl,type,Cast,1.0,True,1117,1063,['common'],['common'],common,common
84,75,core/shared/src/hdf_service_record.c,core/shared/include/hdf_service_record.h,,,file,file,Import,1.0,False,,,['common'],['common'],common,common
84,75,core/shared/src/hdf_service_record.c,core/shared/include/hdf_service_record.h,DevSvcRecordNewInstance,DevSvcRecord,functionimpl,type,Return,1.0,True,1117,1063,['common'],['common'],common,common
84,75,core/shared/src/hdf_service_record.c,core/shared/include/hdf_service_record.h,DevSvcRecordNewInstance,DevSvcRecord,functionimpl,type,Use,3.0,True,1117,1063,['common'],['common'],common,common
84,75,core/shared/src/hdf_service_record.c,core/shared/include/hdf_service_record.h,DevSvcRecordFreeInstance,DevSvcRecord,functionimpl,type,Use,3.0,True,1116,1063,['common'],['common'],common,common
84,75,core/shared/src/hdf_service_record.c,core/shared/include/hdf_service_record.h,DevSvcRecordNewInstance,DevSvcRecordNewInstance,functionimpl,functionproto,Implement,2.0,True,1117,1062,['common'],['common'],common,common
84,75,core/shared/src/hdf_service_record.c,core/shared/include/hdf_service_record.h,DevSvcRecordFreeInstance,DevSvcRecordFreeInstance,functionimpl,functionproto,Implement,2.0,True,1116,1061,['common'],['common'],common,common
84,75,core/shared/src/hdf_service_record.c,core/shared/include/hdf_service_record.h,DevSvcRecordFreeInstance,DevSvcRecord,functionimpl,type,Parameter,1.0,True,1116,1063,['common'],['common'],common,common
2,114,core/adapter/syscall/src/hdf_syscall_adapter.c,include/osal/osal_thread.h,HdfDevEventListenTask,OsalThreadDestroy,functionimpl,functionproto,Call,4.0,True,26,1421,['convertor'],['osal'],convertor,osal
2,114,core/adapter/syscall/src/hdf_syscall_adapter.c,include/osal/osal_thread.h,HdfDevListenerThreadDoInit,OsalThreadCreate,functionimpl,functionproto,Call,4.0,True,29,1420,['convertor'],['osal'],convertor,osal
2,114,core/adapter/syscall/src/hdf_syscall_adapter.c,include/osal/osal_thread.h,HdfDevListenerThreadStart,OsalThreadStart,functionimpl,functionproto,Call,4.0,True,33,1423,['convertor'],['osal'],convertor,osal
2,114,core/adapter/syscall/src/hdf_syscall_adapter.c,include/osal/osal_thread.h,HdfDevListenerThreadFree,OsalThreadDestroy,functionimpl,functionproto,Call,4.0,True,30,1421,['convertor'],['osal'],convertor,osal
2,114,core/adapter/syscall/src/hdf_syscall_adapter.c,include/osal/osal_thread.h,,,file,file,Import,1.0,False,,,['convertor'],['osal'],convertor,osal
2,114,core/adapter/syscall/src/hdf_syscall_adapter.c,include/osal/osal_thread.h,HdfDevListenerThreadStart,OsalThreadParam,functionimpl,type,Contain,1.0,True,33,1427,['convertor'],['osal'],convertor,osal
2,115,core/adapter/syscall/src/hdf_syscall_adapter.c,include/osal/osal_time.h,HdfDevEventReadAndDispatch,OsalMSleep,functionimpl,functionproto,Call,5.0,True,27,1434,['convertor'],['osal'],convertor,osal
2,115,core/adapter/syscall/src/hdf_syscall_adapter.c,include/osal/osal_time.h,HdfDevEventListenTask,OsalMSleep,functionimpl,functionproto,Call,5.0,True,26,1434,['convertor'],['osal'],convertor,osal
2,115,core/adapter/syscall/src/hdf_syscall_adapter.c,include/osal/osal_time.h,HdfDevListenerThreadDestroy,OsalUSleep,functionimpl,functionproto,Call,5.0,True,28,1437,['convertor'],['osal'],convertor,osal
2,115,core/adapter/syscall/src/hdf_syscall_adapter.c,include/osal/osal_time.h,TrytoLoadIoService,OsalMSleep,functionimpl,functionproto,Call,5.0,True,56,1434,['convertor'],['osal'],convertor,osal
2,115,core/adapter/syscall/src/hdf_syscall_adapter.c,include/osal/osal_time.h,,,file,file,Import,1.0,False,,,['convertor'],['osal'],convertor,osal
2,110,core/adapter/syscall/src/hdf_syscall_adapter.c,include/osal/osal_mem.h,HdfDevEventGrowReadBuffer,OsalMemAlloc,functionimpl,functionproto,Call,26.0,True,25,1390,['convertor'],['osal'],convertor,osal
2,110,core/adapter/syscall/src/hdf_syscall_adapter.c,include/osal/osal_mem.h,HdfDevEventGrowReadBuffer,OsalMemFree,functionimpl,functionproto,Call,26.0,True,25,1393,['convertor'],['osal'],convertor,osal
2,110,core/adapter/syscall/src/hdf_syscall_adapter.c,include/osal/osal_mem.h,HdfDevEventReadAndDispatch,OsalMemAlloc,functionimpl,functionproto,Call,26.0,True,27,1390,['convertor'],['osal'],convertor,osal
2,110,core/adapter/syscall/src/hdf_syscall_adapter.c,include/osal/osal_mem.h,HdfDevEventReadAndDispatch,OsalMemFree,functionimpl,functionproto,Call,26.0,True,27,1393,['convertor'],['osal'],convertor,osal
2,110,core/adapter/syscall/src/hdf_syscall_adapter.c,include/osal/osal_mem.h,AssignPfds,OsalMemAlloc,functionimpl,functionproto,Call,26.0,True,16,1390,['convertor'],['osal'],convertor,osal
2,110,core/adapter/syscall/src/hdf_syscall_adapter.c,include/osal/osal_mem.h,AssignPfds,OsalMemFree,functionimpl,functionproto,Call,26.0,True,16,1393,['convertor'],['osal'],convertor,osal
2,110,core/adapter/syscall/src/hdf_syscall_adapter.c,include/osal/osal_mem.h,HdfDevEventListenTask,OsalMemFree,functionimpl,functionproto,Call,26.0,True,26,1393,['convertor'],['osal'],convertor,osal
2,110,core/adapter/syscall/src/hdf_syscall_adapter.c,include/osal/osal_mem.h,GetValidPfdIndexLocked,OsalMemCalloc,functionimpl,functionproto,Call,26.0,True,18,1392,['convertor'],['osal'],convertor,osal
2,110,core/adapter/syscall/src/hdf_syscall_adapter.c,include/osal/osal_mem.h,GetValidPfdIndexLocked,OsalMemFree,functionimpl,functionproto,Call,26.0,True,18,1393,['convertor'],['osal'],convertor,osal
2,110,core/adapter/syscall/src/hdf_syscall_adapter.c,include/osal/osal_mem.h,HdfDevListenerThreadObtain,OsalMemCalloc,functionimpl,functionproto,Call,26.0,True,32,1392,['convertor'],['osal'],convertor,osal
2,110,core/adapter/syscall/src/hdf_syscall_adapter.c,include/osal/osal_mem.h,HdfDevListenerThreadObtain,OsalMemFree,functionimpl,functionproto,Call,26.0,True,32,1393,['convertor'],['osal'],convertor,osal
2,110,core/adapter/syscall/src/hdf_syscall_adapter.c,include/osal/osal_mem.h,HdfDevListenerThreadFree,OsalMemFree,functionimpl,functionproto,Call,26.0,True,30,1393,['convertor'],['osal'],convertor,osal
2,110,core/adapter/syscall/src/hdf_syscall_adapter.c,include/osal/osal_mem.h,HdfIoServiceAdapterObtain,OsalMemCalloc,functionimpl,functionproto,Call,26.0,True,37,1392,['convertor'],['osal'],convertor,osal
2,110,core/adapter/syscall/src/hdf_syscall_adapter.c,include/osal/osal_mem.h,HdfIoServiceAdapterObtain,OsalMemFree,functionimpl,functionproto,Call,26.0,True,37,1393,['convertor'],['osal'],convertor,osal
2,110,core/adapter/syscall/src/hdf_syscall_adapter.c,include/osal/osal_mem.h,HdfIoServiceAdapterRecycle,OsalMemFree,functionimpl,functionproto,Call,26.0,True,38,1393,['convertor'],['osal'],convertor,osal
2,110,core/adapter/syscall/src/hdf_syscall_adapter.c,include/osal/osal_mem.h,HdfIoServiceGroupObtain,OsalMemCalloc,functionimpl,functionproto,Call,26.0,True,40,1392,['convertor'],['osal'],convertor,osal
2,110,core/adapter/syscall/src/hdf_syscall_adapter.c,include/osal/osal_mem.h,HdfIoServiceGroupObtain,OsalMemFree,functionimpl,functionproto,Call,26.0,True,40,1393,['convertor'],['osal'],convertor,osal
2,110,core/adapter/syscall/src/hdf_syscall_adapter.c,include/osal/osal_mem.h,HdfIoServiceGroupRecycle,OsalMemFree,functionimpl,functionproto,Call,26.0,True,41,1393,['convertor'],['osal'],convertor,osal
2,110,core/adapter/syscall/src/hdf_syscall_adapter.c,include/osal/osal_mem.h,,,file,file,Import,1.0,False,,,['convertor'],['osal'],convertor,osal
2,111,core/adapter/syscall/src/hdf_syscall_adapter.c,include/osal/osal_mutex.h,HdfDevEventDispatchLocked,OsalMutexLock,functionimpl,functionproto,Call,64.0,True,24,1397,['convertor'],['osal'],convertor,osal
2,111,core/adapter/syscall/src/hdf_syscall_adapter.c,include/osal/osal_mutex.h,HdfDevEventDispatchLocked,OsalMutexUnlock,functionimpl,functionproto,Call,64.0,True,24,1399,['convertor'],['osal'],convertor,osal
2,111,core/adapter/syscall/src/hdf_syscall_adapter.c,include/osal/osal_mutex.h,HdfDevEventReadAndDispatch,OsalMutexLock,functionimpl,functionproto,Call,64.0,True,27,1397,['convertor'],['osal'],convertor,osal
2,111,core/adapter/syscall/src/hdf_syscall_adapter.c,include/osal/osal_mutex.h,HdfDevEventReadAndDispatch,OsalMutexUnlock,functionimpl,functionproto,Call,64.0,True,27,1399,['convertor'],['osal'],convertor,osal
2,111,core/adapter/syscall/src/hdf_syscall_adapter.c,include/osal/osal_mutex.h,AssignPfds,OsalMutexLock,functionimpl,functionproto,Call,64.0,True,16,1397,['convertor'],['osal'],convertor,osal
2,111,core/adapter/syscall/src/hdf_syscall_adapter.c,include/osal/osal_mutex.h,AssignPfds,OsalMutexUnlock,functionimpl,functionproto,Call,64.0,True,16,1399,['convertor'],['osal'],convertor,osal
2,111,core/adapter/syscall/src/hdf_syscall_adapter.c,include/osal/osal_mutex.h,HdfDevEventListenTask,OsalMutexDestroy,functionimpl,functionproto,Call,64.0,True,26,1395,['convertor'],['osal'],convertor,osal
2,111,core/adapter/syscall/src/hdf_syscall_adapter.c,include/osal/osal_mutex.h,HdfDevListenerThreadDoInit,OsalMutexInit,functionimpl,functionproto,Call,64.0,True,29,1396,['convertor'],['osal'],convertor,osal
2,111,core/adapter/syscall/src/hdf_syscall_adapter.c,include/osal/osal_mutex.h,HdfDevListenerThreadDoInit,OsalMutexDestroy,functionimpl,functionproto,Call,64.0,True,29,1395,['convertor'],['osal'],convertor,osal
2,111,core/adapter/syscall/src/hdf_syscall_adapter.c,include/osal/osal_mutex.h,HdfIoServiceGroupThreadStart,OsalMutexLock,functionimpl,functionproto,Call,64.0,True,45,1397,['convertor'],['osal'],convertor,osal
2,111,core/adapter/syscall/src/hdf_syscall_adapter.c,include/osal/osal_mutex.h,HdfIoServiceGroupThreadStart,OsalMutexUnlock,functionimpl,functionproto,Call,64.0,True,45,1399,['convertor'],['osal'],convertor,osal
2,111,core/adapter/syscall/src/hdf_syscall_adapter.c,include/osal/osal_mutex.h,HdfListenThreadPollAdd,OsalMutexLock,functionimpl,functionproto,Call,64.0,True,53,1397,['convertor'],['osal'],convertor,osal
2,111,core/adapter/syscall/src/hdf_syscall_adapter.c,include/osal/osal_mutex.h,HdfListenThreadPollAdd,OsalMutexUnlock,functionimpl,functionproto,Call,64.0,True,53,1399,['convertor'],['osal'],convertor,osal
2,111,core/adapter/syscall/src/hdf_syscall_adapter.c,include/osal/osal_mutex.h,HdfListenThreadPollDel,OsalMutexLock,functionimpl,functionproto,Call,64.0,True,54,1397,['convertor'],['osal'],convertor,osal
2,111,core/adapter/syscall/src/hdf_syscall_adapter.c,include/osal/osal_mutex.h,HdfListenThreadPollDel,OsalMutexUnlock,functionimpl,functionproto,Call,64.0,True,54,1399,['convertor'],['osal'],convertor,osal
2,111,core/adapter/syscall/src/hdf_syscall_adapter.c,include/osal/osal_mutex.h,HdfDevListenerThreadFree,OsalMutexDestroy,functionimpl,functionproto,Call,64.0,True,30,1395,['convertor'],['osal'],convertor,osal
2,111,core/adapter/syscall/src/hdf_syscall_adapter.c,include/osal/osal_mutex.h,HdfDevListenerThreadDestroy,OsalMutexLock,functionimpl,functionproto,Call,64.0,True,28,1397,['convertor'],['osal'],convertor,osal
2,111,core/adapter/syscall/src/hdf_syscall_adapter.c,include/osal/osal_mutex.h,HdfDevListenerThreadDestroy,OsalMutexUnlock,functionimpl,functionproto,Call,64.0,True,28,1399,['convertor'],['osal'],convertor,osal
2,111,core/adapter/syscall/src/hdf_syscall_adapter.c,include/osal/osal_mutex.h,HdfIoServiceAdapterObtain,OsalMutexInit,functionimpl,functionproto,Call,64.0,True,37,1396,['convertor'],['osal'],convertor,osal
2,111,core/adapter/syscall/src/hdf_syscall_adapter.c,include/osal/osal_mutex.h,HdfIoServiceAdapterObtain,OsalMutexDestroy,functionimpl,functionproto,Call,64.0,True,37,1395,['convertor'],['osal'],convertor,osal
2,111,core/adapter/syscall/src/hdf_syscall_adapter.c,include/osal/osal_mutex.h,HdfIoServiceAdapterRecycle,OsalMutexDestroy,functionimpl,functionproto,Call,64.0,True,38,1395,['convertor'],['osal'],convertor,osal
2,111,core/adapter/syscall/src/hdf_syscall_adapter.c,include/osal/osal_mutex.h,HdfDeviceRegisterEventListener,OsalMutexLock,functionimpl,functionproto,Call,64.0,True,34,1397,['convertor'],['osal'],convertor,osal
2,111,core/adapter/syscall/src/hdf_syscall_adapter.c,include/osal/osal_mutex.h,HdfDeviceRegisterEventListener,OsalMutexUnlock,functionimpl,functionproto,Call,64.0,True,34,1399,['convertor'],['osal'],convertor,osal
2,111,core/adapter/syscall/src/hdf_syscall_adapter.c,include/osal/osal_mutex.h,HdfDeviceUnregisterEventListener,OsalMutexLock,functionimpl,functionproto,Call,64.0,True,35,1397,['convertor'],['osal'],convertor,osal
2,111,core/adapter/syscall/src/hdf_syscall_adapter.c,include/osal/osal_mutex.h,HdfDeviceUnregisterEventListener,OsalMutexUnlock,functionimpl,functionproto,Call,64.0,True,35,1399,['convertor'],['osal'],convertor,osal
2,111,core/adapter/syscall/src/hdf_syscall_adapter.c,include/osal/osal_mutex.h,HdfIoServiceGroupObtain,OsalMutexInit,functionimpl,functionproto,Call,64.0,True,40,1396,['convertor'],['osal'],convertor,osal
2,111,core/adapter/syscall/src/hdf_syscall_adapter.c,include/osal/osal_mutex.h,HdfIoServiceGroupRecycle,OsalMutexLock,functionimpl,functionproto,Call,64.0,True,41,1397,['convertor'],['osal'],convertor,osal
2,111,core/adapter/syscall/src/hdf_syscall_adapter.c,include/osal/osal_mutex.h,HdfIoServiceGroupRecycle,OsalMutexUnlock,functionimpl,functionproto,Call,64.0,True,41,1399,['convertor'],['osal'],convertor,osal
2,111,core/adapter/syscall/src/hdf_syscall_adapter.c,include/osal/osal_mutex.h,HdfIoServiceGroupRecycle,OsalMutexDestroy,functionimpl,functionproto,Call,64.0,True,41,1395,['convertor'],['osal'],convertor,osal
2,111,core/adapter/syscall/src/hdf_syscall_adapter.c,include/osal/osal_mutex.h,HdfIoServiceGroupRegisterListener,OsalMutexLock,functionimpl,functionproto,Call,64.0,True,42,1397,['convertor'],['osal'],convertor,osal
2,111,core/adapter/syscall/src/hdf_syscall_adapter.c,include/osal/osal_mutex.h,HdfIoServiceGroupRegisterListener,OsalMutexUnlock,functionimpl,functionproto,Call,64.0,True,42,1399,['convertor'],['osal'],convertor,osal
2,111,core/adapter/syscall/src/hdf_syscall_adapter.c,include/osal/osal_mutex.h,GetListenerCount,OsalMutexLock,functionimpl,functionproto,Call,64.0,True,17,1397,['convertor'],['osal'],convertor,osal
2,111,core/adapter/syscall/src/hdf_syscall_adapter.c,include/osal/osal_mutex.h,GetListenerCount,OsalMutexUnlock,functionimpl,functionproto,Call,64.0,True,17,1399,['convertor'],['osal'],convertor,osal
2,111,core/adapter/syscall/src/hdf_syscall_adapter.c,include/osal/osal_mutex.h,HdfIoServiceGroupUnregisterListener,OsalMutexLock,functionimpl,functionproto,Call,64.0,True,46,1397,['convertor'],['osal'],convertor,osal
2,111,core/adapter/syscall/src/hdf_syscall_adapter.c,include/osal/osal_mutex.h,HdfIoServiceGroupUnregisterListener,OsalMutexUnlock,functionimpl,functionproto,Call,64.0,True,46,1399,['convertor'],['osal'],convertor,osal
2,111,core/adapter/syscall/src/hdf_syscall_adapter.c,include/osal/osal_mutex.h,HdfIoServiceGroupAddService,OsalMutexLock,functionimpl,functionproto,Call,64.0,True,39,1397,['convertor'],['osal'],convertor,osal
2,111,core/adapter/syscall/src/hdf_syscall_adapter.c,include/osal/osal_mutex.h,HdfIoServiceGroupAddService,OsalMutexUnlock,functionimpl,functionproto,Call,64.0,True,39,1399,['convertor'],['osal'],convertor,osal
2,111,core/adapter/syscall/src/hdf_syscall_adapter.c,include/osal/osal_mutex.h,HdfIoServiceGroupRemoveService,OsalMutexLock,functionimpl,functionproto,Call,64.0,True,43,1397,['convertor'],['osal'],convertor,osal
2,111,core/adapter/syscall/src/hdf_syscall_adapter.c,include/osal/osal_mutex.h,HdfIoServiceGroupRemoveService,OsalMutexUnlock,functionimpl,functionproto,Call,64.0,True,43,1399,['convertor'],['osal'],convertor,osal
2,111,core/adapter/syscall/src/hdf_syscall_adapter.c,include/osal/osal_mutex.h,HdfIoserviceGetListenerCount,OsalMutexLock,functionimpl,functionproto,Call,64.0,True,49,1397,['convertor'],['osal'],convertor,osal
2,111,core/adapter/syscall/src/hdf_syscall_adapter.c,include/osal/osal_mutex.h,HdfIoserviceGetListenerCount,OsalMutexUnlock,functionimpl,functionproto,Call,64.0,True,49,1399,['convertor'],['osal'],convertor,osal
2,111,core/adapter/syscall/src/hdf_syscall_adapter.c,include/osal/osal_mutex.h,HdfIoserviceGroupGetListenerCount,OsalMutexLock,functionimpl,functionproto,Call,64.0,True,50,1397,['convertor'],['osal'],convertor,osal
2,111,core/adapter/syscall/src/hdf_syscall_adapter.c,include/osal/osal_mutex.h,HdfIoserviceGroupGetListenerCount,OsalMutexUnlock,functionimpl,functionproto,Call,64.0,True,50,1399,['convertor'],['osal'],convertor,osal
2,111,core/adapter/syscall/src/hdf_syscall_adapter.c,include/osal/osal_mutex.h,HdfIoserviceGroupGetServiceCount,OsalMutexLock,functionimpl,functionproto,Call,64.0,True,51,1397,['convertor'],['osal'],convertor,osal
2,111,core/adapter/syscall/src/hdf_syscall_adapter.c,include/osal/osal_mutex.h,HdfIoserviceGroupGetServiceCount,OsalMutexUnlock,functionimpl,functionproto,Call,64.0,True,51,1399,['convertor'],['osal'],convertor,osal
59,96,core/manager/src/servstat_listener_holder.c,include/core/hdf_device_desc.h,ServStatListenerHolderCreate,HdfDeviceIoClient,functionimpl,type,Cast,1.0,True,918,1237,['manager'],['common'],manager,common
59,96,core/manager/src/servstat_listener_holder.c,include/core/hdf_device_desc.h,KServStatListenerHolderNotifyStatus,HdfDeviceSendEventToClient,functionimpl,functionproto,Call,1.0,True,916,1233,['manager'],['common'],manager,common
59,96,core/manager/src/servstat_listener_holder.c,include/core/hdf_device_desc.h,,,file,file,Import,1.0,False,,,['manager'],['common'],manager,common
59,96,core/manager/src/servstat_listener_holder.c,include/core/hdf_device_desc.h,ServStatListenerHolderCreate,HdfDeviceIoClient,functionimpl,type,Use,1.0,True,918,1237,['manager'],['common'],manager,common
59,96,core/manager/src/servstat_listener_holder.c,include/core/hdf_device_desc.h,KServStatListenerHolder,HdfDeviceIoClient,type,type,Contain,2.0,True,922,1237,['manager'],['common'],manager,common
59,96,core/manager/src/servstat_listener_holder.c,include/core/hdf_device_desc.h,ServStatListenerHolderCreate,HdfDeviceIoClient,functionimpl,type,Contain,2.0,True,918,1237,['manager'],['common'],manager,common
41,64,core/manager/include/devhost_service_clnt.h,core/shared/include/devhost_service_if.h,,,file,file,Import,1.0,False,,,['manager'],['common'],manager,common
41,64,core/manager/include/devhost_service_clnt.h,core/shared/include/devhost_service_if.h,DevHostServiceClnt,IDevHostService,type,type,Contain,1.0,True,674,999,['manager'],['common'],manager,common
2,142,core/adapter/syscall/src/hdf_syscall_adapter.c,include/utils/hdf_base.h,,,file,file,Import,1.0,False,,,['convertor'],['utils'],convertor,utils
2,143,core/adapter/syscall/src/hdf_syscall_adapter.c,include/utils/hdf_dlist.h,HdfListenThreadPollAdd,DListIsEmpty,functionimpl,functionimpl,Call,22.0,True,53,1769,['convertor'],['utils'],convertor,utils
2,143,core/adapter/syscall/src/hdf_syscall_adapter.c,include/utils/hdf_dlist.h,HdfListenThreadPollAdd,DListInsertTail,functionimpl,functionimpl,Call,22.0,True,53,1768,['convertor'],['utils'],convertor,utils
2,143,core/adapter/syscall/src/hdf_syscall_adapter.c,include/utils/hdf_dlist.h,HdfListenThreadPollAdd,DListRemove,functionimpl,functionimpl,Call,22.0,True,53,1771,['convertor'],['utils'],convertor,utils
2,143,core/adapter/syscall/src/hdf_syscall_adapter.c,include/utils/hdf_dlist.h,HdfListenThreadPollDel,DListRemove,functionimpl,functionimpl,Call,22.0,True,54,1771,['convertor'],['utils'],convertor,utils
2,143,core/adapter/syscall/src/hdf_syscall_adapter.c,include/utils/hdf_dlist.h,HdfIoServiceAdapterObtain,DListHeadInit,functionimpl,functionimpl,Call,22.0,True,37,1766,['convertor'],['utils'],convertor,utils
2,143,core/adapter/syscall/src/hdf_syscall_adapter.c,include/utils/hdf_dlist.h,AddListenerToAdapterLocked,DListInsertTail,functionimpl,functionimpl,Call,22.0,True,15,1768,['convertor'],['utils'],convertor,utils
2,143,core/adapter/syscall/src/hdf_syscall_adapter.c,include/utils/hdf_dlist.h,HdfDeviceRegisterEventListener,DListRemove,functionimpl,functionimpl,Call,22.0,True,34,1771,['convertor'],['utils'],convertor,utils
2,143,core/adapter/syscall/src/hdf_syscall_adapter.c,include/utils/hdf_dlist.h,HdfDeviceUnregisterEventListener,DListRemove,functionimpl,functionimpl,Call,22.0,True,35,1771,['convertor'],['utils'],convertor,utils
2,143,core/adapter/syscall/src/hdf_syscall_adapter.c,include/utils/hdf_dlist.h,HdfDeviceUnregisterEventListener,DListIsEmpty,functionimpl,functionimpl,Call,22.0,True,35,1769,['convertor'],['utils'],convertor,utils
2,143,core/adapter/syscall/src/hdf_syscall_adapter.c,include/utils/hdf_dlist.h,HdfIoServiceGroupObtain,DListHeadInit,functionimpl,functionimpl,Call,22.0,True,40,1766,['convertor'],['utils'],convertor,utils
2,143,core/adapter/syscall/src/hdf_syscall_adapter.c,include/utils/hdf_dlist.h,HdfIoServiceGroupRecycle,DListRemove,functionimpl,functionimpl,Call,22.0,True,41,1771,['convertor'],['utils'],convertor,utils
2,143,core/adapter/syscall/src/hdf_syscall_adapter.c,include/utils/hdf_dlist.h,HdfIoServiceGroupRegisterListener,DListInsertTail,functionimpl,functionimpl,Call,22.0,True,42,1768,['convertor'],['utils'],convertor,utils
2,143,core/adapter/syscall/src/hdf_syscall_adapter.c,include/utils/hdf_dlist.h,HdfIoServiceGroupRegisterListener,DListIsEmpty,functionimpl,functionimpl,Call,22.0,True,42,1769,['convertor'],['utils'],convertor,utils
2,143,core/adapter/syscall/src/hdf_syscall_adapter.c,include/utils/hdf_dlist.h,HdfIoServiceGroupRegisterListener,DListRemove,functionimpl,functionimpl,Call,22.0,True,42,1771,['convertor'],['utils'],convertor,utils
2,143,core/adapter/syscall/src/hdf_syscall_adapter.c,include/utils/hdf_dlist.h,HdfIoServiceGroupUnregisterListener,DListRemove,functionimpl,functionimpl,Call,22.0,True,46,1771,['convertor'],['utils'],convertor,utils
2,143,core/adapter/syscall/src/hdf_syscall_adapter.c,include/utils/hdf_dlist.h,HdfIoServiceGroupAddService,DListIsEmpty,functionimpl,functionimpl,Call,22.0,True,39,1769,['convertor'],['utils'],convertor,utils
2,143,core/adapter/syscall/src/hdf_syscall_adapter.c,include/utils/hdf_dlist.h,HdfIoServiceGroupRemoveService,DListRemove,functionimpl,functionimpl,Call,22.0,True,43,1771,['convertor'],['utils'],convertor,utils
2,143,core/adapter/syscall/src/hdf_syscall_adapter.c,include/utils/hdf_dlist.h,HdfIoserviceGetListenerCount,DlistGetCount,functionimpl,functionimpl,Call,22.0,True,49,1772,['convertor'],['utils'],convertor,utils
2,143,core/adapter/syscall/src/hdf_syscall_adapter.c,include/utils/hdf_dlist.h,HdfIoserviceGroupGetServiceCount,DlistGetCount,functionimpl,functionimpl,Call,22.0,True,51,1772,['convertor'],['utils'],convertor,utils
2,143,core/adapter/syscall/src/hdf_syscall_adapter.c,include/utils/hdf_dlist.h,HaveOnlyOneElement,DListHead,functionimpl,type,Use,24.0,True,19,1773,['convertor'],['utils'],convertor,utils
2,143,core/adapter/syscall/src/hdf_syscall_adapter.c,include/utils/hdf_dlist.h,HdfListenThreadPollAdd,DListIsEmpty,functionimpl,functionimpl,Use,24.0,True,53,1769,['convertor'],['utils'],convertor,utils
2,143,core/adapter/syscall/src/hdf_syscall_adapter.c,include/utils/hdf_dlist.h,HdfListenThreadPollAdd,DListInsertTail,functionimpl,functionimpl,Use,24.0,True,53,1768,['convertor'],['utils'],convertor,utils
2,143,core/adapter/syscall/src/hdf_syscall_adapter.c,include/utils/hdf_dlist.h,HdfListenThreadPollAdd,DListRemove,functionimpl,functionimpl,Use,24.0,True,53,1771,['convertor'],['utils'],convertor,utils
2,143,core/adapter/syscall/src/hdf_syscall_adapter.c,include/utils/hdf_dlist.h,HdfListenThreadPollDel,DListRemove,functionimpl,functionimpl,Use,24.0,True,54,1771,['convertor'],['utils'],convertor,utils
2,143,core/adapter/syscall/src/hdf_syscall_adapter.c,include/utils/hdf_dlist.h,HdfIoServiceAdapterObtain,DListHeadInit,functionimpl,functionimpl,Use,24.0,True,37,1766,['convertor'],['utils'],convertor,utils
2,143,core/adapter/syscall/src/hdf_syscall_adapter.c,include/utils/hdf_dlist.h,AddListenerToAdapterLocked,DListInsertTail,functionimpl,functionimpl,Use,24.0,True,15,1768,['convertor'],['utils'],convertor,utils
2,143,core/adapter/syscall/src/hdf_syscall_adapter.c,include/utils/hdf_dlist.h,HdfDeviceRegisterEventListener,DListRemove,functionimpl,functionimpl,Use,24.0,True,34,1771,['convertor'],['utils'],convertor,utils
2,143,core/adapter/syscall/src/hdf_syscall_adapter.c,include/utils/hdf_dlist.h,HdfDeviceUnregisterEventListener,DListRemove,functionimpl,functionimpl,Use,24.0,True,35,1771,['convertor'],['utils'],convertor,utils
2,143,core/adapter/syscall/src/hdf_syscall_adapter.c,include/utils/hdf_dlist.h,HdfDeviceUnregisterEventListener,DListIsEmpty,functionimpl,functionimpl,Use,24.0,True,35,1769,['convertor'],['utils'],convertor,utils
2,143,core/adapter/syscall/src/hdf_syscall_adapter.c,include/utils/hdf_dlist.h,HdfIoServiceGroupObtain,DListHeadInit,functionimpl,functionimpl,Use,24.0,True,40,1766,['convertor'],['utils'],convertor,utils
2,143,core/adapter/syscall/src/hdf_syscall_adapter.c,include/utils/hdf_dlist.h,HdfIoServiceGroupRecycle,DListRemove,functionimpl,functionimpl,Use,24.0,True,41,1771,['convertor'],['utils'],convertor,utils
2,143,core/adapter/syscall/src/hdf_syscall_adapter.c,include/utils/hdf_dlist.h,HdfIoServiceGroupRegisterListener,DListInsertTail,functionimpl,functionimpl,Use,24.0,True,42,1768,['convertor'],['utils'],convertor,utils
2,143,core/adapter/syscall/src/hdf_syscall_adapter.c,include/utils/hdf_dlist.h,HdfIoServiceGroupRegisterListener,DListIsEmpty,functionimpl,functionimpl,Use,24.0,True,42,1769,['convertor'],['utils'],convertor,utils
2,143,core/adapter/syscall/src/hdf_syscall_adapter.c,include/utils/hdf_dlist.h,HdfIoServiceGroupRegisterListener,DListRemove,functionimpl,functionimpl,Use,24.0,True,42,1771,['convertor'],['utils'],convertor,utils
2,143,core/adapter/syscall/src/hdf_syscall_adapter.c,include/utils/hdf_dlist.h,HdfIoServiceGroupUnregisterListener,DListRemove,functionimpl,functionimpl,Use,24.0,True,46,1771,['convertor'],['utils'],convertor,utils
2,143,core/adapter/syscall/src/hdf_syscall_adapter.c,include/utils/hdf_dlist.h,HdfIoServiceGroupAddService,DListIsEmpty,functionimpl,functionimpl,Use,24.0,True,39,1769,['convertor'],['utils'],convertor,utils
2,143,core/adapter/syscall/src/hdf_syscall_adapter.c,include/utils/hdf_dlist.h,HdfIoServiceGroupRemoveService,DListRemove,functionimpl,functionimpl,Use,24.0,True,43,1771,['convertor'],['utils'],convertor,utils
2,143,core/adapter/syscall/src/hdf_syscall_adapter.c,include/utils/hdf_dlist.h,HdfIoserviceGetListenerCount,DlistGetCount,functionimpl,functionimpl,Use,24.0,True,49,1772,['convertor'],['utils'],convertor,utils
2,143,core/adapter/syscall/src/hdf_syscall_adapter.c,include/utils/hdf_dlist.h,HdfIoserviceGroupGetServiceCount,DlistGetCount,functionimpl,functionimpl,Use,24.0,True,51,1772,['convertor'],['utils'],convertor,utils
2,143,core/adapter/syscall/src/hdf_syscall_adapter.c,include/utils/hdf_dlist.h,HaveOnlyOneElement,DListHead,functionimpl,type,Parameter,1.0,True,19,1773,['convertor'],['utils'],convertor,utils
2,144,core/adapter/syscall/src/hdf_syscall_adapter.c,include/utils/hdf_log.h,,,file,file,Import,1.0,False,,,['convertor'],['utils'],convertor,utils
2,145,core/adapter/syscall/src/hdf_syscall_adapter.c,include/utils/hdf_sbuf.h,HdfDevEventDispatchLocked,HdfSbufBind,functionimpl,functionproto,Call,10.0,True,24,1781,['convertor'],['utils'],convertor,utils
2,145,core/adapter/syscall/src/hdf_syscall_adapter.c,include/utils/hdf_sbuf.h,HdfDevEventDispatchLocked,HdfSbufObtain,functionimpl,functionproto,Call,10.0,True,24,1789,['convertor'],['utils'],convertor,utils
2,145,core/adapter/syscall/src/hdf_syscall_adapter.c,include/utils/hdf_sbuf.h,HdfDevEventDispatchLocked,HdfSbufSetDataSize,functionimpl,functionproto,Call,10.0,True,24,1808,['convertor'],['utils'],convertor,utils
2,145,core/adapter/syscall/src/hdf_syscall_adapter.c,include/utils/hdf_sbuf.h,HdfDevEventDispatchLocked,HdfSbufRecycle,functionimpl,functionproto,Call,10.0,True,24,1807,['convertor'],['utils'],convertor,utils
2,145,core/adapter/syscall/src/hdf_syscall_adapter.c,include/utils/hdf_sbuf.h,HdfSyscallAdapterDispatch,HdfSbufGetData,functionimpl,functionproto,Call,10.0,True,55,1785,['convertor'],['utils'],convertor,utils
2,145,core/adapter/syscall/src/hdf_syscall_adapter.c,include/utils/hdf_sbuf.h,HdfSyscallAdapterDispatch,HdfSbufGetCapacity,functionimpl,functionproto,Call,10.0,True,55,1784,['convertor'],['utils'],convertor,utils
2,145,core/adapter/syscall/src/hdf_syscall_adapter.c,include/utils/hdf_sbuf.h,HdfSyscallAdapterDispatch,HdfSbufGetDataSize,functionimpl,functionproto,Call,10.0,True,55,1786,['convertor'],['utils'],convertor,utils
2,145,core/adapter/syscall/src/hdf_syscall_adapter.c,include/utils/hdf_sbuf.h,HdfSyscallAdapterDispatch,HdfSbufSetDataSize,functionimpl,functionproto,Call,10.0,True,55,1808,['convertor'],['utils'],convertor,utils
2,145,core/adapter/syscall/src/hdf_syscall_adapter.c,include/utils/hdf_sbuf.h,,,file,file,Import,1.0,False,,,['convertor'],['utils'],convertor,utils
59,44,core/manager/src/servstat_listener_holder.c,core/manager/include/devsvc_listener_holder.h,,,file,file,Import,1.0,False,,,['manager'],['manager'],manager,manager
59,44,core/manager/src/servstat_listener_holder.c,core/manager/include/devsvc_listener_holder.h,ServStatListenerHolderCreate,ServStatListenerHolder,functionimpl,type,Return,2.0,True,918,694,['manager'],['manager'],manager,manager
59,44,core/manager/src/servstat_listener_holder.c,core/manager/include/devsvc_listener_holder.h,ServStatListenerHolderGet,ServStatListenerHolder,functionimpl,type,Return,2.0,True,919,694,['manager'],['manager'],manager,manager
59,44,core/manager/src/servstat_listener_holder.c,core/manager/include/devsvc_listener_holder.h,ServStatListenerHolderinit,ServStatListenerHolderinit,functionimpl,functionproto,Implement,4.0,True,921,693,['manager'],['manager'],manager,manager
59,44,core/manager/src/servstat_listener_holder.c,core/manager/include/devsvc_listener_holder.h,ServStatListenerHolderCreate,ServStatListenerHolderCreate,functionimpl,functionproto,Implement,4.0,True,918,690,['manager'],['manager'],manager,manager
59,44,core/manager/src/servstat_listener_holder.c,core/manager/include/devsvc_listener_holder.h,ServStatListenerHolderGet,ServStatListenerHolderGet,functionimpl,functionproto,Implement,4.0,True,919,691,['manager'],['manager'],manager,manager
59,44,core/manager/src/servstat_listener_holder.c,core/manager/include/devsvc_listener_holder.h,ServStatListenerHolderRelease,ServStatListenerHolderRelease,functionimpl,functionproto,Implement,4.0,True,920,692,['manager'],['manager'],manager,manager
59,44,core/manager/src/servstat_listener_holder.c,core/manager/include/devsvc_listener_holder.h,KServStatListenerHolderNotifyStatus,ServStatListenerHolder,functionimpl,type,Parameter,3.0,True,916,694,['manager'],['manager'],manager,manager
59,44,core/manager/src/servstat_listener_holder.c,core/manager/include/devsvc_listener_holder.h,KServStatListenerHolderRecycle,ServStatListenerHolder,functionimpl,type,Parameter,3.0,True,917,694,['manager'],['manager'],manager,manager
59,44,core/manager/src/servstat_listener_holder.c,core/manager/include/devsvc_listener_holder.h,ServStatListenerHolderRelease,ServStatListenerHolder,functionimpl,type,Parameter,3.0,True,920,694,['manager'],['manager'],manager,manager
59,44,core/manager/src/servstat_listener_holder.c,core/manager/include/devsvc_listener_holder.h,KServStatListenerHolder,ServStatListenerHolder,type,type,Contain,1.0,True,922,694,['manager'],['manager'],manager,manager
132,130,include/platform/regulator_if.h,include/platform/platform_if.h,,,file,file,Import,1.0,False,,,['platform'],['platform'],platform,platform
132,130,include/platform/regulator_if.h,include/platform/platform_if.h,RegulatorOpen,DevHandle,functionproto,alias,Return,1.0,True,1652,1630,['platform'],['platform'],platform,platform
132,130,include/platform/regulator_if.h,include/platform/platform_if.h,RegulatorClose,DevHandle,functionproto,alias,Parameter,9.0,True,1645,1630,['platform'],['platform'],platform,platform
132,130,include/platform/regulator_if.h,include/platform/platform_if.h,RegulatorEnable,DevHandle,functionproto,alias,Parameter,9.0,True,1647,1630,['platform'],['platform'],platform,platform
132,130,include/platform/regulator_if.h,include/platform/platform_if.h,RegulatorDisable,DevHandle,functionproto,alias,Parameter,9.0,True,1646,1630,['platform'],['platform'],platform,platform
132,130,include/platform/regulator_if.h,include/platform/platform_if.h,RegulatorForceDisable,DevHandle,functionproto,alias,Parameter,9.0,True,1648,1630,['platform'],['platform'],platform,platform
132,130,include/platform/regulator_if.h,include/platform/platform_if.h,RegulatorSetVoltage,DevHandle,functionproto,alias,Parameter,9.0,True,1654,1630,['platform'],['platform'],platform,platform
132,130,include/platform/regulator_if.h,include/platform/platform_if.h,RegulatorGetVoltage,DevHandle,functionproto,alias,Parameter,9.0,True,1651,1630,['platform'],['platform'],platform,platform
132,130,include/platform/regulator_if.h,include/platform/platform_if.h,RegulatorSetCurrent,DevHandle,functionproto,alias,Parameter,9.0,True,1653,1630,['platform'],['platform'],platform,platform
132,130,include/platform/regulator_if.h,include/platform/platform_if.h,RegulatorGetCurrent,DevHandle,functionproto,alias,Parameter,9.0,True,1649,1630,['platform'],['platform'],platform,platform
132,130,include/platform/regulator_if.h,include/platform/platform_if.h,RegulatorGetStatus,DevHandle,functionproto,alias,Parameter,9.0,True,1650,1630,['platform'],['platform'],platform,platform
52,98,core/manager/src/devmgr_service.c,include/core/hdf_object.h,DevmgrServiceCreate,HdfObject,functionimpl,type,Cast,1.0,True,749,1265,['manager'],['common'],manager,common
52,98,core/manager/src/devmgr_service.c,include/core/hdf_object.h,DevmgrServiceCreate,HdfObject,functionimpl,type,Return,1.0,True,749,1265,['manager'],['common'],manager,common
52,98,core/manager/src/devmgr_service.c,include/core/hdf_object.h,DevmgrServiceRelease,HdfObject,functionimpl,type,Parameter,1.0,True,757,1265,['manager'],['common'],manager,common
52,41,core/manager/src/devmgr_service.c,core/manager/include/devhost_service_clnt.h,DevmgrServiceDynamicDevInfoFound,DevHostServiceClnt,functionimpl,type,Cast,26.0,True,751,674,['manager'],['manager'],manager,manager
52,41,core/manager/src/devmgr_service.c,core/manager/include/devhost_service_clnt.h,DevmgrServiceLoadLeftDriver,DevHostServiceClnt,functionimpl,type,Cast,26.0,True,755,674,['manager'],['manager'],manager,manager
52,41,core/manager/src/devmgr_service.c,core/manager/include/devhost_service_clnt.h,DevmgrServiceFindDeviceHost,DevHostServiceClnt,functionimpl,type,Cast,26.0,True,752,674,['manager'],['manager'],manager,manager
52,41,core/manager/src/devmgr_service.c,core/manager/include/devhost_service_clnt.h,DevmgrServicePowerStateChange,DevHostServiceClnt,functionimpl,type,Cast,26.0,True,756,674,['manager'],['manager'],manager,manager
52,41,core/manager/src/devmgr_service.c,core/manager/include/devhost_service_clnt.h,DevmgrServiceRelease,DevHostServiceClnt,functionimpl,type,Cast,26.0,True,757,674,['manager'],['manager'],manager,manager
52,41,core/manager/src/devmgr_service.c,core/manager/include/devhost_service_clnt.h,DevmgrServiceAttachDeviceHost,DevHostServiceClntInstallDriver,functionimpl,functionproto,Call,4.0,True,747,672,['manager'],['manager'],manager,manager
52,41,core/manager/src/devmgr_service.c,core/manager/include/devhost_service_clnt.h,DevmgrServiceStartDeviceHost,DevHostServiceClntNewInstance,functionimpl,functionproto,Call,4.0,True,758,673,['manager'],['manager'],manager,manager
52,41,core/manager/src/devmgr_service.c,core/manager/include/devhost_service_clnt.h,DevmgrServiceStartDeviceHost,DevHostServiceClntFreeInstance,functionimpl,functionproto,Call,4.0,True,758,671,['manager'],['manager'],manager,manager
52,41,core/manager/src/devmgr_service.c,core/manager/include/devhost_service_clnt.h,DevmgrServiceRelease,DevHostServiceClntDelete,functionimpl,functionproto,Call,4.0,True,757,670,['manager'],['manager'],manager,manager
52,41,core/manager/src/devmgr_service.c,core/manager/include/devhost_service_clnt.h,,,file,file,Import,1.0,False,,,['manager'],['manager'],manager,manager
52,41,core/manager/src/devmgr_service.c,core/manager/include/devhost_service_clnt.h,DevmgrServiceFindDeviceHost,DevHostServiceClnt,functionimpl,type,Return,1.0,True,752,674,['manager'],['manager'],manager,manager
52,41,core/manager/src/devmgr_service.c,core/manager/include/devhost_service_clnt.h,DevmgrServiceDynamicDevInfoFound,DevHostServiceClnt,functionimpl,type,Use,53.0,True,751,674,['manager'],['manager'],manager,manager
52,41,core/manager/src/devmgr_service.c,core/manager/include/devhost_service_clnt.h,DevmgrServiceStartHostProcess,DevHostServiceClnt,functionimpl,type,Use,53.0,True,760,674,['manager'],['manager'],manager,manager
52,41,core/manager/src/devmgr_service.c,core/manager/include/devhost_service_clnt.h,DevmgrServiceLoadDevice,DevHostServiceClnt,functionimpl,type,Use,53.0,True,754,674,['manager'],['manager'],manager,manager
52,41,core/manager/src/devmgr_service.c,core/manager/include/devhost_service_clnt.h,DevmgrServiceStopHost,DevHostServiceClnt,functionimpl,type,Use,53.0,True,762,674,['manager'],['manager'],manager,manager
52,41,core/manager/src/devmgr_service.c,core/manager/include/devhost_service_clnt.h,DevmgrServiceUnloadDevice,DevHostServiceClnt,functionimpl,type,Use,53.0,True,763,674,['manager'],['manager'],manager,manager
52,41,core/manager/src/devmgr_service.c,core/manager/include/devhost_service_clnt.h,DevmgrServiceLoadLeftDriver,DevHostServiceClnt,functionimpl,type,Use,53.0,True,755,674,['manager'],['manager'],manager,manager
52,41,core/manager/src/devmgr_service.c,core/manager/include/devhost_service_clnt.h,DevmgrServiceFindDeviceHost,DevHostServiceClnt,functionimpl,type,Use,53.0,True,752,674,['manager'],['manager'],manager,manager
52,41,core/manager/src/devmgr_service.c,core/manager/include/devhost_service_clnt.h,DevmgrServiceAttachDevice,DevHostServiceClnt,functionimpl,type,Use,53.0,True,746,674,['manager'],['manager'],manager,manager
52,41,core/manager/src/devmgr_service.c,core/manager/include/devhost_service_clnt.h,DevmgrServiceDetachDevice,DevHostServiceClnt,functionimpl,type,Use,53.0,True,750,674,['manager'],['manager'],manager,manager
52,41,core/manager/src/devmgr_service.c,core/manager/include/devhost_service_clnt.h,DevmgrServiceAttachDeviceHost,DevHostServiceClnt,functionimpl,type,Use,53.0,True,747,674,['manager'],['manager'],manager,manager
52,41,core/manager/src/devmgr_service.c,core/manager/include/devhost_service_clnt.h,DevmgrServiceStartDeviceHost,DevHostServiceClnt,functionimpl,type,Use,53.0,True,758,674,['manager'],['manager'],manager,manager
52,41,core/manager/src/devmgr_service.c,core/manager/include/devhost_service_clnt.h,DevmgrServicePowerStateChange,DevHostServiceClnt,functionimpl,type,Use,53.0,True,756,674,['manager'],['manager'],manager,manager
52,41,core/manager/src/devmgr_service.c,core/manager/include/devhost_service_clnt.h,DevmgrServiceRelease,DevHostServiceClnt,functionimpl,type,Use,53.0,True,757,674,['manager'],['manager'],manager,manager
52,41,core/manager/src/devmgr_service.c,core/manager/include/devhost_service_clnt.h,DevmgrServiceDynamicDevInfoFound,DevHostServiceClnt,functionimpl,type,Parameter,3.0,True,751,674,['manager'],['manager'],manager,manager
52,41,core/manager/src/devmgr_service.c,core/manager/include/devhost_service_clnt.h,DevmgrServiceStartHostProcess,DevHostServiceClnt,functionimpl,type,Parameter,3.0,True,760,674,['manager'],['manager'],manager,manager
52,41,core/manager/src/devmgr_service.c,core/manager/include/devhost_service_clnt.h,DevmgrServiceStopHost,DevHostServiceClnt,functionimpl,type,Parameter,3.0,True,762,674,['manager'],['manager'],manager,manager
52,41,core/manager/src/devmgr_service.c,core/manager/include/devhost_service_clnt.h,DevmgrServiceDynamicDevInfoFound,DevHostServiceClnt,functionimpl,type,Contain,12.0,True,751,674,['manager'],['manager'],manager,manager
52,41,core/manager/src/devmgr_service.c,core/manager/include/devhost_service_clnt.h,DevmgrServiceLoadDevice,DevHostServiceClnt,functionimpl,type,Contain,12.0,True,754,674,['manager'],['manager'],manager,manager
52,41,core/manager/src/devmgr_service.c,core/manager/include/devhost_service_clnt.h,DevmgrServiceUnloadDevice,DevHostServiceClnt,functionimpl,type,Contain,12.0,True,763,674,['manager'],['manager'],manager,manager
52,41,core/manager/src/devmgr_service.c,core/manager/include/devhost_service_clnt.h,DevmgrServiceLoadLeftDriver,DevHostServiceClnt,functionimpl,type,Contain,12.0,True,755,674,['manager'],['manager'],manager,manager
52,41,core/manager/src/devmgr_service.c,core/manager/include/devhost_service_clnt.h,DevmgrServiceFindDeviceHost,DevHostServiceClnt,functionimpl,type,Contain,12.0,True,752,674,['manager'],['manager'],manager,manager
52,41,core/manager/src/devmgr_service.c,core/manager/include/devhost_service_clnt.h,DevmgrServiceAttachDevice,DevHostServiceClnt,functionimpl,type,Contain,12.0,True,746,674,['manager'],['manager'],manager,manager
52,41,core/manager/src/devmgr_service.c,core/manager/include/devhost_service_clnt.h,DevmgrServiceDetachDevice,DevHostServiceClnt,functionimpl,type,Contain,12.0,True,750,674,['manager'],['manager'],manager,manager
52,41,core/manager/src/devmgr_service.c,core/manager/include/devhost_service_clnt.h,DevmgrServiceAttachDeviceHost,DevHostServiceClnt,functionimpl,type,Contain,12.0,True,747,674,['manager'],['manager'],manager,manager
52,41,core/manager/src/devmgr_service.c,core/manager/include/devhost_service_clnt.h,DevmgrServiceStartDeviceHost,DevHostServiceClnt,functionimpl,type,Contain,12.0,True,758,674,['manager'],['manager'],manager,manager
52,41,core/manager/src/devmgr_service.c,core/manager/include/devhost_service_clnt.h,DevmgrServicePowerStateChange,DevHostServiceClnt,functionimpl,type,Contain,12.0,True,756,674,['manager'],['manager'],manager,manager
52,41,core/manager/src/devmgr_service.c,core/manager/include/devhost_service_clnt.h,DevmgrServiceRelease,DevHostServiceClnt,functionimpl,type,Contain,12.0,True,757,674,['manager'],['manager'],manager,manager
52,42,core/manager/src/devmgr_service.c,core/manager/include/device_token_clnt.h,HdfSListHostSearchDeviceTokenComparer,DeviceTokenClnt,functionimpl,type,Cast,4.0,True,764,679,['manager'],['manager'],manager,manager
52,42,core/manager/src/devmgr_service.c,core/manager/include/device_token_clnt.h,DevmgrServiceDetachDevice,DeviceTokenClnt,functionimpl,type,Cast,4.0,True,750,679,['manager'],['manager'],manager,manager
52,42,core/manager/src/devmgr_service.c,core/manager/include/device_token_clnt.h,DevmgrServiceAttachDevice,DeviceTokenClntNewInstance,functionimpl,functionproto,Call,1.0,True,746,678,['manager'],['manager'],manager,manager
52,42,core/manager/src/devmgr_service.c,core/manager/include/device_token_clnt.h,,,file,file,Import,1.0,False,,,['manager'],['manager'],manager,manager
52,42,core/manager/src/devmgr_service.c,core/manager/include/device_token_clnt.h,DevmgrServiceAttachDevice,DeviceTokenClnt,functionimpl,type,Use,6.0,True,746,679,['manager'],['manager'],manager,manager
52,42,core/manager/src/devmgr_service.c,core/manager/include/device_token_clnt.h,HdfSListHostSearchDeviceTokenComparer,DeviceTokenClnt,functionimpl,type,Use,6.0,True,764,679,['manager'],['manager'],manager,manager
52,42,core/manager/src/devmgr_service.c,core/manager/include/device_token_clnt.h,DevmgrServiceDetachDevice,DeviceTokenClnt,functionimpl,type,Use,6.0,True,750,679,['manager'],['manager'],manager,manager
52,42,core/manager/src/devmgr_service.c,core/manager/include/device_token_clnt.h,DevmgrServiceAttachDevice,DeviceTokenClnt,functionimpl,type,Contain,3.0,True,746,679,['manager'],['manager'],manager,manager
52,42,core/manager/src/devmgr_service.c,core/manager/include/device_token_clnt.h,HdfSListHostSearchDeviceTokenComparer,DeviceTokenClnt,functionimpl,type,Contain,3.0,True,764,679,['manager'],['manager'],manager,manager
52,42,core/manager/src/devmgr_service.c,core/manager/include/device_token_clnt.h,DevmgrServiceDetachDevice,DeviceTokenClnt,functionimpl,type,Contain,3.0,True,750,679,['manager'],['manager'],manager,manager
59,76,core/manager/src/servstat_listener_holder.c,core/shared/include/hdf_service_status.h,KServStatListenerHolderNotifyStatus,ServiceStatusMarshalling,functionimpl,functionproto,Call,1.0,True,916,1066,['manager'],['common'],manager,common
59,76,core/manager/src/servstat_listener_holder.c,core/shared/include/hdf_service_status.h,KServStatListenerHolderNotifyStatus,ServiceStatus,functionimpl,type,Parameter,1.0,True,916,1068,['manager'],['common'],manager,common
52,47,core/manager/src/devmgr_service.c,core/manager/include/hdf_driver_installer.h,DevmgrServiceStartHostProcess,DriverInstallerGetInstance,functionimpl,functionproto,Call,2.0,True,760,712,['manager'],['manager'],manager,manager
52,47,core/manager/src/devmgr_service.c,core/manager/include/hdf_driver_installer.h,DevmgrServiceStopHost,DriverInstallerGetInstance,functionimpl,functionproto,Call,2.0,True,762,712,['manager'],['manager'],manager,manager
52,47,core/manager/src/devmgr_service.c,core/manager/include/hdf_driver_installer.h,,,file,file,Import,1.0,False,,,['manager'],['manager'],manager,manager
52,47,core/manager/src/devmgr_service.c,core/manager/include/hdf_driver_installer.h,DevmgrServiceStartHostProcess,IDriverInstaller,functionimpl,type,Use,4.0,True,760,714,['manager'],['manager'],manager,manager
52,47,core/manager/src/devmgr_service.c,core/manager/include/hdf_driver_installer.h,DevmgrServiceStopHost,IDriverInstaller,functionimpl,type,Use,4.0,True,762,714,['manager'],['manager'],manager,manager
52,47,core/manager/src/devmgr_service.c,core/manager/include/hdf_driver_installer.h,DevmgrServiceStartHostProcess,IDriverInstaller,functionimpl,type,Contain,2.0,True,760,714,['manager'],['manager'],manager,manager
52,47,core/manager/src/devmgr_service.c,core/manager/include/hdf_driver_installer.h,DevmgrServiceStopHost,IDriverInstaller,functionimpl,type,Contain,2.0,True,762,714,['manager'],['manager'],manager,manager
52,48,core/manager/src/devmgr_service.c,core/manager/include/hdf_host_info.h,DevmgrServiceStartDeviceHosts,HdfHostInfo,functionimpl,type,Cast,1.0,True,759,719,['manager'],['manager'],manager,manager
52,48,core/manager/src/devmgr_service.c,core/manager/include/hdf_host_info.h,,,file,file,Import,1.0,False,,,['manager'],['manager'],manager,manager
52,48,core/manager/src/devmgr_service.c,core/manager/include/hdf_host_info.h,DevmgrServiceStartDeviceHost,HdfHostInfo,functionimpl,type,Use,3.0,True,758,719,['manager'],['manager'],manager,manager
52,48,core/manager/src/devmgr_service.c,core/manager/include/hdf_host_info.h,DevmgrServiceStartDeviceHosts,HdfHostInfo,functionimpl,type,Use,3.0,True,759,719,['manager'],['manager'],manager,manager
52,48,core/manager/src/devmgr_service.c,core/manager/include/hdf_host_info.h,DevmgrServiceStartDeviceHost,HdfHostInfo,functionimpl,type,Parameter,1.0,True,758,719,['manager'],['manager'],manager,manager
52,48,core/manager/src/devmgr_service.c,core/manager/include/hdf_host_info.h,DevmgrServiceStartDeviceHosts,HdfHostInfo,functionimpl,type,Contain,1.0,True,759,719,['manager'],['manager'],manager,manager
52,43,core/manager/src/devmgr_service.c,core/manager/include/devmgr_service.h,DevmgrServiceDynamicDevInfoFound,DevmgrService,functionimpl,type,Cast,6.0,True,751,687,['manager'],['manager'],manager,manager
52,43,core/manager/src/devmgr_service.c,core/manager/include/devmgr_service.h,DevmgrServiceFindDeviceHost,DevmgrService,functionimpl,type,Cast,6.0,True,752,687,['manager'],['manager'],manager,manager
52,43,core/manager/src/devmgr_service.c,core/manager/include/devmgr_service.h,DevmgrServiceStartService,DevmgrService,functionimpl,type,Cast,6.0,True,761,687,['manager'],['manager'],manager,manager
52,43,core/manager/src/devmgr_service.c,core/manager/include/devmgr_service.h,DevmgrServicePowerStateChange,DevmgrService,functionimpl,type,Cast,6.0,True,756,687,['manager'],['manager'],manager,manager
52,43,core/manager/src/devmgr_service.c,core/manager/include/devmgr_service.h,DevmgrServiceRelease,DevmgrService,functionimpl,type,Cast,6.0,True,757,687,['manager'],['manager'],manager,manager
52,43,core/manager/src/devmgr_service.c,core/manager/include/devmgr_service.h,,,file,file,Import,1.0,False,,,['manager'],['manager'],manager,manager
52,43,core/manager/src/devmgr_service.c,core/manager/include/devmgr_service.h,DevmgrServiceStartDeviceHost,DevmgrService,functionimpl,type,Use,5.0,True,758,687,['manager'],['manager'],manager,manager
52,43,core/manager/src/devmgr_service.c,core/manager/include/devmgr_service.h,DevmgrServicePowerStateChange,DevmgrService,functionimpl,type,Use,5.0,True,756,687,['manager'],['manager'],manager,manager
52,43,core/manager/src/devmgr_service.c,core/manager/include/devmgr_service.h,DevmgrServiceConstruct,DevmgrService,functionimpl,type,Use,5.0,True,748,687,['manager'],['manager'],manager,manager
52,43,core/manager/src/devmgr_service.c,core/manager/include/devmgr_service.h,DevmgrServiceRelease,DevmgrService,functionimpl,type,Use,5.0,True,757,687,['manager'],['manager'],manager,manager
52,43,core/manager/src/devmgr_service.c,core/manager/include/devmgr_service.h,DevmgrServiceLoadLeftDriver,DevmgrServiceLoadLeftDriver,functionimpl,functionproto,Implement,6.0,True,755,684,['manager'],['manager'],manager,manager
52,43,core/manager/src/devmgr_service.c,core/manager/include/devmgr_service.h,DevmgrServiceStartService,DevmgrServiceStartService,functionimpl,functionproto,Implement,6.0,True,761,686,['manager'],['manager'],manager,manager
52,43,core/manager/src/devmgr_service.c,core/manager/include/devmgr_service.h,DevmgrServiceConstruct,DevmgrServiceConstruct,functionimpl,functionproto,Implement,6.0,True,748,681,['manager'],['manager'],manager,manager
52,43,core/manager/src/devmgr_service.c,core/manager/include/devmgr_service.h,DevmgrServiceCreate,DevmgrServiceCreate,functionimpl,functionproto,Implement,6.0,True,749,682,['manager'],['manager'],manager,manager
52,43,core/manager/src/devmgr_service.c,core/manager/include/devmgr_service.h,DevmgrServiceGetInstance,DevmgrServiceGetInstance,functionimpl,functionproto,Implement,6.0,True,753,683,['manager'],['manager'],manager,manager
52,43,core/manager/src/devmgr_service.c,core/manager/include/devmgr_service.h,DevmgrServiceRelease,DevmgrServiceRelease,functionimpl,functionproto,Implement,6.0,True,757,685,['manager'],['manager'],manager,manager
52,43,core/manager/src/devmgr_service.c,core/manager/include/devmgr_service.h,DevmgrServiceLoadLeftDriver,DevmgrService,functionimpl,type,Parameter,4.0,True,755,687,['manager'],['manager'],manager,manager
52,43,core/manager/src/devmgr_service.c,core/manager/include/devmgr_service.h,DevmgrServiceStartDeviceHost,DevmgrService,functionimpl,type,Parameter,4.0,True,758,687,['manager'],['manager'],manager,manager
52,43,core/manager/src/devmgr_service.c,core/manager/include/devmgr_service.h,DevmgrServiceStartDeviceHosts,DevmgrService,functionimpl,type,Parameter,4.0,True,759,687,['manager'],['manager'],manager,manager
52,43,core/manager/src/devmgr_service.c,core/manager/include/devmgr_service.h,DevmgrServiceConstruct,DevmgrService,functionimpl,type,Parameter,4.0,True,748,687,['manager'],['manager'],manager,manager
52,43,core/manager/src/devmgr_service.c,core/manager/include/devmgr_service.h,DevmgrServiceDynamicDevInfoFound,DevmgrService,functionimpl,type,Contain,6.0,True,751,687,['manager'],['manager'],manager,manager
52,43,core/manager/src/devmgr_service.c,core/manager/include/devmgr_service.h,DevmgrServiceFindDeviceHost,DevmgrService,functionimpl,type,Contain,6.0,True,752,687,['manager'],['manager'],manager,manager
52,43,core/manager/src/devmgr_service.c,core/manager/include/devmgr_service.h,DevmgrServiceStartService,DevmgrService,functionimpl,type,Contain,6.0,True,761,687,['manager'],['manager'],manager,manager
52,43,core/manager/src/devmgr_service.c,core/manager/include/devmgr_service.h,DevmgrServicePowerStateChange,DevmgrService,functionimpl,type,Contain,6.0,True,756,687,['manager'],['manager'],manager,manager
52,43,core/manager/src/devmgr_service.c,core/manager/include/devmgr_service.h,DevmgrServiceCreate,DevmgrService,functionimpl,type,Contain,6.0,True,749,687,['manager'],['manager'],manager,manager
52,43,core/manager/src/devmgr_service.c,core/manager/include/devmgr_service.h,DevmgrServiceRelease,DevmgrService,functionimpl,type,Contain,6.0,True,757,687,['manager'],['manager'],manager,manager
52,45,core/manager/src/devmgr_service.c,core/manager/include/devsvc_manager.h,DevmgrServiceStartService,DevSvcManagerStartService,functionimpl,functionproto,Call,1.0,True,761,705,['manager'],['manager'],manager,manager
52,45,core/manager/src/devmgr_service.c,core/manager/include/devsvc_manager.h,,,file,file,Import,1.0,False,,,['manager'],['manager'],manager,manager
52,64,core/manager/src/devmgr_service.c,core/shared/include/devhost_service_if.h,DevmgrServiceAttachDeviceHost,IDevHostService,functionimpl,type,Use,1.0,True,747,999,['manager'],['common'],manager,common
52,64,core/manager/src/devmgr_service.c,core/shared/include/devhost_service_if.h,DevmgrServiceAttachDeviceHost,IDevHostService,functionimpl,type,Parameter,1.0,True,747,999,['manager'],['common'],manager,common
52,69,core/manager/src/devmgr_service.c,core/shared/include/hdf_attribute_manager.h,DevmgrServiceStartDeviceHost,HdfAttributeManagerGetDeviceList,functionimpl,functionproto,Call,2.0,True,758,1014,['manager'],['common'],manager,common
52,69,core/manager/src/devmgr_service.c,core/shared/include/hdf_attribute_manager.h,DevmgrServiceStartDeviceHosts,HdfAttributeManagerGetHostList,functionimpl,functionproto,Call,2.0,True,759,1015,['manager'],['common'],manager,common
52,69,core/manager/src/devmgr_service.c,core/shared/include/hdf_attribute_manager.h,,,file,file,Import,1.0,False,,,['manager'],['common'],manager,common
52,65,core/manager/src/devmgr_service.c,core/shared/include/device_token_if.h,DevmgrServiceAttachDevice,IHdfDeviceToken,functionimpl,type,Parameter,1.0,True,746,1001,['manager'],['common'],manager,common
52,66,core/manager/src/devmgr_service.c,core/shared/include/devmgr_service_if.h,DevmgrServiceConstruct,IDevmgrService,functionimpl,type,Cast,2.0,True,748,1004,['manager'],['common'],manager,common
52,66,core/manager/src/devmgr_service.c,core/shared/include/devmgr_service_if.h,DevmgrServiceGetInstance,IDevmgrService,functionimpl,type,Cast,2.0,True,753,1004,['manager'],['common'],manager,common
52,66,core/manager/src/devmgr_service.c,core/shared/include/devmgr_service_if.h,DevmgrServiceGetInstance,IDevmgrService,functionimpl,type,Return,1.0,True,753,1004,['manager'],['common'],manager,common
52,66,core/manager/src/devmgr_service.c,core/shared/include/devmgr_service_if.h,DevmgrServiceConstruct,IDevmgrService,functionimpl,type,Use,9.0,True,748,1004,['manager'],['common'],manager,common
52,66,core/manager/src/devmgr_service.c,core/shared/include/devmgr_service_if.h,DevmgrServiceGetInstance,IDevmgrService,functionimpl,type,Use,9.0,True,753,1004,['manager'],['common'],manager,common
52,66,core/manager/src/devmgr_service.c,core/shared/include/devmgr_service_if.h,DevmgrServiceLoadDevice,IDevmgrService,functionimpl,type,Parameter,8.0,True,754,1004,['manager'],['common'],manager,common
52,66,core/manager/src/devmgr_service.c,core/shared/include/devmgr_service_if.h,DevmgrServiceUnloadDevice,IDevmgrService,functionimpl,type,Parameter,8.0,True,763,1004,['manager'],['common'],manager,common
52,66,core/manager/src/devmgr_service.c,core/shared/include/devmgr_service_if.h,DevmgrServiceFindDeviceHost,IDevmgrService,functionimpl,type,Parameter,8.0,True,752,1004,['manager'],['common'],manager,common
52,66,core/manager/src/devmgr_service.c,core/shared/include/devmgr_service_if.h,DevmgrServiceAttachDevice,IDevmgrService,functionimpl,type,Parameter,8.0,True,746,1004,['manager'],['common'],manager,common
52,66,core/manager/src/devmgr_service.c,core/shared/include/devmgr_service_if.h,DevmgrServiceDetachDevice,IDevmgrService,functionimpl,type,Parameter,8.0,True,750,1004,['manager'],['common'],manager,common
52,66,core/manager/src/devmgr_service.c,core/shared/include/devmgr_service_if.h,DevmgrServiceAttachDeviceHost,IDevmgrService,functionimpl,type,Parameter,8.0,True,747,1004,['manager'],['common'],manager,common
52,66,core/manager/src/devmgr_service.c,core/shared/include/devmgr_service_if.h,DevmgrServiceStartService,IDevmgrService,functionimpl,type,Parameter,8.0,True,761,1004,['manager'],['common'],manager,common
52,66,core/manager/src/devmgr_service.c,core/shared/include/devmgr_service_if.h,DevmgrServicePowerStateChange,IDevmgrService,functionimpl,type,Parameter,8.0,True,756,1004,['manager'],['common'],manager,common
52,66,core/manager/src/devmgr_service.c,core/shared/include/devmgr_service_if.h,DevmgrServiceConstruct,IDevmgrService,functionimpl,type,Contain,2.0,True,748,1004,['manager'],['common'],manager,common
52,66,core/manager/src/devmgr_service.c,core/shared/include/devmgr_service_if.h,DevmgrServiceGetInstance,IDevmgrService,functionimpl,type,Contain,2.0,True,753,1004,['manager'],['common'],manager,common
52,73,core/manager/src/devmgr_service.c,core/shared/include/hdf_object_manager.h,DevmgrServiceGetInstance,HdfObjectManagerGetObject,functionimpl,functionproto,Call,1.0,True,753,1052,['manager'],['common'],manager,common
52,73,core/manager/src/devmgr_service.c,core/shared/include/hdf_object_manager.h,,,file,file,Import,1.0,False,,,['manager'],['common'],manager,common
52,74,core/manager/src/devmgr_service.c,core/shared/include/hdf_power_state.h,DevmgrServicePowerStateChange,IsValidPowerState,functionimpl,functionimpl,Call,2.0,True,756,1057,['manager'],['common'],manager,common
52,74,core/manager/src/devmgr_service.c,core/shared/include/hdf_power_state.h,DevmgrServicePowerStateChange,IsPowerWakeState,functionimpl,functionimpl,Call,2.0,True,756,1056,['manager'],['common'],manager,common
52,74,core/manager/src/devmgr_service.c,core/shared/include/hdf_power_state.h,DevmgrServicePowerStateChange,IsValidPowerState,functionimpl,functionimpl,Use,2.0,True,756,1057,['manager'],['common'],manager,common
52,74,core/manager/src/devmgr_service.c,core/shared/include/hdf_power_state.h,DevmgrServicePowerStateChange,IsPowerWakeState,functionimpl,functionimpl,Use,2.0,True,756,1056,['manager'],['common'],manager,common
52,74,core/manager/src/devmgr_service.c,core/shared/include/hdf_power_state.h,DevmgrServicePowerStateChange,HdfPowerState,functionimpl,type,Parameter,1.0,True,756,1058,['manager'],['common'],manager,common
52,70,core/manager/src/devmgr_service.c,core/shared/include/hdf_device_info.h,DevmgrServiceDynamicDevInfoFound,HdfDeviceInfo,functionimpl,type,Cast,2.0,True,751,1023,['manager'],['common'],manager,common
52,70,core/manager/src/devmgr_service.c,core/shared/include/hdf_device_info.h,DevmgrServiceLoadLeftDriver,HdfDeviceInfo,functionimpl,type,Cast,2.0,True,755,1023,['manager'],['common'],manager,common
52,70,core/manager/src/devmgr_service.c,core/shared/include/hdf_device_info.h,DevmgrServiceDynamicDevInfoFound,HdfDeviceInfo,functionimpl,type,Use,8.0,True,751,1023,['manager'],['common'],manager,common
52,70,core/manager/src/devmgr_service.c,core/shared/include/hdf_device_info.h,DevmgrServiceLoadDevice,HdfDeviceInfo,functionimpl,type,Use,8.0,True,754,1023,['manager'],['common'],manager,common
52,70,core/manager/src/devmgr_service.c,core/shared/include/hdf_device_info.h,DevmgrServiceUnloadDevice,HdfDeviceInfo,functionimpl,type,Use,8.0,True,763,1023,['manager'],['common'],manager,common
52,70,core/manager/src/devmgr_service.c,core/shared/include/hdf_device_info.h,DevmgrServiceLoadLeftDriver,HdfDeviceInfo,functionimpl,type,Use,8.0,True,755,1023,['manager'],['common'],manager,common
52,70,core/manager/src/devmgr_service.c,core/shared/include/hdf_device_info.h,DevmgrServiceDynamicDevInfoFound,HdfDeviceInfo,functionimpl,type,Parameter,1.0,True,751,1023,['manager'],['common'],manager,common
52,70,core/manager/src/devmgr_service.c,core/shared/include/hdf_device_info.h,DevmgrServiceDynamicDevInfoFound,HdfDeviceInfo,functionimpl,type,Contain,4.0,True,751,1023,['manager'],['common'],manager,common
52,70,core/manager/src/devmgr_service.c,core/shared/include/hdf_device_info.h,DevmgrServiceLoadDevice,HdfDeviceInfo,functionimpl,type,Contain,4.0,True,754,1023,['manager'],['common'],manager,common
52,70,core/manager/src/devmgr_service.c,core/shared/include/hdf_device_info.h,DevmgrServiceUnloadDevice,HdfDeviceInfo,functionimpl,type,Contain,4.0,True,763,1023,['manager'],['common'],manager,common
52,70,core/manager/src/devmgr_service.c,core/shared/include/hdf_device_info.h,DevmgrServiceLoadLeftDriver,HdfDeviceInfo,functionimpl,type,Contain,4.0,True,755,1023,['manager'],['common'],manager,common
52,17,core/manager/src/devmgr_service.c,core/host/include/hdf_device.h,DevmgrServiceDetachDevice,devid_t,functionimpl,alias,Parameter,1.0,True,750,323,['manager'],['kernal_host'],manager,kernal_host
114,142,include/osal/osal_thread.h,include/utils/hdf_base.h,,,file,file,Import,1.0,False,,,['osal'],['utils'],osal,utils
98,142,include/core/hdf_object.h,include/utils/hdf_base.h,,,file,file,Import,1.0,False,,,['common'],['utils'],common,utils
155,153,include/wifi/wifi_module.h,include/wifi/wifi_inc.h,,,file,file,Import,1.0,False,,,['network'],['network'],network,network
155,156,include/wifi/wifi_module.h,include/wifi/wifi_module_config.h,,,file,file,Import,1.0,False,,,['network'],['network'],network,network
155,156,include/wifi/wifi_module.h,include/wifi/wifi_module_config.h,WifiModule,WifiModuleConfig,type,type,Contain,1.0,True,1941,1944,['network'],['network'],network,network
94,95,include/bluetooth/hdf_chip.h,include/bluetooth/hdf_chip_config.h,,,file,file,Import,1.0,False,,,['network'],['network'],network,network
94,95,include/bluetooth/hdf_chip.h,include/bluetooth/hdf_chip_config.h,CreateVirtualDevice,HdfChipConfig,functionproto,type,Parameter,1.0,True,1190,1210,['network'],['network'],network,network
44,76,core/manager/include/devsvc_listener_holder.h,core/shared/include/hdf_service_status.h,,,file,file,Import,1.0,False,,,['manager'],['common'],manager,common
44,76,core/manager/include/devsvc_listener_holder.h,core/shared/include/hdf_service_status.h,,ServiceStatus,functionproto,type,Parameter,1.0,True,689,1068,['manager'],['common'],manager,common
56,144,core/manager/src/hdf_driver_installer.c,include/utils/hdf_log.h,,,file,file,Import,1.0,False,,,['manager'],['utils'],manager,utils
10,6,core/common/src/devmgr_service_start.c,core/common/include/manager/devmgr_service_start.h,,,file,file,Import,1.0,False,,,['common'],['manager'],common,manager
10,6,core/common/src/devmgr_service_start.c,core/common/include/manager/devmgr_service_start.h,DeviceManagerSetQuickLoad,DeviceManagerSetQuickLoad,functionimpl,functionproto,Implement,4.0,True,194,176,['common'],['manager'],common,manager
10,6,core/common/src/devmgr_service_start.c,core/common/include/manager/devmgr_service_start.h,DeviceManagerIsQuickLoad,DeviceManagerIsQuickLoad,functionimpl,functionproto,Implement,4.0,True,193,175,['common'],['manager'],common,manager
10,6,core/common/src/devmgr_service_start.c,core/common/include/manager/devmgr_service_start.h,DeviceManagerStart,DeviceManagerStart,functionimpl,functionproto,Implement,4.0,True,195,177,['common'],['manager'],common,manager
10,6,core/common/src/devmgr_service_start.c,core/common/include/manager/devmgr_service_start.h,DeviceManagerStartStep2,DeviceManagerStartStep2,functionimpl,functionproto,Implement,4.0,True,196,178,['common'],['manager'],common,manager
155,102,include/wifi/wifi_module.h,include/net/net_device.h,,,file,file,Import,1.0,False,,,['network'],['network'],network,network
155,102,include/wifi/wifi_module.h,include/net/net_device.h,,NetDevice,functionproto,type,Parameter,2.0,True,1936,1344,['network'],['network'],network,network
150,149,include/wifi/hdf_wlan_chipdriver_manager.h,include/wifi/hdf_wifi_product.h,,,file,file,Import,1.0,False,,,['network'],['network'],network,network
150,149,include/wifi/hdf_wlan_chipdriver_manager.h,include/wifi/hdf_wifi_product.h,,HdfWlanDevice,functionproto,type,Parameter,3.0,True,1899,1896,['network'],['network'],network,network
150,149,include/wifi/hdf_wlan_chipdriver_manager.h,include/wifi/hdf_wifi_product.h,HdfWifiNetDeviceData,HdfWlanDevice,type,type,Contain,1.0,True,1904,1896,['network'],['network'],network,network
1,142,core/adapter/syscall/src/hdf_devmgr_adapter.c,include/utils/hdf_base.h,,,file,file,Import,1.0,False,,,['convertor'],['utils'],convertor,utils
1,144,core/adapter/syscall/src/hdf_devmgr_adapter.c,include/utils/hdf_log.h,,,file,file,Import,1.0,False,,,['convertor'],['utils'],convertor,utils
1,145,core/adapter/syscall/src/hdf_devmgr_adapter.c,include/utils/hdf_sbuf.h,HdfLoadDriverByServiceName,HdfSbufObtainDefaultSize,functionimpl,functionproto,Call,6.0,True,7,1790,['convertor'],['utils'],convertor,utils
1,145,core/adapter/syscall/src/hdf_devmgr_adapter.c,include/utils/hdf_sbuf.h,HdfLoadDriverByServiceName,HdfSbufWriteString,functionimpl,functionproto,Call,6.0,True,7,1823,['convertor'],['utils'],convertor,utils
1,145,core/adapter/syscall/src/hdf_devmgr_adapter.c,include/utils/hdf_sbuf.h,HdfLoadDriverByServiceName,HdfSbufRecycle,functionimpl,functionproto,Call,6.0,True,7,1807,['convertor'],['utils'],convertor,utils
1,145,core/adapter/syscall/src/hdf_devmgr_adapter.c,include/utils/hdf_sbuf.h,HdfGetServiceNameByDeviceClass,HdfSbufObtainDefaultSize,functionimpl,functionproto,Call,6.0,True,6,1790,['convertor'],['utils'],convertor,utils
1,145,core/adapter/syscall/src/hdf_devmgr_adapter.c,include/utils/hdf_sbuf.h,HdfGetServiceNameByDeviceClass,HdfSbufWriteInt32,functionimpl,functionproto,Call,6.0,True,6,1819,['convertor'],['utils'],convertor,utils
1,145,core/adapter/syscall/src/hdf_devmgr_adapter.c,include/utils/hdf_sbuf.h,HdfGetServiceNameByDeviceClass,HdfSbufRecycle,functionimpl,functionproto,Call,6.0,True,6,1807,['convertor'],['utils'],convertor,utils
1,145,core/adapter/syscall/src/hdf_devmgr_adapter.c,include/utils/hdf_sbuf.h,,,file,file,Import,1.0,False,,,['convertor'],['utils'],convertor,utils
150,151,include/wifi/hdf_wlan_chipdriver_manager.h,include/wifi/hdf_wlan_power_manager.h,,,file,file,Import,1.0,False,,,['network'],['network'],network,network
150,155,include/wifi/hdf_wlan_chipdriver_manager.h,include/wifi/wifi_module.h,,,file,file,Import,1.0,False,,,['network'],['network'],network,network
150,155,include/wifi/hdf_wlan_chipdriver_manager.h,include/wifi/wifi_module.h,,HdfChipDriver,functionproto,type,Return,1.0,True,1899,1938,['network'],['network'],network,network
150,155,include/wifi/hdf_wlan_chipdriver_manager.h,include/wifi/wifi_module.h,,HdfChipDriver,functionproto,type,Parameter,1.0,True,1899,1938,['network'],['network'],network,network
150,155,include/wifi/hdf_wlan_chipdriver_manager.h,include/wifi/wifi_module.h,HdfWifiNetDeviceData,HdfChipDriver,type,type,Contain,1.0,True,1904,1938,['network'],['network'],network,network
150,152,include/wifi/hdf_wlan_chipdriver_manager.h,include/wifi/hdf_wlan_reset_manager.h,,,file,file,Import,1.0,False,,,['network'],['network'],network,network
97,145,include/core/hdf_io_service_if.h,include/utils/hdf_sbuf.h,,,file,file,Import,1.0,False,,,['common'],['utils'],common,utils
97,143,include/core/hdf_io_service_if.h,include/utils/hdf_dlist.h,,,file,file,Import,1.0,False,,,['common'],['utils'],common,utils
97,143,include/core/hdf_io_service_if.h,include/utils/hdf_dlist.h,HdfDevEventlistener,DListHead,type,type,Contain,1.0,True,1260,1773,['common'],['utils'],common,utils
27,96,core/host/include/power_state_token.h,include/core/hdf_device_desc.h,PowerStateTokenNewInstance,HdfDeviceObject,functionproto,type,Parameter,1.0,True,412,1238,['kernal_host'],['common'],kernal_host,common
27,96,core/host/include/power_state_token.h,include/core/hdf_device_desc.h,PowerStateToken,HdfDeviceObject,type,type,Contain,1.0,True,413,1238,['kernal_host'],['common'],kernal_host,common
27,99,core/host/include/power_state_token.h,include/core/hdf_pm.h,,,file,file,Import,1.0,False,,,['kernal_host'],['common'],kernal_host,common
27,99,core/host/include/power_state_token.h,include/core/hdf_pm.h,PowerStateTokenNewInstance,IPowerEventListener,functionproto,type,Parameter,1.0,True,412,1275,['kernal_host'],['common'],kernal_host,common
27,99,core/host/include/power_state_token.h,include/core/hdf_pm.h,PowerStateToken,IPowerEventListener,type,type,Contain,1.0,True,413,1275,['kernal_host'],['common'],kernal_host,common
129,130,include/platform/pin_if.h,include/platform/platform_if.h,,,file,file,Import,1.0,False,,,['platform'],['platform'],platform,platform
129,130,include/platform/pin_if.h,include/platform/platform_if.h,PinGet,DevHandle,functionproto,alias,Return,1.0,True,1621,1630,['platform'],['platform'],platform,platform
129,130,include/platform/pin_if.h,include/platform/platform_if.h,PinPut,DevHandle,functionproto,alias,Parameter,7.0,True,1625,1630,['platform'],['platform'],platform,platform
129,130,include/platform/pin_if.h,include/platform/platform_if.h,PinSetPull,DevHandle,functionproto,alias,Parameter,7.0,True,1627,1630,['platform'],['platform'],platform,platform
129,130,include/platform/pin_if.h,include/platform/platform_if.h,PinGetPull,DevHandle,functionproto,alias,Parameter,7.0,True,1623,1630,['platform'],['platform'],platform,platform
129,130,include/platform/pin_if.h,include/platform/platform_if.h,PinSetStrength,DevHandle,functionproto,alias,Parameter,7.0,True,1628,1630,['platform'],['platform'],platform,platform
129,130,include/platform/pin_if.h,include/platform/platform_if.h,PinGetStrength,DevHandle,functionproto,alias,Parameter,7.0,True,1624,1630,['platform'],['platform'],platform,platform
129,130,include/platform/pin_if.h,include/platform/platform_if.h,PinSetFunc,DevHandle,functionproto,alias,Parameter,7.0,True,1626,1630,['platform'],['platform'],platform,platform
129,130,include/platform/pin_if.h,include/platform/platform_if.h,PinGetFunc,DevHandle,functionproto,alias,Parameter,7.0,True,1622,1630,['platform'],['platform'],platform,platform
22,111,core/host/include/hdf_observer_record.h,include/osal/osal_mutex.h,,,file,file,Import,1.0,False,,,['kernal_host'],['osal'],kernal_host,osal
22,111,core/host/include/hdf_observer_record.h,include/osal/osal_mutex.h,HdfServiceObserverRecord,OsalMutex,type,type,Contain,1.0,True,385,1400,['kernal_host'],['osal'],kernal_host,osal
128,130,include/platform/pcie_if.h,include/platform/platform_if.h,,,file,file,Import,1.0,False,,,['platform'],['platform'],platform,platform
128,130,include/platform/pcie_if.h,include/platform/platform_if.h,PcieOpen,DevHandle,functionproto,alias,Return,1.0,True,1617,1630,['platform'],['platform'],platform,platform
128,130,include/platform/pcie_if.h,include/platform/platform_if.h,PcieRead,DevHandle,functionproto,alias,Parameter,3.0,True,1618,1630,['platform'],['platform'],platform,platform
128,130,include/platform/pcie_if.h,include/platform/platform_if.h,PcieWrite,DevHandle,functionproto,alias,Parameter,3.0,True,1619,1630,['platform'],['platform'],platform,platform
128,130,include/platform/pcie_if.h,include/platform/platform_if.h,PcieClose,DevHandle,functionproto,alias,Parameter,3.0,True,1616,1630,['platform'],['platform'],platform,platform
27,79,core/host/include/power_state_token.h,core/shared/include/power_state_token_if.h,,,file,file,Import,1.0,False,,,['kernal_host'],['common'],kernal_host,common
27,79,core/host/include/power_state_token.h,core/shared/include/power_state_token_if.h,PowerStateToken,IPowerStateToken,type,type,Contain,2.0,True,413,1087,['kernal_host'],['common'],kernal_host,common
27,79,core/host/include/power_state_token.h,core/shared/include/power_state_token_if.h,power_state_token,power_state_token_if,type,type,Contain,2.0,False,,,['kernal_host'],['common'],kernal_host,common
124,130,include/platform/i3c_if.h,include/platform/platform_if.h,,,file,file,Import,1.0,False,,,['platform'],['platform'],platform,platform
124,130,include/platform/i3c_if.h,include/platform/platform_if.h,I3cOpen,DevHandle,functionproto,alias,Return,1.0,True,1557,1630,['platform'],['platform'],platform,platform
124,130,include/platform/i3c_if.h,include/platform/platform_if.h,,,functionproto,alias,Parameter,7.0,False,1553,,['platform'],['platform'],platform,platform
124,130,include/platform/i3c_if.h,include/platform/platform_if.h,I3cClose,DevHandle,functionproto,alias,Parameter,7.0,True,1554,1630,['platform'],['platform'],platform,platform
124,130,include/platform/i3c_if.h,include/platform/platform_if.h,I3cTransfer,DevHandle,functionproto,alias,Parameter,7.0,True,1560,1630,['platform'],['platform'],platform,platform
124,130,include/platform/i3c_if.h,include/platform/platform_if.h,I3cRequestIbi,DevHandle,functionproto,alias,Parameter,7.0,True,1558,1630,['platform'],['platform'],platform,platform
124,130,include/platform/i3c_if.h,include/platform/platform_if.h,I3cFreeIbi,DevHandle,functionproto,alias,Parameter,7.0,True,1555,1630,['platform'],['platform'],platform,platform
124,130,include/platform/i3c_if.h,include/platform/platform_if.h,I3cSetConfig,DevHandle,functionproto,alias,Parameter,7.0,True,1559,1630,['platform'],['platform'],platform,platform
124,130,include/platform/i3c_if.h,include/platform/platform_if.h,I3cGetConfig,DevHandle,functionproto,alias,Parameter,7.0,True,1556,1630,['platform'],['platform'],platform,platform
99,96,include/core/hdf_pm.h,include/core/hdf_device_desc.h,,,file,file,Import,1.0,False,,,['common'],['common'],common,common
99,96,include/core/hdf_pm.h,include/core/hdf_device_desc.h,,HdfDeviceObject,functionproto,type,Parameter,11.0,True,1267,1238,['common'],['common'],common,common
99,96,include/core/hdf_pm.h,include/core/hdf_device_desc.h,HdfPmRegisterPowerListener,HdfDeviceObject,functionproto,type,Parameter,11.0,True,1270,1238,['common'],['common'],common,common
99,96,include/core/hdf_pm.h,include/core/hdf_device_desc.h,HdfPmUnregisterPowerListener,HdfDeviceObject,functionproto,type,Parameter,11.0,True,1274,1238,['common'],['common'],common,common
99,96,include/core/hdf_pm.h,include/core/hdf_device_desc.h,HdfPmAcquireDevice,HdfDeviceObject,functionproto,type,Parameter,11.0,True,1268,1238,['common'],['common'],common,common
99,96,include/core/hdf_pm.h,include/core/hdf_device_desc.h,HdfPmReleaseDevice,HdfDeviceObject,functionproto,type,Parameter,11.0,True,1271,1238,['common'],['common'],common,common
99,96,include/core/hdf_pm.h,include/core/hdf_device_desc.h,HdfPmAcquireDeviceAsync,HdfDeviceObject,functionproto,type,Parameter,11.0,True,1269,1238,['common'],['common'],common,common
99,96,include/core/hdf_pm.h,include/core/hdf_device_desc.h,HdfPmReleaseDeviceAsync,HdfDeviceObject,functionproto,type,Parameter,11.0,True,1272,1238,['common'],['common'],common,common
99,96,include/core/hdf_pm.h,include/core/hdf_device_desc.h,HdfPmSetMode,HdfDeviceObject,functionproto,type,Parameter,11.0,True,1273,1238,['common'],['common'],common,common
45,143,core/manager/include/devsvc_manager.h,include/utils/hdf_dlist.h,,,file,file,Import,1.0,False,,,['manager'],['utils'],manager,utils
45,143,core/manager/include/devsvc_manager.h,include/utils/hdf_dlist.h,DevSvcManager,DListHead,type,type,Contain,2.0,True,706,1773,['manager'],['utils'],manager,utils
33,24,core/host/src/hdf_device_object.c,core/host/include/hdf_power_manager.h,HdfPmAcquireDeviceAsync,HdfPmTaskPut,functionimpl,functionproto,Call,2.0,True,540,390,['kernal_host'],['kernal_host'],kernal_host,kernal_host
33,24,core/host/src/hdf_device_object.c,core/host/include/hdf_power_manager.h,HdfPmReleaseDeviceAsync,HdfPmTaskPut,functionimpl,functionproto,Call,2.0,True,543,390,['kernal_host'],['kernal_host'],kernal_host,kernal_host
33,24,core/host/src/hdf_device_object.c,core/host/include/hdf_power_manager.h,,,file,file,Import,1.0,False,,,['kernal_host'],['kernal_host'],kernal_host,kernal_host
33,25,core/host/src/hdf_device_object.c,core/host/include/hdf_service_observer.h,HdfDeviceSubscribeService,HdfServiceObserverSubscribeService,functionimpl,functionproto,Call,1.0,True,538,401,['kernal_host'],['kernal_host'],kernal_host,kernal_host
33,25,core/host/src/hdf_device_object.c,core/host/include/hdf_service_observer.h,,,file,file,Import,1.0,False,,,['kernal_host'],['kernal_host'],kernal_host,kernal_host
65,17,core/shared/include/device_token_if.h,core/host/include/hdf_device.h,,,file,file,Import,1.0,False,,,['common'],['kernal_host'],common,kernal_host
33,27,core/host/src/hdf_device_object.c,core/host/include/power_state_token.h,,,file,file,Import,1.0,False,,,['kernal_host'],['kernal_host'],kernal_host,kernal_host
33,27,core/host/src/hdf_device_object.c,core/host/include/power_state_token.h,HdfPmSetMode,PowerStateToken,functionimpl,type,Use,1.0,True,544,413,['kernal_host'],['kernal_host'],kernal_host,kernal_host
33,27,core/host/src/hdf_device_object.c,core/host/include/power_state_token.h,HdfPmSetMode,PowerStateToken,functionimpl,type,Contain,1.0,True,544,413,['kernal_host'],['kernal_host'],kernal_host,kernal_host
106,142,include/osal/osal_file.h,include/utils/hdf_base.h,,,file,file,Import,1.0,False,,,['osal'],['utils'],osal,utils
136,130,include/platform/spi_if.h,include/platform/platform_if.h,,,file,file,Import,1.0,False,,,['platform'],['platform'],platform,platform
136,130,include/platform/spi_if.h,include/platform/platform_if.h,SpiOpen,DevHandle,functionproto,alias,Return,1.0,True,1710,1630,['platform'],['platform'],platform,platform
136,130,include/platform/spi_if.h,include/platform/platform_if.h,SpiClose,DevHandle,functionproto,alias,Parameter,6.0,True,1708,1630,['platform'],['platform'],platform,platform
136,130,include/platform/spi_if.h,include/platform/platform_if.h,SpiTransfer,DevHandle,functionproto,alias,Parameter,6.0,True,1713,1630,['platform'],['platform'],platform,platform
136,130,include/platform/spi_if.h,include/platform/platform_if.h,SpiRead,DevHandle,functionproto,alias,Parameter,6.0,True,1711,1630,['platform'],['platform'],platform,platform
136,130,include/platform/spi_if.h,include/platform/platform_if.h,SpiWrite,DevHandle,functionproto,alias,Parameter,6.0,True,1714,1630,['platform'],['platform'],platform,platform
136,130,include/platform/spi_if.h,include/platform/platform_if.h,SpiSetCfg,DevHandle,functionproto,alias,Parameter,6.0,True,1712,1630,['platform'],['platform'],platform,platform
136,130,include/platform/spi_if.h,include/platform/platform_if.h,SpiGetCfg,DevHandle,functionproto,alias,Parameter,6.0,True,1709,1630,['platform'],['platform'],platform,platform
33,97,core/host/src/hdf_device_object.c,include/core/hdf_io_service_if.h,HdfDeviceSetClass,DeviceClass,functionimpl,alias,Parameter,1.0,True,537,1242,['kernal_host'],['common'],kernal_host,common
33,99,core/host/src/hdf_device_object.c,include/core/hdf_pm.h,HdfPmRegisterPowerListener,HdfPmRegisterPowerListener,functionimpl,functionproto,Implement,7.0,True,541,1270,['kernal_host'],['common'],kernal_host,common
33,99,core/host/src/hdf_device_object.c,include/core/hdf_pm.h,HdfPmUnregisterPowerListener,HdfPmUnregisterPowerListener,functionimpl,functionproto,Implement,7.0,True,545,1274,['kernal_host'],['common'],kernal_host,common
33,99,core/host/src/hdf_device_object.c,include/core/hdf_pm.h,HdfPmAcquireDevice,HdfPmAcquireDevice,functionimpl,functionproto,Implement,7.0,True,539,1268,['kernal_host'],['common'],kernal_host,common
33,99,core/host/src/hdf_device_object.c,include/core/hdf_pm.h,HdfPmReleaseDevice,HdfPmReleaseDevice,functionimpl,functionproto,Implement,7.0,True,542,1271,['kernal_host'],['common'],kernal_host,common
33,99,core/host/src/hdf_device_object.c,include/core/hdf_pm.h,HdfPmAcquireDeviceAsync,HdfPmAcquireDeviceAsync,functionimpl,functionproto,Implement,7.0,True,540,1269,['kernal_host'],['common'],kernal_host,common
33,99,core/host/src/hdf_device_object.c,include/core/hdf_pm.h,HdfPmReleaseDeviceAsync,HdfPmReleaseDeviceAsync,functionimpl,functionproto,Implement,7.0,True,543,1272,['kernal_host'],['common'],kernal_host,common
33,99,core/host/src/hdf_device_object.c,include/core/hdf_pm.h,HdfPmSetMode,HdfPmSetMode,functionimpl,functionproto,Implement,7.0,True,544,1273,['kernal_host'],['common'],kernal_host,common
33,99,core/host/src/hdf_device_object.c,include/core/hdf_pm.h,HdfPmRegisterPowerListener,IPowerEventListener,functionimpl,type,Parameter,2.0,True,541,1275,['kernal_host'],['common'],kernal_host,common
33,99,core/host/src/hdf_device_object.c,include/core/hdf_pm.h,HdfPmUnregisterPowerListener,IPowerEventListener,functionimpl,type,Parameter,2.0,True,545,1275,['kernal_host'],['common'],kernal_host,common
33,96,core/host/src/hdf_device_object.c,include/core/hdf_device_desc.h,HdfDeviceObjectAlloc,HdfDeviceObject,functionimpl,type,Return,1.0,True,526,1238,['kernal_host'],['common'],kernal_host,common
33,96,core/host/src/hdf_device_object.c,include/core/hdf_device_desc.h,HdfDeviceSetClass,HdfDeviceObject,functionimpl,type,Use,4.0,True,537,1238,['kernal_host'],['common'],kernal_host,common
33,96,core/host/src/hdf_device_object.c,include/core/hdf_device_desc.h,HdfDeviceObjectConstruct,HdfDeviceObject,functionimpl,type,Use,4.0,True,528,1238,['kernal_host'],['common'],kernal_host,common
33,96,core/host/src/hdf_device_object.c,include/core/hdf_device_desc.h,HdfDeviceSubscribeService,HdfDeviceSubscribeService,functionimpl,functionproto,Implement,3.0,True,538,1235,['kernal_host'],['common'],kernal_host,common
33,96,core/host/src/hdf_device_object.c,include/core/hdf_device_desc.h,HdfDeviceGetServiceName,HdfDeviceGetServiceName,functionimpl,functionproto,Implement,3.0,True,525,1231,['kernal_host'],['common'],kernal_host,common
33,96,core/host/src/hdf_device_object.c,include/core/hdf_device_desc.h,HdfDeviceSetClass,HdfDeviceSetClass,functionimpl,functionproto,Implement,3.0,True,537,1234,['kernal_host'],['common'],kernal_host,common
33,96,core/host/src/hdf_device_object.c,include/core/hdf_device_desc.h,HdfDeviceSubscribeService,HdfDeviceObject,functionimpl,type,Parameter,22.0,True,538,1238,['kernal_host'],['common'],kernal_host,common
33,96,core/host/src/hdf_device_object.c,include/core/hdf_device_desc.h,HdfDeviceSubscribeService,SubscriberCallback,functionimpl,type,Parameter,22.0,True,538,1241,['kernal_host'],['common'],kernal_host,common
33,96,core/host/src/hdf_device_object.c,include/core/hdf_device_desc.h,HdfDeviceGetServiceName,HdfDeviceObject,functionimpl,type,Parameter,22.0,True,525,1238,['kernal_host'],['common'],kernal_host,common
33,96,core/host/src/hdf_device_object.c,include/core/hdf_device_desc.h,HdfPmRegisterPowerListener,HdfDeviceObject,functionimpl,type,Parameter,22.0,True,541,1238,['kernal_host'],['common'],kernal_host,common
33,96,core/host/src/hdf_device_object.c,include/core/hdf_device_desc.h,HdfPmUnregisterPowerListener,HdfDeviceObject,functionimpl,type,Parameter,22.0,True,545,1238,['kernal_host'],['common'],kernal_host,common
33,96,core/host/src/hdf_device_object.c,include/core/hdf_device_desc.h,HdfPmAcquireDevice,HdfDeviceObject,functionimpl,type,Parameter,22.0,True,539,1238,['kernal_host'],['common'],kernal_host,common
33,96,core/host/src/hdf_device_object.c,include/core/hdf_device_desc.h,HdfPmReleaseDevice,HdfDeviceObject,functionimpl,type,Parameter,22.0,True,542,1238,['kernal_host'],['common'],kernal_host,common
33,96,core/host/src/hdf_device_object.c,include/core/hdf_device_desc.h,HdfPmAcquireDeviceAsync,HdfDeviceObject,functionimpl,type,Parameter,22.0,True,540,1238,['kernal_host'],['common'],kernal_host,common
33,96,core/host/src/hdf_device_object.c,include/core/hdf_device_desc.h,HdfPmReleaseDeviceAsync,HdfDeviceObject,functionimpl,type,Parameter,22.0,True,543,1238,['kernal_host'],['common'],kernal_host,common
33,96,core/host/src/hdf_device_object.c,include/core/hdf_device_desc.h,HdfPmSetMode,HdfDeviceObject,functionimpl,type,Parameter,22.0,True,544,1238,['kernal_host'],['common'],kernal_host,common
33,96,core/host/src/hdf_device_object.c,include/core/hdf_device_desc.h,HdfDeviceSetClass,HdfDeviceObject,functionimpl,type,Parameter,22.0,True,537,1238,['kernal_host'],['common'],kernal_host,common
33,96,core/host/src/hdf_device_object.c,include/core/hdf_device_desc.h,HdfDeviceObjectConstruct,HdfDeviceObject,functionimpl,type,Parameter,22.0,True,528,1238,['kernal_host'],['common'],kernal_host,common
33,96,core/host/src/hdf_device_object.c,include/core/hdf_device_desc.h,HdfDeviceObjectAlloc,HdfDeviceObject,functionimpl,type,Parameter,22.0,True,526,1238,['kernal_host'],['common'],kernal_host,common
33,96,core/host/src/hdf_device_object.c,include/core/hdf_device_desc.h,HdfDeviceObjectRelease,HdfDeviceObject,functionimpl,type,Parameter,22.0,True,531,1238,['kernal_host'],['common'],kernal_host,common
33,96,core/host/src/hdf_device_object.c,include/core/hdf_device_desc.h,HdfDeviceObjectRegister,HdfDeviceObject,functionimpl,type,Parameter,22.0,True,530,1238,['kernal_host'],['common'],kernal_host,common
33,96,core/host/src/hdf_device_object.c,include/core/hdf_device_desc.h,HdfDeviceObjectUnRegister,HdfDeviceObject,functionimpl,type,Parameter,22.0,True,535,1238,['kernal_host'],['common'],kernal_host,common
33,96,core/host/src/hdf_device_object.c,include/core/hdf_device_desc.h,HdfDeviceObjectPublishService,HdfDeviceObject,functionimpl,type,Parameter,22.0,True,529,1238,['kernal_host'],['common'],kernal_host,common
33,96,core/host/src/hdf_device_object.c,include/core/hdf_device_desc.h,HdfDeviceObjectRemoveService,HdfDeviceObject,functionimpl,type,Parameter,22.0,True,532,1238,['kernal_host'],['common'],kernal_host,common
33,96,core/host/src/hdf_device_object.c,include/core/hdf_device_desc.h,HdfDeviceObjectSetServInfo,HdfDeviceObject,functionimpl,type,Parameter,22.0,True,534,1238,['kernal_host'],['common'],kernal_host,common
33,96,core/host/src/hdf_device_object.c,include/core/hdf_device_desc.h,HdfDeviceObjectUpdate,HdfDeviceObject,functionimpl,type,Parameter,22.0,True,536,1238,['kernal_host'],['common'],kernal_host,common
33,96,core/host/src/hdf_device_object.c,include/core/hdf_device_desc.h,HdfDeviceObjectSetInterfaceDesc,HdfDeviceObject,functionimpl,type,Parameter,22.0,True,533,1238,['kernal_host'],['common'],kernal_host,common
33,96,core/host/src/hdf_device_object.c,include/core/hdf_device_desc.h,HdfDeviceObjectCheckInterfaceDesc,HdfDeviceObject,functionimpl,type,Parameter,22.0,True,527,1238,['kernal_host'],['common'],kernal_host,common
45,111,core/manager/include/devsvc_manager.h,include/osal/osal_mutex.h,,,file,file,Import,1.0,False,,,['manager'],['osal'],manager,osal
45,111,core/manager/include/devsvc_manager.h,include/osal/osal_mutex.h,DevSvcManager,OsalMutex,type,type,Contain,1.0,True,706,1400,['manager'],['osal'],manager,osal
33,79,core/host/src/hdf_device_object.c,core/shared/include/power_state_token_if.h,HdfPmAcquireDevice,IPowerStateToken,functionimpl,type,Cast,2.0,True,539,1087,['kernal_host'],['common'],kernal_host,common
33,79,core/host/src/hdf_device_object.c,core/shared/include/power_state_token_if.h,HdfPmReleaseDevice,IPowerStateToken,functionimpl,type,Cast,2.0,True,542,1087,['kernal_host'],['common'],kernal_host,common
33,79,core/host/src/hdf_device_object.c,core/shared/include/power_state_token_if.h,HdfPmAcquireDevice,IPowerStateToken,functionimpl,type,Use,6.0,True,539,1087,['kernal_host'],['common'],kernal_host,common
33,79,core/host/src/hdf_device_object.c,core/shared/include/power_state_token_if.h,HdfPmReleaseDevice,IPowerStateToken,functionimpl,type,Use,6.0,True,542,1087,['kernal_host'],['common'],kernal_host,common
33,79,core/host/src/hdf_device_object.c,core/shared/include/power_state_token_if.h,HdfPmAcquireDevice,IPowerStateToken,functionimpl,type,Contain,2.0,True,539,1087,['kernal_host'],['common'],kernal_host,common
33,79,core/host/src/hdf_device_object.c,core/shared/include/power_state_token_if.h,HdfPmReleaseDevice,IPowerStateToken,functionimpl,type,Contain,2.0,True,542,1087,['kernal_host'],['common'],kernal_host,common
67,96,core/shared/include/devsvc_manager_if.h,include/core/hdf_device_desc.h,,,file,file,Import,1.0,False,,,['common'],['common'],common,common
67,96,core/shared/include/devsvc_manager_if.h,include/core/hdf_device_desc.h,,HdfDeviceObject,functionproto,type,Return,1.0,True,1006,1238,['common'],['common'],common,common
67,96,core/shared/include/devsvc_manager_if.h,include/core/hdf_device_desc.h,,HdfDeviceObject,functionproto,type,Parameter,3.0,True,1006,1238,['common'],['common'],common,common
67,96,core/shared/include/devsvc_manager_if.h,include/core/hdf_device_desc.h,,SubscriberCallback,functionproto,type,Parameter,3.0,True,1006,1241,['common'],['common'],common,common
67,98,core/shared/include/devsvc_manager_if.h,include/core/hdf_object.h,,,file,file,Import,1.0,False,,,['common'],['common'],common,common
67,98,core/shared/include/devsvc_manager_if.h,include/core/hdf_object.h,,HdfObject,functionproto,type,Return,1.0,True,1006,1265,['common'],['common'],common,common
67,98,core/shared/include/devsvc_manager_if.h,include/core/hdf_object.h,IDevSvcManager,HdfObject,type,type,Contain,1.0,True,1007,1265,['common'],['common'],common,common
33,73,core/host/src/hdf_device_object.c,core/shared/include/hdf_object_manager.h,HdfDeviceObjectAlloc,HdfObjectManagerGetObject,functionimpl,functionproto,Call,1.0,True,526,1052,['kernal_host'],['common'],kernal_host,common
33,73,core/host/src/hdf_device_object.c,core/shared/include/hdf_object_manager.h,,,file,file,Import,1.0,False,,,['kernal_host'],['common'],kernal_host,common
33,21,core/host/src/hdf_device_object.c,core/host/include/hdf_driver_loader.h,HdfDeviceObjectRegister,HdfDriverLoaderGetInstance,functionimpl,functionproto,Call,1.0,True,530,373,['kernal_host'],['kernal_host'],kernal_host,kernal_host
33,21,core/host/src/hdf_device_object.c,core/host/include/hdf_driver_loader.h,,,file,file,Import,1.0,False,,,['kernal_host'],['kernal_host'],kernal_host,kernal_host
33,21,core/host/src/hdf_device_object.c,core/host/include/hdf_driver_loader.h,HdfDeviceObjectRegister,IDriverLoader,functionimpl,type,Use,2.0,True,530,378,['kernal_host'],['kernal_host'],kernal_host,kernal_host
33,21,core/host/src/hdf_device_object.c,core/host/include/hdf_driver_loader.h,HdfDeviceObjectRegister,IDriverLoader,functionimpl,type,Contain,1.0,True,530,378,['kernal_host'],['kernal_host'],kernal_host,kernal_host
33,22,core/host/src/hdf_device_object.c,core/host/include/hdf_observer_record.h,,,file,file,Import,1.0,False,,,['kernal_host'],['kernal_host'],kernal_host,kernal_host
33,18,core/host/src/hdf_device_object.c,core/host/include/hdf_device_node.h,HdfDeviceObjectAlloc,HdfDeviceNode,functionimpl,type,Cast,19.0,True,526,348,['kernal_host'],['kernal_host'],kernal_host,kernal_host
33,18,core/host/src/hdf_device_object.c,core/host/include/hdf_device_node.h,HdfDeviceObjectRelease,HdfDeviceNode,functionimpl,type,Cast,19.0,True,531,348,['kernal_host'],['kernal_host'],kernal_host,kernal_host
33,18,core/host/src/hdf_device_object.c,core/host/include/hdf_device_node.h,HdfDeviceObjectRegister,HdfDeviceNode,functionimpl,type,Cast,19.0,True,530,348,['kernal_host'],['kernal_host'],kernal_host,kernal_host
33,18,core/host/src/hdf_device_object.c,core/host/include/hdf_device_node.h,HdfDeviceObjectUnRegister,HdfDeviceNode,functionimpl,type,Cast,19.0,True,535,348,['kernal_host'],['kernal_host'],kernal_host,kernal_host
33,18,core/host/src/hdf_device_object.c,core/host/include/hdf_device_node.h,HdfDeviceObjectPublishService,HdfDeviceNode,functionimpl,type,Cast,19.0,True,529,348,['kernal_host'],['kernal_host'],kernal_host,kernal_host
33,18,core/host/src/hdf_device_object.c,core/host/include/hdf_device_node.h,HdfDeviceObjectRemoveService,HdfDeviceNode,functionimpl,type,Cast,19.0,True,532,348,['kernal_host'],['kernal_host'],kernal_host,kernal_host
33,18,core/host/src/hdf_device_object.c,core/host/include/hdf_device_node.h,HdfDeviceObjectSetServInfo,HdfDeviceNode,functionimpl,type,Cast,19.0,True,534,348,['kernal_host'],['kernal_host'],kernal_host,kernal_host
33,18,core/host/src/hdf_device_object.c,core/host/include/hdf_device_node.h,HdfDeviceObjectUpdate,HdfDeviceNode,functionimpl,type,Cast,19.0,True,536,348,['kernal_host'],['kernal_host'],kernal_host,kernal_host
33,18,core/host/src/hdf_device_object.c,core/host/include/hdf_device_node.h,HdfDeviceObjectSetInterfaceDesc,HdfDeviceNode,functionimpl,type,Cast,19.0,True,533,348,['kernal_host'],['kernal_host'],kernal_host,kernal_host
33,18,core/host/src/hdf_device_object.c,core/host/include/hdf_device_node.h,HdfPmRegisterPowerListener,HdfDeviceNodeAddPowerStateListener,functionimpl,functionproto,Call,5.0,True,541,338,['kernal_host'],['kernal_host'],kernal_host,kernal_host
33,18,core/host/src/hdf_device_object.c,core/host/include/hdf_device_node.h,HdfPmUnregisterPowerListener,HdfDeviceNodeRemovePowerStateListener,functionimpl,functionproto,Call,5.0,True,545,345,['kernal_host'],['kernal_host'],kernal_host,kernal_host
33,18,core/host/src/hdf_device_object.c,core/host/include/hdf_device_node.h,HdfDeviceObjectAlloc,HdfDeviceNodeFreeInstance,functionimpl,functionproto,Call,5.0,True,526,342,['kernal_host'],['kernal_host'],kernal_host,kernal_host
33,18,core/host/src/hdf_device_object.c,core/host/include/hdf_device_node.h,HdfDeviceObjectRelease,HdfDeviceNodeFreeInstance,functionimpl,functionproto,Call,5.0,True,531,342,['kernal_host'],['kernal_host'],kernal_host,kernal_host
33,18,core/host/src/hdf_device_object.c,core/host/include/hdf_device_node.h,HdfDeviceObjectPublishService,DeviveDriverBind,functionimpl,functionproto,Call,5.0,True,529,337,['kernal_host'],['kernal_host'],kernal_host,kernal_host
33,18,core/host/src/hdf_device_object.c,core/host/include/hdf_device_node.h,,,file,file,Import,1.0,False,,,['kernal_host'],['kernal_host'],kernal_host,kernal_host
33,18,core/host/src/hdf_device_object.c,core/host/include/hdf_device_node.h,HdfDeviceSubscribeService,HdfDeviceNode,functionimpl,type,Use,55.0,True,538,348,['kernal_host'],['kernal_host'],kernal_host,kernal_host
33,18,core/host/src/hdf_device_object.c,core/host/include/hdf_device_node.h,HdfDeviceGetServiceName,HdfDeviceNode,functionimpl,type,Use,55.0,True,525,348,['kernal_host'],['kernal_host'],kernal_host,kernal_host
33,18,core/host/src/hdf_device_object.c,core/host/include/hdf_device_node.h,HdfPmAcquireDevice,HdfDeviceNode,functionimpl,type,Use,55.0,True,539,348,['kernal_host'],['kernal_host'],kernal_host,kernal_host
33,18,core/host/src/hdf_device_object.c,core/host/include/hdf_device_node.h,HdfPmReleaseDevice,HdfDeviceNode,functionimpl,type,Use,55.0,True,542,348,['kernal_host'],['kernal_host'],kernal_host,kernal_host
33,18,core/host/src/hdf_device_object.c,core/host/include/hdf_device_node.h,HdfPmAcquireDeviceAsync,HdfDeviceNode,functionimpl,type,Use,55.0,True,540,348,['kernal_host'],['kernal_host'],kernal_host,kernal_host
33,18,core/host/src/hdf_device_object.c,core/host/include/hdf_device_node.h,HdfPmReleaseDeviceAsync,HdfDeviceNode,functionimpl,type,Use,55.0,True,543,348,['kernal_host'],['kernal_host'],kernal_host,kernal_host
33,18,core/host/src/hdf_device_object.c,core/host/include/hdf_device_node.h,HdfPmSetMode,HdfDeviceNode,functionimpl,type,Use,55.0,True,544,348,['kernal_host'],['kernal_host'],kernal_host,kernal_host
33,18,core/host/src/hdf_device_object.c,core/host/include/hdf_device_node.h,HdfDeviceObjectAlloc,HdfDeviceNode,functionimpl,type,Use,55.0,True,526,348,['kernal_host'],['kernal_host'],kernal_host,kernal_host
33,18,core/host/src/hdf_device_object.c,core/host/include/hdf_device_node.h,HdfDeviceObjectRelease,HdfDeviceNode,functionimpl,type,Use,55.0,True,531,348,['kernal_host'],['kernal_host'],kernal_host,kernal_host
33,18,core/host/src/hdf_device_object.c,core/host/include/hdf_device_node.h,HdfDeviceObjectRegister,HdfDeviceNode,functionimpl,type,Use,55.0,True,530,348,['kernal_host'],['kernal_host'],kernal_host,kernal_host
33,18,core/host/src/hdf_device_object.c,core/host/include/hdf_device_node.h,HdfDeviceObjectUnRegister,HdfDeviceNode,functionimpl,type,Use,55.0,True,535,348,['kernal_host'],['kernal_host'],kernal_host,kernal_host
33,18,core/host/src/hdf_device_object.c,core/host/include/hdf_device_node.h,HdfDeviceObjectPublishService,HdfDeviceNode,functionimpl,type,Use,55.0,True,529,348,['kernal_host'],['kernal_host'],kernal_host,kernal_host
33,18,core/host/src/hdf_device_object.c,core/host/include/hdf_device_node.h,HdfDeviceObjectRemoveService,HdfDeviceNode,functionimpl,type,Use,55.0,True,532,348,['kernal_host'],['kernal_host'],kernal_host,kernal_host
33,18,core/host/src/hdf_device_object.c,core/host/include/hdf_device_node.h,HdfDeviceObjectSetServInfo,HdfDeviceNode,functionimpl,type,Use,55.0,True,534,348,['kernal_host'],['kernal_host'],kernal_host,kernal_host
33,18,core/host/src/hdf_device_object.c,core/host/include/hdf_device_node.h,HdfDeviceObjectUpdate,HdfDeviceNode,functionimpl,type,Use,55.0,True,536,348,['kernal_host'],['kernal_host'],kernal_host,kernal_host
33,18,core/host/src/hdf_device_object.c,core/host/include/hdf_device_node.h,HdfDeviceObjectSetInterfaceDesc,HdfDeviceNode,functionimpl,type,Use,55.0,True,533,348,['kernal_host'],['kernal_host'],kernal_host,kernal_host
33,18,core/host/src/hdf_device_object.c,core/host/include/hdf_device_node.h,HdfDeviceSubscribeService,HdfDeviceNode,functionimpl,type,Contain,19.0,True,538,348,['kernal_host'],['kernal_host'],kernal_host,kernal_host
33,18,core/host/src/hdf_device_object.c,core/host/include/hdf_device_node.h,HdfDeviceGetServiceName,HdfDeviceNode,functionimpl,type,Contain,19.0,True,525,348,['kernal_host'],['kernal_host'],kernal_host,kernal_host
33,18,core/host/src/hdf_device_object.c,core/host/include/hdf_device_node.h,HdfPmRegisterPowerListener,HdfDeviceNode,functionimpl,type,Contain,19.0,True,541,348,['kernal_host'],['kernal_host'],kernal_host,kernal_host
33,18,core/host/src/hdf_device_object.c,core/host/include/hdf_device_node.h,HdfPmUnregisterPowerListener,HdfDeviceNode,functionimpl,type,Contain,19.0,True,545,348,['kernal_host'],['kernal_host'],kernal_host,kernal_host
33,18,core/host/src/hdf_device_object.c,core/host/include/hdf_device_node.h,HdfPmAcquireDevice,HdfDeviceNode,functionimpl,type,Contain,19.0,True,539,348,['kernal_host'],['kernal_host'],kernal_host,kernal_host
33,18,core/host/src/hdf_device_object.c,core/host/include/hdf_device_node.h,HdfPmReleaseDevice,HdfDeviceNode,functionimpl,type,Contain,19.0,True,542,348,['kernal_host'],['kernal_host'],kernal_host,kernal_host
33,18,core/host/src/hdf_device_object.c,core/host/include/hdf_device_node.h,HdfPmAcquireDeviceAsync,HdfDeviceNode,functionimpl,type,Contain,19.0,True,540,348,['kernal_host'],['kernal_host'],kernal_host,kernal_host
33,18,core/host/src/hdf_device_object.c,core/host/include/hdf_device_node.h,HdfPmReleaseDeviceAsync,HdfDeviceNode,functionimpl,type,Contain,19.0,True,543,348,['kernal_host'],['kernal_host'],kernal_host,kernal_host
33,18,core/host/src/hdf_device_object.c,core/host/include/hdf_device_node.h,HdfPmSetMode,HdfDeviceNode,functionimpl,type,Contain,19.0,True,544,348,['kernal_host'],['kernal_host'],kernal_host,kernal_host
33,18,core/host/src/hdf_device_object.c,core/host/include/hdf_device_node.h,HdfDeviceObjectAlloc,HdfDeviceNode,functionimpl,type,Contain,19.0,True,526,348,['kernal_host'],['kernal_host'],kernal_host,kernal_host
33,18,core/host/src/hdf_device_object.c,core/host/include/hdf_device_node.h,HdfDeviceObjectRelease,HdfDeviceNode,functionimpl,type,Contain,19.0,True,531,348,['kernal_host'],['kernal_host'],kernal_host,kernal_host
33,18,core/host/src/hdf_device_object.c,core/host/include/hdf_device_node.h,HdfDeviceObjectRegister,HdfDeviceNode,functionimpl,type,Contain,19.0,True,530,348,['kernal_host'],['kernal_host'],kernal_host,kernal_host
33,18,core/host/src/hdf_device_object.c,core/host/include/hdf_device_node.h,HdfDeviceObjectUnRegister,HdfDeviceNode,functionimpl,type,Contain,19.0,True,535,348,['kernal_host'],['kernal_host'],kernal_host,kernal_host
33,18,core/host/src/hdf_device_object.c,core/host/include/hdf_device_node.h,HdfDeviceObjectPublishService,HdfDeviceNode,functionimpl,type,Contain,19.0,True,529,348,['kernal_host'],['kernal_host'],kernal_host,kernal_host
33,18,core/host/src/hdf_device_object.c,core/host/include/hdf_device_node.h,HdfDeviceObjectRemoveService,HdfDeviceNode,functionimpl,type,Contain,19.0,True,532,348,['kernal_host'],['kernal_host'],kernal_host,kernal_host
33,18,core/host/src/hdf_device_object.c,core/host/include/hdf_device_node.h,HdfDeviceObjectSetServInfo,HdfDeviceNode,functionimpl,type,Contain,19.0,True,534,348,['kernal_host'],['kernal_host'],kernal_host,kernal_host
33,18,core/host/src/hdf_device_object.c,core/host/include/hdf_device_node.h,HdfDeviceObjectUpdate,HdfDeviceNode,functionimpl,type,Contain,19.0,True,536,348,['kernal_host'],['kernal_host'],kernal_host,kernal_host
33,18,core/host/src/hdf_device_object.c,core/host/include/hdf_device_node.h,HdfDeviceObjectSetInterfaceDesc,HdfDeviceNode,functionimpl,type,Contain,19.0,True,533,348,['kernal_host'],['kernal_host'],kernal_host,kernal_host
33,19,core/host/src/hdf_device_object.c,core/host/include/hdf_device_object.h,,,file,file,Import,1.0,False,,,['kernal_host'],['kernal_host'],kernal_host,kernal_host
33,19,core/host/src/hdf_device_object.c,core/host/include/hdf_device_object.h,HdfDeviceObjectConstruct,HdfDeviceObjectConstruct,functionimpl,functionproto,Implement,10.0,True,528,353,['kernal_host'],['kernal_host'],kernal_host,kernal_host
33,19,core/host/src/hdf_device_object.c,core/host/include/hdf_device_object.h,HdfDeviceObjectAlloc,HdfDeviceObjectAlloc,functionimpl,functionproto,Implement,10.0,True,526,351,['kernal_host'],['kernal_host'],kernal_host,kernal_host
33,19,core/host/src/hdf_device_object.c,core/host/include/hdf_device_object.h,HdfDeviceObjectRelease,HdfDeviceObjectRelease,functionimpl,functionproto,Implement,10.0,True,531,356,['kernal_host'],['kernal_host'],kernal_host,kernal_host
33,19,core/host/src/hdf_device_object.c,core/host/include/hdf_device_object.h,HdfDeviceObjectRegister,HdfDeviceObjectRegister,functionimpl,functionproto,Implement,10.0,True,530,355,['kernal_host'],['kernal_host'],kernal_host,kernal_host
33,19,core/host/src/hdf_device_object.c,core/host/include/hdf_device_object.h,HdfDeviceObjectUnRegister,HdfDeviceObjectUnRegister,functionimpl,functionproto,Implement,10.0,True,535,359,['kernal_host'],['kernal_host'],kernal_host,kernal_host
33,19,core/host/src/hdf_device_object.c,core/host/include/hdf_device_object.h,HdfDeviceObjectPublishService,HdfDeviceObjectPublishService,functionimpl,functionproto,Implement,10.0,True,529,354,['kernal_host'],['kernal_host'],kernal_host,kernal_host
33,19,core/host/src/hdf_device_object.c,core/host/include/hdf_device_object.h,HdfDeviceObjectSetServInfo,HdfDeviceObjectSetServInfo,functionimpl,functionproto,Implement,10.0,True,534,358,['kernal_host'],['kernal_host'],kernal_host,kernal_host
33,19,core/host/src/hdf_device_object.c,core/host/include/hdf_device_object.h,HdfDeviceObjectUpdate,HdfDeviceObjectUpdate,functionimpl,functionproto,Implement,10.0,True,536,360,['kernal_host'],['kernal_host'],kernal_host,kernal_host
33,19,core/host/src/hdf_device_object.c,core/host/include/hdf_device_object.h,HdfDeviceObjectSetInterfaceDesc,HdfDeviceObjectSetInterfaceDesc,functionimpl,functionproto,Implement,10.0,True,533,357,['kernal_host'],['kernal_host'],kernal_host,kernal_host
33,19,core/host/src/hdf_device_object.c,core/host/include/hdf_device_object.h,HdfDeviceObjectCheckInterfaceDesc,HdfDeviceObjectCheckInterfaceDesc,functionimpl,functionproto,Implement,10.0,True,527,352,['kernal_host'],['kernal_host'],kernal_host,kernal_host
143,142,include/utils/hdf_dlist.h,include/utils/hdf_base.h,,,file,file,Import,1.0,False,,,['utils'],['utils'],utils,utils
33,14,core/host/src/hdf_device_object.c,core/host/include/devhost_service.h,,,file,file,Import,1.0,False,,,['kernal_host'],['kernal_host'],kernal_host,kernal_host
33,14,core/host/src/hdf_device_object.c,core/host/include/devhost_service.h,HdfDeviceSubscribeService,DevHostService,functionimpl,type,Use,1.0,True,538,306,['kernal_host'],['kernal_host'],kernal_host,kernal_host
33,14,core/host/src/hdf_device_object.c,core/host/include/devhost_service.h,HdfDeviceSubscribeService,DevHostService,functionimpl,type,Contain,1.0,True,538,306,['kernal_host'],['kernal_host'],kernal_host,kernal_host
33,16,core/host/src/hdf_device_object.c,core/host/include/devsvc_manager_clnt.h,HdfDeviceObjectUpdate,DevSvcManagerClntUpdateService,functionimpl,functionproto,Call,1.0,True,536,321,['kernal_host'],['kernal_host'],kernal_host,kernal_host
33,16,core/host/src/hdf_device_object.c,core/host/include/devsvc_manager_clnt.h,,,file,file,Import,1.0,False,,,['kernal_host'],['kernal_host'],kernal_host,kernal_host
92,96,include/audio/audio_platform_if.h,include/core/hdf_device_desc.h,PlatformDevice,HdfDeviceObject,type,type,Contain,3.0,True,1178,1238,['audio'],['common'],audio,common
92,96,include/audio/audio_platform_if.h,include/core/hdf_device_desc.h,PlatformHost,IDeviceIoService,type,type,Contain,3.0,True,1179,1240,['audio'],['common'],audio,common
92,96,include/audio/audio_platform_if.h,include/core/hdf_device_desc.h,PlatformHost,HdfDeviceObject,type,type,Contain,3.0,True,1179,1238,['audio'],['common'],audio,common
52,144,core/manager/src/devmgr_service.c,include/utils/hdf_log.h,,,file,file,Import,1.0,False,,,['manager'],['utils'],manager,utils
81,70,core/shared/src/hdf_device_info.c,core/shared/include/hdf_device_info.h,HdfDeviceInfoNewInstance,HdfDeviceInfo,functionimpl,type,Cast,2.0,True,1098,1023,['common'],['common'],common,common
81,70,core/shared/src/hdf_device_info.c,core/shared/include/hdf_device_info.h,HdfDeviceInfoDelete,HdfDeviceInfo,functionimpl,type,Cast,2.0,True,1096,1023,['common'],['common'],common,common
81,70,core/shared/src/hdf_device_info.c,core/shared/include/hdf_device_info.h,,,file,file,Import,1.0,False,,,['common'],['common'],common,common
81,70,core/shared/src/hdf_device_info.c,core/shared/include/hdf_device_info.h,HdfDeviceInfoNewInstance,HdfDeviceInfo,functionimpl,type,Return,1.0,True,1098,1023,['common'],['common'],common,common
81,70,core/shared/src/hdf_device_info.c,core/shared/include/hdf_device_info.h,HdfDeviceInfoConstruct,HdfDeviceInfo,functionimpl,type,Use,12.0,True,1095,1023,['common'],['common'],common,common
81,70,core/shared/src/hdf_device_info.c,core/shared/include/hdf_device_info.h,HdfDeviceInfoNewInstance,HdfDeviceInfo,functionimpl,type,Use,12.0,True,1098,1023,['common'],['common'],common,common
81,70,core/shared/src/hdf_device_info.c,core/shared/include/hdf_device_info.h,HdfDeviceInfoConstruct,HdfDeviceInfoConstruct,functionimpl,functionproto,Implement,4.0,True,1095,1018,['common'],['common'],common,common
81,70,core/shared/src/hdf_device_info.c,core/shared/include/hdf_device_info.h,HdfDeviceInfoNewInstance,HdfDeviceInfoNewInstance,functionimpl,functionproto,Implement,4.0,True,1098,1021,['common'],['common'],common,common
81,70,core/shared/src/hdf_device_info.c,core/shared/include/hdf_device_info.h,HdfDeviceInfoFreeInstance,HdfDeviceInfoFreeInstance,functionimpl,functionproto,Implement,4.0,True,1097,1020,['common'],['common'],common,common
81,70,core/shared/src/hdf_device_info.c,core/shared/include/hdf_device_info.h,HdfDeviceInfoDelete,HdfDeviceInfoDelete,functionimpl,functionproto,Implement,4.0,True,1096,1019,['common'],['common'],common,common
81,70,core/shared/src/hdf_device_info.c,core/shared/include/hdf_device_info.h,HdfDeviceInfoConstruct,HdfDeviceInfo,functionimpl,type,Parameter,2.0,True,1095,1023,['common'],['common'],common,common
81,70,core/shared/src/hdf_device_info.c,core/shared/include/hdf_device_info.h,HdfDeviceInfoFreeInstance,HdfDeviceInfo,functionimpl,type,Parameter,2.0,True,1097,1023,['common'],['common'],common,common
81,70,core/shared/src/hdf_device_info.c,core/shared/include/hdf_device_info.h,HdfDeviceInfoNewInstance,HdfDeviceInfo,functionimpl,type,Contain,2.0,True,1098,1023,['common'],['common'],common,common
81,70,core/shared/src/hdf_device_info.c,core/shared/include/hdf_device_info.h,HdfDeviceInfoDelete,HdfDeviceInfo,functionimpl,type,Contain,2.0,True,1096,1023,['common'],['common'],common,common
52,142,core/manager/src/devmgr_service.c,include/utils/hdf_base.h,,,file,file,Import,1.0,False,,,['manager'],['utils'],manager,utils
52,143,core/manager/src/devmgr_service.c,include/utils/hdf_dlist.h,DevmgrServiceStartDeviceHost,DListInsertTail,functionimpl,functionimpl,Call,4.0,True,758,1768,['manager'],['utils'],manager,utils
52,143,core/manager/src/devmgr_service.c,include/utils/hdf_dlist.h,DevmgrServiceStartDeviceHost,DListRemove,functionimpl,functionimpl,Call,4.0,True,758,1771,['manager'],['utils'],manager,utils
52,143,core/manager/src/devmgr_service.c,include/utils/hdf_dlist.h,DevmgrServiceConstruct,DListHeadInit,functionimpl,functionimpl,Call,4.0,True,748,1766,['manager'],['utils'],manager,utils
52,143,core/manager/src/devmgr_service.c,include/utils/hdf_dlist.h,DevmgrServiceRelease,DListRemove,functionimpl,functionimpl,Call,4.0,True,757,1771,['manager'],['utils'],manager,utils
52,143,core/manager/src/devmgr_service.c,include/utils/hdf_dlist.h,DevmgrServiceStartDeviceHost,DListInsertTail,functionimpl,functionimpl,Use,4.0,True,758,1768,['manager'],['utils'],manager,utils
52,143,core/manager/src/devmgr_service.c,include/utils/hdf_dlist.h,DevmgrServiceStartDeviceHost,DListRemove,functionimpl,functionimpl,Use,4.0,True,758,1771,['manager'],['utils'],manager,utils
52,143,core/manager/src/devmgr_service.c,include/utils/hdf_dlist.h,DevmgrServiceConstruct,DListHeadInit,functionimpl,functionimpl,Use,4.0,True,748,1766,['manager'],['utils'],manager,utils
52,143,core/manager/src/devmgr_service.c,include/utils/hdf_dlist.h,DevmgrServiceRelease,DListRemove,functionimpl,functionimpl,Use,4.0,True,757,1771,['manager'],['utils'],manager,utils
38,144,core/host/src/hdf_service_observer.c,include/utils/hdf_log.h,,,file,file,Import,1.0,False,,,['kernal_host'],['utils'],kernal_host,utils
38,142,core/host/src/hdf_service_observer.c,include/utils/hdf_base.h,,,file,file,Import,1.0,False,,,['kernal_host'],['utils'],kernal_host,utils
52,115,core/manager/src/devmgr_service.c,include/osal/osal_time.h,DevmgrServiceStartHostProcess,OsalMSleep,functionimpl,functionproto,Call,1.0,True,760,1434,['manager'],['osal'],manager,osal
52,115,core/manager/src/devmgr_service.c,include/osal/osal_time.h,,,file,file,Import,1.0,False,,,['manager'],['osal'],manager,osal
52,111,core/manager/src/devmgr_service.c,include/osal/osal_mutex.h,DevmgrServiceConstruct,OsalMutexInit,functionimpl,functionproto,Call,2.0,True,748,1396,['manager'],['osal'],manager,osal
52,111,core/manager/src/devmgr_service.c,include/osal/osal_mutex.h,DevmgrServiceRelease,OsalMutexDestroy,functionimpl,functionproto,Call,2.0,True,757,1395,['manager'],['osal'],manager,osal
113,142,include/osal/osal_spinlock.h,include/utils/hdf_base.h,,,file,file,Import,1.0,False,,,['osal'],['utils'],osal,utils
38,111,core/host/src/hdf_service_observer.c,include/osal/osal_mutex.h,HdfServiceObserverConstruct,OsalMutexInit,functionimpl,functionproto,Call,10.0,True,627,1396,['kernal_host'],['osal'],kernal_host,osal
38,111,core/host/src/hdf_service_observer.c,include/osal/osal_mutex.h,HdfServiceObserverDestruct,OsalMutexDestroy,functionimpl,functionproto,Call,10.0,True,628,1395,['kernal_host'],['osal'],kernal_host,osal
38,111,core/host/src/hdf_service_observer.c,include/osal/osal_mutex.h,HdfServiceObserverSubscribeService,OsalMutexLock,functionimpl,functionproto,Call,10.0,True,631,1397,['kernal_host'],['osal'],kernal_host,osal
38,111,core/host/src/hdf_service_observer.c,include/osal/osal_mutex.h,HdfServiceObserverSubscribeService,OsalMutexUnlock,functionimpl,functionproto,Call,10.0,True,631,1399,['kernal_host'],['osal'],kernal_host,osal
38,111,core/host/src/hdf_service_observer.c,include/osal/osal_mutex.h,HdfServiceObserverPublishService,OsalMutexLock,functionimpl,functionproto,Call,10.0,True,629,1397,['kernal_host'],['osal'],kernal_host,osal
38,111,core/host/src/hdf_service_observer.c,include/osal/osal_mutex.h,HdfServiceObserverPublishService,OsalMutexUnlock,functionimpl,functionproto,Call,10.0,True,629,1399,['kernal_host'],['osal'],kernal_host,osal
38,111,core/host/src/hdf_service_observer.c,include/osal/osal_mutex.h,HdfServiceObserverRemoveRecord,OsalMutexLock,functionimpl,functionproto,Call,10.0,True,630,1397,['kernal_host'],['osal'],kernal_host,osal
38,111,core/host/src/hdf_service_observer.c,include/osal/osal_mutex.h,HdfServiceObserverRemoveRecord,OsalMutexUnlock,functionimpl,functionproto,Call,10.0,True,630,1399,['kernal_host'],['osal'],kernal_host,osal
19,96,core/host/include/hdf_device_object.h,include/core/hdf_device_desc.h,,,file,file,Import,1.0,False,,,['kernal_host'],['common'],kernal_host,common
19,96,core/host/include/hdf_device_object.h,include/core/hdf_device_desc.h,HdfDeviceObjectAlloc,HdfDeviceObject,functionproto,type,Return,1.0,True,351,1238,['kernal_host'],['common'],kernal_host,common
19,96,core/host/include/hdf_device_object.h,include/core/hdf_device_desc.h,HdfDeviceObjectConstruct,HdfDeviceObject,functionproto,type,Parameter,11.0,True,353,1238,['kernal_host'],['common'],kernal_host,common
19,96,core/host/include/hdf_device_object.h,include/core/hdf_device_desc.h,HdfDeviceObjectAlloc,HdfDeviceObject,functionproto,type,Parameter,11.0,True,351,1238,['kernal_host'],['common'],kernal_host,common
19,96,core/host/include/hdf_device_object.h,include/core/hdf_device_desc.h,HdfDeviceObjectRelease,HdfDeviceObject,functionproto,type,Parameter,11.0,True,356,1238,['kernal_host'],['common'],kernal_host,common
19,96,core/host/include/hdf_device_object.h,include/core/hdf_device_desc.h,HdfDeviceObjectRegister,HdfDeviceObject,functionproto,type,Parameter,11.0,True,355,1238,['kernal_host'],['common'],kernal_host,common
19,96,core/host/include/hdf_device_object.h,include/core/hdf_device_desc.h,HdfDeviceObjectUnRegister,HdfDeviceObject,functionproto,type,Parameter,11.0,True,359,1238,['kernal_host'],['common'],kernal_host,common
19,96,core/host/include/hdf_device_object.h,include/core/hdf_device_desc.h,HdfDeviceObjectPublishService,HdfDeviceObject,functionproto,type,Parameter,11.0,True,354,1238,['kernal_host'],['common'],kernal_host,common
19,96,core/host/include/hdf_device_object.h,include/core/hdf_device_desc.h,HdfRemoveService,HdfDeviceObject,functionproto,type,Parameter,11.0,True,361,1238,['kernal_host'],['common'],kernal_host,common
19,96,core/host/include/hdf_device_object.h,include/core/hdf_device_desc.h,HdfDeviceObjectSetServInfo,HdfDeviceObject,functionproto,type,Parameter,11.0,True,358,1238,['kernal_host'],['common'],kernal_host,common
19,96,core/host/include/hdf_device_object.h,include/core/hdf_device_desc.h,HdfDeviceObjectUpdate,HdfDeviceObject,functionproto,type,Parameter,11.0,True,360,1238,['kernal_host'],['common'],kernal_host,common
19,96,core/host/include/hdf_device_object.h,include/core/hdf_device_desc.h,HdfDeviceObjectSetInterfaceDesc,HdfDeviceObject,functionproto,type,Parameter,11.0,True,357,1238,['kernal_host'],['common'],kernal_host,common
19,96,core/host/include/hdf_device_object.h,include/core/hdf_device_desc.h,HdfDeviceObjectCheckInterfaceDesc,HdfDeviceObject,functionproto,type,Parameter,11.0,True,352,1238,['kernal_host'],['common'],kernal_host,common
65,98,core/shared/include/device_token_if.h,include/core/hdf_object.h,,,file,file,Import,1.0,False,,,['common'],['common'],common,common
65,98,core/shared/include/device_token_if.h,include/core/hdf_object.h,IHdfDeviceToken,HdfObject,type,type,Contain,1.0,True,1001,1265,['common'],['common'],common,common
68,144,core/shared/include/hdf_attribute_macro.h,include/utils/hdf_log.h,,,file,file,Import,1.0,False,,,['common'],['utils'],common,utils
68,143,core/shared/include/hdf_attribute_macro.h,include/utils/hdf_dlist.h,,,file,file,Import,1.0,False,,,['common'],['utils'],common,utils
68,143,core/shared/include/hdf_attribute_macro.h,include/utils/hdf_dlist.h,HdfDevHostMgr,DListHead,type,type,Contain,6.0,True,1009,1773,['common'],['utils'],common,utils
68,143,core/shared/include/hdf_attribute_macro.h,include/utils/hdf_dlist.h,HdfHostType,DListHead,type,type,Contain,6.0,True,1012,1773,['common'],['utils'],common,utils
68,143,core/shared/include/hdf_attribute_macro.h,include/utils/hdf_dlist.h,HdfDeviceType,DListHead,type,type,Contain,6.0,True,1011,1773,['common'],['utils'],common,utils
68,143,core/shared/include/hdf_attribute_macro.h,include/utils/hdf_dlist.h,HdfDeviceNodeType,DListHead,type,type,Contain,6.0,True,1010,1773,['common'],['utils'],common,utils
12,70,core/common/src/hdf_attribute_macro.c,core/shared/include/hdf_device_info.h,HdfDeviceListCompare,HdfDeviceInfo,functionimpl,type,Cast,2.0,True,252,1023,['common'],['common'],common,common
12,70,core/common/src/hdf_attribute_macro.c,core/shared/include/hdf_device_info.h,GetDevcieNodeList,HdfDeviceInfoNewInstance,functionimpl,functionproto,Call,3.0,True,247,1021,['common'],['common'],common,common
12,70,core/common/src/hdf_attribute_macro.c,core/shared/include/hdf_device_info.h,GetDevcieNodeList,HdfDeviceInfoFreeInstance,functionimpl,functionproto,Call,3.0,True,247,1020,['common'],['common'],common,common
12,70,core/common/src/hdf_attribute_macro.c,core/shared/include/hdf_device_info.h,HdfDeviceListCompare,HdfDeviceInfo,functionimpl,type,Use,20.0,True,252,1023,['common'],['common'],common,common
12,70,core/common/src/hdf_attribute_macro.c,core/shared/include/hdf_device_info.h,CheckDeviceInfo,HdfDeviceInfo,functionimpl,type,Use,20.0,True,246,1023,['common'],['common'],common,common
12,70,core/common/src/hdf_attribute_macro.c,core/shared/include/hdf_device_info.h,GetDeviceNodeInfo,HdfDeviceInfo,functionimpl,type,Use,20.0,True,248,1023,['common'],['common'],common,common
12,70,core/common/src/hdf_attribute_macro.c,core/shared/include/hdf_device_info.h,GetDevcieNodeList,HdfDeviceInfo,functionimpl,type,Use,20.0,True,247,1023,['common'],['common'],common,common
12,70,core/common/src/hdf_attribute_macro.c,core/shared/include/hdf_device_info.h,CheckDeviceInfo,HdfDeviceInfo,functionimpl,type,Parameter,2.0,True,246,1023,['common'],['common'],common,common
12,70,core/common/src/hdf_attribute_macro.c,core/shared/include/hdf_device_info.h,GetDeviceNodeInfo,HdfDeviceInfo,functionimpl,type,Parameter,2.0,True,248,1023,['common'],['common'],common,common
12,70,core/common/src/hdf_attribute_macro.c,core/shared/include/hdf_device_info.h,HdfDeviceListCompare,HdfDeviceInfo,functionimpl,type,Contain,3.0,True,252,1023,['common'],['common'],common,common
12,70,core/common/src/hdf_attribute_macro.c,core/shared/include/hdf_device_info.h,GetDevcieNodeList,HdfDeviceInfo,functionimpl,type,Contain,3.0,True,247,1023,['common'],['common'],common,common
12,69,core/common/src/hdf_attribute_macro.c,core/shared/include/hdf_attribute_manager.h,,,file,file,Import,1.0,False,,,['common'],['common'],common,common
12,69,core/common/src/hdf_attribute_macro.c,core/shared/include/hdf_attribute_manager.h,HdfAttributeManagerGetHostList,HdfAttributeManagerGetHostList,functionimpl,functionproto,Implement,2.0,True,251,1015,['common'],['common'],common,common
12,69,core/common/src/hdf_attribute_macro.c,core/shared/include/hdf_attribute_manager.h,HdfAttributeManagerGetDeviceList,HdfAttributeManagerGetDeviceList,functionimpl,functionproto,Implement,2.0,True,250,1014,['common'],['common'],common,common
12,68,core/common/src/hdf_attribute_macro.c,core/shared/include/hdf_attribute_macro.h,AttributeManagerFreeDevHost,HdfHostType,functionimpl,type,Cast,32.0,True,244,1012,['common'],['common'],common,common
12,68,core/common/src/hdf_attribute_macro.c,core/shared/include/hdf_attribute_macro.h,HdfAttributeManagerGetHostList,HdfDevHostMgr,functionimpl,type,Cast,32.0,True,251,1009,['common'],['common'],common,common
12,68,core/common/src/hdf_attribute_macro.c,core/shared/include/hdf_attribute_macro.h,HdfAttributeManagerGetHostList,HdfHostType,functionimpl,type,Cast,32.0,True,251,1012,['common'],['common'],common,common
12,68,core/common/src/hdf_attribute_macro.c,core/shared/include/hdf_attribute_macro.h,GetDevcieNodeList,HdfDeviceNodeType,functionimpl,type,Cast,32.0,True,247,1010,['common'],['common'],common,common
12,68,core/common/src/hdf_attribute_macro.c,core/shared/include/hdf_attribute_macro.h,AttributeManagerFreeHost,HdfDeviceType,functionimpl,type,Cast,32.0,True,245,1011,['common'],['common'],common,common
12,68,core/common/src/hdf_attribute_macro.c,core/shared/include/hdf_attribute_macro.h,AttributeManagerFreeHost,HdfDeviceNodeType,functionimpl,type,Cast,32.0,True,245,1010,['common'],['common'],common,common
12,68,core/common/src/hdf_attribute_macro.c,core/shared/include/hdf_attribute_macro.h,HdfAttributeManagerGetDeviceList,HdfHostType,functionimpl,type,Cast,32.0,True,250,1012,['common'],['common'],common,common
12,68,core/common/src/hdf_attribute_macro.c,core/shared/include/hdf_attribute_macro.h,HdfAttributeManagerGetDeviceList,HdfDeviceType,functionimpl,type,Cast,32.0,True,250,1011,['common'],['common'],common,common
12,68,core/common/src/hdf_attribute_macro.c,core/shared/include/hdf_attribute_macro.h,,,file,file,Import,1.0,False,,,['common'],['common'],common,common
12,68,core/common/src/hdf_attribute_macro.c,core/shared/include/hdf_attribute_macro.h,GetHostInfo,HdfHostType,functionimpl,type,Use,25.0,True,249,1012,['common'],['common'],common,common
12,68,core/common/src/hdf_attribute_macro.c,core/shared/include/hdf_attribute_macro.h,AttributeManagerFreeDevHost,HdfHostType,functionimpl,type,Use,25.0,True,244,1012,['common'],['common'],common,common
12,68,core/common/src/hdf_attribute_macro.c,core/shared/include/hdf_attribute_macro.h,HdfAttributeManagerGetHostList,HdfDevHostMgr,functionimpl,type,Use,25.0,True,251,1009,['common'],['common'],common,common
12,68,core/common/src/hdf_attribute_macro.c,core/shared/include/hdf_attribute_macro.h,HdfAttributeManagerGetHostList,HdfHostType,functionimpl,type,Use,25.0,True,251,1012,['common'],['common'],common,common
12,68,core/common/src/hdf_attribute_macro.c,core/shared/include/hdf_attribute_macro.h,GetDeviceNodeInfo,HdfDeviceNodeType,functionimpl,type,Use,25.0,True,248,1010,['common'],['common'],common,common
12,68,core/common/src/hdf_attribute_macro.c,core/shared/include/hdf_attribute_macro.h,GetDevcieNodeList,HdfDeviceNodeType,functionimpl,type,Use,25.0,True,247,1010,['common'],['common'],common,common
12,68,core/common/src/hdf_attribute_macro.c,core/shared/include/hdf_attribute_macro.h,AttributeManagerFreeHost,HdfDeviceType,functionimpl,type,Use,25.0,True,245,1011,['common'],['common'],common,common
12,68,core/common/src/hdf_attribute_macro.c,core/shared/include/hdf_attribute_macro.h,AttributeManagerFreeHost,HdfDeviceNodeType,functionimpl,type,Use,25.0,True,245,1010,['common'],['common'],common,common
12,68,core/common/src/hdf_attribute_macro.c,core/shared/include/hdf_attribute_macro.h,HdfAttributeManagerGetDeviceList,HdfHostType,functionimpl,type,Use,25.0,True,250,1012,['common'],['common'],common,common
12,68,core/common/src/hdf_attribute_macro.c,core/shared/include/hdf_attribute_macro.h,HdfAttributeManagerGetDeviceList,HdfDeviceType,functionimpl,type,Use,25.0,True,250,1011,['common'],['common'],common,common
12,68,core/common/src/hdf_attribute_macro.c,core/shared/include/hdf_attribute_macro.h,GetHostInfo,HdfHostType,functionimpl,type,Parameter,5.0,True,249,1012,['common'],['common'],common,common
12,68,core/common/src/hdf_attribute_macro.c,core/shared/include/hdf_attribute_macro.h,AttributeManagerFreeDevHost,HdfDevHostMgr,functionimpl,type,Parameter,5.0,True,244,1009,['common'],['common'],common,common
12,68,core/common/src/hdf_attribute_macro.c,core/shared/include/hdf_attribute_macro.h,GetDeviceNodeInfo,HdfDeviceNodeType,functionimpl,type,Parameter,5.0,True,248,1010,['common'],['common'],common,common
12,68,core/common/src/hdf_attribute_macro.c,core/shared/include/hdf_attribute_macro.h,GetDevcieNodeList,HdfDeviceType,functionimpl,type,Parameter,5.0,True,247,1011,['common'],['common'],common,common
12,68,core/common/src/hdf_attribute_macro.c,core/shared/include/hdf_attribute_macro.h,AttributeManagerFreeHost,HdfHostType,functionimpl,type,Parameter,5.0,True,245,1012,['common'],['common'],common,common
12,68,core/common/src/hdf_attribute_macro.c,core/shared/include/hdf_attribute_macro.h,AttributeManagerFreeDevHost,HdfHostType,functionimpl,type,Contain,12.0,True,244,1012,['common'],['common'],common,common
12,68,core/common/src/hdf_attribute_macro.c,core/shared/include/hdf_attribute_macro.h,HdfAttributeManagerGetHostList,HdfDevHostMgr,functionimpl,type,Contain,12.0,True,251,1009,['common'],['common'],common,common
12,68,core/common/src/hdf_attribute_macro.c,core/shared/include/hdf_attribute_macro.h,HdfAttributeManagerGetHostList,HdfHostType,functionimpl,type,Contain,12.0,True,251,1012,['common'],['common'],common,common
12,68,core/common/src/hdf_attribute_macro.c,core/shared/include/hdf_attribute_macro.h,GetDevcieNodeList,HdfDeviceNodeType,functionimpl,type,Contain,12.0,True,247,1010,['common'],['common'],common,common
12,68,core/common/src/hdf_attribute_macro.c,core/shared/include/hdf_attribute_macro.h,AttributeManagerFreeHost,HdfDeviceType,functionimpl,type,Contain,12.0,True,245,1011,['common'],['common'],common,common
12,68,core/common/src/hdf_attribute_macro.c,core/shared/include/hdf_attribute_macro.h,AttributeManagerFreeHost,HdfDeviceNodeType,functionimpl,type,Contain,12.0,True,245,1010,['common'],['common'],common,common
12,68,core/common/src/hdf_attribute_macro.c,core/shared/include/hdf_attribute_macro.h,HdfAttributeManagerGetDeviceList,HdfHostType,functionimpl,type,Contain,12.0,True,250,1012,['common'],['common'],common,common
12,68,core/common/src/hdf_attribute_macro.c,core/shared/include/hdf_attribute_macro.h,HdfAttributeManagerGetDeviceList,HdfDeviceType,functionimpl,type,Contain,12.0,True,250,1011,['common'],['common'],common,common
12,68,core/common/src/hdf_attribute_macro.c,core/shared/include/hdf_attribute_macro.h,HdfAttributeManagerGetDeviceList,HdfDeviceNodeType,functionimpl,type,Contain,12.0,True,250,1010,['common'],['common'],common,common
12,48,core/common/src/hdf_attribute_macro.c,core/manager/include/hdf_host_info.h,HdfHostListCompare,HdfHostInfo,functionimpl,type,Cast,2.0,True,253,719,['common'],['manager'],common,manager
12,48,core/common/src/hdf_attribute_macro.c,core/manager/include/hdf_host_info.h,HdfAttributeManagerGetHostList,HdfHostInfoNewInstance,functionimpl,functionproto,Call,3.0,True,251,718,['common'],['manager'],common,manager
12,48,core/common/src/hdf_attribute_macro.c,core/manager/include/hdf_host_info.h,HdfAttributeManagerGetHostList,HdfHostInfoFreeInstance,functionimpl,functionproto,Call,3.0,True,251,717,['common'],['manager'],common,manager
12,48,core/common/src/hdf_attribute_macro.c,core/manager/include/hdf_host_info.h,,,file,file,Import,1.0,False,,,['common'],['manager'],common,manager
12,48,core/common/src/hdf_attribute_macro.c,core/manager/include/hdf_host_info.h,HdfHostListCompare,HdfHostInfo,functionimpl,type,Use,10.0,True,253,719,['common'],['manager'],common,manager
12,48,core/common/src/hdf_attribute_macro.c,core/manager/include/hdf_host_info.h,GetHostInfo,HdfHostInfo,functionimpl,type,Use,10.0,True,249,719,['common'],['manager'],common,manager
12,48,core/common/src/hdf_attribute_macro.c,core/manager/include/hdf_host_info.h,HdfAttributeManagerGetHostList,HdfHostInfo,functionimpl,type,Use,10.0,True,251,719,['common'],['manager'],common,manager
12,48,core/common/src/hdf_attribute_macro.c,core/manager/include/hdf_host_info.h,GetHostInfo,HdfHostInfo,functionimpl,type,Parameter,1.0,True,249,719,['common'],['manager'],common,manager
12,48,core/common/src/hdf_attribute_macro.c,core/manager/include/hdf_host_info.h,HdfHostListCompare,HdfHostInfo,functionimpl,type,Contain,3.0,True,253,719,['common'],['manager'],common,manager
12,48,core/common/src/hdf_attribute_macro.c,core/manager/include/hdf_host_info.h,HdfAttributeManagerGetHostList,HdfHostInfo,functionimpl,type,Contain,3.0,True,251,719,['common'],['manager'],common,manager
12,41,core/common/src/hdf_attribute_macro.c,core/manager/include/devhost_service_clnt.h,,,file,file,Import,1.0,False,,,['common'],['manager'],common,manager
12,41,core/common/src/hdf_attribute_macro.c,core/manager/include/devhost_service_clnt.h,GetDevcieNodeList,DevHostServiceClnt,functionimpl,type,Use,3.0,True,247,674,['common'],['manager'],common,manager
12,41,core/common/src/hdf_attribute_macro.c,core/manager/include/devhost_service_clnt.h,GetDevcieNodeList,DevHostServiceClnt,functionimpl,type,Parameter,2.0,True,247,674,['common'],['manager'],common,manager
12,41,core/common/src/hdf_attribute_macro.c,core/manager/include/devhost_service_clnt.h,HdfAttributeManagerGetDeviceList,DevHostServiceClnt,functionimpl,type,Parameter,2.0,True,250,674,['common'],['manager'],common,manager
78,76,core/shared/include/ioservstat_listener.h,core/shared/include/hdf_service_status.h,,,file,file,Import,1.0,False,,,['common'],['common'],common,common
78,76,core/shared/include/ioservstat_listener.h,core/shared/include/hdf_service_status.h,IoServiceStatusListenerNewInstance,ServiceStatusListener,functionproto,type,Return,1.0,True,1082,1069,['common'],['common'],common,common
78,76,core/shared/include/ioservstat_listener.h,core/shared/include/hdf_service_status.h,IoServiceStatusListenerFree,ServiceStatusListener,functionproto,type,Parameter,1.0,True,1081,1069,['common'],['common'],common,common
78,76,core/shared/include/ioservstat_listener.h,core/shared/include/hdf_service_status.h,IoServiceStatusListener,ServiceStatusListener,type,type,Contain,1.0,True,1083,1069,['common'],['common'],common,common
34,110,core/host/src/hdf_device_token.c,include/osal/osal_mem.h,HdfDeviceTokenCreate,OsalMemCalloc,functionimpl,functionproto,Call,2.0,True,571,1392,['kernal_host'],['osal'],kernal_host,osal
34,110,core/host/src/hdf_device_token.c,include/osal/osal_mem.h,HdfDeviceTokenRelease,OsalMemFree,functionimpl,functionproto,Call,2.0,True,574,1393,['kernal_host'],['osal'],kernal_host,osal
34,110,core/host/src/hdf_device_token.c,include/osal/osal_mem.h,,,file,file,Import,1.0,False,,,['kernal_host'],['osal'],kernal_host,osal
78,97,core/shared/include/ioservstat_listener.h,include/core/hdf_io_service_if.h,,,file,file,Import,1.0,False,,,['common'],['common'],common,common
78,97,core/shared/include/ioservstat_listener.h,include/core/hdf_io_service_if.h,IoServiceStatusListener,HdfDevEventlistener,type,type,Contain,1.0,True,1083,1260,['common'],['common'],common,common
86,76,core/shared/src/service_status.c,core/shared/include/hdf_service_status.h,,,file,file,Import,1.0,False,,,['common'],['common'],common,common
86,76,core/shared/src/service_status.c,core/shared/include/hdf_service_status.h,ServiceStatusMarshalling,ServiceStatus,functionimpl,type,Use,11.0,True,1131,1068,['common'],['common'],common,common
86,76,core/shared/src/service_status.c,core/shared/include/hdf_service_status.h,ServiceStatusUnMarshalling,ServiceStatus,functionimpl,type,Use,11.0,True,1132,1068,['common'],['common'],common,common
86,76,core/shared/src/service_status.c,core/shared/include/hdf_service_status.h,ServiceStatusMarshalling,ServiceStatusMarshalling,functionimpl,functionproto,Implement,2.0,True,1131,1066,['common'],['common'],common,common
86,76,core/shared/src/service_status.c,core/shared/include/hdf_service_status.h,ServiceStatusUnMarshalling,ServiceStatusUnMarshalling,functionimpl,functionproto,Implement,2.0,True,1132,1067,['common'],['common'],common,common
86,76,core/shared/src/service_status.c,core/shared/include/hdf_service_status.h,ServiceStatusMarshalling,ServiceStatus,functionimpl,type,Parameter,2.0,True,1131,1068,['common'],['common'],common,common
86,76,core/shared/src/service_status.c,core/shared/include/hdf_service_status.h,ServiceStatusUnMarshalling,ServiceStatus,functionimpl,type,Parameter,2.0,True,1132,1068,['common'],['common'],common,common
13,7,core/common/src/hdf_device_node_ext.c,core/common/include/manager/hdf_device_node_ext.h,DeviceNodeExtPublishService,DeviceNodeExt,functionimpl,type,Cast,5.0,True,278,183,['common'],['manager'],common,manager
13,7,core/common/src/hdf_device_node_ext.c,core/common/include/manager/hdf_device_node_ext.h,DeviceNodeExtRemoveService,DeviceNodeExt,functionimpl,type,Cast,5.0,True,280,183,['common'],['manager'],common,manager
13,7,core/common/src/hdf_device_node_ext.c,core/common/include/manager/hdf_device_node_ext.h,DeviceNodeExtCreate,DeviceNodeExt,functionimpl,type,Cast,5.0,True,275,183,['common'],['manager'],common,manager
13,7,core/common/src/hdf_device_node_ext.c,core/common/include/manager/hdf_device_node_ext.h,DeviceNodeExtRelease,DeviceNodeExt,functionimpl,type,Cast,5.0,True,279,183,['common'],['manager'],common,manager
13,7,core/common/src/hdf_device_node_ext.c,core/common/include/manager/hdf_device_node_ext.h,,,file,file,Import,1.0,False,,,['common'],['manager'],common,manager
13,7,core/common/src/hdf_device_node_ext.c,core/common/include/manager/hdf_device_node_ext.h,DeviceNodeExtPublishService,DeviceNodeExt,functionimpl,type,Use,15.0,True,278,183,['common'],['manager'],common,manager
13,7,core/common/src/hdf_device_node_ext.c,core/common/include/manager/hdf_device_node_ext.h,DeviceNodeExtRemoveService,DeviceNodeExt,functionimpl,type,Use,15.0,True,280,183,['common'],['manager'],common,manager
13,7,core/common/src/hdf_device_node_ext.c,core/common/include/manager/hdf_device_node_ext.h,DeviceNodeExtConstruct,DeviceNodeExt,functionimpl,type,Use,15.0,True,274,183,['common'],['manager'],common,manager
13,7,core/common/src/hdf_device_node_ext.c,core/common/include/manager/hdf_device_node_ext.h,DeviceNodeExtDestruct,DeviceNodeExt,functionimpl,type,Use,15.0,True,276,183,['common'],['manager'],common,manager
13,7,core/common/src/hdf_device_node_ext.c,core/common/include/manager/hdf_device_node_ext.h,DeviceNodeExtCreate,DeviceNodeExt,functionimpl,type,Use,15.0,True,275,183,['common'],['manager'],common,manager
13,7,core/common/src/hdf_device_node_ext.c,core/common/include/manager/hdf_device_node_ext.h,DeviceNodeExtCreate,DeviceNodeExtCreate,functionimpl,functionproto,Implement,2.0,True,275,181,['common'],['manager'],common,manager
13,7,core/common/src/hdf_device_node_ext.c,core/common/include/manager/hdf_device_node_ext.h,DeviceNodeExtRelease,DeviceNodeExtRelease,functionimpl,functionproto,Implement,2.0,True,279,182,['common'],['manager'],common,manager
13,7,core/common/src/hdf_device_node_ext.c,core/common/include/manager/hdf_device_node_ext.h,DeviceNodeExtConstruct,DeviceNodeExt,functionimpl,type,Parameter,2.0,True,274,183,['common'],['manager'],common,manager
13,7,core/common/src/hdf_device_node_ext.c,core/common/include/manager/hdf_device_node_ext.h,DeviceNodeExtDestruct,DeviceNodeExt,functionimpl,type,Parameter,2.0,True,276,183,['common'],['manager'],common,manager
13,7,core/common/src/hdf_device_node_ext.c,core/common/include/manager/hdf_device_node_ext.h,DeviceNodeExtPublishService,DeviceNodeExt,functionimpl,type,Contain,4.0,True,278,183,['common'],['manager'],common,manager
13,7,core/common/src/hdf_device_node_ext.c,core/common/include/manager/hdf_device_node_ext.h,DeviceNodeExtRemoveService,DeviceNodeExt,functionimpl,type,Contain,4.0,True,280,183,['common'],['manager'],common,manager
13,7,core/common/src/hdf_device_node_ext.c,core/common/include/manager/hdf_device_node_ext.h,DeviceNodeExtCreate,DeviceNodeExt,functionimpl,type,Contain,4.0,True,275,183,['common'],['manager'],common,manager
13,7,core/common/src/hdf_device_node_ext.c,core/common/include/manager/hdf_device_node_ext.h,DeviceNodeExtRelease,DeviceNodeExt,functionimpl,type,Contain,4.0,True,279,183,['common'],['manager'],common,manager
38,98,core/host/src/hdf_service_observer.c,include/core/hdf_object.h,HdfServiceObserverPublishService,HdfObject,functionimpl,type,Use,2.0,True,629,1265,['kernal_host'],['common'],kernal_host,common
38,98,core/host/src/hdf_service_observer.c,include/core/hdf_object.h,HdfServiceObserverPublishService,HdfObject,functionimpl,type,Parameter,1.0,True,629,1265,['kernal_host'],['common'],kernal_host,common
38,96,core/host/src/hdf_service_observer.c,include/core/hdf_device_desc.h,HdfServiceObserverSubscribeService,SubscriberCallback,functionimpl,type,Parameter,1.0,True,631,1241,['kernal_host'],['common'],kernal_host,common
4,72,core/adapter/vnode/src/hdf_vnode_adapter.c,core/shared/include/hdf_io_service.h,HdfVNodeAdapterServCall,HdfWriteReadBuf,functionimpl,type,Cast,2.0,True,129,1041,['convertor'],['common'],convertor,common
4,72,core/adapter/vnode/src/hdf_vnode_adapter.c,core/shared/include/hdf_io_service.h,HdfVNodeAdapterReadDevEvent,HdfWriteReadBuf,functionimpl,type,Cast,2.0,True,127,1041,['convertor'],['common'],convertor,common
4,72,core/adapter/vnode/src/hdf_vnode_adapter.c,core/shared/include/hdf_io_service.h,HdfVNodeAdapterIoctl,HDF_WRITE_READ,functionimpl,var,Call,6.0,True,124,1047,['convertor'],['common'],convertor,common
4,72,core/adapter/vnode/src/hdf_vnode_adapter.c,core/shared/include/hdf_io_service.h,HdfVNodeAdapterIoctl,HDF_READ_DEV_EVENT,functionimpl,var,Call,6.0,True,124,1046,['convertor'],['common'],convertor,common
4,72,core/adapter/vnode/src/hdf_vnode_adapter.c,core/shared/include/hdf_io_service.h,HdfVNodeAdapterIoctl,HDF_LISTEN_EVENT_START,functionimpl,var,Call,6.0,True,124,1043,['convertor'],['common'],convertor,common
4,72,core/adapter/vnode/src/hdf_vnode_adapter.c,core/shared/include/hdf_io_service.h,HdfVNodeAdapterIoctl,HDF_LISTEN_EVENT_STOP,functionimpl,var,Call,6.0,True,124,1044,['convertor'],['common'],convertor,common
4,72,core/adapter/vnode/src/hdf_vnode_adapter.c,core/shared/include/hdf_io_service.h,HdfVNodeAdapterIoctl,HDF_LISTEN_EVENT_WAKEUP,functionimpl,var,Call,6.0,True,124,1045,['convertor'],['common'],convertor,common
4,72,core/adapter/vnode/src/hdf_vnode_adapter.c,core/shared/include/hdf_io_service.h,HdfVNodeAdapterIoctl,HDF_LISTEN_EVENT_EXIT,functionimpl,var,Call,6.0,True,124,1042,['convertor'],['common'],convertor,common
4,72,core/adapter/vnode/src/hdf_vnode_adapter.c,core/shared/include/hdf_io_service.h,HdfVNodeAdapterServCall,HdfWriteReadBuf,functionimpl,type,Use,24.0,True,129,1041,['convertor'],['common'],convertor,common
4,72,core/adapter/vnode/src/hdf_vnode_adapter.c,core/shared/include/hdf_io_service.h,HdfVNodeAdapterReadDevEvent,HdfWriteReadBuf,functionimpl,type,Use,24.0,True,127,1041,['convertor'],['common'],convertor,common
4,72,core/adapter/vnode/src/hdf_vnode_adapter.c,core/shared/include/hdf_io_service.h,HdfVNodeAdapterIoctl,HDF_WRITE_READ,functionimpl,var,Use,24.0,True,124,1047,['convertor'],['common'],convertor,common
4,72,core/adapter/vnode/src/hdf_vnode_adapter.c,core/shared/include/hdf_io_service.h,HdfVNodeAdapterIoctl,HDF_READ_DEV_EVENT,functionimpl,var,Use,24.0,True,124,1046,['convertor'],['common'],convertor,common
4,72,core/adapter/vnode/src/hdf_vnode_adapter.c,core/shared/include/hdf_io_service.h,HdfVNodeAdapterIoctl,HDF_LISTEN_EVENT_START,functionimpl,var,Use,24.0,True,124,1043,['convertor'],['common'],convertor,common
4,72,core/adapter/vnode/src/hdf_vnode_adapter.c,core/shared/include/hdf_io_service.h,HdfVNodeAdapterIoctl,HDF_LISTEN_EVENT_STOP,functionimpl,var,Use,24.0,True,124,1044,['convertor'],['common'],convertor,common
4,72,core/adapter/vnode/src/hdf_vnode_adapter.c,core/shared/include/hdf_io_service.h,HdfVNodeAdapterIoctl,HDF_LISTEN_EVENT_WAKEUP,functionimpl,var,Use,24.0,True,124,1045,['convertor'],['common'],convertor,common
4,72,core/adapter/vnode/src/hdf_vnode_adapter.c,core/shared/include/hdf_io_service.h,HdfVNodeAdapterIoctl,HDF_LISTEN_EVENT_EXIT,functionimpl,var,Use,24.0,True,124,1042,['convertor'],['common'],convertor,common
4,72,core/adapter/vnode/src/hdf_vnode_adapter.c,core/shared/include/hdf_io_service.h,HdfIoServiceAdapterObtain,HdfIoServiceAdapterObtain,functionimpl,functionproto,Implement,4.0,True,110,1033,['convertor'],['common'],convertor,common
4,72,core/adapter/vnode/src/hdf_vnode_adapter.c,core/shared/include/hdf_io_service.h,HdfIoServiceAdapterRecycle,HdfIoServiceAdapterRecycle,functionimpl,functionproto,Implement,4.0,True,112,1035,['convertor'],['common'],convertor,common
4,72,core/adapter/vnode/src/hdf_vnode_adapter.c,core/shared/include/hdf_io_service.h,HdfIoServiceAdapterPublish,HdfIoServiceAdapterPublish,functionimpl,functionproto,Implement,4.0,True,111,1034,['convertor'],['common'],convertor,common
4,72,core/adapter/vnode/src/hdf_vnode_adapter.c,core/shared/include/hdf_io_service.h,HdfIoServiceAdapterRemove,HdfIoServiceAdapterRemove,functionimpl,functionproto,Implement,4.0,True,114,1036,['convertor'],['common'],convertor,common
4,72,core/adapter/vnode/src/hdf_vnode_adapter.c,core/shared/include/hdf_io_service.h,HdfVNodeAdapterServCall,HdfWriteReadBuf,functionimpl,type,Contain,4.0,True,129,1041,['convertor'],['common'],convertor,common
4,72,core/adapter/vnode/src/hdf_vnode_adapter.c,core/shared/include/hdf_io_service.h,HdfVNodeAdapterReadDevEvent,HdfWriteReadBuf,functionimpl,type,Contain,4.0,True,127,1041,['convertor'],['common'],convertor,common
4,98,core/adapter/vnode/src/hdf_vnode_adapter.c,include/core/hdf_object.h,HdfKIoServiceDispatch,HdfObject,functionimpl,type,Parameter,1.0,True,115,1265,['convertor'],['common'],convertor,common
4,97,core/adapter/vnode/src/hdf_vnode_adapter.c,include/core/hdf_io_service_if.h,HdfKIoServiceDispatch,HdfIoService,functionimpl,type,Cast,1.0,True,115,1262,['convertor'],['common'],convertor,common
4,97,core/adapter/vnode/src/hdf_vnode_adapter.c,include/core/hdf_io_service_if.h,HdfIoServiceAdapterObtain,HdfIoService,functionimpl,type,Return,3.0,True,110,1262,['convertor'],['common'],convertor,common
4,97,core/adapter/vnode/src/hdf_vnode_adapter.c,include/core/hdf_io_service_if.h,HdfIoServiceAdapterRegCdev,HdfIoService,functionimpl,type,Return,3.0,True,113,1262,['convertor'],['common'],convertor,common
4,97,core/adapter/vnode/src/hdf_vnode_adapter.c,include/core/hdf_io_service_if.h,HdfIoServiceAdapterPublish,HdfIoService,functionimpl,type,Return,3.0,True,111,1262,['convertor'],['common'],convertor,common
4,97,core/adapter/vnode/src/hdf_vnode_adapter.c,include/core/hdf_io_service_if.h,HdfKIoServiceDispatch,HdfIoService,functionimpl,type,Use,2.0,True,115,1262,['convertor'],['common'],convertor,common
4,97,core/adapter/vnode/src/hdf_vnode_adapter.c,include/core/hdf_io_service_if.h,HdfHdfIoServiceKClientInstance,HdfIoDispatcher,functionimpl,type,Use,2.0,True,109,1261,['convertor'],['common'],convertor,common
4,97,core/adapter/vnode/src/hdf_vnode_adapter.c,include/core/hdf_io_service_if.h,HdfIoServiceAdapterRecycle,HdfIoService,functionimpl,type,Parameter,2.0,True,112,1262,['convertor'],['common'],convertor,common
4,97,core/adapter/vnode/src/hdf_vnode_adapter.c,include/core/hdf_io_service_if.h,HdfIoServiceAdapterRemove,HdfIoService,functionimpl,type,Parameter,2.0,True,114,1262,['convertor'],['common'],convertor,common
4,97,core/adapter/vnode/src/hdf_vnode_adapter.c,include/core/hdf_io_service_if.h,HdfVNodeAdapterClient,HdfIoService,type,type,Contain,4.0,True,134,1262,['convertor'],['common'],convertor,common
4,97,core/adapter/vnode/src/hdf_vnode_adapter.c,include/core/hdf_io_service_if.h,HdfIoServiceKClient,HdfIoService,type,type,Contain,4.0,True,133,1262,['convertor'],['common'],convertor,common
4,97,core/adapter/vnode/src/hdf_vnode_adapter.c,include/core/hdf_io_service_if.h,HdfKIoServiceDispatch,HdfIoService,functionimpl,type,Contain,4.0,True,115,1262,['convertor'],['common'],convertor,common
4,97,core/adapter/vnode/src/hdf_vnode_adapter.c,include/core/hdf_io_service_if.h,HdfHdfIoServiceKClientInstance,HdfIoDispatcher,functionimpl,type,Contain,4.0,True,109,1261,['convertor'],['common'],convertor,common
4,96,core/adapter/vnode/src/hdf_vnode_adapter.c,include/core/hdf_device_desc.h,HdfNewVNodeAdapterClient,HdfDeviceObject,functionimpl,type,Cast,1.0,True,116,1238,['convertor'],['common'],convertor,common
4,96,core/adapter/vnode/src/hdf_vnode_adapter.c,include/core/hdf_device_desc.h,HdfHdfIoServiceKClientInstance,HdfDeviceObject,functionimpl,type,Use,6.0,True,109,1238,['convertor'],['common'],convertor,common
4,96,core/adapter/vnode/src/hdf_vnode_adapter.c,include/core/hdf_device_desc.h,HdfNewVNodeAdapterClient,HdfDeviceObject,functionimpl,type,Use,6.0,True,116,1238,['convertor'],['common'],convertor,common
4,96,core/adapter/vnode/src/hdf_vnode_adapter.c,include/core/hdf_device_desc.h,HdfDeviceSendEventToClient,HdfDeviceIoClient,functionimpl,type,Use,6.0,True,108,1237,['convertor'],['common'],convertor,common
4,96,core/adapter/vnode/src/hdf_vnode_adapter.c,include/core/hdf_device_desc.h,HdfDeviceSendEvent,HdfDeviceSendEvent,functionimpl,functionproto,Implement,2.0,True,107,1232,['convertor'],['common'],convertor,common
4,96,core/adapter/vnode/src/hdf_vnode_adapter.c,include/core/hdf_device_desc.h,HdfDeviceSendEventToClient,HdfDeviceSendEventToClient,functionimpl,functionproto,Implement,2.0,True,108,1233,['convertor'],['common'],convertor,common
4,96,core/adapter/vnode/src/hdf_vnode_adapter.c,include/core/hdf_device_desc.h,HdfHdfIoServiceKClientInstance,HdfDeviceObject,functionimpl,type,Parameter,3.0,True,109,1238,['convertor'],['common'],convertor,common
4,96,core/adapter/vnode/src/hdf_vnode_adapter.c,include/core/hdf_device_desc.h,HdfDeviceSendEvent,HdfDeviceObject,functionimpl,type,Parameter,3.0,True,107,1238,['convertor'],['common'],convertor,common
4,96,core/adapter/vnode/src/hdf_vnode_adapter.c,include/core/hdf_device_desc.h,HdfDeviceSendEventToClient,HdfDeviceIoClient,functionimpl,type,Parameter,3.0,True,108,1237,['convertor'],['common'],convertor,common
4,96,core/adapter/vnode/src/hdf_vnode_adapter.c,include/core/hdf_device_desc.h,HdfVNodeAdapterClient,HdfDeviceIoClient,type,type,Contain,3.0,True,134,1237,['convertor'],['common'],convertor,common
4,96,core/adapter/vnode/src/hdf_vnode_adapter.c,include/core/hdf_device_desc.h,HdfIoServiceKClient,HdfDeviceIoClient,type,type,Contain,3.0,True,133,1237,['convertor'],['common'],convertor,common
4,96,core/adapter/vnode/src/hdf_vnode_adapter.c,include/core/hdf_device_desc.h,HdfIoServiceAdapterObtain,HdfDeviceObject,functionimpl,type,Contain,3.0,True,110,1238,['convertor'],['common'],convertor,common
38,25,core/host/src/hdf_service_observer.c,core/host/include/hdf_service_observer.h,,,file,file,Import,1.0,False,,,['kernal_host'],['kernal_host'],kernal_host,kernal_host
38,25,core/host/src/hdf_service_observer.c,core/host/include/hdf_service_observer.h,HdfServiceObserverConstruct,HdfServiceObserver,functionimpl,type,Use,16.0,True,627,402,['kernal_host'],['kernal_host'],kernal_host,kernal_host
38,25,core/host/src/hdf_service_observer.c,core/host/include/hdf_service_observer.h,HdfServiceObserverDestruct,HdfServiceObserver,functionimpl,type,Use,16.0,True,628,402,['kernal_host'],['kernal_host'],kernal_host,kernal_host
38,25,core/host/src/hdf_service_observer.c,core/host/include/hdf_service_observer.h,HdfServiceObserverSubscribeService,HdfServiceObserver,functionimpl,type,Use,16.0,True,631,402,['kernal_host'],['kernal_host'],kernal_host,kernal_host
38,25,core/host/src/hdf_service_observer.c,core/host/include/hdf_service_observer.h,HdfServiceObserverPublishService,HdfServiceObserver,functionimpl,type,Use,16.0,True,629,402,['kernal_host'],['kernal_host'],kernal_host,kernal_host
38,25,core/host/src/hdf_service_observer.c,core/host/include/hdf_service_observer.h,HdfServiceObserverRemoveRecord,HdfServiceObserver,functionimpl,type,Use,16.0,True,630,402,['kernal_host'],['kernal_host'],kernal_host,kernal_host
38,25,core/host/src/hdf_service_observer.c,core/host/include/hdf_service_observer.h,HdfServiceObserverConstruct,HdfServiceObserverConstruct,functionimpl,functionproto,Implement,5.0,True,627,397,['kernal_host'],['kernal_host'],kernal_host,kernal_host
38,25,core/host/src/hdf_service_observer.c,core/host/include/hdf_service_observer.h,HdfServiceObserverDestruct,HdfServiceObserverDestruct,functionimpl,functionproto,Implement,5.0,True,628,398,['kernal_host'],['kernal_host'],kernal_host,kernal_host
38,25,core/host/src/hdf_service_observer.c,core/host/include/hdf_service_observer.h,HdfServiceObserverSubscribeService,HdfServiceObserverSubscribeService,functionimpl,functionproto,Implement,5.0,True,631,401,['kernal_host'],['kernal_host'],kernal_host,kernal_host
38,25,core/host/src/hdf_service_observer.c,core/host/include/hdf_service_observer.h,HdfServiceObserverPublishService,HdfServiceObserverPublishService,functionimpl,functionproto,Implement,5.0,True,629,399,['kernal_host'],['kernal_host'],kernal_host,kernal_host
38,25,core/host/src/hdf_service_observer.c,core/host/include/hdf_service_observer.h,HdfServiceObserverRemoveRecord,HdfServiceObserverRemoveRecord,functionimpl,functionproto,Implement,5.0,True,630,400,['kernal_host'],['kernal_host'],kernal_host,kernal_host
38,25,core/host/src/hdf_service_observer.c,core/host/include/hdf_service_observer.h,HdfServiceObserverConstruct,HdfServiceObserver,functionimpl,type,Parameter,5.0,True,627,402,['kernal_host'],['kernal_host'],kernal_host,kernal_host
38,25,core/host/src/hdf_service_observer.c,core/host/include/hdf_service_observer.h,HdfServiceObserverDestruct,HdfServiceObserver,functionimpl,type,Parameter,5.0,True,628,402,['kernal_host'],['kernal_host'],kernal_host,kernal_host
38,25,core/host/src/hdf_service_observer.c,core/host/include/hdf_service_observer.h,HdfServiceObserverSubscribeService,HdfServiceObserver,functionimpl,type,Parameter,5.0,True,631,402,['kernal_host'],['kernal_host'],kernal_host,kernal_host
38,25,core/host/src/hdf_service_observer.c,core/host/include/hdf_service_observer.h,HdfServiceObserverPublishService,HdfServiceObserver,functionimpl,type,Parameter,5.0,True,629,402,['kernal_host'],['kernal_host'],kernal_host,kernal_host
38,25,core/host/src/hdf_service_observer.c,core/host/include/hdf_service_observer.h,HdfServiceObserverRemoveRecord,HdfServiceObserver,functionimpl,type,Parameter,5.0,True,630,402,['kernal_host'],['kernal_host'],kernal_host,kernal_host
38,26,core/host/src/hdf_service_observer.c,core/host/include/hdf_service_subscriber.h,HdfServiceObserverSubscribeService,HdfServiceSubscriberObtain,functionimpl,functionproto,Call,2.0,True,631,405,['kernal_host'],['kernal_host'],kernal_host,kernal_host
38,26,core/host/src/hdf_service_observer.c,core/host/include/hdf_service_subscriber.h,HdfServiceObserverSubscribeService,HdfServiceSubscriber,functionimpl,type,Use,7.0,True,631,408,['kernal_host'],['kernal_host'],kernal_host,kernal_host
38,26,core/host/src/hdf_service_observer.c,core/host/include/hdf_service_subscriber.h,HdfServiceObserverSubscribeService,HdfServiceSubscriber,functionimpl,type,Contain,1.0,True,631,408,['kernal_host'],['kernal_host'],kernal_host,kernal_host
38,22,core/host/src/hdf_service_observer.c,core/host/include/hdf_observer_record.h,HdfServiceObserverSubscribeService,HdfServiceObserverRecord,functionimpl,type,Cast,3.0,True,631,385,['kernal_host'],['kernal_host'],kernal_host,kernal_host
38,22,core/host/src/hdf_service_observer.c,core/host/include/hdf_observer_record.h,HdfServiceObserverPublishService,HdfServiceObserverRecord,functionimpl,type,Cast,3.0,True,629,385,['kernal_host'],['kernal_host'],kernal_host,kernal_host
38,22,core/host/src/hdf_service_observer.c,core/host/include/hdf_observer_record.h,HdfServiceObserverRemoveRecord,HdfServiceObserverRecord,functionimpl,type,Cast,3.0,True,630,385,['kernal_host'],['kernal_host'],kernal_host,kernal_host
38,22,core/host/src/hdf_service_observer.c,core/host/include/hdf_observer_record.h,HdfServiceObserverSubscribeService,HdfServiceObserverRecordObtain,functionimpl,functionproto,Call,5.0,True,631,383,['kernal_host'],['kernal_host'],kernal_host,kernal_host
38,22,core/host/src/hdf_service_observer.c,core/host/include/hdf_observer_record.h,HdfServiceObserverSubscribeService,HdfServiceObserverRecordRecycle,functionimpl,functionproto,Call,5.0,True,631,384,['kernal_host'],['kernal_host'],kernal_host,kernal_host
38,22,core/host/src/hdf_service_observer.c,core/host/include/hdf_observer_record.h,HdfServiceObserverPublishService,HdfServiceObserverRecordObtain,functionimpl,functionproto,Call,5.0,True,629,383,['kernal_host'],['kernal_host'],kernal_host,kernal_host
38,22,core/host/src/hdf_service_observer.c,core/host/include/hdf_observer_record.h,HdfServiceObserverPublishService,HdfServiceObserverRecordNotifySubscribers,functionimpl,functionproto,Call,5.0,True,629,382,['kernal_host'],['kernal_host'],kernal_host,kernal_host
38,22,core/host/src/hdf_service_observer.c,core/host/include/hdf_observer_record.h,HdfServiceObserverRemoveRecord,HdfServiceObserverRecordRecycle,functionimpl,functionproto,Call,5.0,True,630,384,['kernal_host'],['kernal_host'],kernal_host,kernal_host
38,22,core/host/src/hdf_service_observer.c,core/host/include/hdf_observer_record.h,,,file,file,Import,1.0,False,,,['kernal_host'],['kernal_host'],kernal_host,kernal_host
38,22,core/host/src/hdf_service_observer.c,core/host/include/hdf_observer_record.h,HdfServiceObserverSubscribeService,HdfServiceObserverRecord,functionimpl,type,Use,19.0,True,631,385,['kernal_host'],['kernal_host'],kernal_host,kernal_host
38,22,core/host/src/hdf_service_observer.c,core/host/include/hdf_observer_record.h,HdfServiceObserverPublishService,HdfServiceObserverRecord,functionimpl,type,Use,19.0,True,629,385,['kernal_host'],['kernal_host'],kernal_host,kernal_host
38,22,core/host/src/hdf_service_observer.c,core/host/include/hdf_observer_record.h,HdfServiceObserverRemoveRecord,HdfServiceObserverRecord,functionimpl,type,Use,19.0,True,630,385,['kernal_host'],['kernal_host'],kernal_host,kernal_host
38,22,core/host/src/hdf_service_observer.c,core/host/include/hdf_observer_record.h,HdfServiceObserverSubscribeService,HdfServiceObserverRecord,functionimpl,type,Contain,3.0,True,631,385,['kernal_host'],['kernal_host'],kernal_host,kernal_host
38,22,core/host/src/hdf_service_observer.c,core/host/include/hdf_observer_record.h,HdfServiceObserverPublishService,HdfServiceObserverRecord,functionimpl,type,Contain,3.0,True,629,385,['kernal_host'],['kernal_host'],kernal_host,kernal_host
38,22,core/host/src/hdf_service_observer.c,core/host/include/hdf_observer_record.h,HdfServiceObserverRemoveRecord,HdfServiceObserverRecord,functionimpl,type,Contain,3.0,True,630,385,['kernal_host'],['kernal_host'],kernal_host,kernal_host
38,17,core/host/src/hdf_service_observer.c,core/host/include/hdf_device.h,HdfServiceObserverSubscribeService,devid_t,functionimpl,alias,Parameter,1.0,True,631,323,['kernal_host'],['kernal_host'],kernal_host,kernal_host
71,143,core/shared/include/hdf_driver.h,include/utils/hdf_dlist.h,,,file,file,Import,1.0,False,,,['common'],['utils'],common,utils
71,143,core/shared/include/hdf_driver.h,include/utils/hdf_dlist.h,HdfDriverManagerGetDriverList,DListHead,functionproto,type,Return,1.0,True,1026,1773,['common'],['utils'],common,utils
71,143,core/shared/include/hdf_driver.h,include/utils/hdf_dlist.h,HdfDriver,DListHead,type,type,Contain,1.0,True,1031,1773,['common'],['utils'],common,utils
4,16,core/adapter/vnode/src/hdf_vnode_adapter.c,core/host/include/devsvc_manager_clnt.h,HdfIoServiceAdapterObtain,DevSvcManagerClntGetInstance,functionimpl,functionproto,Call,1.0,True,110,317,['convertor'],['kernal_host'],convertor,kernal_host
4,16,core/adapter/vnode/src/hdf_vnode_adapter.c,core/host/include/devsvc_manager_clnt.h,,,file,file,Import,1.0,False,,,['convertor'],['kernal_host'],convertor,kernal_host
4,16,core/adapter/vnode/src/hdf_vnode_adapter.c,core/host/include/devsvc_manager_clnt.h,HdfIoServiceAdapterObtain,DevSvcManagerClnt,functionimpl,type,Use,4.0,True,110,322,['convertor'],['kernal_host'],convertor,kernal_host
4,16,core/adapter/vnode/src/hdf_vnode_adapter.c,core/host/include/devsvc_manager_clnt.h,HdfIoServiceAdapterObtain,DevSvcManagerClnt,functionimpl,type,Contain,1.0,True,110,322,['convertor'],['kernal_host'],convertor,kernal_host
4,18,core/adapter/vnode/src/hdf_vnode_adapter.c,core/host/include/hdf_device_node.h,HdfDeviceSendEvent,HdfDeviceNode,functionimpl,type,Cast,2.0,True,107,348,['convertor'],['kernal_host'],convertor,kernal_host
4,18,core/adapter/vnode/src/hdf_vnode_adapter.c,core/host/include/hdf_device_node.h,HdfDeviceSendEvent,HdfDeviceNode,functionimpl,type,Use,2.0,True,107,348,['convertor'],['kernal_host'],convertor,kernal_host
4,18,core/adapter/vnode/src/hdf_vnode_adapter.c,core/host/include/hdf_device_node.h,HdfDeviceSendEvent,HdfDeviceNode,functionimpl,type,Contain,1.0,True,107,348,['convertor'],['kernal_host'],convertor,kernal_host
41,143,core/manager/include/devhost_service_clnt.h,include/utils/hdf_dlist.h,DevHostServiceClnt,DListHead,type,type,Contain,1.0,True,674,1773,['manager'],['utils'],manager,utils
75,143,core/shared/include/hdf_service_record.h,include/utils/hdf_dlist.h,,,file,file,Import,1.0,False,,,['common'],['utils'],common,utils
75,143,core/shared/include/hdf_service_record.h,include/utils/hdf_dlist.h,DevSvcRecord,DListHead,type,type,Contain,1.0,True,1063,1773,['common'],['utils'],common,utils
20,65,core/host/include/hdf_device_token.h,core/shared/include/device_token_if.h,,,file,file,Import,1.0,False,,,['kernal_host'],['common'],kernal_host,common
20,65,core/host/include/hdf_device_token.h,core/shared/include/device_token_if.h,HdfDeviceTokenNewInstance,IHdfDeviceToken,functionproto,type,Return,1.0,True,365,1001,['kernal_host'],['common'],kernal_host,common
20,65,core/host/include/hdf_device_token.h,core/shared/include/device_token_if.h,HdfDeviceTokenFreeInstance,IHdfDeviceToken,functionproto,type,Parameter,1.0,True,364,1001,['kernal_host'],['common'],kernal_host,common
20,65,core/host/include/hdf_device_token.h,core/shared/include/device_token_if.h,HdfDeviceToken,IHdfDeviceToken,type,type,Contain,1.0,True,367,1001,['kernal_host'],['common'],kernal_host,common
20,98,core/host/include/hdf_device_token.h,include/core/hdf_object.h,HdfDeviceTokenCreate,HdfObject,functionproto,type,Return,1.0,True,363,1265,['kernal_host'],['common'],kernal_host,common
20,98,core/host/include/hdf_device_token.h,include/core/hdf_object.h,HdfDeviceTokenRelease,HdfObject,functionproto,type,Parameter,1.0,True,366,1265,['kernal_host'],['common'],kernal_host,common
73,98,core/shared/include/hdf_object_manager.h,include/core/hdf_object.h,,,file,file,Import,1.0,False,,,['common'],['common'],common,common
73,98,core/shared/include/hdf_object_manager.h,include/core/hdf_object.h,,HdfObject,functionproto,type,Return,2.0,True,1049,1265,['common'],['common'],common,common
73,98,core/shared/include/hdf_object_manager.h,include/core/hdf_object.h,HdfObjectManagerGetObject,HdfObject,functionproto,type,Return,2.0,True,1052,1265,['common'],['common'],common,common
73,98,core/shared/include/hdf_object_manager.h,include/core/hdf_object.h,,HdfObject,functionproto,type,Parameter,2.0,True,1049,1265,['common'],['common'],common,common
73,98,core/shared/include/hdf_object_manager.h,include/core/hdf_object.h,HdfObjectManagerFreeObject,HdfObject,functionproto,type,Parameter,2.0,True,1050,1265,['common'],['common'],common,common
50,64,core/manager/src/devhost_service_clnt.c,core/shared/include/devhost_service_if.h,DevHostServiceClntInstallDriver,IDevHostService,functionimpl,type,Cast,1.0,True,728,999,['manager'],['common'],manager,common
50,64,core/manager/src/devhost_service_clnt.c,core/shared/include/devhost_service_if.h,DevHostServiceClntInstallDriver,IDevHostService,functionimpl,type,Use,3.0,True,728,999,['manager'],['common'],manager,common
50,64,core/manager/src/devhost_service_clnt.c,core/shared/include/devhost_service_if.h,DevHostServiceClntInstallDriver,IDevHostService,functionimpl,type,Contain,1.0,True,728,999,['manager'],['common'],manager,common
53,111,core/manager/src/devsvc_manager.c,include/osal/osal_mutex.h,DevSvcManagerSearchService,OsalMutexLock,functionimpl,functionproto,Call,16.0,True,810,1397,['manager'],['osal'],manager,osal
53,111,core/manager/src/devsvc_manager.c,include/osal/osal_mutex.h,DevSvcManagerSearchService,OsalMutexUnlock,functionimpl,functionproto,Call,16.0,True,810,1399,['manager'],['osal'],manager,osal
53,111,core/manager/src/devsvc_manager.c,include/osal/osal_mutex.h,DevSvcManagerAddService,OsalMutexLock,functionimpl,functionproto,Call,16.0,True,800,1397,['manager'],['osal'],manager,osal
53,111,core/manager/src/devsvc_manager.c,include/osal/osal_mutex.h,DevSvcManagerAddService,OsalMutexUnlock,functionimpl,functionproto,Call,16.0,True,800,1399,['manager'],['osal'],manager,osal
53,111,core/manager/src/devsvc_manager.c,include/osal/osal_mutex.h,DevSvcManagerUpdateService,OsalMutexLock,functionimpl,functionproto,Call,16.0,True,814,1397,['manager'],['osal'],manager,osal
53,111,core/manager/src/devsvc_manager.c,include/osal/osal_mutex.h,DevSvcManagerUpdateService,OsalMutexUnlock,functionimpl,functionproto,Call,16.0,True,814,1399,['manager'],['osal'],manager,osal
53,111,core/manager/src/devsvc_manager.c,include/osal/osal_mutex.h,DevSvcManagerRemoveService,OsalMutexLock,functionimpl,functionproto,Call,16.0,True,809,1397,['manager'],['osal'],manager,osal
53,111,core/manager/src/devsvc_manager.c,include/osal/osal_mutex.h,DevSvcManagerRemoveService,OsalMutexUnlock,functionimpl,functionproto,Call,16.0,True,809,1399,['manager'],['osal'],manager,osal
53,111,core/manager/src/devsvc_manager.c,include/osal/osal_mutex.h,DevSvcManagerListService,OsalMutexLock,functionimpl,functionproto,Call,16.0,True,806,1397,['manager'],['osal'],manager,osal
53,111,core/manager/src/devsvc_manager.c,include/osal/osal_mutex.h,DevSvcManagerListService,OsalMutexUnlock,functionimpl,functionproto,Call,16.0,True,806,1399,['manager'],['osal'],manager,osal
53,111,core/manager/src/devsvc_manager.c,include/osal/osal_mutex.h,DevSvcManagerRegsterServListener,OsalMutexLock,functionimpl,functionproto,Call,16.0,True,807,1397,['manager'],['osal'],manager,osal
53,111,core/manager/src/devsvc_manager.c,include/osal/osal_mutex.h,DevSvcManagerRegsterServListener,OsalMutexUnlock,functionimpl,functionproto,Call,16.0,True,807,1399,['manager'],['osal'],manager,osal
53,111,core/manager/src/devsvc_manager.c,include/osal/osal_mutex.h,DevSvcManagerUnregsterServListener,OsalMutexLock,functionimpl,functionproto,Call,16.0,True,813,1397,['manager'],['osal'],manager,osal
53,111,core/manager/src/devsvc_manager.c,include/osal/osal_mutex.h,DevSvcManagerUnregsterServListener,OsalMutexUnlock,functionimpl,functionproto,Call,16.0,True,813,1399,['manager'],['osal'],manager,osal
53,111,core/manager/src/devsvc_manager.c,include/osal/osal_mutex.h,DevSvcManagerConstruct,OsalMutexInit,functionimpl,functionproto,Call,16.0,True,801,1396,['manager'],['osal'],manager,osal
53,111,core/manager/src/devsvc_manager.c,include/osal/osal_mutex.h,DevSvcManagerRelease,OsalMutexDestroy,functionimpl,functionproto,Call,16.0,True,808,1395,['manager'],['osal'],manager,osal
53,110,core/manager/src/devsvc_manager.c,include/osal/osal_mem.h,DevSvcManagerUpdateService,OsalMemFree,functionimpl,functionproto,Call,1.0,True,814,1393,['manager'],['osal'],manager,osal
53,110,core/manager/src/devsvc_manager.c,include/osal/osal_mem.h,,,file,file,Import,1.0,False,,,['manager'],['osal'],manager,osal
50,70,core/manager/src/devhost_service_clnt.c,core/shared/include/hdf_device_info.h,DevHostServiceClntInstallDriver,HdfDeviceInfo,functionimpl,type,Cast,1.0,True,728,1023,['manager'],['common'],manager,common
50,70,core/manager/src/devhost_service_clnt.c,core/shared/include/hdf_device_info.h,DevHostServiceClntInstallDriver,HdfDeviceInfo,functionimpl,type,Use,3.0,True,728,1023,['manager'],['common'],manager,common
50,70,core/manager/src/devhost_service_clnt.c,core/shared/include/hdf_device_info.h,DevHostServiceClntInstallDriver,HdfDeviceInfo,functionimpl,type,Contain,1.0,True,728,1023,['manager'],['common'],manager,common
149,152,include/wifi/hdf_wifi_product.h,include/wifi/hdf_wlan_reset_manager.h,,,file,file,Import,1.0,False,,,['network'],['network'],network,network
149,152,include/wifi/hdf_wifi_product.h,include/wifi/hdf_wlan_reset_manager.h,HdfWlanDevice,ResetManager,type,type,Contain,1.0,True,1896,1912,['network'],['network'],network,network
149,151,include/wifi/hdf_wifi_product.h,include/wifi/hdf_wlan_power_manager.h,,,file,file,Import,1.0,False,,,['network'],['network'],network,network
149,151,include/wifi/hdf_wifi_product.h,include/wifi/hdf_wlan_power_manager.h,HdfWlanDevice,PowerManager,type,type,Contain,1.0,True,1896,1908,['network'],['network'],network,network
75,98,core/shared/include/hdf_service_record.h,include/core/hdf_object.h,,,file,file,Import,1.0,False,,,['common'],['common'],common,common
149,147,include/wifi/hdf_wifi_product.h,include/wifi/hdf_ibus_intf.h,,,file,file,Import,1.0,False,,,['network'],['network'],network,network
149,147,include/wifi/hdf_wifi_product.h,include/wifi/hdf_ibus_intf.h,HdfWlanDevice,BusDev,type,type,Contain,1.0,True,1896,1851,['network'],['network'],network,network
82,72,core/shared/src/hdf_io_service.c,core/shared/include/hdf_io_service.h,HdfIoServiceBind,HdfIoServiceAdapterObtain,functionimpl,functionproto,Call,4.0,True,1102,1033,['common'],['common'],common,common
82,72,core/shared/src/hdf_io_service.c,core/shared/include/hdf_io_service.h,HdfIoServiceRecycle,HdfIoServiceAdapterRecycle,functionimpl,functionproto,Call,4.0,True,1104,1035,['common'],['common'],common,common
82,72,core/shared/src/hdf_io_service.c,core/shared/include/hdf_io_service.h,HdfIoServicePublish,HdfIoServiceAdapterPublish,functionimpl,functionproto,Call,4.0,True,1103,1034,['common'],['common'],common,common
82,72,core/shared/src/hdf_io_service.c,core/shared/include/hdf_io_service.h,HdfIoServiceRemove,HdfIoServiceAdapterRemove,functionimpl,functionproto,Call,4.0,True,1105,1036,['common'],['common'],common,common
82,72,core/shared/src/hdf_io_service.c,core/shared/include/hdf_io_service.h,,,file,file,Import,1.0,False,,,['common'],['common'],common,common
82,72,core/shared/src/hdf_io_service.c,core/shared/include/hdf_io_service.h,HdfIoServicePublish,HdfIoServicePublish,functionimpl,functionproto,Implement,2.0,True,1103,1037,['common'],['common'],common,common
82,72,core/shared/src/hdf_io_service.c,core/shared/include/hdf_io_service.h,HdfIoServiceRemove,HdfIoServiceRemove,functionimpl,functionproto,Implement,2.0,True,1105,1038,['common'],['common'],common,common
102,144,include/net/net_device.h,include/utils/hdf_log.h,,,file,file,Import,1.0,False,,,['network'],['utils'],network,utils
102,142,include/net/net_device.h,include/utils/hdf_base.h,,,file,file,Import,1.0,False,,,['network'],['utils'],network,utils
82,97,core/shared/src/hdf_io_service.c,include/core/hdf_io_service_if.h,HdfIoServiceBind,HdfIoService,functionimpl,type,Return,2.0,True,1102,1262,['common'],['common'],common,common
82,97,core/shared/src/hdf_io_service.c,include/core/hdf_io_service_if.h,HdfIoServicePublish,HdfIoService,functionimpl,type,Return,2.0,True,1103,1262,['common'],['common'],common,common
82,97,core/shared/src/hdf_io_service.c,include/core/hdf_io_service_if.h,HdfIoServiceBind,HdfIoServiceBind,functionimpl,functionproto,Implement,2.0,True,1102,1248,['common'],['common'],common,common
82,97,core/shared/src/hdf_io_service.c,include/core/hdf_io_service_if.h,HdfIoServiceRecycle,HdfIoServiceRecycle,functionimpl,functionproto,Implement,2.0,True,1104,1255,['common'],['common'],common,common
82,97,core/shared/src/hdf_io_service.c,include/core/hdf_io_service_if.h,HdfIoServiceRecycle,HdfIoService,functionimpl,type,Parameter,2.0,True,1104,1262,['common'],['common'],common,common
82,97,core/shared/src/hdf_io_service.c,include/core/hdf_io_service_if.h,HdfIoServiceRemove,HdfIoService,functionimpl,type,Parameter,2.0,True,1105,1262,['common'],['common'],common,common
53,144,core/manager/src/devsvc_manager.c,include/utils/hdf_log.h,,,file,file,Import,1.0,False,,,['manager'],['utils'],manager,utils
53,143,core/manager/src/devsvc_manager.c,include/utils/hdf_dlist.h,NotifyServiceStatusLocked,DListRemove,functionimpl,functionimpl,Call,7.0,True,815,1771,['manager'],['utils'],manager,utils
53,143,core/manager/src/devsvc_manager.c,include/utils/hdf_dlist.h,DevSvcManagerAddService,DListInsertTail,functionimpl,functionimpl,Call,7.0,True,800,1768,['manager'],['utils'],manager,utils
53,143,core/manager/src/devsvc_manager.c,include/utils/hdf_dlist.h,DevSvcManagerRemoveService,DListRemove,functionimpl,functionimpl,Call,7.0,True,809,1771,['manager'],['utils'],manager,utils
53,143,core/manager/src/devsvc_manager.c,include/utils/hdf_dlist.h,DevSvcManagerRegsterServListener,DListInsertTail,functionimpl,functionimpl,Call,7.0,True,807,1768,['manager'],['utils'],manager,utils
53,143,core/manager/src/devsvc_manager.c,include/utils/hdf_dlist.h,DevSvcManagerUnregsterServListener,DListRemove,functionimpl,functionimpl,Call,7.0,True,813,1771,['manager'],['utils'],manager,utils
53,143,core/manager/src/devsvc_manager.c,include/utils/hdf_dlist.h,DevSvcManagerConstruct,DListHeadInit,functionimpl,functionimpl,Call,7.0,True,801,1766,['manager'],['utils'],manager,utils
53,143,core/manager/src/devsvc_manager.c,include/utils/hdf_dlist.h,NotifyServiceStatusLocked,DListRemove,functionimpl,functionimpl,Use,7.0,True,815,1771,['manager'],['utils'],manager,utils
53,143,core/manager/src/devsvc_manager.c,include/utils/hdf_dlist.h,DevSvcManagerAddService,DListInsertTail,functionimpl,functionimpl,Use,7.0,True,800,1768,['manager'],['utils'],manager,utils
53,143,core/manager/src/devsvc_manager.c,include/utils/hdf_dlist.h,DevSvcManagerRemoveService,DListRemove,functionimpl,functionimpl,Use,7.0,True,809,1771,['manager'],['utils'],manager,utils
53,143,core/manager/src/devsvc_manager.c,include/utils/hdf_dlist.h,DevSvcManagerRegsterServListener,DListInsertTail,functionimpl,functionimpl,Use,7.0,True,807,1768,['manager'],['utils'],manager,utils
53,143,core/manager/src/devsvc_manager.c,include/utils/hdf_dlist.h,DevSvcManagerUnregsterServListener,DListRemove,functionimpl,functionimpl,Use,7.0,True,813,1771,['manager'],['utils'],manager,utils
53,143,core/manager/src/devsvc_manager.c,include/utils/hdf_dlist.h,DevSvcManagerConstruct,DListHeadInit,functionimpl,functionimpl,Use,7.0,True,801,1766,['manager'],['utils'],manager,utils
102,101,include/net/net_device.h,include/net/hdf_netbuf.h,,,file,file,Import,1.0,False,,,['network'],['network'],network,network
53,145,core/manager/src/devsvc_manager.c,include/utils/hdf_sbuf.h,DevSvcManagerListService,HdfSbufWriteString,functionimpl,functionproto,Call,1.0,True,806,1823,['manager'],['utils'],manager,utils
53,142,core/manager/src/devsvc_manager.c,include/utils/hdf_base.h,,,file,file,Import,1.0,False,,,['manager'],['utils'],manager,utils
39,96,core/host/src/hdf_service_subscriber.c,include/core/hdf_device_desc.h,HdfServiceSubscriberObtain,SubscriberCallback,functionimpl,type,Use,1.0,True,644,1241,['kernal_host'],['common'],kernal_host,common
39,96,core/host/src/hdf_service_subscriber.c,include/core/hdf_device_desc.h,HdfServiceSubscriberObtain,SubscriberCallback,functionimpl,type,Parameter,1.0,True,644,1241,['kernal_host'],['common'],kernal_host,common
9,7,core/common/src/devlite_object_config.c,core/common/include/manager/hdf_device_node_ext.h,,,file,file,Import,1.0,False,,,['common'],['manager'],common,manager
81,110,core/shared/src/hdf_device_info.c,include/osal/osal_mem.h,HdfDeviceInfoNewInstance,OsalMemCalloc,functionimpl,functionproto,Call,2.0,True,1098,1392,['common'],['osal'],common,osal
81,110,core/shared/src/hdf_device_info.c,include/osal/osal_mem.h,HdfDeviceInfoFreeInstance,OsalMemFree,functionimpl,functionproto,Call,2.0,True,1097,1393,['common'],['osal'],common,osal
81,110,core/shared/src/hdf_device_info.c,include/osal/osal_mem.h,,,file,file,Import,1.0,False,,,['common'],['osal'],common,osal
4,144,core/adapter/vnode/src/hdf_vnode_adapter.c,include/utils/hdf_log.h,,,file,file,Import,1.0,False,,,['convertor'],['utils'],convertor,utils
4,143,core/adapter/vnode/src/hdf_vnode_adapter.c,include/utils/hdf_dlist.h,HdfVNodeAdapterReadDevEvent,DListIsEmpty,functionimpl,functionimpl,Call,11.0,True,127,1769,['convertor'],['utils'],convertor,utils
4,143,core/adapter/vnode/src/hdf_vnode_adapter.c,include/utils/hdf_dlist.h,HdfVNodeAdapterReadDevEvent,DListRemove,functionimpl,functionimpl,Call,11.0,True,127,1771,['convertor'],['utils'],convertor,utils
4,143,core/adapter/vnode/src/hdf_vnode_adapter.c,include/utils/hdf_dlist.h,HdfVnodeAdapterDropOldEventLocked,DListRemove,functionimpl,functionimpl,Call,11.0,True,130,1771,['convertor'],['utils'],convertor,utils
4,143,core/adapter/vnode/src/hdf_vnode_adapter.c,include/utils/hdf_dlist.h,VNodeAdapterSendDevEventToClient,DListInsertTail,functionimpl,functionimpl,Call,11.0,True,132,1768,['convertor'],['utils'],convertor,utils
4,143,core/adapter/vnode/src/hdf_vnode_adapter.c,include/utils/hdf_dlist.h,HdfVnodeCleanEventQueue,DListRemove,functionimpl,functionimpl,Call,11.0,True,131,1771,['convertor'],['utils'],convertor,utils
4,143,core/adapter/vnode/src/hdf_vnode_adapter.c,include/utils/hdf_dlist.h,HdfNewVNodeAdapterClient,DListHeadInit,functionimpl,functionimpl,Call,11.0,True,116,1766,['convertor'],['utils'],convertor,utils
4,143,core/adapter/vnode/src/hdf_vnode_adapter.c,include/utils/hdf_dlist.h,HdfNewVNodeAdapterClient,DListInsertTail,functionimpl,functionimpl,Call,11.0,True,116,1768,['convertor'],['utils'],convertor,utils
4,143,core/adapter/vnode/src/hdf_vnode_adapter.c,include/utils/hdf_dlist.h,HdfDestoryVNodeAdapterClient,DListRemove,functionimpl,functionimpl,Call,11.0,True,106,1771,['convertor'],['utils'],convertor,utils
4,143,core/adapter/vnode/src/hdf_vnode_adapter.c,include/utils/hdf_dlist.h,HdfVNodeAdapterPoll,DListIsEmpty,functionimpl,functionimpl,Call,11.0,True,126,1769,['convertor'],['utils'],convertor,utils
4,143,core/adapter/vnode/src/hdf_vnode_adapter.c,include/utils/hdf_dlist.h,HdfIoServiceAdapterRegCdev,DListHeadInit,functionimpl,functionimpl,Call,11.0,True,113,1766,['convertor'],['utils'],convertor,utils
4,143,core/adapter/vnode/src/hdf_vnode_adapter.c,include/utils/hdf_dlist.h,HdfVNodeAdapterReadDevEvent,DListIsEmpty,functionimpl,functionimpl,Use,11.0,True,127,1769,['convertor'],['utils'],convertor,utils
4,143,core/adapter/vnode/src/hdf_vnode_adapter.c,include/utils/hdf_dlist.h,HdfVNodeAdapterReadDevEvent,DListRemove,functionimpl,functionimpl,Use,11.0,True,127,1771,['convertor'],['utils'],convertor,utils
4,143,core/adapter/vnode/src/hdf_vnode_adapter.c,include/utils/hdf_dlist.h,HdfVnodeAdapterDropOldEventLocked,DListRemove,functionimpl,functionimpl,Use,11.0,True,130,1771,['convertor'],['utils'],convertor,utils
4,143,core/adapter/vnode/src/hdf_vnode_adapter.c,include/utils/hdf_dlist.h,VNodeAdapterSendDevEventToClient,DListInsertTail,functionimpl,functionimpl,Use,11.0,True,132,1768,['convertor'],['utils'],convertor,utils
4,143,core/adapter/vnode/src/hdf_vnode_adapter.c,include/utils/hdf_dlist.h,HdfVnodeCleanEventQueue,DListRemove,functionimpl,functionimpl,Use,11.0,True,131,1771,['convertor'],['utils'],convertor,utils
4,143,core/adapter/vnode/src/hdf_vnode_adapter.c,include/utils/hdf_dlist.h,HdfNewVNodeAdapterClient,DListHeadInit,functionimpl,functionimpl,Use,11.0,True,116,1766,['convertor'],['utils'],convertor,utils
4,143,core/adapter/vnode/src/hdf_vnode_adapter.c,include/utils/hdf_dlist.h,HdfNewVNodeAdapterClient,DListInsertTail,functionimpl,functionimpl,Use,11.0,True,116,1768,['convertor'],['utils'],convertor,utils
4,143,core/adapter/vnode/src/hdf_vnode_adapter.c,include/utils/hdf_dlist.h,HdfDestoryVNodeAdapterClient,DListRemove,functionimpl,functionimpl,Use,11.0,True,106,1771,['convertor'],['utils'],convertor,utils
4,143,core/adapter/vnode/src/hdf_vnode_adapter.c,include/utils/hdf_dlist.h,HdfVNodeAdapterPoll,DListIsEmpty,functionimpl,functionimpl,Use,11.0,True,126,1769,['convertor'],['utils'],convertor,utils
4,143,core/adapter/vnode/src/hdf_vnode_adapter.c,include/utils/hdf_dlist.h,HdfIoServiceAdapterRegCdev,DListHeadInit,functionimpl,functionimpl,Use,11.0,True,113,1766,['convertor'],['utils'],convertor,utils
4,143,core/adapter/vnode/src/hdf_vnode_adapter.c,include/utils/hdf_dlist.h,HdfVNodeAdapterClient,DListHead,type,type,Contain,2.0,True,134,1773,['convertor'],['utils'],convertor,utils
4,145,core/adapter/vnode/src/hdf_vnode_adapter.c,include/utils/hdf_sbuf.h,HdfSbufCopyFromUser,HdfSbufObtain,functionimpl,functionproto,Call,17.0,True,117,1789,['convertor'],['utils'],convertor,utils
4,145,core/adapter/vnode/src/hdf_vnode_adapter.c,include/utils/hdf_sbuf.h,HdfSbufCopyFromUser,HdfSbufBind,functionimpl,functionproto,Call,17.0,True,117,1781,['convertor'],['utils'],convertor,utils
4,145,core/adapter/vnode/src/hdf_vnode_adapter.c,include/utils/hdf_sbuf.h,HdfSbufCopyFromUser,HdfSbufTransDataOwnership,functionimpl,functionproto,Call,17.0,True,117,1809,['convertor'],['utils'],convertor,utils
4,145,core/adapter/vnode/src/hdf_vnode_adapter.c,include/utils/hdf_sbuf.h,HdfSbufCopyToUser,HdfSbufGetDataSize,functionimpl,functionproto,Call,17.0,True,118,1786,['convertor'],['utils'],convertor,utils
4,145,core/adapter/vnode/src/hdf_vnode_adapter.c,include/utils/hdf_sbuf.h,HdfSbufCopyToUser,HdfSbufGetData,functionimpl,functionproto,Call,17.0,True,118,1785,['convertor'],['utils'],convertor,utils
4,145,core/adapter/vnode/src/hdf_vnode_adapter.c,include/utils/hdf_sbuf.h,DevEventFree,HdfSbufRecycle,functionimpl,functionproto,Call,17.0,True,105,1807,['convertor'],['utils'],convertor,utils
4,145,core/adapter/vnode/src/hdf_vnode_adapter.c,include/utils/hdf_sbuf.h,HdfVNodeAdapterServCall,HdfSbufObtainDefaultSize,functionimpl,functionproto,Call,17.0,True,129,1790,['convertor'],['utils'],convertor,utils
4,145,core/adapter/vnode/src/hdf_vnode_adapter.c,include/utils/hdf_sbuf.h,HdfVNodeAdapterServCall,HdfSbufRecycle,functionimpl,functionproto,Call,17.0,True,129,1807,['convertor'],['utils'],convertor,utils
4,145,core/adapter/vnode/src/hdf_vnode_adapter.c,include/utils/hdf_sbuf.h,HdfVNodeAdapterServCall,HdfSbufWriteUint64,functionimpl,functionproto,Call,17.0,True,129,1827,['convertor'],['utils'],convertor,utils
4,145,core/adapter/vnode/src/hdf_vnode_adapter.c,include/utils/hdf_sbuf.h,HdfVNodeAdapterServCall,HdfSbufGetDataSize,functionimpl,functionproto,Call,17.0,True,129,1786,['convertor'],['utils'],convertor,utils
4,145,core/adapter/vnode/src/hdf_vnode_adapter.c,include/utils/hdf_sbuf.h,HdfVNodeAdapterReadDevEvent,HdfSbufGetDataSize,functionimpl,functionproto,Call,17.0,True,127,1786,['convertor'],['utils'],convertor,utils
4,145,core/adapter/vnode/src/hdf_vnode_adapter.c,include/utils/hdf_sbuf.h,VNodeAdapterSendDevEventToClient,HdfSbufCopy,functionimpl,functionproto,Call,17.0,True,132,1782,['convertor'],['utils'],convertor,utils
4,145,core/adapter/vnode/src/hdf_vnode_adapter.c,include/utils/hdf_sbuf.h,HdfVNodeAdapterSendDevEvent,HdfSbufGetDataSize,functionimpl,functionproto,Call,17.0,True,128,1786,['convertor'],['utils'],convertor,utils
4,145,core/adapter/vnode/src/hdf_vnode_adapter.c,include/utils/hdf_sbuf.h,,,file,file,Import,1.0,False,,,['convertor'],['utils'],convertor,utils
9,73,core/common/src/devlite_object_config.c,core/shared/include/hdf_object_manager.h,,,file,file,Import,1.0,False,,,['common'],['common'],common,common
9,73,core/common/src/devlite_object_config.c,core/shared/include/hdf_object_manager.h,HdfObjectManagerGetCreators,HdfObjectCreator,functionimpl,type,Return,1.0,True,187,1054,['common'],['common'],common,common
9,73,core/common/src/devlite_object_config.c,core/shared/include/hdf_object_manager.h,HdfObjectManagerGetCreators,HdfObjectCreator,functionimpl,type,Use,2.0,True,187,1054,['common'],['common'],common,common
9,73,core/common/src/devlite_object_config.c,core/shared/include/hdf_object_manager.h,HdfObjectManagerGetCreators,HdfObjectManagerGetCreators,functionimpl,functionproto,Implement,1.0,True,187,1051,['common'],['common'],common,common
9,73,core/common/src/devlite_object_config.c,core/shared/include/hdf_object_manager.h,,hdf_object_manager,file,type,Contain,1.0,False,,,['common'],['common'],common,common
111,142,include/osal/osal_mutex.h,include/utils/hdf_base.h,,,file,file,Import,1.0,False,,,['osal'],['utils'],osal,utils
9,46,core/common/src/devlite_object_config.c,core/manager/include/devsvc_manager_ext.h,,,file,file,Import,1.0,False,,,['common'],['manager'],common,manager
9,45,core/common/src/devlite_object_config.c,core/manager/include/devsvc_manager.h,,,file,file,Import,1.0,False,,,['common'],['manager'],common,manager
9,43,core/common/src/devlite_object_config.c,core/manager/include/devmgr_service.h,,,file,file,Import,1.0,False,,,['common'],['manager'],common,manager
9,47,core/common/src/devlite_object_config.c,core/manager/include/hdf_driver_installer.h,,,file,file,Import,1.0,False,,,['common'],['manager'],common,manager
39,26,core/host/src/hdf_service_subscriber.c,core/host/include/hdf_service_subscriber.h,HdfServiceSubscriberObtain,HdfServiceSubscriber,functionimpl,type,Cast,2.0,True,644,408,['kernal_host'],['kernal_host'],kernal_host,kernal_host
39,26,core/host/src/hdf_service_subscriber.c,core/host/include/hdf_service_subscriber.h,HdfServiceSubscriberDelete,HdfServiceSubscriber,functionimpl,type,Cast,2.0,True,643,408,['kernal_host'],['kernal_host'],kernal_host,kernal_host
39,26,core/host/src/hdf_service_subscriber.c,core/host/include/hdf_service_subscriber.h,,,file,file,Import,1.0,False,,,['kernal_host'],['kernal_host'],kernal_host,kernal_host
39,26,core/host/src/hdf_service_subscriber.c,core/host/include/hdf_service_subscriber.h,HdfServiceSubscriberObtain,HdfServiceSubscriber,functionimpl,type,Return,1.0,True,644,408,['kernal_host'],['kernal_host'],kernal_host,kernal_host
39,26,core/host/src/hdf_service_subscriber.c,core/host/include/hdf_service_subscriber.h,HdfServiceSubscriberObtain,HdfServiceSubscriber,functionimpl,type,Use,4.0,True,644,408,['kernal_host'],['kernal_host'],kernal_host,kernal_host
39,26,core/host/src/hdf_service_subscriber.c,core/host/include/hdf_service_subscriber.h,HdfServiceSubscriberObtain,HdfServiceSubscriberObtain,functionimpl,functionproto,Implement,3.0,True,644,405,['kernal_host'],['kernal_host'],kernal_host,kernal_host
39,26,core/host/src/hdf_service_subscriber.c,core/host/include/hdf_service_subscriber.h,HdfServiceSubscriberRecycle,HdfServiceSubscriberRecycle,functionimpl,functionproto,Implement,3.0,True,645,406,['kernal_host'],['kernal_host'],kernal_host,kernal_host
39,26,core/host/src/hdf_service_subscriber.c,core/host/include/hdf_service_subscriber.h,HdfServiceSubscriberDelete,HdfServiceSubscriberDelete,functionimpl,functionproto,Implement,3.0,True,643,404,['kernal_host'],['kernal_host'],kernal_host,kernal_host
39,26,core/host/src/hdf_service_subscriber.c,core/host/include/hdf_service_subscriber.h,HdfServiceSubscriberRecycle,HdfServiceSubscriber,functionimpl,type,Parameter,1.0,True,645,408,['kernal_host'],['kernal_host'],kernal_host,kernal_host
39,26,core/host/src/hdf_service_subscriber.c,core/host/include/hdf_service_subscriber.h,HdfServiceSubscriberObtain,HdfServiceSubscriber,functionimpl,type,Contain,2.0,True,644,408,['kernal_host'],['kernal_host'],kernal_host,kernal_host
39,26,core/host/src/hdf_service_subscriber.c,core/host/include/hdf_service_subscriber.h,HdfServiceSubscriberDelete,HdfServiceSubscriber,functionimpl,type,Contain,2.0,True,643,408,['kernal_host'],['kernal_host'],kernal_host,kernal_host
9,20,core/common/src/devlite_object_config.c,core/host/include/hdf_device_token.h,,,file,file,Import,1.0,False,,,['common'],['kernal_host'],common,kernal_host
35,144,core/host/src/hdf_driver_loader.c,include/utils/hdf_log.h,,,file,file,Import,1.0,False,,,['kernal_host'],['utils'],kernal_host,utils
9,21,core/common/src/devlite_object_config.c,core/host/include/hdf_driver_loader.h,,,file,file,Import,1.0,False,,,['common'],['kernal_host'],common,kernal_host
39,17,core/host/src/hdf_service_subscriber.c,core/host/include/hdf_device.h,,,file,file,Import,1.0,False,,,['kernal_host'],['kernal_host'],kernal_host,kernal_host
39,17,core/host/src/hdf_service_subscriber.c,core/host/include/hdf_device.h,HdfServiceSubscriberObtain,devid_t,functionimpl,alias,Parameter,1.0,True,644,323,['kernal_host'],['kernal_host'],kernal_host,kernal_host
130,142,include/platform/platform_if.h,include/utils/hdf_base.h,,,file,file,Import,1.0,False,,,['platform'],['utils'],platform,utils
9,17,core/common/src/devlite_object_config.c,core/host/include/hdf_device.h,,,file,file,Import,1.0,False,,,['common'],['kernal_host'],common,kernal_host
9,14,core/common/src/devlite_object_config.c,core/host/include/devhost_service.h,,,file,file,Import,1.0,False,,,['common'],['kernal_host'],common,kernal_host
80,142,core/shared/include/svcmgr_ioservice.h,include/utils/hdf_base.h,,,file,file,Import,1.0,False,,,['common'],['utils'],common,utils
81,144,core/shared/src/hdf_device_info.c,include/utils/hdf_log.h,,,file,file,Import,1.0,False,,,['common'],['utils'],common,utils
120,109,include/platform/gpio_if.h,include/osal/osal_irq.h,,,file,file,Import,1.0,False,,,['platform'],['osal'],platform,osal
21,70,core/host/include/hdf_driver_loader.h,core/shared/include/hdf_device_info.h,,,file,file,Import,1.0,False,,,['kernal_host'],['common'],kernal_host,common
21,70,core/host/include/hdf_driver_loader.h,core/shared/include/hdf_device_info.h,HdfDriverLoaderLoadNode,HdfDeviceInfo,functionproto,type,Parameter,2.0,True,374,1023,['kernal_host'],['common'],kernal_host,common
21,70,core/host/include/hdf_driver_loader.h,core/shared/include/hdf_device_info.h,HdfDriverLoaderUnLoadNode,HdfDeviceInfo,functionproto,type,Parameter,2.0,True,376,1023,['kernal_host'],['common'],kernal_host,common
21,71,core/host/include/hdf_driver_loader.h,core/shared/include/hdf_driver.h,,HdfDriver,functionproto,type,Return,2.0,True,369,1031,['kernal_host'],['common'],kernal_host,common
21,71,core/host/include/hdf_driver_loader.h,core/shared/include/hdf_driver.h,HdfDriverLoaderGetDriver,HdfDriver,functionproto,type,Return,2.0,True,372,1031,['kernal_host'],['common'],kernal_host,common
21,71,core/host/include/hdf_driver_loader.h,core/shared/include/hdf_driver.h,,HdfDriver,functionproto,type,Parameter,1.0,True,369,1031,['kernal_host'],['common'],kernal_host,common
21,98,core/host/include/hdf_driver_loader.h,include/core/hdf_object.h,,,file,file,Import,1.0,False,,,['kernal_host'],['common'],kernal_host,common
21,98,core/host/include/hdf_driver_loader.h,include/core/hdf_object.h,HdfDriverLoaderCreate,HdfObject,functionproto,type,Return,1.0,True,371,1265,['kernal_host'],['common'],kernal_host,common
21,98,core/host/include/hdf_driver_loader.h,include/core/hdf_object.h,HdfDriverLoaderRelease,HdfObject,functionproto,type,Parameter,1.0,True,375,1265,['kernal_host'],['common'],kernal_host,common
21,98,core/host/include/hdf_driver_loader.h,include/core/hdf_object.h,IDriverLoader,HdfObject,type,type,Contain,1.0,True,378,1265,['kernal_host'],['common'],kernal_host,common
120,130,include/platform/gpio_if.h,include/platform/platform_if.h,,,file,file,Import,1.0,False,,,['platform'],['platform'],platform,platform
72,97,core/shared/include/hdf_io_service.h,include/core/hdf_io_service_if.h,,,file,file,Import,1.0,False,,,['common'],['common'],common,common
72,97,core/shared/include/hdf_io_service.h,include/core/hdf_io_service_if.h,HdfIoServicePublish,HdfIoService,functionproto,type,Return,3.0,True,1037,1262,['common'],['common'],common,common
72,97,core/shared/include/hdf_io_service.h,include/core/hdf_io_service_if.h,HdfIoServiceAdapterObtain,HdfIoService,functionproto,type,Return,3.0,True,1033,1262,['common'],['common'],common,common
72,97,core/shared/include/hdf_io_service.h,include/core/hdf_io_service_if.h,HdfIoServiceAdapterPublish,HdfIoService,functionproto,type,Return,3.0,True,1034,1262,['common'],['common'],common,common
72,97,core/shared/include/hdf_io_service.h,include/core/hdf_io_service_if.h,HdfIoServiceRemove,HdfIoService,functionproto,type,Parameter,3.0,True,1038,1262,['common'],['common'],common,common
72,97,core/shared/include/hdf_io_service.h,include/core/hdf_io_service_if.h,HdfIoServiceAdapterRecycle,HdfIoService,functionproto,type,Parameter,3.0,True,1035,1262,['common'],['common'],common,common
72,97,core/shared/include/hdf_io_service.h,include/core/hdf_io_service_if.h,HdfIoServiceAdapterRemove,HdfIoService,functionproto,type,Parameter,3.0,True,1036,1262,['common'],['common'],common,common
149,96,include/wifi/hdf_wifi_product.h,include/core/hdf_device_desc.h,,,file,file,Import,1.0,False,,,['network'],['common'],network,common
149,96,include/wifi/hdf_wifi_product.h,include/core/hdf_device_desc.h,HdfWlanInitProduct,HdfDeviceObject,functionproto,type,Parameter,1.0,True,1894,1238,['network'],['common'],network,common
21,18,core/host/include/hdf_driver_loader.h,core/host/include/hdf_device_node.h,,,file,file,Import,1.0,False,,,['kernal_host'],['kernal_host'],kernal_host,kernal_host
21,18,core/host/include/hdf_driver_loader.h,core/host/include/hdf_device_node.h,HdfDriverLoaderLoadNode,HdfDeviceNode,functionproto,type,Return,1.0,True,374,348,['kernal_host'],['kernal_host'],kernal_host,kernal_host
11,41,core/common/src/hdf_attribute.c,core/manager/include/devhost_service_clnt.h,,,file,file,Import,1.0,False,,,['common'],['manager'],common,manager
11,41,core/common/src/hdf_attribute.c,core/manager/include/devhost_service_clnt.h,GetDevcieNodeList,DevHostServiceClnt,functionimpl,type,Use,4.0,True,213,674,['common'],['manager'],common,manager
11,41,core/common/src/hdf_attribute.c,core/manager/include/devhost_service_clnt.h,HdfAttributeManagerGetDeviceList,DevHostServiceClnt,functionimpl,type,Use,4.0,True,218,674,['common'],['manager'],common,manager
11,41,core/common/src/hdf_attribute.c,core/manager/include/devhost_service_clnt.h,GetDevcieNodeList,DevHostServiceClnt,functionimpl,type,Parameter,2.0,True,213,674,['common'],['manager'],common,manager
11,41,core/common/src/hdf_attribute.c,core/manager/include/devhost_service_clnt.h,HdfAttributeManagerGetDeviceList,DevHostServiceClnt,functionimpl,type,Parameter,2.0,True,218,674,['common'],['manager'],common,manager
11,48,core/common/src/hdf_attribute.c,core/manager/include/hdf_host_info.h,HdfHostListCompare,HdfHostInfo,functionimpl,type,Cast,2.0,True,221,719,['common'],['manager'],common,manager
11,48,core/common/src/hdf_attribute.c,core/manager/include/hdf_host_info.h,HdfAttributeManagerGetHostList,HdfHostInfoNewInstance,functionimpl,functionproto,Call,3.0,True,219,718,['common'],['manager'],common,manager
11,48,core/common/src/hdf_attribute.c,core/manager/include/hdf_host_info.h,HdfAttributeManagerGetHostList,HdfHostInfoFreeInstance,functionimpl,functionproto,Call,3.0,True,219,717,['common'],['manager'],common,manager
11,48,core/common/src/hdf_attribute.c,core/manager/include/hdf_host_info.h,,,file,file,Import,1.0,False,,,['common'],['manager'],common,manager
11,48,core/common/src/hdf_attribute.c,core/manager/include/hdf_host_info.h,HdfHostListCompare,HdfHostInfo,functionimpl,type,Use,9.0,True,221,719,['common'],['manager'],common,manager
11,48,core/common/src/hdf_attribute.c,core/manager/include/hdf_host_info.h,GetHostInfo,HdfHostInfo,functionimpl,type,Use,9.0,True,216,719,['common'],['manager'],common,manager
11,48,core/common/src/hdf_attribute.c,core/manager/include/hdf_host_info.h,HdfAttributeManagerGetHostList,HdfHostInfo,functionimpl,type,Use,9.0,True,219,719,['common'],['manager'],common,manager
11,48,core/common/src/hdf_attribute.c,core/manager/include/hdf_host_info.h,GetHostInfo,HdfHostInfo,functionimpl,type,Parameter,1.0,True,216,719,['common'],['manager'],common,manager
11,48,core/common/src/hdf_attribute.c,core/manager/include/hdf_host_info.h,HdfHostListCompare,HdfHostInfo,functionimpl,type,Contain,3.0,True,221,719,['common'],['manager'],common,manager
11,48,core/common/src/hdf_attribute.c,core/manager/include/hdf_host_info.h,HdfAttributeManagerGetHostList,HdfHostInfo,functionimpl,type,Contain,3.0,True,219,719,['common'],['manager'],common,manager
4,111,core/adapter/vnode/src/hdf_vnode_adapter.c,include/osal/osal_mutex.h,HdfVNodeAdapterReadDevEvent,OsalMutexLock,functionimpl,functionproto,Call,34.0,True,127,1397,['convertor'],['osal'],convertor,osal
4,111,core/adapter/vnode/src/hdf_vnode_adapter.c,include/osal/osal_mutex.h,HdfVNodeAdapterReadDevEvent,OsalMutexUnlock,functionimpl,functionproto,Call,34.0,True,127,1399,['convertor'],['osal'],convertor,osal
4,111,core/adapter/vnode/src/hdf_vnode_adapter.c,include/osal/osal_mutex.h,VNodeAdapterSendDevEventToClient,OsalMutexLock,functionimpl,functionproto,Call,34.0,True,132,1397,['convertor'],['osal'],convertor,osal
4,111,core/adapter/vnode/src/hdf_vnode_adapter.c,include/osal/osal_mutex.h,VNodeAdapterSendDevEventToClient,OsalMutexUnlock,functionimpl,functionproto,Call,34.0,True,132,1399,['convertor'],['osal'],convertor,osal
4,111,core/adapter/vnode/src/hdf_vnode_adapter.c,include/osal/osal_mutex.h,HdfVNodeAdapterSendDevEvent,OsalMutexLock,functionimpl,functionproto,Call,34.0,True,128,1397,['convertor'],['osal'],convertor,osal
4,111,core/adapter/vnode/src/hdf_vnode_adapter.c,include/osal/osal_mutex.h,HdfVNodeAdapterSendDevEvent,OsalMutexUnlock,functionimpl,functionproto,Call,34.0,True,128,1399,['convertor'],['osal'],convertor,osal
4,111,core/adapter/vnode/src/hdf_vnode_adapter.c,include/osal/osal_mutex.h,HdfVNodeAdapterClientStartListening,OsalMutexLock,functionimpl,functionproto,Call,34.0,True,120,1397,['convertor'],['osal'],convertor,osal
4,111,core/adapter/vnode/src/hdf_vnode_adapter.c,include/osal/osal_mutex.h,HdfVNodeAdapterClientStartListening,OsalMutexUnlock,functionimpl,functionproto,Call,34.0,True,120,1399,['convertor'],['osal'],convertor,osal
4,111,core/adapter/vnode/src/hdf_vnode_adapter.c,include/osal/osal_mutex.h,HdfVNodeAdapterClientStopListening,OsalMutexLock,functionimpl,functionproto,Call,34.0,True,121,1397,['convertor'],['osal'],convertor,osal
4,111,core/adapter/vnode/src/hdf_vnode_adapter.c,include/osal/osal_mutex.h,HdfVNodeAdapterClientStopListening,OsalMutexUnlock,functionimpl,functionproto,Call,34.0,True,121,1399,['convertor'],['osal'],convertor,osal
4,111,core/adapter/vnode/src/hdf_vnode_adapter.c,include/osal/osal_mutex.h,HdfVNodeAdapterClientExitListening,OsalMutexLock,functionimpl,functionproto,Call,34.0,True,119,1397,['convertor'],['osal'],convertor,osal
4,111,core/adapter/vnode/src/hdf_vnode_adapter.c,include/osal/osal_mutex.h,HdfVNodeAdapterClientExitListening,OsalMutexUnlock,functionimpl,functionproto,Call,34.0,True,119,1399,['convertor'],['osal'],convertor,osal
4,111,core/adapter/vnode/src/hdf_vnode_adapter.c,include/osal/osal_mutex.h,HdfVNodeAdapterClientWakeup,OsalMutexLock,functionimpl,functionproto,Call,34.0,True,122,1397,['convertor'],['osal'],convertor,osal
4,111,core/adapter/vnode/src/hdf_vnode_adapter.c,include/osal/osal_mutex.h,HdfVNodeAdapterClientWakeup,OsalMutexUnlock,functionimpl,functionproto,Call,34.0,True,122,1399,['convertor'],['osal'],convertor,osal
4,111,core/adapter/vnode/src/hdf_vnode_adapter.c,include/osal/osal_mutex.h,HdfNewVNodeAdapterClient,OsalMutexInit,functionimpl,functionproto,Call,34.0,True,116,1396,['convertor'],['osal'],convertor,osal
4,111,core/adapter/vnode/src/hdf_vnode_adapter.c,include/osal/osal_mutex.h,HdfNewVNodeAdapterClient,OsalMutexLock,functionimpl,functionproto,Call,34.0,True,116,1397,['convertor'],['osal'],convertor,osal
4,111,core/adapter/vnode/src/hdf_vnode_adapter.c,include/osal/osal_mutex.h,HdfNewVNodeAdapterClient,OsalMutexUnlock,functionimpl,functionproto,Call,34.0,True,116,1399,['convertor'],['osal'],convertor,osal
4,111,core/adapter/vnode/src/hdf_vnode_adapter.c,include/osal/osal_mutex.h,HdfDestoryVNodeAdapterClient,OsalMutexLock,functionimpl,functionproto,Call,34.0,True,106,1397,['convertor'],['osal'],convertor,osal
4,111,core/adapter/vnode/src/hdf_vnode_adapter.c,include/osal/osal_mutex.h,HdfDestoryVNodeAdapterClient,OsalMutexUnlock,functionimpl,functionproto,Call,34.0,True,106,1399,['convertor'],['osal'],convertor,osal
4,111,core/adapter/vnode/src/hdf_vnode_adapter.c,include/osal/osal_mutex.h,HdfDestoryVNodeAdapterClient,OsalMutexDestroy,functionimpl,functionproto,Call,34.0,True,106,1395,['convertor'],['osal'],convertor,osal
4,111,core/adapter/vnode/src/hdf_vnode_adapter.c,include/osal/osal_mutex.h,HdfVNodeAdapterPoll,OsalMutexLock,functionimpl,functionproto,Call,34.0,True,126,1397,['convertor'],['osal'],convertor,osal
4,111,core/adapter/vnode/src/hdf_vnode_adapter.c,include/osal/osal_mutex.h,HdfVNodeAdapterPoll,OsalMutexUnlock,functionimpl,functionproto,Call,34.0,True,126,1399,['convertor'],['osal'],convertor,osal
4,111,core/adapter/vnode/src/hdf_vnode_adapter.c,include/osal/osal_mutex.h,HdfIoServiceAdapterRegCdev,OsalMutexInit,functionimpl,functionproto,Call,34.0,True,113,1396,['convertor'],['osal'],convertor,osal
4,111,core/adapter/vnode/src/hdf_vnode_adapter.c,include/osal/osal_mutex.h,HdfIoServiceAdapterRegCdev,OsalMutexDestroy,functionimpl,functionproto,Call,34.0,True,113,1395,['convertor'],['osal'],convertor,osal
4,111,core/adapter/vnode/src/hdf_vnode_adapter.c,include/osal/osal_mutex.h,HdfIoServiceAdapterRemove,OsalMutexDestroy,functionimpl,functionproto,Call,34.0,True,114,1395,['convertor'],['osal'],convertor,osal
4,111,core/adapter/vnode/src/hdf_vnode_adapter.c,include/osal/osal_mutex.h,HdfVNodeAdapterClient,OsalMutex,type,type,Contain,1.0,True,134,1400,['convertor'],['osal'],convertor,osal
4,110,core/adapter/vnode/src/hdf_vnode_adapter.c,include/osal/osal_mem.h,HdfHdfIoServiceKClientInstance,OsalMemCalloc,functionimpl,functionproto,Call,21.0,True,109,1392,['convertor'],['osal'],convertor,osal
4,110,core/adapter/vnode/src/hdf_vnode_adapter.c,include/osal/osal_mem.h,HdfHdfIoServiceKClientInstance,OsalMemFree,functionimpl,functionproto,Call,21.0,True,109,1393,['convertor'],['osal'],convertor,osal
4,110,core/adapter/vnode/src/hdf_vnode_adapter.c,include/osal/osal_mem.h,HdfIoServiceAdapterRecycle,OsalMemFree,functionimpl,functionproto,Call,21.0,True,112,1393,['convertor'],['osal'],convertor,osal
4,110,core/adapter/vnode/src/hdf_vnode_adapter.c,include/osal/osal_mem.h,HdfSbufCopyFromUser,OsalMemAlloc,functionimpl,functionproto,Call,21.0,True,117,1390,['convertor'],['osal'],convertor,osal
4,110,core/adapter/vnode/src/hdf_vnode_adapter.c,include/osal/osal_mem.h,HdfSbufCopyFromUser,OsalMemFree,functionimpl,functionproto,Call,21.0,True,117,1393,['convertor'],['osal'],convertor,osal
4,110,core/adapter/vnode/src/hdf_vnode_adapter.c,include/osal/osal_mem.h,DevEventFree,OsalMemFree,functionimpl,functionproto,Call,21.0,True,105,1393,['convertor'],['osal'],convertor,osal
4,110,core/adapter/vnode/src/hdf_vnode_adapter.c,include/osal/osal_mem.h,VNodeAdapterSendDevEventToClient,OsalMemAlloc,functionimpl,functionproto,Call,21.0,True,132,1390,['convertor'],['osal'],convertor,osal
4,110,core/adapter/vnode/src/hdf_vnode_adapter.c,include/osal/osal_mem.h,VNodeAdapterSendDevEventToClient,OsalMemFree,functionimpl,functionproto,Call,21.0,True,132,1393,['convertor'],['osal'],convertor,osal
4,110,core/adapter/vnode/src/hdf_vnode_adapter.c,include/osal/osal_mem.h,HdfNewVNodeAdapterClient,OsalMemCalloc,functionimpl,functionproto,Call,21.0,True,116,1392,['convertor'],['osal'],convertor,osal
4,110,core/adapter/vnode/src/hdf_vnode_adapter.c,include/osal/osal_mem.h,HdfNewVNodeAdapterClient,OsalMemFree,functionimpl,functionproto,Call,21.0,True,116,1393,['convertor'],['osal'],convertor,osal
4,110,core/adapter/vnode/src/hdf_vnode_adapter.c,include/osal/osal_mem.h,HdfDestoryVNodeAdapterClient,OsalMemFree,functionimpl,functionproto,Call,21.0,True,106,1393,['convertor'],['osal'],convertor,osal
4,110,core/adapter/vnode/src/hdf_vnode_adapter.c,include/osal/osal_mem.h,HdfIoServiceAdapterRegCdev,OsalMemFree,functionimpl,functionproto,Call,21.0,True,113,1393,['convertor'],['osal'],convertor,osal
4,110,core/adapter/vnode/src/hdf_vnode_adapter.c,include/osal/osal_mem.h,HdfIoServiceAdapterPublish,OsalMemCalloc,functionimpl,functionproto,Call,21.0,True,111,1392,['convertor'],['osal'],convertor,osal
4,110,core/adapter/vnode/src/hdf_vnode_adapter.c,include/osal/osal_mem.h,HdfIoServiceAdapterPublish,OsalMemFree,functionimpl,functionproto,Call,21.0,True,111,1393,['convertor'],['osal'],convertor,osal
4,110,core/adapter/vnode/src/hdf_vnode_adapter.c,include/osal/osal_mem.h,HdfIoServiceAdapterRemove,OsalMemFree,functionimpl,functionproto,Call,21.0,True,114,1393,['convertor'],['osal'],convertor,osal
4,110,core/adapter/vnode/src/hdf_vnode_adapter.c,include/osal/osal_mem.h,,,file,file,Import,1.0,False,,,['convertor'],['osal'],convertor,osal
4,112,core/adapter/vnode/src/hdf_vnode_adapter.c,include/osal/osal_sem.h,,,file,file,Import,1.0,False,,,['convertor'],['osal'],convertor,osal
11,70,core/common/src/hdf_attribute.c,core/shared/include/hdf_device_info.h,HdfDeviceListCompare,HdfDeviceInfo,functionimpl,type,Cast,2.0,True,220,1023,['common'],['common'],common,common
11,70,core/common/src/hdf_attribute.c,core/shared/include/hdf_device_info.h,GetDevcieNodeList,HdfDeviceInfoNewInstance,functionimpl,functionproto,Call,3.0,True,213,1021,['common'],['common'],common,common
11,70,core/common/src/hdf_attribute.c,core/shared/include/hdf_device_info.h,GetDevcieNodeList,HdfDeviceInfoFreeInstance,functionimpl,functionproto,Call,3.0,True,213,1020,['common'],['common'],common,common
11,70,core/common/src/hdf_attribute.c,core/shared/include/hdf_device_info.h,HdfDeviceListCompare,HdfDeviceInfo,functionimpl,type,Use,20.0,True,220,1023,['common'],['common'],common,common
11,70,core/common/src/hdf_attribute.c,core/shared/include/hdf_device_info.h,CheckDeviceInfo,HdfDeviceInfo,functionimpl,type,Use,20.0,True,212,1023,['common'],['common'],common,common
11,70,core/common/src/hdf_attribute.c,core/shared/include/hdf_device_info.h,GetDeviceNodeInfo,HdfDeviceInfo,functionimpl,type,Use,20.0,True,214,1023,['common'],['common'],common,common
11,70,core/common/src/hdf_attribute.c,core/shared/include/hdf_device_info.h,GetDevcieNodeList,HdfDeviceInfo,functionimpl,type,Use,20.0,True,213,1023,['common'],['common'],common,common
11,70,core/common/src/hdf_attribute.c,core/shared/include/hdf_device_info.h,CheckDeviceInfo,HdfDeviceInfo,functionimpl,type,Parameter,2.0,True,212,1023,['common'],['common'],common,common
11,70,core/common/src/hdf_attribute.c,core/shared/include/hdf_device_info.h,GetDeviceNodeInfo,HdfDeviceInfo,functionimpl,type,Parameter,2.0,True,214,1023,['common'],['common'],common,common
11,70,core/common/src/hdf_attribute.c,core/shared/include/hdf_device_info.h,HdfDeviceListCompare,HdfDeviceInfo,functionimpl,type,Contain,3.0,True,220,1023,['common'],['common'],common,common
11,70,core/common/src/hdf_attribute.c,core/shared/include/hdf_device_info.h,GetDevcieNodeList,HdfDeviceInfo,functionimpl,type,Contain,3.0,True,213,1023,['common'],['common'],common,common
4,105,core/adapter/vnode/src/hdf_vnode_adapter.c,include/osal/osal_cdev.h,HdfVNodeAdapterIoctl,OsalGetFilePriv,functionimpl,functionproto,Call,10.0,True,124,1357,['convertor'],['osal'],convertor,osal
4,105,core/adapter/vnode/src/hdf_vnode_adapter.c,include/osal/osal_cdev.h,HdfVNodeAdapterOpen,OsalGetCdevPriv,functionimpl,functionproto,Call,10.0,True,125,1356,['convertor'],['osal'],convertor,osal
4,105,core/adapter/vnode/src/hdf_vnode_adapter.c,include/osal/osal_cdev.h,HdfVNodeAdapterOpen,OsalSetFilePriv,functionimpl,functionproto,Call,10.0,True,125,1359,['convertor'],['osal'],convertor,osal
4,105,core/adapter/vnode/src/hdf_vnode_adapter.c,include/osal/osal_cdev.h,HdfVNodeAdapterPoll,OsalGetFilePriv,functionimpl,functionproto,Call,10.0,True,126,1357,['convertor'],['osal'],convertor,osal
4,105,core/adapter/vnode/src/hdf_vnode_adapter.c,include/osal/osal_cdev.h,HdfVNodeAdapterClose,OsalGetFilePriv,functionimpl,functionproto,Call,10.0,True,123,1357,['convertor'],['osal'],convertor,osal
4,105,core/adapter/vnode/src/hdf_vnode_adapter.c,include/osal/osal_cdev.h,HdfVNodeAdapterClose,OsalSetFilePriv,functionimpl,functionproto,Call,10.0,True,123,1359,['convertor'],['osal'],convertor,osal
4,105,core/adapter/vnode/src/hdf_vnode_adapter.c,include/osal/osal_cdev.h,HdfIoServiceAdapterRegCdev,OsalAllocCdev,functionimpl,functionproto,Call,10.0,True,113,1354,['convertor'],['osal'],convertor,osal
4,105,core/adapter/vnode/src/hdf_vnode_adapter.c,include/osal/osal_cdev.h,HdfIoServiceAdapterRegCdev,OsalRegisterCdev,functionimpl,functionproto,Call,10.0,True,113,1358,['convertor'],['osal'],convertor,osal
4,105,core/adapter/vnode/src/hdf_vnode_adapter.c,include/osal/osal_cdev.h,HdfIoServiceAdapterRemove,OsalUnregisterCdev,functionimpl,functionproto,Call,10.0,True,114,1360,['convertor'],['osal'],convertor,osal
4,105,core/adapter/vnode/src/hdf_vnode_adapter.c,include/osal/osal_cdev.h,HdfIoServiceAdapterRemove,OsalFreeCdev,functionimpl,functionproto,Call,10.0,True,114,1355,['convertor'],['osal'],convertor,osal
4,105,core/adapter/vnode/src/hdf_vnode_adapter.c,include/osal/osal_cdev.h,,,file,file,Import,1.0,False,,,['convertor'],['osal'],convertor,osal
4,105,core/adapter/vnode/src/hdf_vnode_adapter.c,include/osal/osal_cdev.h,HdfVNodeAdapterIoctl,OsalGetFilePriv,functionimpl,functionproto,Use,10.0,True,124,1357,['convertor'],['osal'],convertor,osal
4,105,core/adapter/vnode/src/hdf_vnode_adapter.c,include/osal/osal_cdev.h,HdfVNodeAdapterOpen,OsalGetCdevPriv,functionimpl,functionproto,Use,10.0,True,125,1356,['convertor'],['osal'],convertor,osal
4,105,core/adapter/vnode/src/hdf_vnode_adapter.c,include/osal/osal_cdev.h,HdfVNodeAdapterOpen,OsalSetFilePriv,functionimpl,functionproto,Use,10.0,True,125,1359,['convertor'],['osal'],convertor,osal
4,105,core/adapter/vnode/src/hdf_vnode_adapter.c,include/osal/osal_cdev.h,HdfVNodeAdapterPoll,OsalGetFilePriv,functionimpl,functionproto,Use,10.0,True,126,1357,['convertor'],['osal'],convertor,osal
4,105,core/adapter/vnode/src/hdf_vnode_adapter.c,include/osal/osal_cdev.h,HdfVNodeAdapterClose,OsalGetFilePriv,functionimpl,functionproto,Use,10.0,True,123,1357,['convertor'],['osal'],convertor,osal
4,105,core/adapter/vnode/src/hdf_vnode_adapter.c,include/osal/osal_cdev.h,HdfVNodeAdapterClose,OsalSetFilePriv,functionimpl,functionproto,Use,10.0,True,123,1359,['convertor'],['osal'],convertor,osal
4,105,core/adapter/vnode/src/hdf_vnode_adapter.c,include/osal/osal_cdev.h,HdfIoServiceAdapterRegCdev,OsalAllocCdev,functionimpl,functionproto,Use,10.0,True,113,1354,['convertor'],['osal'],convertor,osal
4,105,core/adapter/vnode/src/hdf_vnode_adapter.c,include/osal/osal_cdev.h,HdfIoServiceAdapterRegCdev,OsalRegisterCdev,functionimpl,functionproto,Use,10.0,True,113,1358,['convertor'],['osal'],convertor,osal
4,105,core/adapter/vnode/src/hdf_vnode_adapter.c,include/osal/osal_cdev.h,HdfIoServiceAdapterRemove,OsalUnregisterCdev,functionimpl,functionproto,Use,10.0,True,114,1360,['convertor'],['osal'],convertor,osal
4,105,core/adapter/vnode/src/hdf_vnode_adapter.c,include/osal/osal_cdev.h,HdfIoServiceAdapterRemove,OsalFreeCdev,functionimpl,functionproto,Use,10.0,True,114,1355,['convertor'],['osal'],convertor,osal
4,105,core/adapter/vnode/src/hdf_vnode_adapter.c,include/osal/osal_cdev.h,HdfIoServiceAdapterRegCdev,OsalCdevOps,functionimpl,type,Parameter,1.0,True,113,1361,['convertor'],['osal'],convertor,osal
4,105,core/adapter/vnode/src/hdf_vnode_adapter.c,include/osal/osal_cdev.h,HdfIoServiceAdapterPublish,OsalCdevOps,functionimpl,type,Contain,1.0,True,111,1361,['convertor'],['osal'],convertor,osal
11,69,core/common/src/hdf_attribute.c,core/shared/include/hdf_attribute_manager.h,HdfAttributeManagerGetHostList,HdfGetHcsRootNode,functionimpl,functionproto,Call,2.0,True,219,1016,['common'],['common'],common,common
11,69,core/common/src/hdf_attribute.c,core/shared/include/hdf_attribute_manager.h,GetHostNode,HdfGetHcsRootNode,functionimpl,functionproto,Call,2.0,True,217,1016,['common'],['common'],common,common
11,69,core/common/src/hdf_attribute.c,core/shared/include/hdf_attribute_manager.h,,,file,file,Import,1.0,False,,,['common'],['common'],common,common
11,69,core/common/src/hdf_attribute.c,core/shared/include/hdf_attribute_manager.h,HdfAttributeManagerGetHostList,HdfAttributeManagerGetHostList,functionimpl,functionproto,Implement,2.0,True,219,1015,['common'],['common'],common,common
11,69,core/common/src/hdf_attribute.c,core/shared/include/hdf_attribute_manager.h,HdfAttributeManagerGetDeviceList,HdfAttributeManagerGetDeviceList,functionimpl,functionproto,Implement,2.0,True,218,1014,['common'],['common'],common,common
14,25,core/host/include/devhost_service.h,core/host/include/hdf_service_observer.h,,,file,file,Import,1.0,False,,,['kernal_host'],['kernal_host'],kernal_host,kernal_host
14,25,core/host/include/devhost_service.h,core/host/include/hdf_service_observer.h,DevHostService,HdfServiceObserver,type,type,Contain,1.0,True,306,402,['kernal_host'],['kernal_host'],kernal_host,kernal_host
14,17,core/host/include/devhost_service.h,core/host/include/hdf_device.h,DevHostServiceDelDevice,devid_t,functionproto,alias,Parameter,1.0,True,301,323,['kernal_host'],['kernal_host'],kernal_host,kernal_host
97,98,include/core/hdf_io_service_if.h,include/core/hdf_object.h,,,file,file,Import,1.0,False,,,['common'],['common'],common,common
97,98,include/core/hdf_io_service_if.h,include/core/hdf_object.h,,HdfObject,functionproto,type,Parameter,1.0,True,1244,1265,['common'],['common'],common,common
97,98,include/core/hdf_io_service_if.h,include/core/hdf_object.h,HdfIoService,HdfObject,type,type,Contain,3.0,True,1262,1265,['common'],['common'],common,common
97,98,include/core/hdf_io_service_if.h,include/core/hdf_object.h,HdfIoServiceGroup,HdfObject,type,type,Contain,3.0,True,1263,1265,['common'],['common'],common,common
14,98,core/host/include/devhost_service.h,include/core/hdf_object.h,DevHostServiceCreate,HdfObject,functionproto,type,Return,1.0,True,300,1265,['kernal_host'],['common'],kernal_host,common
14,98,core/host/include/devhost_service.h,include/core/hdf_object.h,DevHostServiceRelease,HdfObject,functionproto,type,Parameter,1.0,True,305,1265,['kernal_host'],['common'],kernal_host,common
14,64,core/host/include/devhost_service.h,core/shared/include/devhost_service_if.h,,,file,file,Import,1.0,False,,,['kernal_host'],['common'],kernal_host,common
14,64,core/host/include/devhost_service.h,core/shared/include/devhost_service_if.h,DevHostServiceNewInstance,IDevHostService,functionproto,type,Return,1.0,True,304,999,['kernal_host'],['common'],kernal_host,common
14,64,core/host/include/devhost_service.h,core/shared/include/devhost_service_if.h,DevHostServiceAddDevice,IDevHostService,functionproto,type,Parameter,3.0,True,298,999,['kernal_host'],['common'],kernal_host,common
14,64,core/host/include/devhost_service.h,core/shared/include/devhost_service_if.h,DevHostServiceDelDevice,IDevHostService,functionproto,type,Parameter,3.0,True,301,999,['kernal_host'],['common'],kernal_host,common
14,64,core/host/include/devhost_service.h,core/shared/include/devhost_service_if.h,DevHostServiceFreeInstance,IDevHostService,functionproto,type,Parameter,3.0,True,303,999,['kernal_host'],['common'],kernal_host,common
14,64,core/host/include/devhost_service.h,core/shared/include/devhost_service_if.h,DevHostService,IDevHostService,type,type,Contain,1.0,True,306,999,['kernal_host'],['common'],kernal_host,common
14,70,core/host/include/devhost_service.h,core/shared/include/hdf_device_info.h,DevHostServiceAddDevice,HdfDeviceInfo,functionproto,type,Parameter,1.0,True,298,1023,['kernal_host'],['common'],kernal_host,common
90,111,include/audio/audio_dai_if.h,include/osal/osal_mutex.h,DaiData,OsalMutex,type,type,Contain,1.0,True,1166,1400,['audio'],['osal'],audio,osal
90,143,include/audio/audio_dai_if.h,include/utils/hdf_dlist.h,DaiDevice,DListHead,type,type,Contain,1.0,True,1167,1773,['audio'],['utils'],audio,utils
121,130,include/platform/hdmi_if.h,include/platform/platform_if.h,,,file,file,Import,1.0,False,,,['platform'],['platform'],platform,platform
121,130,include/platform/hdmi_if.h,include/platform/platform_if.h,HdmiOpen,DevHandle,functionproto,alias,Return,1.0,True,1480,1630,['platform'],['platform'],platform,platform
121,130,include/platform/hdmi_if.h,include/platform/platform_if.h,HdmiStart,DevHandle,functionproto,alias,Parameter,12.0,True,1486,1630,['platform'],['platform'],platform,platform
121,130,include/platform/hdmi_if.h,include/platform/platform_if.h,HdmiStop,DevHandle,functionproto,alias,Parameter,12.0,True,1487,1630,['platform'],['platform'],platform,platform
121,130,include/platform/hdmi_if.h,include/platform/platform_if.h,HdmiAvmuteSet,DevHandle,functionproto,alias,Parameter,12.0,True,1476,1630,['platform'],['platform'],platform,platform
121,130,include/platform/hdmi_if.h,include/platform/platform_if.h,HdmiDeepColorSet,DevHandle,functionproto,alias,Parameter,12.0,True,1479,1630,['platform'],['platform'],platform,platform
121,130,include/platform/hdmi_if.h,include/platform/platform_if.h,HdmiDeepColorGet,DevHandle,functionproto,alias,Parameter,12.0,True,1478,1630,['platform'],['platform'],platform,platform
121,130,include/platform/hdmi_if.h,include/platform/platform_if.h,HdmiSetVideoAttribute,DevHandle,functionproto,alias,Parameter,12.0,True,1485,1630,['platform'],['platform'],platform,platform
121,130,include/platform/hdmi_if.h,include/platform/platform_if.h,HdmiSetAudioAttribute,DevHandle,functionproto,alias,Parameter,12.0,True,1483,1630,['platform'],['platform'],platform,platform
121,130,include/platform/hdmi_if.h,include/platform/platform_if.h,HdmiSetHdrAttribute,DevHandle,functionproto,alias,Parameter,12.0,True,1484,1630,['platform'],['platform'],platform,platform
121,130,include/platform/hdmi_if.h,include/platform/platform_if.h,HdmiReadSinkEdid,DevHandle,functionproto,alias,Parameter,12.0,True,1481,1630,['platform'],['platform'],platform,platform
121,130,include/platform/hdmi_if.h,include/platform/platform_if.h,HdmiRegisterHpdCallbackFunc,DevHandle,functionproto,alias,Parameter,12.0,True,1482,1630,['platform'],['platform'],platform,platform
121,130,include/platform/hdmi_if.h,include/platform/platform_if.h,HdmiUnregisterHpdCallbackFunc,DevHandle,functionproto,alias,Parameter,12.0,True,1488,1630,['platform'],['platform'],platform,platform
121,130,include/platform/hdmi_if.h,include/platform/platform_if.h,HdmiClose,DevHandle,functionproto,alias,Parameter,12.0,True,1477,1630,['platform'],['platform'],platform,platform
17,98,core/host/include/hdf_device.h,include/core/hdf_object.h,,,file,file,Import,1.0,False,,,['kernal_host'],['common'],kernal_host,common
17,98,core/host/include/hdf_device.h,include/core/hdf_object.h,HdfDeviceCreate,HdfObject,functionproto,type,Return,1.0,True,327,1265,['kernal_host'],['common'],kernal_host,common
17,98,core/host/include/hdf_device.h,include/core/hdf_object.h,HdfDeviceRelease,HdfObject,functionproto,type,Parameter,1.0,True,332,1265,['kernal_host'],['common'],kernal_host,common
17,98,core/host/include/hdf_device.h,include/core/hdf_object.h,IHdfDevice,HdfObject,type,type,Contain,1.0,True,334,1265,['kernal_host'],['common'],kernal_host,common
17,96,core/host/include/hdf_device.h,include/core/hdf_device_desc.h,,,file,file,Import,1.0,False,,,['kernal_host'],['common'],kernal_host,common
25,111,core/host/include/hdf_service_observer.h,include/osal/osal_mutex.h,,,file,file,Import,1.0,False,,,['kernal_host'],['osal'],kernal_host,osal
25,111,core/host/include/hdf_service_observer.h,include/osal/osal_mutex.h,HdfServiceObserver,OsalMutex,type,type,Contain,1.0,True,402,1400,['kernal_host'],['osal'],kernal_host,osal
49,79,core/manager/include/power_state_token_clnt.h,core/shared/include/power_state_token_if.h,,,file,file,Import,1.0,False,,,['manager'],['common'],manager,common
49,79,core/manager/include/power_state_token_clnt.h,core/shared/include/power_state_token_if.h,PowerStateTokenClntNewInstance,IPowerStateToken,functionproto,type,Parameter,1.0,True,722,1087,['manager'],['common'],manager,common
49,79,core/manager/include/power_state_token_clnt.h,core/shared/include/power_state_token_if.h,power_state_token_clnt,power_state_token_if,type,type,Contain,2.0,False,,,['manager'],['common'],manager,common
49,79,core/manager/include/power_state_token_clnt.h,core/shared/include/power_state_token_if.h,PowerStateTokenClnt,IPowerStateToken,type,type,Contain,2.0,True,723,1087,['manager'],['common'],manager,common
24,27,core/host/include/hdf_power_manager.h,core/host/include/power_state_token.h,,,file,file,Import,1.0,False,,,['kernal_host'],['kernal_host'],kernal_host,kernal_host
24,27,core/host/include/hdf_power_manager.h,core/host/include/power_state_token.h,HdfPmTaskPut,PowerStateToken,functionproto,type,Parameter,1.0,True,390,413,['kernal_host'],['kernal_host'],kernal_host,kernal_host
24,27,core/host/include/hdf_power_manager.h,core/host/include/power_state_token.h,HdfPmRequest,PowerStateToken,type,type,Contain,1.0,True,395,413,['kernal_host'],['kernal_host'],kernal_host,kernal_host
3,145,core/adapter/vnode/include/hdf_vnode_adapter.h,include/utils/hdf_sbuf.h,,,file,file,Import,1.0,False,,,['convertor'],['utils'],convertor,utils
3,143,core/adapter/vnode/include/hdf_vnode_adapter.h,include/utils/hdf_dlist.h,,,file,file,Import,1.0,False,,,['convertor'],['utils'],convertor,utils
3,143,core/adapter/vnode/include/hdf_vnode_adapter.h,include/utils/hdf_dlist.h,HdfVNodeAdapter,DListHead,type,type,Contain,2.0,True,103,1773,['convertor'],['utils'],convertor,utils
3,143,core/adapter/vnode/include/hdf_vnode_adapter.h,include/utils/hdf_dlist.h,HdfDevEvent,DListHead,type,type,Contain,2.0,True,102,1773,['convertor'],['utils'],convertor,utils
110,142,include/osal/osal_mem.h,include/utils/hdf_base.h,,,file,file,Import,1.0,False,,,['osal'],['utils'],osal,utils
91,143,include/audio/audio_dsp_if.h,include/utils/hdf_dlist.h,DspDevice,DListHead,type,type,Contain,1.0,True,1172,1773,['audio'],['utils'],audio,utils
56,14,core/manager/src/hdf_driver_installer.c,core/host/include/devhost_service.h,DriverInstallerStartDeviceHost,DevHostServiceNewInstance,functionimpl,functionproto,Call,2.0,True,890,304,['manager'],['kernal_host'],manager,kernal_host
56,14,core/manager/src/hdf_driver_installer.c,core/host/include/devhost_service.h,DriverInstallerStartDeviceHost,DevHostServiceFreeInstance,functionimpl,functionproto,Call,2.0,True,890,303,['manager'],['kernal_host'],manager,kernal_host
56,14,core/manager/src/hdf_driver_installer.c,core/host/include/devhost_service.h,,,file,file,Import,1.0,False,,,['manager'],['kernal_host'],manager,kernal_host
148,154,include/wifi/hdf_wifi_event.h,include/wifi/wifi_mac80211_ops.h,,,file,file,Import,1.0,False,,,['network'],['network'],network,network
148,154,include/wifi/hdf_wifi_event.h,include/wifi/wifi_mac80211_ops.h,HdfWifiEventInformBssFrame,WlanChannel,functionproto,type,Parameter,1.0,True,1863,1926,['network'],['network'],network,network
4,3,core/adapter/vnode/src/hdf_vnode_adapter.c,core/adapter/vnode/include/hdf_vnode_adapter.h,HdfVNodeAdapterReadDevEvent,HdfDevEvent,functionimpl,type,Cast,20.0,True,127,102,['convertor'],['convertor'],convertor,convertor
4,3,core/adapter/vnode/src/hdf_vnode_adapter.c,core/adapter/vnode/include/hdf_vnode_adapter.h,HdfVnodeAdapterDropOldEventLocked,HdfDevEvent,functionimpl,type,Cast,20.0,True,130,102,['convertor'],['convertor'],convertor,convertor
4,3,core/adapter/vnode/src/hdf_vnode_adapter.c,core/adapter/vnode/include/hdf_vnode_adapter.h,HdfVnodeCleanEventQueue,HdfDevEvent,functionimpl,type,Cast,20.0,True,131,102,['convertor'],['convertor'],convertor,convertor
4,3,core/adapter/vnode/src/hdf_vnode_adapter.c,core/adapter/vnode/include/hdf_vnode_adapter.h,HdfDestoryVNodeAdapterClient,HdfDevEvent,functionimpl,type,Cast,20.0,True,106,102,['convertor'],['convertor'],convertor,convertor
4,3,core/adapter/vnode/src/hdf_vnode_adapter.c,core/adapter/vnode/include/hdf_vnode_adapter.h,HdfVNodeAdapterOpen,HdfVNodeAdapter,functionimpl,type,Cast,20.0,True,125,103,['convertor'],['convertor'],convertor,convertor
4,3,core/adapter/vnode/src/hdf_vnode_adapter.c,core/adapter/vnode/include/hdf_vnode_adapter.h,HdfIoServiceAdapterPublish,HdfVNodeAdapter,functionimpl,type,Cast,20.0,True,111,103,['convertor'],['convertor'],convertor,convertor
4,3,core/adapter/vnode/src/hdf_vnode_adapter.c,core/adapter/vnode/include/hdf_vnode_adapter.h,HdfIoServiceAdapterRemove,HdfVNodeAdapter,functionimpl,type,Cast,20.0,True,114,103,['convertor'],['convertor'],convertor,convertor
4,3,core/adapter/vnode/src/hdf_vnode_adapter.c,core/adapter/vnode/include/hdf_vnode_adapter.h,HdfDeviceSendEvent,HdfVNodeAdapter,functionimpl,type,Cast,20.0,True,107,103,['convertor'],['convertor'],convertor,convertor
4,3,core/adapter/vnode/src/hdf_vnode_adapter.c,core/adapter/vnode/include/hdf_vnode_adapter.h,,,file,file,Import,1.0,False,,,['convertor'],['convertor'],convertor,convertor
4,3,core/adapter/vnode/src/hdf_vnode_adapter.c,core/adapter/vnode/include/hdf_vnode_adapter.h,DevEventFree,HdfDevEvent,functionimpl,type,Use,49.0,True,105,102,['convertor'],['convertor'],convertor,convertor
4,3,core/adapter/vnode/src/hdf_vnode_adapter.c,core/adapter/vnode/include/hdf_vnode_adapter.h,HdfVNodeAdapterReadDevEvent,HdfDevEvent,functionimpl,type,Use,49.0,True,127,102,['convertor'],['convertor'],convertor,convertor
4,3,core/adapter/vnode/src/hdf_vnode_adapter.c,core/adapter/vnode/include/hdf_vnode_adapter.h,HdfVnodeAdapterDropOldEventLocked,HdfDevEvent,functionimpl,type,Use,49.0,True,130,102,['convertor'],['convertor'],convertor,convertor
4,3,core/adapter/vnode/src/hdf_vnode_adapter.c,core/adapter/vnode/include/hdf_vnode_adapter.h,VNodeAdapterSendDevEventToClient,HdfDevEvent,functionimpl,type,Use,49.0,True,132,102,['convertor'],['convertor'],convertor,convertor
4,3,core/adapter/vnode/src/hdf_vnode_adapter.c,core/adapter/vnode/include/hdf_vnode_adapter.h,HdfVNodeAdapterSendDevEvent,HdfVNodeAdapter,functionimpl,type,Use,49.0,True,128,103,['convertor'],['convertor'],convertor,convertor
4,3,core/adapter/vnode/src/hdf_vnode_adapter.c,core/adapter/vnode/include/hdf_vnode_adapter.h,HdfVnodeCleanEventQueue,HdfDevEvent,functionimpl,type,Use,49.0,True,131,102,['convertor'],['convertor'],convertor,convertor
4,3,core/adapter/vnode/src/hdf_vnode_adapter.c,core/adapter/vnode/include/hdf_vnode_adapter.h,HdfNewVNodeAdapterClient,HdfVNodeAdapter,functionimpl,type,Use,49.0,True,116,103,['convertor'],['convertor'],convertor,convertor
4,3,core/adapter/vnode/src/hdf_vnode_adapter.c,core/adapter/vnode/include/hdf_vnode_adapter.h,HdfDestoryVNodeAdapterClient,HdfDevEvent,functionimpl,type,Use,49.0,True,106,102,['convertor'],['convertor'],convertor,convertor
4,3,core/adapter/vnode/src/hdf_vnode_adapter.c,core/adapter/vnode/include/hdf_vnode_adapter.h,HdfIoServiceAdapterRegCdev,HdfVNodeAdapter,functionimpl,type,Use,49.0,True,113,103,['convertor'],['convertor'],convertor,convertor
4,3,core/adapter/vnode/src/hdf_vnode_adapter.c,core/adapter/vnode/include/hdf_vnode_adapter.h,HdfIoServiceAdapterPublish,HdfVNodeAdapter,functionimpl,type,Use,49.0,True,111,103,['convertor'],['convertor'],convertor,convertor
4,3,core/adapter/vnode/src/hdf_vnode_adapter.c,core/adapter/vnode/include/hdf_vnode_adapter.h,HdfIoServiceAdapterRemove,HdfVNodeAdapter,functionimpl,type,Use,49.0,True,114,103,['convertor'],['convertor'],convertor,convertor
4,3,core/adapter/vnode/src/hdf_vnode_adapter.c,core/adapter/vnode/include/hdf_vnode_adapter.h,HdfDeviceSendEvent,HdfVNodeAdapter,functionimpl,type,Use,49.0,True,107,103,['convertor'],['convertor'],convertor,convertor
4,3,core/adapter/vnode/src/hdf_vnode_adapter.c,core/adapter/vnode/include/hdf_vnode_adapter.h,DevEventFree,HdfDevEvent,functionimpl,type,Parameter,4.0,True,105,102,['convertor'],['convertor'],convertor,convertor
4,3,core/adapter/vnode/src/hdf_vnode_adapter.c,core/adapter/vnode/include/hdf_vnode_adapter.h,HdfVNodeAdapterSendDevEvent,HdfVNodeAdapter,functionimpl,type,Parameter,4.0,True,128,103,['convertor'],['convertor'],convertor,convertor
4,3,core/adapter/vnode/src/hdf_vnode_adapter.c,core/adapter/vnode/include/hdf_vnode_adapter.h,HdfNewVNodeAdapterClient,HdfVNodeAdapter,functionimpl,type,Parameter,4.0,True,116,103,['convertor'],['convertor'],convertor,convertor
4,3,core/adapter/vnode/src/hdf_vnode_adapter.c,core/adapter/vnode/include/hdf_vnode_adapter.h,HdfIoServiceAdapterRegCdev,HdfVNodeAdapter,functionimpl,type,Parameter,4.0,True,113,103,['convertor'],['convertor'],convertor,convertor
4,3,core/adapter/vnode/src/hdf_vnode_adapter.c,core/adapter/vnode/include/hdf_vnode_adapter.h,HdfVNodeAdapterClient,HdfVNodeAdapter,type,type,Contain,12.0,True,134,103,['convertor'],['convertor'],convertor,convertor
4,3,core/adapter/vnode/src/hdf_vnode_adapter.c,core/adapter/vnode/include/hdf_vnode_adapter.h,HdfVNodeAdapterReadDevEvent,HdfDevEvent,functionimpl,type,Contain,12.0,True,127,102,['convertor'],['convertor'],convertor,convertor
4,3,core/adapter/vnode/src/hdf_vnode_adapter.c,core/adapter/vnode/include/hdf_vnode_adapter.h,HdfVnodeAdapterDropOldEventLocked,HdfDevEvent,functionimpl,type,Contain,12.0,True,130,102,['convertor'],['convertor'],convertor,convertor
4,3,core/adapter/vnode/src/hdf_vnode_adapter.c,core/adapter/vnode/include/hdf_vnode_adapter.h,VNodeAdapterSendDevEventToClient,HdfDevEvent,functionimpl,type,Contain,12.0,True,132,102,['convertor'],['convertor'],convertor,convertor
4,3,core/adapter/vnode/src/hdf_vnode_adapter.c,core/adapter/vnode/include/hdf_vnode_adapter.h,HdfVnodeCleanEventQueue,HdfDevEvent,functionimpl,type,Contain,12.0,True,131,102,['convertor'],['convertor'],convertor,convertor
4,3,core/adapter/vnode/src/hdf_vnode_adapter.c,core/adapter/vnode/include/hdf_vnode_adapter.h,HdfDestoryVNodeAdapterClient,HdfDevEvent,functionimpl,type,Contain,12.0,True,106,102,['convertor'],['convertor'],convertor,convertor
4,3,core/adapter/vnode/src/hdf_vnode_adapter.c,core/adapter/vnode/include/hdf_vnode_adapter.h,HdfVNodeAdapterOpen,HdfVNodeAdapter,functionimpl,type,Contain,12.0,True,125,103,['convertor'],['convertor'],convertor,convertor
4,3,core/adapter/vnode/src/hdf_vnode_adapter.c,core/adapter/vnode/include/hdf_vnode_adapter.h,HdfIoServiceAdapterPublish,HdfVNodeAdapter,functionimpl,type,Contain,12.0,True,111,103,['convertor'],['convertor'],convertor,convertor
4,3,core/adapter/vnode/src/hdf_vnode_adapter.c,core/adapter/vnode/include/hdf_vnode_adapter.h,HdfIoServiceAdapterRemove,HdfVNodeAdapter,functionimpl,type,Contain,12.0,True,114,103,['convertor'],['convertor'],convertor,convertor
4,3,core/adapter/vnode/src/hdf_vnode_adapter.c,core/adapter/vnode/include/hdf_vnode_adapter.h,HdfDeviceSendEvent,HdfVNodeAdapter,functionimpl,type,Contain,12.0,True,107,103,['convertor'],['convertor'],convertor,convertor
4,7,core/adapter/vnode/src/hdf_vnode_adapter.c,core/common/include/manager/hdf_device_node_ext.h,HdfDeviceSendEvent,DeviceNodeExt,functionimpl,type,Cast,1.0,True,107,183,['convertor'],['manager'],convertor,manager
4,7,core/adapter/vnode/src/hdf_vnode_adapter.c,core/common/include/manager/hdf_device_node_ext.h,,,file,file,Import,1.0,False,,,['convertor'],['manager'],convertor,manager
4,7,core/adapter/vnode/src/hdf_vnode_adapter.c,core/common/include/manager/hdf_device_node_ext.h,HdfDeviceSendEvent,DeviceNodeExt,functionimpl,type,Use,1.0,True,107,183,['convertor'],['manager'],convertor,manager
56,64,core/manager/src/hdf_driver_installer.c,core/shared/include/devhost_service_if.h,DriverInstallerStartDeviceHost,IDevHostService,functionimpl,type,Use,2.0,True,890,999,['manager'],['common'],manager,common
56,64,core/manager/src/hdf_driver_installer.c,core/shared/include/devhost_service_if.h,DriverInstallerStartDeviceHost,IDevHostService,functionimpl,type,Contain,1.0,True,890,999,['manager'],['common'],manager,common
3,111,core/adapter/vnode/include/hdf_vnode_adapter.h,include/osal/osal_mutex.h,,,file,file,Import,1.0,False,,,['convertor'],['osal'],convertor,osal
3,111,core/adapter/vnode/include/hdf_vnode_adapter.h,include/osal/osal_mutex.h,HdfVNodeAdapter,OsalMutex,type,type,Contain,1.0,True,103,1400,['convertor'],['osal'],convertor,osal
56,73,core/manager/src/hdf_driver_installer.c,core/shared/include/hdf_object_manager.h,DriverInstallerGetInstance,HdfObjectManagerGetObject,functionimpl,functionproto,Call,1.0,True,889,1052,['manager'],['common'],manager,common
56,73,core/manager/src/hdf_driver_installer.c,core/shared/include/hdf_object_manager.h,,,file,file,Import,1.0,False,,,['manager'],['common'],manager,common
31,17,core/host/src/hdf_device.c,core/host/include/hdf_device.h,HdfDeviceAttach,HdfDevice,functionimpl,type,Cast,10.0,True,483,333,['kernal_host'],['kernal_host'],kernal_host,kernal_host
31,17,core/host/src/hdf_device.c,core/host/include/hdf_device.h,HdfDeviceDetach,HdfDevice,functionimpl,type,Cast,10.0,True,487,333,['kernal_host'],['kernal_host'],kernal_host,kernal_host
31,17,core/host/src/hdf_device.c,core/host/include/hdf_device.h,HdfDeviceGetDeviceNode,HdfDevice,functionimpl,type,Cast,10.0,True,490,333,['kernal_host'],['kernal_host'],kernal_host,kernal_host
31,17,core/host/src/hdf_device.c,core/host/include/hdf_device.h,HdfDeviceDetachWithDevid,HdfDevice,functionimpl,type,Cast,10.0,True,488,333,['kernal_host'],['kernal_host'],kernal_host,kernal_host
31,17,core/host/src/hdf_device.c,core/host/include/hdf_device.h,HdfDeviceCreate,HdfDevice,functionimpl,type,Cast,10.0,True,485,333,['kernal_host'],['kernal_host'],kernal_host,kernal_host
31,17,core/host/src/hdf_device.c,core/host/include/hdf_device.h,HdfDeviceRelease,HdfDevice,functionimpl,type,Cast,10.0,True,492,333,['kernal_host'],['kernal_host'],kernal_host,kernal_host
31,17,core/host/src/hdf_device.c,core/host/include/hdf_device.h,HdfDeviceNewInstance,HdfDevice,functionimpl,type,Cast,10.0,True,491,333,['kernal_host'],['kernal_host'],kernal_host,kernal_host
31,17,core/host/src/hdf_device.c,core/host/include/hdf_device.h,,,file,file,Import,1.0,False,,,['kernal_host'],['kernal_host'],kernal_host,kernal_host
31,17,core/host/src/hdf_device.c,core/host/include/hdf_device.h,HdfDeviceNewInstance,HdfDevice,functionimpl,type,Return,1.0,True,491,333,['kernal_host'],['kernal_host'],kernal_host,kernal_host
31,17,core/host/src/hdf_device.c,core/host/include/hdf_device.h,UpdateDeivceNodeIdIndex,HdfDevice,functionimpl,type,Use,16.0,True,493,333,['kernal_host'],['kernal_host'],kernal_host,kernal_host
31,17,core/host/src/hdf_device.c,core/host/include/hdf_device.h,AcquireNodeDeivceId,HdfDevice,functionimpl,type,Use,16.0,True,482,333,['kernal_host'],['kernal_host'],kernal_host,kernal_host
31,17,core/host/src/hdf_device.c,core/host/include/hdf_device.h,HdfDeviceAttach,HdfDevice,functionimpl,type,Use,16.0,True,483,333,['kernal_host'],['kernal_host'],kernal_host,kernal_host
31,17,core/host/src/hdf_device.c,core/host/include/hdf_device.h,HdfDeviceDetach,HdfDevice,functionimpl,type,Use,16.0,True,487,333,['kernal_host'],['kernal_host'],kernal_host,kernal_host
31,17,core/host/src/hdf_device.c,core/host/include/hdf_device.h,HdfDeviceGetDeviceNode,HdfDevice,functionimpl,type,Use,16.0,True,490,333,['kernal_host'],['kernal_host'],kernal_host,kernal_host
31,17,core/host/src/hdf_device.c,core/host/include/hdf_device.h,HdfDeviceDetachWithDevid,HdfDevice,functionimpl,type,Use,16.0,True,488,333,['kernal_host'],['kernal_host'],kernal_host,kernal_host
31,17,core/host/src/hdf_device.c,core/host/include/hdf_device.h,HdfDeviceConstruct,HdfDevice,functionimpl,type,Use,16.0,True,484,333,['kernal_host'],['kernal_host'],kernal_host,kernal_host
31,17,core/host/src/hdf_device.c,core/host/include/hdf_device.h,HdfDeviceDestruct,HdfDevice,functionimpl,type,Use,16.0,True,486,333,['kernal_host'],['kernal_host'],kernal_host,kernal_host
31,17,core/host/src/hdf_device.c,core/host/include/hdf_device.h,HdfDeviceCreate,HdfDevice,functionimpl,type,Use,16.0,True,485,333,['kernal_host'],['kernal_host'],kernal_host,kernal_host
31,17,core/host/src/hdf_device.c,core/host/include/hdf_device.h,HdfDeviceFreeInstance,HdfDevice,functionimpl,type,Use,16.0,True,489,333,['kernal_host'],['kernal_host'],kernal_host,kernal_host
31,17,core/host/src/hdf_device.c,core/host/include/hdf_device.h,HdfDeviceDetach,HdfDeviceDetach,functionimpl,functionproto,Implement,7.0,True,487,329,['kernal_host'],['kernal_host'],kernal_host,kernal_host
31,17,core/host/src/hdf_device.c,core/host/include/hdf_device.h,HdfDeviceConstruct,HdfDeviceConstruct,functionimpl,functionproto,Implement,7.0,True,484,326,['kernal_host'],['kernal_host'],kernal_host,kernal_host
31,17,core/host/src/hdf_device.c,core/host/include/hdf_device.h,HdfDeviceDestruct,HdfDeviceDestruct,functionimpl,functionproto,Implement,7.0,True,486,328,['kernal_host'],['kernal_host'],kernal_host,kernal_host
31,17,core/host/src/hdf_device.c,core/host/include/hdf_device.h,HdfDeviceCreate,HdfDeviceCreate,functionimpl,functionproto,Implement,7.0,True,485,327,['kernal_host'],['kernal_host'],kernal_host,kernal_host
31,17,core/host/src/hdf_device.c,core/host/include/hdf_device.h,HdfDeviceRelease,HdfDeviceRelease,functionimpl,functionproto,Implement,7.0,True,492,332,['kernal_host'],['kernal_host'],kernal_host,kernal_host
31,17,core/host/src/hdf_device.c,core/host/include/hdf_device.h,HdfDeviceNewInstance,HdfDeviceNewInstance,functionimpl,functionproto,Implement,7.0,True,491,331,['kernal_host'],['kernal_host'],kernal_host,kernal_host
31,17,core/host/src/hdf_device.c,core/host/include/hdf_device.h,HdfDeviceFreeInstance,HdfDeviceFreeInstance,functionimpl,functionproto,Implement,7.0,True,489,330,['kernal_host'],['kernal_host'],kernal_host,kernal_host
31,17,core/host/src/hdf_device.c,core/host/include/hdf_device.h,UpdateDeivceNodeIdIndex,HdfDevice,functionimpl,type,Parameter,13.0,True,493,333,['kernal_host'],['kernal_host'],kernal_host,kernal_host
31,17,core/host/src/hdf_device.c,core/host/include/hdf_device.h,UpdateDeivceNodeIdIndex,devid_t,functionimpl,alias,Parameter,13.0,True,493,323,['kernal_host'],['kernal_host'],kernal_host,kernal_host
31,17,core/host/src/hdf_device.c,core/host/include/hdf_device.h,AcquireNodeDeivceId,HdfDevice,functionimpl,type,Parameter,13.0,True,482,333,['kernal_host'],['kernal_host'],kernal_host,kernal_host
31,17,core/host/src/hdf_device.c,core/host/include/hdf_device.h,AcquireNodeDeivceId,devid_t,functionimpl,alias,Parameter,13.0,True,482,323,['kernal_host'],['kernal_host'],kernal_host,kernal_host
31,17,core/host/src/hdf_device.c,core/host/include/hdf_device.h,HdfDeviceAttach,IHdfDevice,functionimpl,type,Parameter,13.0,True,483,334,['kernal_host'],['kernal_host'],kernal_host,kernal_host
31,17,core/host/src/hdf_device.c,core/host/include/hdf_device.h,HdfDeviceDetach,IHdfDevice,functionimpl,type,Parameter,13.0,True,487,334,['kernal_host'],['kernal_host'],kernal_host,kernal_host
31,17,core/host/src/hdf_device.c,core/host/include/hdf_device.h,HdfDeviceGetDeviceNode,IHdfDevice,functionimpl,type,Parameter,13.0,True,490,334,['kernal_host'],['kernal_host'],kernal_host,kernal_host
31,17,core/host/src/hdf_device.c,core/host/include/hdf_device.h,HdfDeviceGetDeviceNode,devid_t,functionimpl,alias,Parameter,13.0,True,490,323,['kernal_host'],['kernal_host'],kernal_host,kernal_host
31,17,core/host/src/hdf_device.c,core/host/include/hdf_device.h,HdfDeviceDetachWithDevid,IHdfDevice,functionimpl,type,Parameter,13.0,True,488,334,['kernal_host'],['kernal_host'],kernal_host,kernal_host
31,17,core/host/src/hdf_device.c,core/host/include/hdf_device.h,HdfDeviceDetachWithDevid,devid_t,functionimpl,alias,Parameter,13.0,True,488,323,['kernal_host'],['kernal_host'],kernal_host,kernal_host
31,17,core/host/src/hdf_device.c,core/host/include/hdf_device.h,HdfDeviceConstruct,HdfDevice,functionimpl,type,Parameter,13.0,True,484,333,['kernal_host'],['kernal_host'],kernal_host,kernal_host
31,17,core/host/src/hdf_device.c,core/host/include/hdf_device.h,HdfDeviceDestruct,HdfDevice,functionimpl,type,Parameter,13.0,True,486,333,['kernal_host'],['kernal_host'],kernal_host,kernal_host
31,17,core/host/src/hdf_device.c,core/host/include/hdf_device.h,HdfDeviceFreeInstance,HdfDevice,functionimpl,type,Parameter,13.0,True,489,333,['kernal_host'],['kernal_host'],kernal_host,kernal_host
31,17,core/host/src/hdf_device.c,core/host/include/hdf_device.h,HdfDeviceAttach,HdfDevice,functionimpl,type,Contain,6.0,True,483,333,['kernal_host'],['kernal_host'],kernal_host,kernal_host
31,17,core/host/src/hdf_device.c,core/host/include/hdf_device.h,HdfDeviceDetach,HdfDevice,functionimpl,type,Contain,6.0,True,487,333,['kernal_host'],['kernal_host'],kernal_host,kernal_host
31,17,core/host/src/hdf_device.c,core/host/include/hdf_device.h,HdfDeviceGetDeviceNode,HdfDevice,functionimpl,type,Contain,6.0,True,490,333,['kernal_host'],['kernal_host'],kernal_host,kernal_host
31,17,core/host/src/hdf_device.c,core/host/include/hdf_device.h,HdfDeviceDetachWithDevid,HdfDevice,functionimpl,type,Contain,6.0,True,488,333,['kernal_host'],['kernal_host'],kernal_host,kernal_host
31,17,core/host/src/hdf_device.c,core/host/include/hdf_device.h,HdfDeviceCreate,HdfDevice,functionimpl,type,Contain,6.0,True,485,333,['kernal_host'],['kernal_host'],kernal_host,kernal_host
31,17,core/host/src/hdf_device.c,core/host/include/hdf_device.h,HdfDeviceRelease,HdfDevice,functionimpl,type,Contain,6.0,True,492,333,['kernal_host'],['kernal_host'],kernal_host,kernal_host
31,18,core/host/src/hdf_device.c,core/host/include/hdf_device_node.h,HdfDeviceAttach,IDeviceNode,functionimpl,type,Cast,11.0,True,483,349,['kernal_host'],['kernal_host'],kernal_host,kernal_host
31,18,core/host/src/hdf_device.c,core/host/include/hdf_device_node.h,HdfDeviceGetDeviceNode,HdfDeviceNode,functionimpl,type,Cast,11.0,True,490,348,['kernal_host'],['kernal_host'],kernal_host,kernal_host
31,18,core/host/src/hdf_device.c,core/host/include/hdf_device_node.h,HdfDeviceDestruct,HdfDeviceNode,functionimpl,type,Cast,11.0,True,486,348,['kernal_host'],['kernal_host'],kernal_host,kernal_host
31,18,core/host/src/hdf_device.c,core/host/include/hdf_device_node.h,HdfDeviceDestruct,HdfDeviceNodeFreeInstance,functionimpl,functionproto,Call,1.0,True,486,342,['kernal_host'],['kernal_host'],kernal_host,kernal_host
31,18,core/host/src/hdf_device.c,core/host/include/hdf_device_node.h,,,file,file,Import,1.0,False,,,['kernal_host'],['kernal_host'],kernal_host,kernal_host
31,18,core/host/src/hdf_device.c,core/host/include/hdf_device_node.h,HdfDeviceGetDeviceNode,HdfDeviceNode,functionimpl,type,Return,1.0,True,490,348,['kernal_host'],['kernal_host'],kernal_host,kernal_host
31,18,core/host/src/hdf_device.c,core/host/include/hdf_device_node.h,HdfDeviceAttach,IDeviceNode,functionimpl,type,Use,17.0,True,483,349,['kernal_host'],['kernal_host'],kernal_host,kernal_host
31,18,core/host/src/hdf_device.c,core/host/include/hdf_device_node.h,HdfDeviceAttach,HdfDeviceNode,functionimpl,type,Use,17.0,True,483,348,['kernal_host'],['kernal_host'],kernal_host,kernal_host
31,18,core/host/src/hdf_device.c,core/host/include/hdf_device_node.h,HdfDeviceDetach,HdfDeviceNode,functionimpl,type,Use,17.0,True,487,348,['kernal_host'],['kernal_host'],kernal_host,kernal_host
31,18,core/host/src/hdf_device.c,core/host/include/hdf_device_node.h,HdfDeviceGetDeviceNode,HdfDeviceNode,functionimpl,type,Use,17.0,True,490,348,['kernal_host'],['kernal_host'],kernal_host,kernal_host
31,18,core/host/src/hdf_device.c,core/host/include/hdf_device_node.h,HdfDeviceConstruct,HdfDeviceNode,functionimpl,type,Use,17.0,True,484,348,['kernal_host'],['kernal_host'],kernal_host,kernal_host
31,18,core/host/src/hdf_device.c,core/host/include/hdf_device_node.h,HdfDeviceDestruct,HdfDeviceNode,functionimpl,type,Use,17.0,True,486,348,['kernal_host'],['kernal_host'],kernal_host,kernal_host
31,18,core/host/src/hdf_device.c,core/host/include/hdf_device_node.h,HdfDeviceAttach,HdfDeviceNode,functionimpl,type,Parameter,2.0,True,483,348,['kernal_host'],['kernal_host'],kernal_host,kernal_host
31,18,core/host/src/hdf_device.c,core/host/include/hdf_device_node.h,HdfDeviceDetach,HdfDeviceNode,functionimpl,type,Parameter,2.0,True,487,348,['kernal_host'],['kernal_host'],kernal_host,kernal_host
31,18,core/host/src/hdf_device.c,core/host/include/hdf_device_node.h,HdfDeviceAttach,IDeviceNode,functionimpl,type,Contain,5.0,True,483,349,['kernal_host'],['kernal_host'],kernal_host,kernal_host
31,18,core/host/src/hdf_device.c,core/host/include/hdf_device_node.h,HdfDeviceGetDeviceNode,HdfDeviceNode,functionimpl,type,Contain,5.0,True,490,348,['kernal_host'],['kernal_host'],kernal_host,kernal_host
31,18,core/host/src/hdf_device.c,core/host/include/hdf_device_node.h,HdfDeviceDetachWithDevid,HdfDeviceNode,functionimpl,type,Contain,5.0,True,488,348,['kernal_host'],['kernal_host'],kernal_host,kernal_host
31,18,core/host/src/hdf_device.c,core/host/include/hdf_device_node.h,HdfDeviceDestruct,HdfDeviceNode,functionimpl,type,Contain,5.0,True,486,348,['kernal_host'],['kernal_host'],kernal_host,kernal_host
31,20,core/host/src/hdf_device.c,core/host/include/hdf_device_token.h,,,file,file,Import,1.0,False,,,['kernal_host'],['kernal_host'],kernal_host,kernal_host
31,25,core/host/src/hdf_device.c,core/host/include/hdf_service_observer.h,,,file,file,Import,1.0,False,,,['kernal_host'],['kernal_host'],kernal_host,kernal_host
148,102,include/wifi/hdf_wifi_event.h,include/net/net_device.h,,,file,file,Import,1.0,False,,,['network'],['network'],network,network
148,102,include/wifi/hdf_wifi_event.h,include/net/net_device.h,HdfWifiEventNewSta,NetDevice,functionproto,type,Parameter,12.0,True,1865,1344,['network'],['network'],network,network
148,102,include/wifi/hdf_wifi_event.h,include/net/net_device.h,HdfWifiEventDelSta,NetDevice,functionproto,type,Parameter,12.0,True,1860,1344,['network'],['network'],network,network
148,102,include/wifi/hdf_wifi_event.h,include/net/net_device.h,HdfWifiEventInformBssFrame,NetDevice,functionproto,type,Parameter,12.0,True,1863,1344,['network'],['network'],network,network
148,102,include/wifi/hdf_wifi_event.h,include/net/net_device.h,HdfWifiEventScanDone,NetDevice,functionproto,type,Parameter,12.0,True,1869,1344,['network'],['network'],network,network
148,102,include/wifi/hdf_wifi_event.h,include/net/net_device.h,HdfWifiEventConnectResult,NetDevice,functionproto,type,Parameter,12.0,True,1858,1344,['network'],['network'],network,network
148,102,include/wifi/hdf_wifi_event.h,include/net/net_device.h,HdfWifiEventDisconnected,NetDevice,functionproto,type,Parameter,12.0,True,1861,1344,['network'],['network'],network,network
148,102,include/wifi/hdf_wifi_event.h,include/net/net_device.h,HdfWifiEventMgmtTxStatus,NetDevice,functionproto,type,Parameter,12.0,True,1864,1344,['network'],['network'],network,network
148,102,include/wifi/hdf_wifi_event.h,include/net/net_device.h,HdfWifiEventRxMgmt,NetDevice,functionproto,type,Parameter,12.0,True,1868,1344,['network'],['network'],network,network
148,102,include/wifi/hdf_wifi_event.h,include/net/net_device.h,HdfWifiEventCsaChannelSwitch,NetDevice,functionproto,type,Parameter,12.0,True,1859,1344,['network'],['network'],network,network
148,102,include/wifi/hdf_wifi_event.h,include/net/net_device.h,HdfWifiEventTimeoutDisconnected,NetDevice,functionproto,type,Parameter,12.0,True,1870,1344,['network'],['network'],network,network
148,102,include/wifi/hdf_wifi_event.h,include/net/net_device.h,HdfWifiEventRemainOnChannel,NetDevice,functionproto,type,Parameter,12.0,True,1866,1344,['network'],['network'],network,network
148,102,include/wifi/hdf_wifi_event.h,include/net/net_device.h,HdfWifiEventCancelRemainOnChannel,NetDevice,functionproto,type,Parameter,12.0,True,1857,1344,['network'],['network'],network,network
56,47,core/manager/src/hdf_driver_installer.c,core/manager/include/hdf_driver_installer.h,DriverInstallerConstruct,IDriverInstaller,functionimpl,type,Cast,2.0,True,887,714,['manager'],['manager'],manager,manager
56,47,core/manager/src/hdf_driver_installer.c,core/manager/include/hdf_driver_installer.h,DriverInstallerGetInstance,IDriverInstaller,functionimpl,type,Cast,2.0,True,889,714,['manager'],['manager'],manager,manager
56,47,core/manager/src/hdf_driver_installer.c,core/manager/include/hdf_driver_installer.h,,,file,file,Import,1.0,False,,,['manager'],['manager'],manager,manager
56,47,core/manager/src/hdf_driver_installer.c,core/manager/include/hdf_driver_installer.h,DriverInstallerGetInstance,IDriverInstaller,functionimpl,type,Return,1.0,True,889,714,['manager'],['manager'],manager,manager
56,47,core/manager/src/hdf_driver_installer.c,core/manager/include/hdf_driver_installer.h,DriverInstallerConstruct,IDriverInstaller,functionimpl,type,Use,2.0,True,887,714,['manager'],['manager'],manager,manager
56,47,core/manager/src/hdf_driver_installer.c,core/manager/include/hdf_driver_installer.h,DriverInstallerGetInstance,IDriverInstaller,functionimpl,type,Use,2.0,True,889,714,['manager'],['manager'],manager,manager
56,47,core/manager/src/hdf_driver_installer.c,core/manager/include/hdf_driver_installer.h,DriverInstallerCreate,DriverInstallerCreate,functionimpl,functionproto,Implement,2.0,True,888,711,['manager'],['manager'],manager,manager
56,47,core/manager/src/hdf_driver_installer.c,core/manager/include/hdf_driver_installer.h,DriverInstallerGetInstance,DriverInstallerGetInstance,functionimpl,functionproto,Implement,2.0,True,889,712,['manager'],['manager'],manager,manager
56,47,core/manager/src/hdf_driver_installer.c,core/manager/include/hdf_driver_installer.h,DriverInstallerConstruct,DriverInstaller,functionimpl,type,Parameter,1.0,True,887,713,['manager'],['manager'],manager,manager
56,47,core/manager/src/hdf_driver_installer.c,core/manager/include/hdf_driver_installer.h,DriverInstallerConstruct,IDriverInstaller,functionimpl,type,Contain,3.0,True,887,714,['manager'],['manager'],manager,manager
56,47,core/manager/src/hdf_driver_installer.c,core/manager/include/hdf_driver_installer.h,DriverInstallerCreate,DriverInstaller,functionimpl,type,Contain,3.0,True,888,713,['manager'],['manager'],manager,manager
56,47,core/manager/src/hdf_driver_installer.c,core/manager/include/hdf_driver_installer.h,DriverInstallerGetInstance,IDriverInstaller,functionimpl,type,Contain,3.0,True,889,714,['manager'],['manager'],manager,manager
33,110,core/host/src/hdf_device_object.c,include/osal/osal_mem.h,HdfDeviceObjectSetServInfo,OsalMemFree,functionimpl,functionproto,Call,1.0,True,534,1393,['kernal_host'],['osal'],kernal_host,osal
33,110,core/host/src/hdf_device_object.c,include/osal/osal_mem.h,,,file,file,Import,1.0,False,,,['kernal_host'],['osal'],kernal_host,osal
1,72,core/adapter/syscall/src/hdf_devmgr_adapter.c,core/shared/include/hdf_io_service.h,,,file,file,Import,1.0,False,,,['convertor'],['common'],convertor,common
1,72,core/adapter/syscall/src/hdf_devmgr_adapter.c,core/shared/include/hdf_io_service.h,HdfLoadDriverByServiceName,HdfLoadDriverByServiceName,functionimpl,functionproto,Implement,1.0,True,7,1039,['convertor'],['common'],convertor,common
31,73,core/host/src/hdf_device.c,core/shared/include/hdf_object_manager.h,HdfDeviceNewInstance,HdfObjectManagerGetObject,functionimpl,functionproto,Call,2.0,True,491,1052,['kernal_host'],['common'],kernal_host,common
31,73,core/host/src/hdf_device.c,core/shared/include/hdf_object_manager.h,HdfDeviceFreeInstance,HdfObjectManagerFreeObject,functionimpl,functionproto,Call,2.0,True,489,1050,['kernal_host'],['common'],kernal_host,common
31,73,core/host/src/hdf_device.c,core/shared/include/hdf_object_manager.h,,,file,file,Import,1.0,False,,,['kernal_host'],['common'],kernal_host,common
33,144,core/host/src/hdf_device_object.c,include/utils/hdf_log.h,,,file,file,Import,1.0,False,,,['kernal_host'],['utils'],kernal_host,utils
33,142,core/host/src/hdf_device_object.c,include/utils/hdf_base.h,,,file,file,Import,1.0,False,,,['kernal_host'],['utils'],kernal_host,utils
1,97,core/adapter/syscall/src/hdf_devmgr_adapter.c,include/core/hdf_io_service_if.h,HdfLoadDriverByServiceName,HdfIoServiceBind,functionimpl,functionproto,Call,4.0,True,7,1248,['convertor'],['common'],convertor,common
1,97,core/adapter/syscall/src/hdf_devmgr_adapter.c,include/core/hdf_io_service_if.h,HdfLoadDriverByServiceName,HdfIoServiceRecycle,functionimpl,functionproto,Call,4.0,True,7,1255,['convertor'],['common'],convertor,common
1,97,core/adapter/syscall/src/hdf_devmgr_adapter.c,include/core/hdf_io_service_if.h,HdfGetServiceNameByDeviceClass,HdfIoServiceBind,functionimpl,functionproto,Call,4.0,True,6,1248,['convertor'],['common'],convertor,common
1,97,core/adapter/syscall/src/hdf_devmgr_adapter.c,include/core/hdf_io_service_if.h,HdfGetServiceNameByDeviceClass,HdfIoServiceRecycle,functionimpl,functionproto,Call,4.0,True,6,1255,['convertor'],['common'],convertor,common
1,97,core/adapter/syscall/src/hdf_devmgr_adapter.c,include/core/hdf_io_service_if.h,HdfLoadDriverByServiceName,HdfIoService,functionimpl,type,Use,4.0,True,7,1262,['convertor'],['common'],convertor,common
1,97,core/adapter/syscall/src/hdf_devmgr_adapter.c,include/core/hdf_io_service_if.h,HdfGetServiceNameByDeviceClass,HdfIoService,functionimpl,type,Use,4.0,True,6,1262,['convertor'],['common'],convertor,common
1,97,core/adapter/syscall/src/hdf_devmgr_adapter.c,include/core/hdf_io_service_if.h,HdfGetServiceNameByDeviceClass,HdfGetServiceNameByDeviceClass,functionimpl,functionproto,Implement,1.0,True,6,1247,['convertor'],['common'],convertor,common
1,97,core/adapter/syscall/src/hdf_devmgr_adapter.c,include/core/hdf_io_service_if.h,HdfGetServiceNameByDeviceClass,DeviceClass,functionimpl,alias,Parameter,1.0,True,6,1242,['convertor'],['common'],convertor,common
1,97,core/adapter/syscall/src/hdf_devmgr_adapter.c,include/core/hdf_io_service_if.h,HdfLoadDriverByServiceName,HdfIoService,functionimpl,type,Contain,2.0,True,7,1262,['convertor'],['common'],convertor,common
1,97,core/adapter/syscall/src/hdf_devmgr_adapter.c,include/core/hdf_io_service_if.h,HdfGetServiceNameByDeviceClass,HdfIoService,functionimpl,type,Contain,2.0,True,6,1262,['convertor'],['common'],convertor,common
31,98,core/host/src/hdf_device.c,include/core/hdf_object.h,HdfDeviceCreate,HdfObject,functionimpl,type,Cast,1.0,True,485,1265,['kernal_host'],['common'],kernal_host,common
31,98,core/host/src/hdf_device.c,include/core/hdf_object.h,HdfDeviceCreate,HdfObject,functionimpl,type,Return,1.0,True,485,1265,['kernal_host'],['common'],kernal_host,common
31,98,core/host/src/hdf_device.c,include/core/hdf_object.h,HdfDeviceRelease,HdfObject,functionimpl,type,Parameter,1.0,True,492,1265,['kernal_host'],['common'],kernal_host,common
89,143,include/audio/audio_codec_if.h,include/utils/hdf_dlist.h,CodecDevice,DListHead,type,type,Contain,1.0,True,1161,1773,['audio'],['utils'],audio,utils
89,111,include/audio/audio_codec_if.h,include/osal/osal_mutex.h,CodecDevice,OsalMutex,type,type,Contain,1.0,True,1161,1400,['audio'],['osal'],audio,osal
29,66,core/host/src/devmgr_service_clnt.c,core/shared/include/devmgr_service_if.h,DevmgrServiceClntGetInstance,IDevmgrService,functionimpl,type,Cast,1.0,True,452,1004,['kernal_host'],['common'],kernal_host,common
29,66,core/host/src/devmgr_service_clnt.c,core/shared/include/devmgr_service_if.h,DevmgrServiceClntAttachDeviceHost,IDevmgrService,functionimpl,type,Use,7.0,True,449,1004,['kernal_host'],['common'],kernal_host,common
29,66,core/host/src/devmgr_service_clnt.c,core/shared/include/devmgr_service_if.h,DevmgrServiceClntAttachDevice,IDevmgrService,functionimpl,type,Use,7.0,True,448,1004,['kernal_host'],['common'],kernal_host,common
29,66,core/host/src/devmgr_service_clnt.c,core/shared/include/devmgr_service_if.h,DevmgrServiceClntDetachDevice,IDevmgrService,functionimpl,type,Use,7.0,True,450,1004,['kernal_host'],['common'],kernal_host,common
29,66,core/host/src/devmgr_service_clnt.c,core/shared/include/devmgr_service_if.h,DevmgrServiceClntGetInstance,IDevmgrService,functionimpl,type,Use,7.0,True,452,1004,['kernal_host'],['common'],kernal_host,common
29,66,core/host/src/devmgr_service_clnt.c,core/shared/include/devmgr_service_if.h,DevmgrServiceClntAttachDeviceHost,IDevmgrService,functionimpl,type,Contain,3.0,True,449,1004,['kernal_host'],['common'],kernal_host,common
29,66,core/host/src/devmgr_service_clnt.c,core/shared/include/devmgr_service_if.h,DevmgrServiceClntAttachDevice,IDevmgrService,functionimpl,type,Contain,3.0,True,448,1004,['kernal_host'],['common'],kernal_host,common
29,66,core/host/src/devmgr_service_clnt.c,core/shared/include/devmgr_service_if.h,DevmgrServiceClntDetachDevice,IDevmgrService,functionimpl,type,Contain,3.0,True,450,1004,['kernal_host'],['common'],kernal_host,common
29,65,core/host/src/devmgr_service_clnt.c,core/shared/include/device_token_if.h,DevmgrServiceClntAttachDevice,IHdfDeviceToken,functionimpl,type,Parameter,1.0,True,448,1001,['kernal_host'],['common'],kernal_host,common
29,64,core/host/src/devmgr_service_clnt.c,core/shared/include/devhost_service_if.h,DevmgrServiceClntAttachDeviceHost,IDevHostService,functionimpl,type,Parameter,1.0,True,449,999,['kernal_host'],['common'],kernal_host,common
88,96,include/audio/audio_accessory_if.h,include/core/hdf_device_desc.h,AccessoryDevice,HdfDeviceObject,type,type,Contain,3.0,True,1156,1238,['audio'],['common'],audio,common
88,96,include/audio/audio_accessory_if.h,include/core/hdf_device_desc.h,AccessoryHost,IDeviceIoService,type,type,Contain,3.0,True,1157,1240,['audio'],['common'],audio,common
88,96,include/audio/audio_accessory_if.h,include/core/hdf_device_desc.h,AccessoryHost,HdfDeviceObject,type,type,Contain,3.0,True,1157,1238,['audio'],['common'],audio,common
29,15,core/host/src/devmgr_service_clnt.c,core/host/include/devmgr_service_clnt.h,,,file,file,Import,1.0,False,,,['kernal_host'],['kernal_host'],kernal_host,kernal_host
29,15,core/host/src/devmgr_service_clnt.c,core/host/include/devmgr_service_clnt.h,DevmgrServiceClntGetInstance,DevmgrServiceClnt,functionimpl,type,Return,1.0,True,452,313,['kernal_host'],['kernal_host'],kernal_host,kernal_host
29,15,core/host/src/devmgr_service_clnt.c,core/host/include/devmgr_service_clnt.h,DevmgrServiceClntAttachDeviceHost,DevmgrServiceClnt,functionimpl,type,Use,11.0,True,449,313,['kernal_host'],['kernal_host'],kernal_host,kernal_host
29,15,core/host/src/devmgr_service_clnt.c,core/host/include/devmgr_service_clnt.h,DevmgrServiceClntAttachDevice,DevmgrServiceClnt,functionimpl,type,Use,11.0,True,448,313,['kernal_host'],['kernal_host'],kernal_host,kernal_host
29,15,core/host/src/devmgr_service_clnt.c,core/host/include/devmgr_service_clnt.h,DevmgrServiceClntDetachDevice,DevmgrServiceClnt,functionimpl,type,Use,11.0,True,450,313,['kernal_host'],['kernal_host'],kernal_host,kernal_host
29,15,core/host/src/devmgr_service_clnt.c,core/host/include/devmgr_service_clnt.h,DevmgrServiceClntGetInstance,DevmgrServiceClnt,functionimpl,type,Use,11.0,True,452,313,['kernal_host'],['kernal_host'],kernal_host,kernal_host
29,15,core/host/src/devmgr_service_clnt.c,core/host/include/devmgr_service_clnt.h,DevmgrServiceClntFreeInstance,DevmgrServiceClnt,functionimpl,type,Use,11.0,True,451,313,['kernal_host'],['kernal_host'],kernal_host,kernal_host
29,15,core/host/src/devmgr_service_clnt.c,core/host/include/devmgr_service_clnt.h,DevmgrServiceClntAttachDeviceHost,DevmgrServiceClntAttachDeviceHost,functionimpl,functionproto,Implement,5.0,True,449,309,['kernal_host'],['kernal_host'],kernal_host,kernal_host
29,15,core/host/src/devmgr_service_clnt.c,core/host/include/devmgr_service_clnt.h,DevmgrServiceClntAttachDevice,DevmgrServiceClntAttachDevice,functionimpl,functionproto,Implement,5.0,True,448,308,['kernal_host'],['kernal_host'],kernal_host,kernal_host
29,15,core/host/src/devmgr_service_clnt.c,core/host/include/devmgr_service_clnt.h,DevmgrServiceClntDetachDevice,DevmgrServiceClntDetachDevice,functionimpl,functionproto,Implement,5.0,True,450,310,['kernal_host'],['kernal_host'],kernal_host,kernal_host
29,15,core/host/src/devmgr_service_clnt.c,core/host/include/devmgr_service_clnt.h,DevmgrServiceClntGetInstance,DevmgrServiceClntGetInstance,functionimpl,functionproto,Implement,5.0,True,452,312,['kernal_host'],['kernal_host'],kernal_host,kernal_host
29,15,core/host/src/devmgr_service_clnt.c,core/host/include/devmgr_service_clnt.h,DevmgrServiceClntFreeInstance,DevmgrServiceClntFreeInstance,functionimpl,functionproto,Implement,5.0,True,451,311,['kernal_host'],['kernal_host'],kernal_host,kernal_host
29,15,core/host/src/devmgr_service_clnt.c,core/host/include/devmgr_service_clnt.h,DevmgrServiceClntFreeInstance,DevmgrServiceClnt,functionimpl,type,Parameter,1.0,True,451,313,['kernal_host'],['kernal_host'],kernal_host,kernal_host
29,15,core/host/src/devmgr_service_clnt.c,core/host/include/devmgr_service_clnt.h,DevmgrServiceClntAttachDeviceHost,DevmgrServiceClnt,functionimpl,type,Contain,4.0,True,449,313,['kernal_host'],['kernal_host'],kernal_host,kernal_host
29,15,core/host/src/devmgr_service_clnt.c,core/host/include/devmgr_service_clnt.h,DevmgrServiceClntAttachDevice,DevmgrServiceClnt,functionimpl,type,Contain,4.0,True,448,313,['kernal_host'],['kernal_host'],kernal_host,kernal_host
29,15,core/host/src/devmgr_service_clnt.c,core/host/include/devmgr_service_clnt.h,DevmgrServiceClntDetachDevice,DevmgrServiceClnt,functionimpl,type,Contain,4.0,True,450,313,['kernal_host'],['kernal_host'],kernal_host,kernal_host
29,15,core/host/src/devmgr_service_clnt.c,core/host/include/devmgr_service_clnt.h,DevmgrServiceClntGetInstance,DevmgrServiceClnt,functionimpl,type,Contain,4.0,True,452,313,['kernal_host'],['kernal_host'],kernal_host,kernal_host
29,17,core/host/src/devmgr_service_clnt.c,core/host/include/hdf_device.h,,,file,file,Import,1.0,False,,,['kernal_host'],['kernal_host'],kernal_host,kernal_host
29,17,core/host/src/devmgr_service_clnt.c,core/host/include/hdf_device.h,DevmgrServiceClntDetachDevice,devid_t,functionimpl,alias,Parameter,1.0,True,450,323,['kernal_host'],['kernal_host'],kernal_host,kernal_host
131,130,include/platform/pwm_if.h,include/platform/platform_if.h,,,file,file,Import,1.0,False,,,['platform'],['platform'],platform,platform
131,130,include/platform/pwm_if.h,include/platform/platform_if.h,PwmOpen,DevHandle,functionproto,alias,Return,1.0,True,1637,1630,['platform'],['platform'],platform,platform
131,130,include/platform/pwm_if.h,include/platform/platform_if.h,PwmClose,DevHandle,functionproto,alias,Parameter,8.0,True,1633,1630,['platform'],['platform'],platform,platform
131,130,include/platform/pwm_if.h,include/platform/platform_if.h,PwmSetPeriod,DevHandle,functionproto,alias,Parameter,8.0,True,1640,1630,['platform'],['platform'],platform,platform
131,130,include/platform/pwm_if.h,include/platform/platform_if.h,PwmSetDuty,DevHandle,functionproto,alias,Parameter,8.0,True,1639,1630,['platform'],['platform'],platform,platform
131,130,include/platform/pwm_if.h,include/platform/platform_if.h,PwmSetPolarity,DevHandle,functionproto,alias,Parameter,8.0,True,1641,1630,['platform'],['platform'],platform,platform
131,130,include/platform/pwm_if.h,include/platform/platform_if.h,PwmEnable,DevHandle,functionproto,alias,Parameter,8.0,True,1635,1630,['platform'],['platform'],platform,platform
131,130,include/platform/pwm_if.h,include/platform/platform_if.h,PwmDisable,DevHandle,functionproto,alias,Parameter,8.0,True,1634,1630,['platform'],['platform'],platform,platform
131,130,include/platform/pwm_if.h,include/platform/platform_if.h,PwmSetConfig,DevHandle,functionproto,alias,Parameter,8.0,True,1638,1630,['platform'],['platform'],platform,platform
131,130,include/platform/pwm_if.h,include/platform/platform_if.h,PwmGetConfig,DevHandle,functionproto,alias,Parameter,8.0,True,1636,1630,['platform'],['platform'],platform,platform
112,142,include/osal/osal_sem.h,include/utils/hdf_base.h,,,file,file,Import,1.0,False,,,['osal'],['utils'],osal,utils
18,143,core/host/include/hdf_device_node.h,include/utils/hdf_dlist.h,,,file,file,Import,1.0,False,,,['kernal_host'],['utils'],kernal_host,utils
18,143,core/host/include/hdf_device_node.h,include/utils/hdf_dlist.h,HdfDeviceNode,DListHead,type,type,Contain,1.0,True,348,1773,['kernal_host'],['utils'],kernal_host,utils
36,22,core/host/src/hdf_observer_record.c,core/host/include/hdf_observer_record.h,HdfServiceObserverRecordObtain,HdfServiceObserverRecord,functionimpl,type,Cast,3.0,True,600,385,['kernal_host'],['kernal_host'],kernal_host,kernal_host
36,22,core/host/src/hdf_observer_record.c,core/host/include/hdf_observer_record.h,HdfServiceObserverRecordCompare,HdfServiceObserverRecord,functionimpl,type,Cast,3.0,True,597,385,['kernal_host'],['kernal_host'],kernal_host,kernal_host
36,22,core/host/src/hdf_observer_record.c,core/host/include/hdf_observer_record.h,HdfServiceObserverRecordDelete,HdfServiceObserverRecord,functionimpl,type,Cast,3.0,True,598,385,['kernal_host'],['kernal_host'],kernal_host,kernal_host
36,22,core/host/src/hdf_observer_record.c,core/host/include/hdf_observer_record.h,,,file,file,Import,1.0,False,,,['kernal_host'],['kernal_host'],kernal_host,kernal_host
36,22,core/host/src/hdf_observer_record.c,core/host/include/hdf_observer_record.h,HdfServiceObserverRecordObtain,HdfServiceObserverRecord,functionimpl,type,Return,1.0,True,600,385,['kernal_host'],['kernal_host'],kernal_host,kernal_host
36,22,core/host/src/hdf_observer_record.c,core/host/include/hdf_observer_record.h,HdfServiceObserverRecordObtain,HdfServiceObserverRecord,functionimpl,type,Use,14.0,True,600,385,['kernal_host'],['kernal_host'],kernal_host,kernal_host
36,22,core/host/src/hdf_observer_record.c,core/host/include/hdf_observer_record.h,HdfServiceObserverRecordRecycle,HdfServiceObserverRecord,functionimpl,type,Use,14.0,True,601,385,['kernal_host'],['kernal_host'],kernal_host,kernal_host
36,22,core/host/src/hdf_observer_record.c,core/host/include/hdf_observer_record.h,HdfServiceObserverRecordCompare,HdfServiceObserverRecord,functionimpl,type,Use,14.0,True,597,385,['kernal_host'],['kernal_host'],kernal_host,kernal_host
36,22,core/host/src/hdf_observer_record.c,core/host/include/hdf_observer_record.h,HdfServiceObserverRecordNotifySubscribers,HdfServiceObserverRecord,functionimpl,type,Use,14.0,True,599,385,['kernal_host'],['kernal_host'],kernal_host,kernal_host
36,22,core/host/src/hdf_observer_record.c,core/host/include/hdf_observer_record.h,HdfServiceObserverRecordObtain,HdfServiceObserverRecordObtain,functionimpl,functionproto,Implement,5.0,True,600,383,['kernal_host'],['kernal_host'],kernal_host,kernal_host
36,22,core/host/src/hdf_observer_record.c,core/host/include/hdf_observer_record.h,HdfServiceObserverRecordRecycle,HdfServiceObserverRecordRecycle,functionimpl,functionproto,Implement,5.0,True,601,384,['kernal_host'],['kernal_host'],kernal_host,kernal_host
36,22,core/host/src/hdf_observer_record.c,core/host/include/hdf_observer_record.h,HdfServiceObserverRecordCompare,HdfServiceObserverRecordCompare,functionimpl,functionproto,Implement,5.0,True,597,380,['kernal_host'],['kernal_host'],kernal_host,kernal_host
36,22,core/host/src/hdf_observer_record.c,core/host/include/hdf_observer_record.h,HdfServiceObserverRecordNotifySubscribers,HdfServiceObserverRecordNotifySubscribers,functionimpl,functionproto,Implement,5.0,True,599,382,['kernal_host'],['kernal_host'],kernal_host,kernal_host
36,22,core/host/src/hdf_observer_record.c,core/host/include/hdf_observer_record.h,HdfServiceObserverRecordDelete,HdfServiceObserverRecordDelete,functionimpl,functionproto,Implement,5.0,True,598,381,['kernal_host'],['kernal_host'],kernal_host,kernal_host
36,22,core/host/src/hdf_observer_record.c,core/host/include/hdf_observer_record.h,HdfServiceObserverRecordRecycle,HdfServiceObserverRecord,functionimpl,type,Parameter,2.0,True,601,385,['kernal_host'],['kernal_host'],kernal_host,kernal_host
36,22,core/host/src/hdf_observer_record.c,core/host/include/hdf_observer_record.h,HdfServiceObserverRecordNotifySubscribers,HdfServiceObserverRecord,functionimpl,type,Parameter,2.0,True,599,385,['kernal_host'],['kernal_host'],kernal_host,kernal_host
36,22,core/host/src/hdf_observer_record.c,core/host/include/hdf_observer_record.h,HdfServiceObserverRecordObtain,HdfServiceObserverRecord,functionimpl,type,Contain,3.0,True,600,385,['kernal_host'],['kernal_host'],kernal_host,kernal_host
36,22,core/host/src/hdf_observer_record.c,core/host/include/hdf_observer_record.h,HdfServiceObserverRecordCompare,HdfServiceObserverRecord,functionimpl,type,Contain,3.0,True,597,385,['kernal_host'],['kernal_host'],kernal_host,kernal_host
36,22,core/host/src/hdf_observer_record.c,core/host/include/hdf_observer_record.h,HdfServiceObserverRecordDelete,HdfServiceObserverRecord,functionimpl,type,Contain,3.0,True,598,385,['kernal_host'],['kernal_host'],kernal_host,kernal_host
36,26,core/host/src/hdf_observer_record.c,core/host/include/hdf_service_subscriber.h,HdfServiceObserverRecordNotifySubscribers,HdfServiceSubscriber,functionimpl,type,Cast,1.0,True,599,408,['kernal_host'],['kernal_host'],kernal_host,kernal_host
36,26,core/host/src/hdf_observer_record.c,core/host/include/hdf_service_subscriber.h,,,file,file,Import,1.0,False,,,['kernal_host'],['kernal_host'],kernal_host,kernal_host
36,26,core/host/src/hdf_observer_record.c,core/host/include/hdf_service_subscriber.h,HdfServiceObserverRecordNotifySubscribers,HdfServiceSubscriber,functionimpl,type,Use,5.0,True,599,408,['kernal_host'],['kernal_host'],kernal_host,kernal_host
36,26,core/host/src/hdf_observer_record.c,core/host/include/hdf_service_subscriber.h,HdfServiceObserverRecordNotifySubscribers,HdfServiceSubscriber,functionimpl,type,Contain,1.0,True,599,408,['kernal_host'],['kernal_host'],kernal_host,kernal_host
30,98,core/host/src/devsvc_manager_clnt.c,include/core/hdf_object.h,DevSvcManagerClntFreeInstance,HdfObject,functionimpl,type,Cast,1.0,True,463,1265,['kernal_host'],['common'],kernal_host,common
30,98,core/host/src/devsvc_manager_clnt.c,include/core/hdf_object.h,DevSvcManagerClntGetService,HdfObject,functionimpl,type,Return,1.0,True,466,1265,['kernal_host'],['common'],kernal_host,common
29,98,core/host/src/devmgr_service_clnt.c,include/core/hdf_object.h,DevmgrServiceClntFreeInstance,HdfObject,functionimpl,type,Cast,1.0,True,451,1265,['kernal_host'],['common'],kernal_host,common
29,73,core/host/src/devmgr_service_clnt.c,core/shared/include/hdf_object_manager.h,DevmgrServiceClntGetInstance,HdfObjectManagerGetObject,functionimpl,functionproto,Call,2.0,True,452,1052,['kernal_host'],['common'],kernal_host,common
29,73,core/host/src/devmgr_service_clnt.c,core/shared/include/hdf_object_manager.h,DevmgrServiceClntFreeInstance,HdfObjectManagerFreeObject,functionimpl,functionproto,Call,2.0,True,451,1050,['kernal_host'],['common'],kernal_host,common
29,73,core/host/src/devmgr_service_clnt.c,core/shared/include/hdf_object_manager.h,,,file,file,Import,1.0,False,,,['kernal_host'],['common'],kernal_host,common
103,109,include/osal.h,include/osal/osal_irq.h,,,file,file,Import,1.0,False,,,['osal'],['osal'],osal,osal
103,107,include/osal.h,include/osal/osal_firmware.h,,,file,file,Import,1.0,False,,,['osal'],['osal'],osal,osal
103,110,include/osal.h,include/osal/osal_mem.h,,,file,file,Import,1.0,False,,,['osal'],['osal'],osal,osal
103,111,include/osal.h,include/osal/osal_mutex.h,,,file,file,Import,1.0,False,,,['osal'],['osal'],osal,osal
103,112,include/osal.h,include/osal/osal_sem.h,,,file,file,Import,1.0,False,,,['osal'],['osal'],osal,osal
103,113,include/osal.h,include/osal/osal_spinlock.h,,,file,file,Import,1.0,False,,,['osal'],['osal'],osal,osal
103,114,include/osal.h,include/osal/osal_thread.h,,,file,file,Import,1.0,False,,,['osal'],['osal'],osal,osal
103,115,include/osal.h,include/osal/osal_time.h,,,file,file,Import,1.0,False,,,['osal'],['osal'],osal,osal
103,116,include/osal.h,include/osal/osal_timer.h,,,file,file,Import,1.0,False,,,['osal'],['osal'],osal,osal
139,130,include/platform/watchdog_if.h,include/platform/platform_if.h,,,file,file,Import,1.0,False,,,['platform'],['platform'],platform,platform
139,130,include/platform/watchdog_if.h,include/platform/platform_if.h,WatchdogOpen,DevHandle,functionproto,alias,Parameter,8.0,True,1748,1630,['platform'],['platform'],platform,platform
139,130,include/platform/watchdog_if.h,include/platform/platform_if.h,WatchdogClose,DevHandle,functionproto,alias,Parameter,8.0,True,1744,1630,['platform'],['platform'],platform,platform
139,130,include/platform/watchdog_if.h,include/platform/platform_if.h,WatchdogGetStatus,DevHandle,functionproto,alias,Parameter,8.0,True,1746,1630,['platform'],['platform'],platform,platform
139,130,include/platform/watchdog_if.h,include/platform/platform_if.h,WatchdogStart,DevHandle,functionproto,alias,Parameter,8.0,True,1750,1630,['platform'],['platform'],platform,platform
139,130,include/platform/watchdog_if.h,include/platform/platform_if.h,WatchdogStop,DevHandle,functionproto,alias,Parameter,8.0,True,1751,1630,['platform'],['platform'],platform,platform
139,130,include/platform/watchdog_if.h,include/platform/platform_if.h,WatchdogSetTimeout,DevHandle,functionproto,alias,Parameter,8.0,True,1749,1630,['platform'],['platform'],platform,platform
139,130,include/platform/watchdog_if.h,include/platform/platform_if.h,WatchdogGetTimeout,DevHandle,functionproto,alias,Parameter,8.0,True,1747,1630,['platform'],['platform'],platform,platform
139,130,include/platform/watchdog_if.h,include/platform/platform_if.h,WatchdogFeed,DevHandle,functionproto,alias,Parameter,8.0,True,1745,1630,['platform'],['platform'],platform,platform
56,98,core/manager/src/hdf_driver_installer.c,include/core/hdf_object.h,DriverInstallerCreate,HdfObject,functionimpl,type,Cast,1.0,True,888,1265,['manager'],['common'],manager,common
56,98,core/manager/src/hdf_driver_installer.c,include/core/hdf_object.h,DriverInstallerCreate,HdfObject,functionimpl,type,Return,1.0,True,888,1265,['manager'],['common'],manager,common
44,143,core/manager/include/devsvc_listener_holder.h,include/utils/hdf_dlist.h,,,file,file,Import,1.0,False,,,['manager'],['utils'],manager,utils
44,143,core/manager/include/devsvc_listener_holder.h,include/utils/hdf_dlist.h,ServStatListenerHolder,DListHead,type,type,Contain,1.0,True,694,1773,['manager'],['utils'],manager,utils
103,142,include/osal.h,include/utils/hdf_base.h,,,file,file,Import,1.0,False,,,['osal'],['utils'],osal,utils
103,143,include/osal.h,include/utils/hdf_dlist.h,,,file,file,Import,1.0,False,,,['osal'],['utils'],osal,utils
103,144,include/osal.h,include/utils/hdf_log.h,,,file,file,Import,1.0,False,,,['osal'],['utils'],osal,utils
140,142,include/utils/device_resource_if.h,include/utils/hdf_base.h,,,file,file,Import,1.0,False,,,['utils'],['utils'],utils,utils
43,66,core/manager/include/devmgr_service.h,core/shared/include/devmgr_service_if.h,,,file,file,Import,1.0,False,,,['manager'],['common'],manager,common
43,66,core/manager/include/devmgr_service.h,core/shared/include/devmgr_service_if.h,DevmgrServiceGetInstance,IDevmgrService,functionproto,type,Return,1.0,True,683,1004,['manager'],['common'],manager,common
43,66,core/manager/include/devmgr_service.h,core/shared/include/devmgr_service_if.h,DevmgrServiceStartService,IDevmgrService,functionproto,type,Parameter,1.0,True,686,1004,['manager'],['common'],manager,common
43,66,core/manager/include/devmgr_service.h,core/shared/include/devmgr_service_if.h,DevmgrService,IDevmgrService,type,type,Contain,1.0,True,687,1004,['manager'],['common'],manager,common
70,96,core/shared/include/hdf_device_info.h,include/core/hdf_device_desc.h,,,file,file,Import,1.0,False,,,['common'],['common'],common,common
7,18,core/common/include/manager/hdf_device_node_ext.h,core/host/include/hdf_device_node.h,,,file,file,Import,1.0,False,,,['manager'],['kernal_host'],manager,kernal_host
7,18,core/common/include/manager/hdf_device_node_ext.h,core/host/include/hdf_device_node.h,DeviceNodeExt,HdfDeviceNode,type,type,Contain,1.0,True,183,348,['manager'],['kernal_host'],manager,kernal_host
43,98,core/manager/include/devmgr_service.h,include/core/hdf_object.h,DevmgrServiceCreate,HdfObject,functionproto,type,Return,1.0,True,682,1265,['manager'],['common'],manager,common
43,98,core/manager/include/devmgr_service.h,include/core/hdf_object.h,DevmgrServiceRelease,HdfObject,functionproto,type,Parameter,1.0,True,685,1265,['manager'],['common'],manager,common
30,16,core/host/src/devsvc_manager_clnt.c,core/host/include/devsvc_manager_clnt.h,,,file,file,Import,1.0,False,,,['kernal_host'],['kernal_host'],kernal_host,kernal_host
30,16,core/host/src/devsvc_manager_clnt.c,core/host/include/devsvc_manager_clnt.h,DevSvcManagerClntGetInstance,DevSvcManagerClnt,functionimpl,type,Return,1.0,True,465,322,['kernal_host'],['kernal_host'],kernal_host,kernal_host
30,16,core/host/src/devsvc_manager_clnt.c,core/host/include/devsvc_manager_clnt.h,DevSvcManagerClntAddService,DevSvcManagerClnt,functionimpl,type,Use,10.0,True,461,322,['kernal_host'],['kernal_host'],kernal_host,kernal_host
30,16,core/host/src/devsvc_manager_clnt.c,core/host/include/devsvc_manager_clnt.h,DevSvcManagerClntUpdateService,DevSvcManagerClnt,functionimpl,type,Use,10.0,True,470,322,['kernal_host'],['kernal_host'],kernal_host,kernal_host
30,16,core/host/src/devsvc_manager_clnt.c,core/host/include/devsvc_manager_clnt.h,DevSvcManagerClntGetService,DevSvcManagerClnt,functionimpl,type,Use,10.0,True,466,322,['kernal_host'],['kernal_host'],kernal_host,kernal_host
30,16,core/host/src/devsvc_manager_clnt.c,core/host/include/devsvc_manager_clnt.h,DevSvcManagerClntGetDeviceObject,DevSvcManagerClnt,functionimpl,type,Use,10.0,True,464,322,['kernal_host'],['kernal_host'],kernal_host,kernal_host
30,16,core/host/src/devsvc_manager_clnt.c,core/host/include/devsvc_manager_clnt.h,DevSvcManagerClntSubscribeService,DevSvcManagerClnt,functionimpl,type,Use,10.0,True,468,322,['kernal_host'],['kernal_host'],kernal_host,kernal_host
30,16,core/host/src/devsvc_manager_clnt.c,core/host/include/devsvc_manager_clnt.h,DevSvcManagerClntUnsubscribeService,DevSvcManagerClnt,functionimpl,type,Use,10.0,True,469,322,['kernal_host'],['kernal_host'],kernal_host,kernal_host
30,16,core/host/src/devsvc_manager_clnt.c,core/host/include/devsvc_manager_clnt.h,DevSvcManagerClntRemoveService,DevSvcManagerClnt,functionimpl,type,Use,10.0,True,467,322,['kernal_host'],['kernal_host'],kernal_host,kernal_host
30,16,core/host/src/devsvc_manager_clnt.c,core/host/include/devsvc_manager_clnt.h,DevSvcManagerClntConstruct,DevSvcManagerClnt,functionimpl,type,Use,10.0,True,462,322,['kernal_host'],['kernal_host'],kernal_host,kernal_host
30,16,core/host/src/devsvc_manager_clnt.c,core/host/include/devsvc_manager_clnt.h,DevSvcManagerClntGetInstance,DevSvcManagerClnt,functionimpl,type,Use,10.0,True,465,322,['kernal_host'],['kernal_host'],kernal_host,kernal_host
30,16,core/host/src/devsvc_manager_clnt.c,core/host/include/devsvc_manager_clnt.h,DevSvcManagerClntFreeInstance,DevSvcManagerClnt,functionimpl,type,Use,10.0,True,463,322,['kernal_host'],['kernal_host'],kernal_host,kernal_host
30,16,core/host/src/devsvc_manager_clnt.c,core/host/include/devsvc_manager_clnt.h,DevSvcManagerClntAddService,DevSvcManagerClntAddService,functionimpl,functionproto,Implement,7.0,True,461,315,['kernal_host'],['kernal_host'],kernal_host,kernal_host
30,16,core/host/src/devsvc_manager_clnt.c,core/host/include/devsvc_manager_clnt.h,DevSvcManagerClntUpdateService,DevSvcManagerClntUpdateService,functionimpl,functionproto,Implement,7.0,True,470,321,['kernal_host'],['kernal_host'],kernal_host,kernal_host
30,16,core/host/src/devsvc_manager_clnt.c,core/host/include/devsvc_manager_clnt.h,DevSvcManagerClntGetDeviceObject,DevSvcManagerClntGetDeviceObject,functionimpl,functionproto,Implement,7.0,True,464,316,['kernal_host'],['kernal_host'],kernal_host,kernal_host
30,16,core/host/src/devsvc_manager_clnt.c,core/host/include/devsvc_manager_clnt.h,DevSvcManagerClntSubscribeService,DevSvcManagerClntSubscribeService,functionimpl,functionproto,Implement,7.0,True,468,319,['kernal_host'],['kernal_host'],kernal_host,kernal_host
30,16,core/host/src/devsvc_manager_clnt.c,core/host/include/devsvc_manager_clnt.h,DevSvcManagerClntUnsubscribeService,DevSvcManagerClntUnsubscribeService,functionimpl,functionproto,Implement,7.0,True,469,320,['kernal_host'],['kernal_host'],kernal_host,kernal_host
30,16,core/host/src/devsvc_manager_clnt.c,core/host/include/devsvc_manager_clnt.h,DevSvcManagerClntRemoveService,DevSvcManagerClntRemoveService,functionimpl,functionproto,Implement,7.0,True,467,318,['kernal_host'],['kernal_host'],kernal_host,kernal_host
30,16,core/host/src/devsvc_manager_clnt.c,core/host/include/devsvc_manager_clnt.h,DevSvcManagerClntGetInstance,DevSvcManagerClntGetInstance,functionimpl,functionproto,Implement,7.0,True,465,317,['kernal_host'],['kernal_host'],kernal_host,kernal_host
30,16,core/host/src/devsvc_manager_clnt.c,core/host/include/devsvc_manager_clnt.h,DevSvcManagerClntConstruct,DevSvcManagerClnt,functionimpl,type,Parameter,2.0,True,462,322,['kernal_host'],['kernal_host'],kernal_host,kernal_host
30,16,core/host/src/devsvc_manager_clnt.c,core/host/include/devsvc_manager_clnt.h,DevSvcManagerClntFreeInstance,DevSvcManagerClnt,functionimpl,type,Parameter,2.0,True,463,322,['kernal_host'],['kernal_host'],kernal_host,kernal_host
30,16,core/host/src/devsvc_manager_clnt.c,core/host/include/devsvc_manager_clnt.h,DevSvcManagerClntAddService,DevSvcManagerClnt,functionimpl,type,Contain,9.0,True,461,322,['kernal_host'],['kernal_host'],kernal_host,kernal_host
30,16,core/host/src/devsvc_manager_clnt.c,core/host/include/devsvc_manager_clnt.h,DevSvcManagerClntUpdateService,DevSvcManagerClnt,functionimpl,type,Contain,9.0,True,470,322,['kernal_host'],['kernal_host'],kernal_host,kernal_host
30,16,core/host/src/devsvc_manager_clnt.c,core/host/include/devsvc_manager_clnt.h,DevSvcManagerClntGetService,DevSvcManagerClnt,functionimpl,type,Contain,9.0,True,466,322,['kernal_host'],['kernal_host'],kernal_host,kernal_host
30,16,core/host/src/devsvc_manager_clnt.c,core/host/include/devsvc_manager_clnt.h,DevSvcManagerClntGetDeviceObject,DevSvcManagerClnt,functionimpl,type,Contain,9.0,True,464,322,['kernal_host'],['kernal_host'],kernal_host,kernal_host
30,16,core/host/src/devsvc_manager_clnt.c,core/host/include/devsvc_manager_clnt.h,DevSvcManagerClntSubscribeService,DevSvcManagerClnt,functionimpl,type,Contain,9.0,True,468,322,['kernal_host'],['kernal_host'],kernal_host,kernal_host
30,16,core/host/src/devsvc_manager_clnt.c,core/host/include/devsvc_manager_clnt.h,DevSvcManagerClntUnsubscribeService,DevSvcManagerClnt,functionimpl,type,Contain,9.0,True,469,322,['kernal_host'],['kernal_host'],kernal_host,kernal_host
30,16,core/host/src/devsvc_manager_clnt.c,core/host/include/devsvc_manager_clnt.h,DevSvcManagerClntRemoveService,DevSvcManagerClnt,functionimpl,type,Contain,9.0,True,467,322,['kernal_host'],['kernal_host'],kernal_host,kernal_host
30,16,core/host/src/devsvc_manager_clnt.c,core/host/include/devsvc_manager_clnt.h,DevSvcManagerClntGetInstance,DevSvcManagerClnt,functionimpl,type,Contain,9.0,True,465,322,['kernal_host'],['kernal_host'],kernal_host,kernal_host
30,96,core/host/src/devsvc_manager_clnt.c,include/core/hdf_device_desc.h,DevSvcManagerClntGetDeviceObject,HdfDeviceObject,functionimpl,type,Return,1.0,True,464,1238,['kernal_host'],['common'],kernal_host,common
30,96,core/host/src/devsvc_manager_clnt.c,include/core/hdf_device_desc.h,DevSvcManagerClntGetService,DevSvcManagerClntGetService,functionimpl,functionproto,Implement,1.0,True,466,1230,['kernal_host'],['common'],kernal_host,common
30,96,core/host/src/devsvc_manager_clnt.c,include/core/hdf_device_desc.h,DevSvcManagerClntAddService,HdfDeviceObject,functionimpl,type,Parameter,3.0,True,461,1238,['kernal_host'],['common'],kernal_host,common
30,96,core/host/src/devsvc_manager_clnt.c,include/core/hdf_device_desc.h,DevSvcManagerClntUpdateService,HdfDeviceObject,functionimpl,type,Parameter,3.0,True,470,1238,['kernal_host'],['common'],kernal_host,common
30,96,core/host/src/devsvc_manager_clnt.c,include/core/hdf_device_desc.h,DevSvcManagerClntSubscribeService,SubscriberCallback,functionimpl,type,Parameter,3.0,True,468,1241,['kernal_host'],['common'],kernal_host,common
50,41,core/manager/src/devhost_service_clnt.c,core/manager/include/devhost_service_clnt.h,DevHostServiceClntNewInstance,DevHostServiceClnt,functionimpl,type,Cast,1.0,True,729,674,['manager'],['manager'],manager,manager
50,41,core/manager/src/devhost_service_clnt.c,core/manager/include/devhost_service_clnt.h,,,file,file,Import,1.0,False,,,['manager'],['manager'],manager,manager
50,41,core/manager/src/devhost_service_clnt.c,core/manager/include/devhost_service_clnt.h,DevHostServiceClntNewInstance,DevHostServiceClnt,functionimpl,type,Return,1.0,True,729,674,['manager'],['manager'],manager,manager
50,41,core/manager/src/devhost_service_clnt.c,core/manager/include/devhost_service_clnt.h,DevHostServiceClntInstallDriver,DevHostServiceClnt,functionimpl,type,Use,16.0,True,728,674,['manager'],['manager'],manager,manager
50,41,core/manager/src/devhost_service_clnt.c,core/manager/include/devhost_service_clnt.h,DevHostServiceClntConstruct,DevHostServiceClnt,functionimpl,type,Use,16.0,True,725,674,['manager'],['manager'],manager,manager
50,41,core/manager/src/devhost_service_clnt.c,core/manager/include/devhost_service_clnt.h,DevHostServiceClntNewInstance,DevHostServiceClnt,functionimpl,type,Use,16.0,True,729,674,['manager'],['manager'],manager,manager
50,41,core/manager/src/devhost_service_clnt.c,core/manager/include/devhost_service_clnt.h,DevHostServiceClntFreeInstance,DevHostServiceClnt,functionimpl,type,Use,16.0,True,727,674,['manager'],['manager'],manager,manager
50,41,core/manager/src/devhost_service_clnt.c,core/manager/include/devhost_service_clnt.h,DevHostServiceClntInstallDriver,DevHostServiceClntInstallDriver,functionimpl,functionproto,Implement,4.0,True,728,672,['manager'],['manager'],manager,manager
50,41,core/manager/src/devhost_service_clnt.c,core/manager/include/devhost_service_clnt.h,DevHostServiceClntNewInstance,DevHostServiceClntNewInstance,functionimpl,functionproto,Implement,4.0,True,729,673,['manager'],['manager'],manager,manager
50,41,core/manager/src/devhost_service_clnt.c,core/manager/include/devhost_service_clnt.h,DevHostServiceClntFreeInstance,DevHostServiceClntFreeInstance,functionimpl,functionproto,Implement,4.0,True,727,671,['manager'],['manager'],manager,manager
50,41,core/manager/src/devhost_service_clnt.c,core/manager/include/devhost_service_clnt.h,DevHostServiceClntDelete,DevHostServiceClntDelete,functionimpl,functionproto,Implement,4.0,True,726,670,['manager'],['manager'],manager,manager
50,41,core/manager/src/devhost_service_clnt.c,core/manager/include/devhost_service_clnt.h,DevHostServiceClntInstallDriver,DevHostServiceClnt,functionimpl,type,Parameter,4.0,True,728,674,['manager'],['manager'],manager,manager
50,41,core/manager/src/devhost_service_clnt.c,core/manager/include/devhost_service_clnt.h,DevHostServiceClntConstruct,DevHostServiceClnt,functionimpl,type,Parameter,4.0,True,725,674,['manager'],['manager'],manager,manager
50,41,core/manager/src/devhost_service_clnt.c,core/manager/include/devhost_service_clnt.h,DevHostServiceClntFreeInstance,DevHostServiceClnt,functionimpl,type,Parameter,4.0,True,727,674,['manager'],['manager'],manager,manager
50,41,core/manager/src/devhost_service_clnt.c,core/manager/include/devhost_service_clnt.h,DevHostServiceClntDelete,DevHostServiceClnt,functionimpl,type,Parameter,4.0,True,726,674,['manager'],['manager'],manager,manager
50,41,core/manager/src/devhost_service_clnt.c,core/manager/include/devhost_service_clnt.h,DevHostServiceClntNewInstance,DevHostServiceClnt,functionimpl,type,Contain,1.0,True,729,674,['manager'],['manager'],manager,manager
50,42,core/manager/src/devhost_service_clnt.c,core/manager/include/device_token_clnt.h,,,file,file,Import,1.0,False,,,['manager'],['manager'],manager,manager
50,47,core/manager/src/devhost_service_clnt.c,core/manager/include/hdf_driver_installer.h,,,file,file,Import,1.0,False,,,['manager'],['manager'],manager,manager
30,73,core/host/src/devsvc_manager_clnt.c,core/shared/include/hdf_object_manager.h,DevSvcManagerClntConstruct,HdfObjectManagerGetObject,functionimpl,functionproto,Call,2.0,True,462,1052,['kernal_host'],['common'],kernal_host,common
30,73,core/host/src/devsvc_manager_clnt.c,core/shared/include/hdf_object_manager.h,DevSvcManagerClntFreeInstance,HdfObjectManagerFreeObject,functionimpl,functionproto,Call,2.0,True,463,1050,['kernal_host'],['common'],kernal_host,common
30,73,core/host/src/devsvc_manager_clnt.c,core/shared/include/hdf_object_manager.h,,,file,file,Import,1.0,False,,,['kernal_host'],['common'],kernal_host,common
30,67,core/host/src/devsvc_manager_clnt.c,core/shared/include/devsvc_manager_if.h,DevSvcManagerClntConstruct,IDevSvcManager,functionimpl,type,Cast,1.0,True,462,1007,['kernal_host'],['common'],kernal_host,common
30,67,core/host/src/devsvc_manager_clnt.c,core/shared/include/devsvc_manager_if.h,DevSvcManagerClntAddService,IDevSvcManager,functionimpl,type,Use,15.0,True,461,1007,['kernal_host'],['common'],kernal_host,common
30,67,core/host/src/devsvc_manager_clnt.c,core/shared/include/devsvc_manager_if.h,DevSvcManagerClntUpdateService,IDevSvcManager,functionimpl,type,Use,15.0,True,470,1007,['kernal_host'],['common'],kernal_host,common
30,67,core/host/src/devsvc_manager_clnt.c,core/shared/include/devsvc_manager_if.h,DevSvcManagerClntGetService,IDevSvcManager,functionimpl,type,Use,15.0,True,466,1007,['kernal_host'],['common'],kernal_host,common
30,67,core/host/src/devsvc_manager_clnt.c,core/shared/include/devsvc_manager_if.h,DevSvcManagerClntGetDeviceObject,IDevSvcManager,functionimpl,type,Use,15.0,True,464,1007,['kernal_host'],['common'],kernal_host,common
30,67,core/host/src/devsvc_manager_clnt.c,core/shared/include/devsvc_manager_if.h,DevSvcManagerClntSubscribeService,IDevSvcManager,functionimpl,type,Use,15.0,True,468,1007,['kernal_host'],['common'],kernal_host,common
30,67,core/host/src/devsvc_manager_clnt.c,core/shared/include/devsvc_manager_if.h,DevSvcManagerClntUnsubscribeService,IDevSvcManager,functionimpl,type,Use,15.0,True,469,1007,['kernal_host'],['common'],kernal_host,common
30,67,core/host/src/devsvc_manager_clnt.c,core/shared/include/devsvc_manager_if.h,DevSvcManagerClntRemoveService,IDevSvcManager,functionimpl,type,Use,15.0,True,467,1007,['kernal_host'],['common'],kernal_host,common
30,67,core/host/src/devsvc_manager_clnt.c,core/shared/include/devsvc_manager_if.h,DevSvcManagerClntConstruct,IDevSvcManager,functionimpl,type,Use,15.0,True,462,1007,['kernal_host'],['common'],kernal_host,common
30,67,core/host/src/devsvc_manager_clnt.c,core/shared/include/devsvc_manager_if.h,DevSvcManagerClntAddService,IDevSvcManager,functionimpl,type,Contain,7.0,True,461,1007,['kernal_host'],['common'],kernal_host,common
30,67,core/host/src/devsvc_manager_clnt.c,core/shared/include/devsvc_manager_if.h,DevSvcManagerClntUpdateService,IDevSvcManager,functionimpl,type,Contain,7.0,True,470,1007,['kernal_host'],['common'],kernal_host,common
30,67,core/host/src/devsvc_manager_clnt.c,core/shared/include/devsvc_manager_if.h,DevSvcManagerClntGetService,IDevSvcManager,functionimpl,type,Contain,7.0,True,466,1007,['kernal_host'],['common'],kernal_host,common
30,67,core/host/src/devsvc_manager_clnt.c,core/shared/include/devsvc_manager_if.h,DevSvcManagerClntGetDeviceObject,IDevSvcManager,functionimpl,type,Contain,7.0,True,464,1007,['kernal_host'],['common'],kernal_host,common
30,67,core/host/src/devsvc_manager_clnt.c,core/shared/include/devsvc_manager_if.h,DevSvcManagerClntSubscribeService,IDevSvcManager,functionimpl,type,Contain,7.0,True,468,1007,['kernal_host'],['common'],kernal_host,common
30,67,core/host/src/devsvc_manager_clnt.c,core/shared/include/devsvc_manager_if.h,DevSvcManagerClntUnsubscribeService,IDevSvcManager,functionimpl,type,Contain,7.0,True,469,1007,['kernal_host'],['common'],kernal_host,common
30,67,core/host/src/devsvc_manager_clnt.c,core/shared/include/devsvc_manager_if.h,DevSvcManagerClntRemoveService,IDevSvcManager,functionimpl,type,Contain,7.0,True,467,1007,['kernal_host'],['common'],kernal_host,common
32,142,core/host/src/hdf_device_node.c,include/utils/hdf_base.h,,,file,file,Import,1.0,False,,,['kernal_host'],['utils'],kernal_host,utils
66,79,core/shared/include/devmgr_service_if.h,core/shared/include/power_state_token_if.h,,,file,file,Import,1.0,False,,,['common'],['common'],common,common
32,144,core/host/src/hdf_device_node.c,include/utils/hdf_log.h,,,file,file,Import,1.0,False,,,['kernal_host'],['utils'],kernal_host,utils
7,98,core/common/include/manager/hdf_device_node_ext.h,include/core/hdf_object.h,DeviceNodeExtCreate,HdfObject,functionproto,type,Return,1.0,True,181,1265,['manager'],['common'],manager,common
7,98,core/common/include/manager/hdf_device_node_ext.h,include/core/hdf_object.h,DeviceNodeExtRelease,HdfObject,functionproto,type,Parameter,1.0,True,182,1265,['manager'],['common'],manager,common
7,97,core/common/include/manager/hdf_device_node_ext.h,include/core/hdf_io_service_if.h,DeviceNodeExt,HdfIoService,type,type,Contain,1.0,True,183,1262,['manager'],['common'],manager,common
32,140,core/host/src/hdf_device_node.c,include/utils/device_resource_if.h,HdfDeviceNodeNewInstance,DeviceResourceNode,functionimpl,type,Use,1.0,True,508,1761,['kernal_host'],['utils'],kernal_host,utils
16,67,core/host/include/devsvc_manager_clnt.h,core/shared/include/devsvc_manager_if.h,,,file,file,Import,1.0,False,,,['kernal_host'],['common'],kernal_host,common
16,67,core/host/include/devsvc_manager_clnt.h,core/shared/include/devsvc_manager_if.h,DevSvcManagerClnt,IDevSvcManager,type,type,Contain,1.0,True,322,1007,['kernal_host'],['common'],kernal_host,common
66,98,core/shared/include/devmgr_service_if.h,include/core/hdf_object.h,,,file,file,Import,1.0,False,,,['common'],['common'],common,common
66,98,core/shared/include/devmgr_service_if.h,include/core/hdf_object.h,IDevmgrService,HdfObject,type,type,Contain,1.0,True,1004,1265,['common'],['common'],common,common
66,96,core/shared/include/devmgr_service_if.h,include/core/hdf_device_desc.h,IDevmgrService,HdfDeviceObject,type,type,Contain,1.0,True,1004,1238,['common'],['common'],common,common
7,72,core/common/include/manager/hdf_device_node_ext.h,core/shared/include/hdf_io_service.h,,,file,file,Import,1.0,False,,,['manager'],['common'],manager,common
66,65,core/shared/include/devmgr_service_if.h,core/shared/include/device_token_if.h,,,file,file,Import,1.0,False,,,['common'],['common'],common,common
66,65,core/shared/include/devmgr_service_if.h,core/shared/include/device_token_if.h,,IHdfDeviceToken,functionproto,type,Parameter,1.0,True,1003,1001,['common'],['common'],common,common
66,64,core/shared/include/devmgr_service_if.h,core/shared/include/devhost_service_if.h,,,file,file,Import,1.0,False,,,['common'],['common'],common,common
66,64,core/shared/include/devmgr_service_if.h,core/shared/include/devhost_service_if.h,,IDevHostService,functionproto,type,Parameter,1.0,True,1003,999,['common'],['common'],common,common
0,97,core/adapter/syscall/include/hdf_syscall_adapter.h,include/core/hdf_io_service_if.h,HdfSyscallAdapter,HdfIoService,type,type,Contain,2.0,True,3,1262,['convertor'],['common'],convertor,common
0,97,core/adapter/syscall/include/hdf_syscall_adapter.h,include/core/hdf_io_service_if.h,HdfSyscallAdapterGroup,HdfIoServiceGroup,type,type,Contain,2.0,True,4,1263,['convertor'],['common'],convertor,common
66,74,core/shared/include/devmgr_service_if.h,core/shared/include/hdf_power_state.h,,,file,file,Import,1.0,False,,,['common'],['common'],common,common
66,74,core/shared/include/devmgr_service_if.h,core/shared/include/hdf_power_state.h,,HdfPowerState,functionproto,type,Parameter,1.0,True,1003,1058,['common'],['common'],common,common
88,143,include/audio/audio_accessory_if.h,include/utils/hdf_dlist.h,AccessoryDevice,DListHead,type,type,Contain,1.0,True,1156,1773,['audio'],['utils'],audio,utils
156,103,include/wifi/wifi_module_config.h,include/osal.h,,,file,file,Import,1.0,False,,,['network'],['osal'],network,osal
34,73,core/host/src/hdf_device_token.c,core/shared/include/hdf_object_manager.h,HdfDeviceTokenNewInstance,HdfObjectManagerGetObject,functionimpl,functionproto,Call,2.0,True,573,1052,['kernal_host'],['common'],kernal_host,common
34,73,core/host/src/hdf_device_token.c,core/shared/include/hdf_object_manager.h,HdfDeviceTokenFreeInstance,HdfObjectManagerFreeObject,functionimpl,functionproto,Call,2.0,True,572,1050,['kernal_host'],['common'],kernal_host,common
34,73,core/host/src/hdf_device_token.c,core/shared/include/hdf_object_manager.h,,,file,file,Import,1.0,False,,,['kernal_host'],['common'],kernal_host,common
34,65,core/host/src/hdf_device_token.c,core/shared/include/device_token_if.h,HdfDeviceTokenNewInstance,IHdfDeviceToken,functionimpl,type,Cast,1.0,True,573,1001,['kernal_host'],['common'],kernal_host,common
34,65,core/host/src/hdf_device_token.c,core/shared/include/device_token_if.h,HdfDeviceTokenNewInstance,IHdfDeviceToken,functionimpl,type,Return,1.0,True,573,1001,['kernal_host'],['common'],kernal_host,common
34,65,core/host/src/hdf_device_token.c,core/shared/include/device_token_if.h,HdfDeviceTokenFreeInstance,IHdfDeviceToken,functionimpl,type,Use,1.0,True,572,1001,['kernal_host'],['common'],kernal_host,common
34,65,core/host/src/hdf_device_token.c,core/shared/include/device_token_if.h,HdfDeviceTokenFreeInstance,IHdfDeviceToken,functionimpl,type,Parameter,1.0,True,572,1001,['kernal_host'],['common'],kernal_host,common
34,98,core/host/src/hdf_device_token.c,include/core/hdf_object.h,HdfDeviceTokenCreate,HdfObject,functionimpl,type,Cast,1.0,True,571,1265,['kernal_host'],['common'],kernal_host,common
34,98,core/host/src/hdf_device_token.c,include/core/hdf_object.h,HdfDeviceTokenCreate,HdfObject,functionimpl,type,Return,1.0,True,571,1265,['kernal_host'],['common'],kernal_host,common
34,98,core/host/src/hdf_device_token.c,include/core/hdf_object.h,HdfDeviceTokenRelease,HdfObject,functionimpl,type,Parameter,1.0,True,574,1265,['kernal_host'],['common'],kernal_host,common
96,5,include/core/hdf_device_desc.h,core/common/include/host/hdf_device_section.h,,,file,file,Import,1.0,False,,,['common'],['kernal_host'],common,kernal_host
66,17,core/shared/include/devmgr_service_if.h,core/host/include/hdf_device.h,,devid_t,functionproto,alias,Parameter,1.0,True,1003,323,['common'],['kernal_host'],common,kernal_host
16,96,core/host/include/devsvc_manager_clnt.h,include/core/hdf_device_desc.h,DevSvcManagerClntGetDeviceObject,HdfDeviceObject,functionproto,type,Return,1.0,True,316,1238,['kernal_host'],['common'],kernal_host,common
16,96,core/host/include/devsvc_manager_clnt.h,include/core/hdf_device_desc.h,DevSvcManagerClntAddService,HdfDeviceObject,functionproto,type,Parameter,3.0,True,315,1238,['kernal_host'],['common'],kernal_host,common
16,96,core/host/include/devsvc_manager_clnt.h,include/core/hdf_device_desc.h,DevSvcManagerClntUpdateService,HdfDeviceObject,functionproto,type,Parameter,3.0,True,321,1238,['kernal_host'],['common'],kernal_host,common
16,96,core/host/include/devsvc_manager_clnt.h,include/core/hdf_device_desc.h,DevSvcManagerClntSubscribeService,SubscriberCallback,functionproto,type,Parameter,3.0,True,319,1241,['kernal_host'],['common'],kernal_host,common
100,102,include/ethernet/eth_chip_driver.h,include/net/net_device.h,,,file,file,Import,1.0,False,,,['network'],['network'],network,network
100,102,include/ethernet/eth_chip_driver.h,include/net/net_device.h,GetEthNetDeviceData,NetDevice,functionproto,type,Parameter,1.0,True,1279,1344,['network'],['network'],network,network
137,130,include/platform/timer_if.h,include/platform/platform_if.h,,,file,file,Import,1.0,False,,,['platform'],['platform'],platform,platform
137,130,include/platform/timer_if.h,include/platform/platform_if.h,HwTimerOpen,DevHandle,functionproto,alias,Return,1.0,True,1723,1630,['platform'],['platform'],platform,platform
137,130,include/platform/timer_if.h,include/platform/platform_if.h,HwTimerClose,DevHandle,functionproto,alias,Parameter,6.0,True,1721,1630,['platform'],['platform'],platform,platform
137,130,include/platform/timer_if.h,include/platform/platform_if.h,HwTimerStart,DevHandle,functionproto,alias,Parameter,6.0,True,1726,1630,['platform'],['platform'],platform,platform
137,130,include/platform/timer_if.h,include/platform/platform_if.h,HwTimerStop,DevHandle,functionproto,alias,Parameter,6.0,True,1727,1630,['platform'],['platform'],platform,platform
137,130,include/platform/timer_if.h,include/platform/platform_if.h,HwTimerSet,DevHandle,functionproto,alias,Parameter,6.0,True,1724,1630,['platform'],['platform'],platform,platform
137,130,include/platform/timer_if.h,include/platform/platform_if.h,HwTimerSetOnce,DevHandle,functionproto,alias,Parameter,6.0,True,1725,1630,['platform'],['platform'],platform,platform
137,130,include/platform/timer_if.h,include/platform/platform_if.h,HwTimerGet,DevHandle,functionproto,alias,Parameter,6.0,True,1722,1630,['platform'],['platform'],platform,platform
14,111,core/host/include/devhost_service.h,include/osal/osal_mutex.h,,,file,file,Import,1.0,False,,,['kernal_host'],['osal'],kernal_host,osal
14,143,core/host/include/devhost_service.h,include/utils/hdf_dlist.h,,,file,file,Import,1.0,False,,,['kernal_host'],['utils'],kernal_host,utils
14,143,core/host/include/devhost_service.h,include/utils/hdf_dlist.h,DevHostService,DListHead,type,type,Contain,1.0,True,306,1773,['kernal_host'],['utils'],kernal_host,utils
55,96,core/manager/src/driver_manager.c,include/core/hdf_device_desc.h,HdfRegisterDriverEntry,HdfDriverEntry,functionimpl,type,Use,3.0,True,877,1239,['manager'],['common'],manager,common
55,96,core/manager/src/driver_manager.c,include/core/hdf_device_desc.h,HdfUnregisterDriverEntry,HdfDriverEntry,functionimpl,type,Use,3.0,True,879,1239,['manager'],['common'],manager,common
55,96,core/manager/src/driver_manager.c,include/core/hdf_device_desc.h,HdfRegisterDriverEntry,HdfDriverEntry,functionimpl,type,Parameter,2.0,True,877,1239,['manager'],['common'],manager,common
55,96,core/manager/src/driver_manager.c,include/core/hdf_device_desc.h,HdfUnregisterDriverEntry,HdfDriverEntry,functionimpl,type,Parameter,2.0,True,879,1239,['manager'],['common'],manager,common
88,111,include/audio/audio_accessory_if.h,include/osal/osal_mutex.h,AccessoryDevice,OsalMutex,type,type,Contain,1.0,True,1156,1400,['audio'],['osal'],audio,osal
91,96,include/audio/audio_dsp_if.h,include/core/hdf_device_desc.h,DspDevice,HdfDeviceObject,type,type,Contain,3.0,True,1172,1238,['audio'],['common'],audio,common
91,96,include/audio/audio_dsp_if.h,include/core/hdf_device_desc.h,DspHost,IDeviceIoService,type,type,Contain,3.0,True,1173,1240,['audio'],['common'],audio,common
91,96,include/audio/audio_dsp_if.h,include/core/hdf_device_desc.h,DspHost,HdfDeviceObject,type,type,Contain,3.0,True,1173,1238,['audio'],['common'],audio,common
45,98,core/manager/include/devsvc_manager.h,include/core/hdf_object.h,DevSvcManagerCreate,HdfObject,functionproto,type,Return,2.0,True,699,1265,['manager'],['common'],manager,common
45,98,core/manager/include/devsvc_manager.h,include/core/hdf_object.h,DevSvcManagerGetService,HdfObject,functionproto,type,Return,2.0,True,701,1265,['manager'],['common'],manager,common
45,96,core/manager/include/devsvc_manager.h,include/core/hdf_device_desc.h,DevSvcManagerAddService,HdfDeviceObject,functionproto,type,Parameter,2.0,True,696,1238,['manager'],['common'],manager,common
45,96,core/manager/include/devsvc_manager.h,include/core/hdf_device_desc.h,DevSvcManagerClntSubscribeService,SubscriberCallback,functionproto,type,Parameter,2.0,True,697,1241,['manager'],['common'],manager,common
119,130,include/platform/emmc_if.h,include/platform/platform_if.h,EmmcOpen,DevHandle,functionimpl,alias,Return,1.0,True,1458,1630,['platform'],['platform'],platform,platform
119,130,include/platform/emmc_if.h,include/platform/platform_if.h,EmmcClose,DevHandle,functionimpl,alias,Parameter,2.0,True,1457,1630,['platform'],['platform'],platform,platform
119,130,include/platform/emmc_if.h,include/platform/platform_if.h,EmmcGetCid,DevHandle,functionproto,alias,Parameter,2.0,True,1459,1630,['platform'],['platform'],platform,platform
45,97,core/manager/include/devsvc_manager.h,include/core/hdf_io_service_if.h,DevSvcManagerListService,DeviceClass,functionproto,alias,Parameter,1.0,True,702,1242,['manager'],['common'],manager,common
32,110,core/host/src/hdf_device_node.c,include/osal/osal_mem.h,HdfDeviceNodeDestruct,OsalMemFree,functionimpl,functionproto,Call,3.0,True,506,1393,['kernal_host'],['osal'],kernal_host,osal
32,110,core/host/src/hdf_device_node.c,include/osal/osal_mem.h,,,file,file,Import,1.0,False,,,['kernal_host'],['osal'],kernal_host,osal
119,127,include/platform/emmc_if.h,include/platform/mmc_if.h,EmmcOpen,MmcOpen,functionimpl,functionproto,Call,2.0,True,1458,1613,['platform'],['platform'],platform,platform
119,127,include/platform/emmc_if.h,include/platform/mmc_if.h,EmmcClose,MmcClose,functionimpl,functionproto,Call,2.0,True,1457,1611,['platform'],['platform'],platform,platform
119,127,include/platform/emmc_if.h,include/platform/mmc_if.h,,,file,file,Import,1.0,False,,,['platform'],['platform'],platform,platform
55,71,core/manager/src/driver_manager.c,core/shared/include/hdf_driver.h,HdfUnregisterDriverEntry,HdfDriver,functionimpl,type,Cast,16.0,True,879,1031,['manager'],['common'],manager,common
55,71,core/manager/src/driver_manager.c,core/shared/include/hdf_driver.h,HdfUnregisterDriver,HdfDriver,functionimpl,type,Cast,16.0,True,878,1031,['manager'],['common'],manager,common
55,71,core/manager/src/driver_manager.c,core/shared/include/hdf_driver.h,HdfDriverManagerFoundDriver,HdfDriver,functionimpl,type,Cast,16.0,True,873,1031,['manager'],['common'],manager,common
55,71,core/manager/src/driver_manager.c,core/shared/include/hdf_driver.h,,,file,file,Import,1.0,False,,,['manager'],['common'],manager,common
55,71,core/manager/src/driver_manager.c,core/shared/include/hdf_driver.h,HdfDriverManagerFoundDriver,HdfDriver,functionimpl,type,Return,2.0,True,873,1031,['manager'],['common'],manager,common
55,71,core/manager/src/driver_manager.c,core/shared/include/hdf_driver.h,HdfDriverManagerGetDriver,HdfDriver,functionimpl,type,Return,2.0,True,874,1031,['manager'],['common'],manager,common
55,71,core/manager/src/driver_manager.c,core/shared/include/hdf_driver.h,HdfRegisterDriverEntry,HdfDriver,functionimpl,type,Use,20.0,True,877,1031,['manager'],['common'],manager,common
55,71,core/manager/src/driver_manager.c,core/shared/include/hdf_driver.h,HdfUnregisterDriverEntry,HdfDriver,functionimpl,type,Use,20.0,True,879,1031,['manager'],['common'],manager,common
55,71,core/manager/src/driver_manager.c,core/shared/include/hdf_driver.h,HdfRegisterDriver,HdfDriver,functionimpl,type,Use,20.0,True,876,1031,['manager'],['common'],manager,common
55,71,core/manager/src/driver_manager.c,core/shared/include/hdf_driver.h,HdfUnregisterDriver,HdfDriver,functionimpl,type,Use,20.0,True,878,1031,['manager'],['common'],manager,common
55,71,core/manager/src/driver_manager.c,core/shared/include/hdf_driver.h,HdfDriverManagerFoundDriver,HdfDriver,functionimpl,type,Use,20.0,True,873,1031,['manager'],['common'],manager,common
55,71,core/manager/src/driver_manager.c,core/shared/include/hdf_driver.h,HdfDriverManagerGetDriver,HdfDriver,functionimpl,type,Use,20.0,True,874,1031,['manager'],['common'],manager,common
55,71,core/manager/src/driver_manager.c,core/shared/include/hdf_driver.h,HdfRegisterDriverEntry,HdfRegisterDriverEntry,functionimpl,functionproto,Implement,6.0,True,877,1028,['manager'],['common'],manager,common
55,71,core/manager/src/driver_manager.c,core/shared/include/hdf_driver.h,HdfUnregisterDriverEntry,HdfUnregisterDriverEntry,functionimpl,functionproto,Implement,6.0,True,879,1030,['manager'],['common'],manager,common
55,71,core/manager/src/driver_manager.c,core/shared/include/hdf_driver.h,HdfRegisterDriver,HdfRegisterDriver,functionimpl,functionproto,Implement,6.0,True,876,1027,['manager'],['common'],manager,common
55,71,core/manager/src/driver_manager.c,core/shared/include/hdf_driver.h,HdfUnregisterDriver,HdfUnregisterDriver,functionimpl,functionproto,Implement,6.0,True,878,1029,['manager'],['common'],manager,common
55,71,core/manager/src/driver_manager.c,core/shared/include/hdf_driver.h,HdfDriverManagerGetDriver,HdfDriverManagerGetDriver,functionimpl,functionproto,Implement,6.0,True,874,1025,['manager'],['common'],manager,common
55,71,core/manager/src/driver_manager.c,core/shared/include/hdf_driver.h,HdfDriverManagerGetDriverList,HdfDriverManagerGetDriverList,functionimpl,functionproto,Implement,6.0,True,875,1026,['manager'],['common'],manager,common
55,71,core/manager/src/driver_manager.c,core/shared/include/hdf_driver.h,HdfRegisterDriver,HdfDriver,functionimpl,type,Parameter,2.0,True,876,1031,['manager'],['common'],manager,common
55,71,core/manager/src/driver_manager.c,core/shared/include/hdf_driver.h,HdfUnregisterDriver,HdfDriver,functionimpl,type,Parameter,2.0,True,878,1031,['manager'],['common'],manager,common
55,71,core/manager/src/driver_manager.c,core/shared/include/hdf_driver.h,HdfRegisterDriverEntry,HdfDriver,functionimpl,type,Contain,7.0,True,877,1031,['manager'],['common'],manager,common
55,71,core/manager/src/driver_manager.c,core/shared/include/hdf_driver.h,HdfUnregisterDriverEntry,HdfDriver,functionimpl,type,Contain,7.0,True,879,1031,['manager'],['common'],manager,common
55,71,core/manager/src/driver_manager.c,core/shared/include/hdf_driver.h,HdfUnregisterDriver,HdfDriver,functionimpl,type,Contain,7.0,True,878,1031,['manager'],['common'],manager,common
55,71,core/manager/src/driver_manager.c,core/shared/include/hdf_driver.h,HdfDriverManagerFoundDriver,HdfDriver,functionimpl,type,Contain,7.0,True,873,1031,['manager'],['common'],manager,common
55,71,core/manager/src/driver_manager.c,core/shared/include/hdf_driver.h,HdfDriverManagerGetDriver,HdfDriver,functionimpl,type,Contain,7.0,True,874,1031,['manager'],['common'],manager,common
3,72,core/adapter/vnode/include/hdf_vnode_adapter.h,core/shared/include/hdf_io_service.h,,,file,file,Import,1.0,False,,,['convertor'],['common'],convertor,common
87,98,core/shared/src/svcmgr_ioservice.c,include/core/hdf_object.h,SetListenClass,HdfObject,functionimpl,type,Cast,2.0,True,1136,1265,['common'],['common'],common,common
87,98,core/shared/src/svcmgr_ioservice.c,include/core/hdf_object.h,UnSetListenClass,HdfObject,functionimpl,type,Cast,2.0,True,1142,1265,['common'],['common'],common,common
87,97,core/shared/src/svcmgr_ioservice.c,include/core/hdf_io_service_if.h,SvcMgrIoserviceRegSvcStatListener,HdfDeviceRegisterEventListener,functionimpl,functionproto,Call,5.0,True,1139,1245,['common'],['common'],common,common
87,97,core/shared/src/svcmgr_ioservice.c,include/core/hdf_io_service_if.h,SvcMgrIoserviceUnRegSvcStatListener,HdfDeviceUnregisterEventListener,functionimpl,functionproto,Call,5.0,True,1141,1246,['common'],['common'],common,common
87,97,core/shared/src/svcmgr_ioservice.c,include/core/hdf_io_service_if.h,SvcMgrIoserviceUnRegSvcStatListener,HdfIoserviceGetListenerCount,functionimpl,functionproto,Call,5.0,True,1141,1256,['common'],['common'],common,common
87,97,core/shared/src/svcmgr_ioservice.c,include/core/hdf_io_service_if.h,SvcMgrIoserviceGet,HdfIoServiceBind,functionimpl,functionproto,Call,5.0,True,1138,1248,['common'],['common'],common,common
87,97,core/shared/src/svcmgr_ioservice.c,include/core/hdf_io_service_if.h,SvcMgrIoserviceRelease,HdfIoServiceRecycle,functionimpl,functionproto,Call,5.0,True,1140,1255,['common'],['common'],common,common
87,97,core/shared/src/svcmgr_ioservice.c,include/core/hdf_io_service_if.h,,,file,file,Import,1.0,False,,,['common'],['common'],common,common
87,97,core/shared/src/svcmgr_ioservice.c,include/core/hdf_io_service_if.h,SvcMgrIoserviceGet,HdfIoService,functionimpl,type,Use,1.0,True,1138,1262,['common'],['common'],common,common
87,97,core/shared/src/svcmgr_ioservice.c,include/core/hdf_io_service_if.h,SvcMgrIoservice,HdfIoService,type,type,Contain,1.0,True,1143,1262,['common'],['common'],common,common
37,79,core/host/src/hdf_power_manager.c,core/shared/include/power_state_token_if.h,PmTaskFunc,IPowerStateToken,functionimpl,type,Cast,1.0,True,617,1087,['kernal_host'],['common'],kernal_host,common
37,79,core/host/src/hdf_power_manager.c,core/shared/include/power_state_token_if.h,PmTaskFunc,IPowerStateToken,functionimpl,type,Use,5.0,True,617,1087,['kernal_host'],['common'],kernal_host,common
37,79,core/host/src/hdf_power_manager.c,core/shared/include/power_state_token_if.h,PmTaskFunc,IPowerStateToken,functionimpl,type,Contain,1.0,True,617,1087,['kernal_host'],['common'],kernal_host,common
3,97,core/adapter/vnode/include/hdf_vnode_adapter.h,include/core/hdf_io_service_if.h,HdfVNodeAdapter,HdfIoService,type,type,Contain,1.0,True,103,1262,['convertor'],['common'],convertor,common
87,76,core/shared/src/svcmgr_ioservice.c,core/shared/include/hdf_service_status.h,SvcMgrIoserviceRegSvcStatListener,ServiceStatusListener,functionimpl,type,Parameter,2.0,True,1139,1069,['common'],['common'],common,common
87,76,core/shared/src/svcmgr_ioservice.c,core/shared/include/hdf_service_status.h,SvcMgrIoserviceUnRegSvcStatListener,ServiceStatusListener,functionimpl,type,Parameter,2.0,True,1141,1069,['common'],['common'],common,common
87,78,core/shared/src/svcmgr_ioservice.c,core/shared/include/ioservstat_listener.h,SvcMgrIoserviceRegSvcStatListener,IoServiceStatusListener,functionimpl,type,Cast,4.0,True,1139,1083,['common'],['common'],common,common
87,78,core/shared/src/svcmgr_ioservice.c,core/shared/include/ioservstat_listener.h,SvcMgrIoserviceUnRegSvcStatListener,IoServiceStatusListener,functionimpl,type,Cast,4.0,True,1141,1083,['common'],['common'],common,common
87,78,core/shared/src/svcmgr_ioservice.c,core/shared/include/ioservstat_listener.h,,,file,file,Import,1.0,False,,,['common'],['common'],common,common
87,78,core/shared/src/svcmgr_ioservice.c,core/shared/include/ioservstat_listener.h,SvcMgrIoserviceRegSvcStatListener,IoServiceStatusListener,functionimpl,type,Use,6.0,True,1139,1083,['common'],['common'],common,common
87,78,core/shared/src/svcmgr_ioservice.c,core/shared/include/ioservstat_listener.h,SvcMgrIoserviceUnRegSvcStatListener,IoServiceStatusListener,functionimpl,type,Use,6.0,True,1141,1083,['common'],['common'],common,common
87,78,core/shared/src/svcmgr_ioservice.c,core/shared/include/ioservstat_listener.h,SvcMgrIoserviceRegSvcStatListener,IoServiceStatusListener,functionimpl,type,Contain,2.0,True,1139,1083,['common'],['common'],common,common
87,78,core/shared/src/svcmgr_ioservice.c,core/shared/include/ioservstat_listener.h,SvcMgrIoserviceUnRegSvcStatListener,IoServiceStatusListener,functionimpl,type,Contain,2.0,True,1141,1083,['common'],['common'],common,common
87,80,core/shared/src/svcmgr_ioservice.c,core/shared/include/svcmgr_ioservice.h,,,file,file,Import,1.0,False,,,['common'],['common'],common,common
87,80,core/shared/src/svcmgr_ioservice.c,core/shared/include/svcmgr_ioservice.h,SvcMgrIoserviceGet,ISvcMgrIoservice,functionimpl,type,Return,1.0,True,1138,1092,['common'],['common'],common,common
87,80,core/shared/src/svcmgr_ioservice.c,core/shared/include/svcmgr_ioservice.h,SvcMgrIoserviceConstruct,ISvcMgrIoservice,functionimpl,type,Use,2.0,True,1137,1092,['common'],['common'],common,common
87,80,core/shared/src/svcmgr_ioservice.c,core/shared/include/svcmgr_ioservice.h,SvcMgrIoserviceGet,SvcMgrIoserviceGet,functionimpl,functionproto,Implement,2.0,True,1138,1090,['common'],['common'],common,common
87,80,core/shared/src/svcmgr_ioservice.c,core/shared/include/svcmgr_ioservice.h,SvcMgrIoserviceRelease,SvcMgrIoserviceRelease,functionimpl,functionproto,Implement,2.0,True,1140,1091,['common'],['common'],common,common
87,80,core/shared/src/svcmgr_ioservice.c,core/shared/include/svcmgr_ioservice.h,SvcMgrIoserviceRegSvcStatListener,ISvcMgrIoservice,functionimpl,type,Parameter,4.0,True,1139,1092,['common'],['common'],common,common
87,80,core/shared/src/svcmgr_ioservice.c,core/shared/include/svcmgr_ioservice.h,SvcMgrIoserviceUnRegSvcStatListener,ISvcMgrIoservice,functionimpl,type,Parameter,4.0,True,1141,1092,['common'],['common'],common,common
87,80,core/shared/src/svcmgr_ioservice.c,core/shared/include/svcmgr_ioservice.h,SvcMgrIoserviceConstruct,ISvcMgrIoservice,functionimpl,type,Parameter,4.0,True,1137,1092,['common'],['common'],common,common
87,80,core/shared/src/svcmgr_ioservice.c,core/shared/include/svcmgr_ioservice.h,SvcMgrIoserviceRelease,ISvcMgrIoservice,functionimpl,type,Parameter,4.0,True,1140,1092,['common'],['common'],common,common
87,80,core/shared/src/svcmgr_ioservice.c,core/shared/include/svcmgr_ioservice.h,SvcMgrIoservice,ISvcMgrIoservice,type,type,Contain,1.0,True,1143,1092,['common'],['common'],common,common
55,144,core/manager/src/driver_manager.c,include/utils/hdf_log.h,,,file,file,Import,1.0,False,,,['manager'],['utils'],manager,utils
55,143,core/manager/src/driver_manager.c,include/utils/hdf_dlist.h,HdfDriverHead,DListHeadInit,functionimpl,functionimpl,Call,5.0,True,872,1766,['manager'],['utils'],manager,utils
55,143,core/manager/src/driver_manager.c,include/utils/hdf_dlist.h,HdfRegisterDriverEntry,DListInsertTail,functionimpl,functionimpl,Call,5.0,True,877,1768,['manager'],['utils'],manager,utils
55,143,core/manager/src/driver_manager.c,include/utils/hdf_dlist.h,HdfUnregisterDriverEntry,DListRemove,functionimpl,functionimpl,Call,5.0,True,879,1771,['manager'],['utils'],manager,utils
55,143,core/manager/src/driver_manager.c,include/utils/hdf_dlist.h,HdfRegisterDriver,DListInsertTail,functionimpl,functionimpl,Call,5.0,True,876,1768,['manager'],['utils'],manager,utils
55,143,core/manager/src/driver_manager.c,include/utils/hdf_dlist.h,HdfUnregisterDriver,DListRemove,functionimpl,functionimpl,Call,5.0,True,878,1771,['manager'],['utils'],manager,utils
55,143,core/manager/src/driver_manager.c,include/utils/hdf_dlist.h,,,file,file,Import,1.0,False,,,['manager'],['utils'],manager,utils
55,143,core/manager/src/driver_manager.c,include/utils/hdf_dlist.h,HdfDriverHead,DListHead,functionimpl,type,Return,2.0,True,872,1773,['manager'],['utils'],manager,utils
55,143,core/manager/src/driver_manager.c,include/utils/hdf_dlist.h,HdfDriverManagerGetDriverList,DListHead,functionimpl,type,Return,2.0,True,875,1773,['manager'],['utils'],manager,utils
55,143,core/manager/src/driver_manager.c,include/utils/hdf_dlist.h,HdfDriverHead,DListHead,functionimpl,type,Use,9.0,True,872,1773,['manager'],['utils'],manager,utils
55,143,core/manager/src/driver_manager.c,include/utils/hdf_dlist.h,HdfDriverHead,DListHeadInit,functionimpl,functionimpl,Use,9.0,True,872,1766,['manager'],['utils'],manager,utils
55,143,core/manager/src/driver_manager.c,include/utils/hdf_dlist.h,HdfRegisterDriverEntry,DListInsertTail,functionimpl,functionimpl,Use,9.0,True,877,1768,['manager'],['utils'],manager,utils
55,143,core/manager/src/driver_manager.c,include/utils/hdf_dlist.h,HdfUnregisterDriverEntry,DListHead,functionimpl,type,Use,9.0,True,879,1773,['manager'],['utils'],manager,utils
55,143,core/manager/src/driver_manager.c,include/utils/hdf_dlist.h,HdfUnregisterDriverEntry,DListRemove,functionimpl,functionimpl,Use,9.0,True,879,1771,['manager'],['utils'],manager,utils
55,143,core/manager/src/driver_manager.c,include/utils/hdf_dlist.h,HdfRegisterDriver,DListInsertTail,functionimpl,functionimpl,Use,9.0,True,876,1768,['manager'],['utils'],manager,utils
55,143,core/manager/src/driver_manager.c,include/utils/hdf_dlist.h,HdfUnregisterDriver,DListHead,functionimpl,type,Use,9.0,True,878,1773,['manager'],['utils'],manager,utils
55,143,core/manager/src/driver_manager.c,include/utils/hdf_dlist.h,HdfUnregisterDriver,DListRemove,functionimpl,functionimpl,Use,9.0,True,878,1771,['manager'],['utils'],manager,utils
55,143,core/manager/src/driver_manager.c,include/utils/hdf_dlist.h,HdfDriverManagerFoundDriver,DListHead,functionimpl,type,Use,9.0,True,873,1773,['manager'],['utils'],manager,utils
55,143,core/manager/src/driver_manager.c,include/utils/hdf_dlist.h,HdfDriverHead,DListHead,functionimpl,type,Contain,4.0,True,872,1773,['manager'],['utils'],manager,utils
55,143,core/manager/src/driver_manager.c,include/utils/hdf_dlist.h,HdfUnregisterDriverEntry,DListHead,functionimpl,type,Contain,4.0,True,879,1773,['manager'],['utils'],manager,utils
55,143,core/manager/src/driver_manager.c,include/utils/hdf_dlist.h,HdfUnregisterDriver,DListHead,functionimpl,type,Contain,4.0,True,878,1773,['manager'],['utils'],manager,utils
55,143,core/manager/src/driver_manager.c,include/utils/hdf_dlist.h,HdfDriverManagerFoundDriver,DListHead,functionimpl,type,Contain,4.0,True,873,1773,['manager'],['utils'],manager,utils
50,110,core/manager/src/devhost_service_clnt.c,include/osal/osal_mem.h,DevHostServiceClntConstruct,OsalMemCalloc,functionimpl,functionproto,Call,4.0,True,725,1392,['manager'],['osal'],manager,osal
50,110,core/manager/src/devhost_service_clnt.c,include/osal/osal_mem.h,DevHostServiceClntNewInstance,OsalMemCalloc,functionimpl,functionproto,Call,4.0,True,729,1392,['manager'],['osal'],manager,osal
50,110,core/manager/src/devhost_service_clnt.c,include/osal/osal_mem.h,DevHostServiceClntFreeInstance,OsalMemFree,functionimpl,functionproto,Call,4.0,True,727,1393,['manager'],['osal'],manager,osal
50,110,core/manager/src/devhost_service_clnt.c,include/osal/osal_mem.h,,,file,file,Import,1.0,False,,,['manager'],['osal'],manager,osal
50,144,core/manager/src/devhost_service_clnt.c,include/utils/hdf_log.h,,,file,file,Import,1.0,False,,,['manager'],['utils'],manager,utils
50,142,core/manager/src/devhost_service_clnt.c,include/utils/hdf_base.h,,,file,file,Import,1.0,False,,,['manager'],['utils'],manager,utils
51,110,core/manager/src/device_token_clnt.c,include/osal/osal_mem.h,DeviceTokenClntNewInstance,OsalMemCalloc,functionimpl,functionproto,Call,2.0,True,741,1392,['manager'],['osal'],manager,osal
51,110,core/manager/src/device_token_clnt.c,include/osal/osal_mem.h,DeviceTokenClntFreeInstance,OsalMemFree,functionimpl,functionproto,Call,2.0,True,740,1393,['manager'],['osal'],manager,osal
51,110,core/manager/src/device_token_clnt.c,include/osal/osal_mem.h,,,file,file,Import,1.0,False,,,['manager'],['osal'],manager,osal
51,144,core/manager/src/device_token_clnt.c,include/utils/hdf_log.h,,,file,file,Import,1.0,False,,,['manager'],['utils'],manager,utils
55,110,core/manager/src/driver_manager.c,include/osal/osal_mem.h,HdfRegisterDriverEntry,OsalMemCalloc,functionimpl,functionproto,Call,2.0,True,877,1392,['manager'],['osal'],manager,osal
55,110,core/manager/src/driver_manager.c,include/osal/osal_mem.h,HdfUnregisterDriverEntry,OsalMemFree,functionimpl,functionproto,Call,2.0,True,879,1393,['manager'],['osal'],manager,osal
55,110,core/manager/src/driver_manager.c,include/osal/osal_mem.h,,,file,file,Import,1.0,False,,,['manager'],['osal'],manager,osal
92,143,include/audio/audio_platform_if.h,include/utils/hdf_dlist.h,PlatformDevice,DListHead,type,type,Contain,1.0,True,1178,1773,['audio'],['utils'],audio,utils
34,20,core/host/src/hdf_device_token.c,core/host/include/hdf_device_token.h,HdfDeviceTokenCreate,HdfDeviceToken,functionimpl,type,Cast,2.0,True,571,367,['kernal_host'],['kernal_host'],kernal_host,kernal_host
34,20,core/host/src/hdf_device_token.c,core/host/include/hdf_device_token.h,HdfDeviceTokenRelease,HdfDeviceToken,functionimpl,type,Cast,2.0,True,574,367,['kernal_host'],['kernal_host'],kernal_host,kernal_host
34,20,core/host/src/hdf_device_token.c,core/host/include/hdf_device_token.h,,,file,file,Import,1.0,False,,,['kernal_host'],['kernal_host'],kernal_host,kernal_host
34,20,core/host/src/hdf_device_token.c,core/host/include/hdf_device_token.h,HdfDeviceTokenConstruct,HdfDeviceToken,functionimpl,type,Use,2.0,True,570,367,['kernal_host'],['kernal_host'],kernal_host,kernal_host
34,20,core/host/src/hdf_device_token.c,core/host/include/hdf_device_token.h,HdfDeviceTokenCreate,HdfDeviceToken,functionimpl,type,Use,2.0,True,571,367,['kernal_host'],['kernal_host'],kernal_host,kernal_host
34,20,core/host/src/hdf_device_token.c,core/host/include/hdf_device_token.h,HdfDeviceTokenCreate,HdfDeviceTokenCreate,functionimpl,functionproto,Implement,4.0,True,571,363,['kernal_host'],['kernal_host'],kernal_host,kernal_host
34,20,core/host/src/hdf_device_token.c,core/host/include/hdf_device_token.h,HdfDeviceTokenRelease,HdfDeviceTokenRelease,functionimpl,functionproto,Implement,4.0,True,574,366,['kernal_host'],['kernal_host'],kernal_host,kernal_host
34,20,core/host/src/hdf_device_token.c,core/host/include/hdf_device_token.h,HdfDeviceTokenNewInstance,HdfDeviceTokenNewInstance,functionimpl,functionproto,Implement,4.0,True,573,365,['kernal_host'],['kernal_host'],kernal_host,kernal_host
34,20,core/host/src/hdf_device_token.c,core/host/include/hdf_device_token.h,HdfDeviceTokenFreeInstance,HdfDeviceTokenFreeInstance,functionimpl,functionproto,Implement,4.0,True,572,364,['kernal_host'],['kernal_host'],kernal_host,kernal_host
34,20,core/host/src/hdf_device_token.c,core/host/include/hdf_device_token.h,HdfDeviceTokenConstruct,HdfDeviceToken,functionimpl,type,Parameter,1.0,True,570,367,['kernal_host'],['kernal_host'],kernal_host,kernal_host
34,20,core/host/src/hdf_device_token.c,core/host/include/hdf_device_token.h,HdfDeviceTokenCreate,HdfDeviceToken,functionimpl,type,Contain,2.0,True,571,367,['kernal_host'],['kernal_host'],kernal_host,kernal_host
34,20,core/host/src/hdf_device_token.c,core/host/include/hdf_device_token.h,HdfDeviceTokenRelease,HdfDeviceToken,functionimpl,type,Contain,2.0,True,574,367,['kernal_host'],['kernal_host'],kernal_host,kernal_host
122,130,include/platform/i2c_if.h,include/platform/platform_if.h,,,file,file,Import,1.0,False,,,['platform'],['platform'],platform,platform
122,130,include/platform/i2c_if.h,include/platform/platform_if.h,I2cOpen,DevHandle,functionproto,alias,Return,1.0,True,1519,1630,['platform'],['platform'],platform,platform
122,130,include/platform/i2c_if.h,include/platform/platform_if.h,I2cClose,DevHandle,functionproto,alias,Parameter,2.0,True,1518,1630,['platform'],['platform'],platform,platform
122,130,include/platform/i2c_if.h,include/platform/platform_if.h,I2cTransfer,DevHandle,functionproto,alias,Parameter,2.0,True,1520,1630,['platform'],['platform'],platform,platform
37,27,core/host/src/hdf_power_manager.c,core/host/include/power_state_token.h,,,file,file,Import,1.0,False,,,['kernal_host'],['kernal_host'],kernal_host,kernal_host
37,27,core/host/src/hdf_power_manager.c,core/host/include/power_state_token.h,HdfPmTaskPut,PowerStateToken,functionimpl,type,Use,1.0,True,611,413,['kernal_host'],['kernal_host'],kernal_host,kernal_host
37,27,core/host/src/hdf_power_manager.c,core/host/include/power_state_token.h,HdfPmTaskPut,PowerStateToken,functionimpl,type,Parameter,1.0,True,611,413,['kernal_host'],['kernal_host'],kernal_host,kernal_host
37,24,core/host/src/hdf_power_manager.c,core/host/include/hdf_power_manager.h,PmTaskFunc,HdfPmRequest,functionimpl,type,Cast,3.0,True,617,395,['kernal_host'],['kernal_host'],kernal_host,kernal_host
37,24,core/host/src/hdf_power_manager.c,core/host/include/hdf_power_manager.h,HdfPmTaskPut,HdfPmRequest,functionimpl,type,Cast,3.0,True,611,395,['kernal_host'],['kernal_host'],kernal_host,kernal_host
37,24,core/host/src/hdf_power_manager.c,core/host/include/hdf_power_manager.h,,,file,file,Import,1.0,False,,,['kernal_host'],['kernal_host'],kernal_host,kernal_host
37,24,core/host/src/hdf_power_manager.c,core/host/include/hdf_power_manager.h,PmTaskFunc,HdfPmRequest,functionimpl,type,Use,10.0,True,617,395,['kernal_host'],['kernal_host'],kernal_host,kernal_host
37,24,core/host/src/hdf_power_manager.c,core/host/include/hdf_power_manager.h,HdfPmTaskPut,HdfPmRequest,functionimpl,type,Use,10.0,True,611,395,['kernal_host'],['kernal_host'],kernal_host,kernal_host
37,24,core/host/src/hdf_power_manager.c,core/host/include/hdf_power_manager.h,,hdf_power_manager,functionimpl,type,Use,10.0,False,,,['kernal_host'],['kernal_host'],kernal_host,kernal_host
37,24,core/host/src/hdf_power_manager.c,core/host/include/hdf_power_manager.h,HdfPmTaskQueueInit,HdfPmTaskQueueInit,functionimpl,functionproto,Implement,4.0,True,613,391,['kernal_host'],['kernal_host'],kernal_host,kernal_host
37,24,core/host/src/hdf_power_manager.c,core/host/include/hdf_power_manager.h,HdfPmTaskPut,HdfPmTaskPut,functionimpl,functionproto,Implement,4.0,True,611,390,['kernal_host'],['kernal_host'],kernal_host,kernal_host
37,24,core/host/src/hdf_power_manager.c,core/host/include/hdf_power_manager.h,HdfPowerManagerInit,HdfPowerManagerInit,functionimpl,functionproto,Implement,4.0,True,616,393,['kernal_host'],['kernal_host'],kernal_host,kernal_host
37,24,core/host/src/hdf_power_manager.c,core/host/include/hdf_power_manager.h,HdfPowerManagerExit,HdfPowerManagerExit,functionimpl,functionproto,Implement,4.0,True,615,392,['kernal_host'],['kernal_host'],kernal_host,kernal_host
37,24,core/host/src/hdf_power_manager.c,core/host/include/hdf_power_manager.h,HdfPmTaskPut,HDF_PM_REQUEST_TYPE,functionimpl,alias,Parameter,1.0,True,611,388,['kernal_host'],['kernal_host'],kernal_host,kernal_host
37,24,core/host/src/hdf_power_manager.c,core/host/include/hdf_power_manager.h,PmTaskFunc,HdfPmRequest,functionimpl,type,Contain,2.0,True,617,395,['kernal_host'],['kernal_host'],kernal_host,kernal_host
37,24,core/host/src/hdf_power_manager.c,core/host/include/hdf_power_manager.h,HdfPmTaskPut,HdfPmRequest,functionimpl,type,Contain,2.0,True,611,395,['kernal_host'],['kernal_host'],kernal_host,kernal_host
37,23,core/host/src/hdf_power_manager.c,core/host/include/hdf_pm_reg.h,HdfPowerManagerInit,DevMgrPmRegister,functionimpl,functionproto,Call,1.0,True,616,387,['kernal_host'],['kernal_host'],kernal_host,kernal_host
37,23,core/host/src/hdf_power_manager.c,core/host/include/hdf_pm_reg.h,,,file,file,Import,1.0,False,,,['kernal_host'],['kernal_host'],kernal_host,kernal_host
127,130,include/platform/mmc_if.h,include/platform/platform_if.h,,,file,file,Import,1.0,False,,,['platform'],['platform'],platform,platform
127,130,include/platform/mmc_if.h,include/platform/platform_if.h,MmcOpen,DevHandle,functionproto,alias,Return,1.0,True,1613,1630,['platform'],['platform'],platform,platform
127,130,include/platform/mmc_if.h,include/platform/platform_if.h,MmcClose,DevHandle,functionproto,alias,Parameter,2.0,True,1611,1630,['platform'],['platform'],platform,platform
127,130,include/platform/mmc_if.h,include/platform/platform_if.h,MmcDevPresent,DevHandle,functionproto,alias,Parameter,2.0,True,1612,1630,['platform'],['platform'],platform,platform
28,143,core/host/src/devhost_service.c,include/utils/hdf_dlist.h,DevHostServiceFreeDevice,DListRemove,functionimpl,functionimpl,Call,5.0,True,422,1771,['kernal_host'],['utils'],kernal_host,utils
28,143,core/host/src/devhost_service.c,include/utils/hdf_dlist.h,DevHostServiceQueryOrAddDevice,DListInsertHead,functionimpl,functionimpl,Call,5.0,True,426,1767,['kernal_host'],['utils'],kernal_host,utils
28,143,core/host/src/devhost_service.c,include/utils/hdf_dlist.h,DevHostServiceAddDevice,DListIsEmpty,functionimpl,functionimpl,Call,5.0,True,416,1769,['kernal_host'],['utils'],kernal_host,utils
28,143,core/host/src/devhost_service.c,include/utils/hdf_dlist.h,DevHostServiceDelDevice,DListIsEmpty,functionimpl,functionimpl,Call,5.0,True,419,1769,['kernal_host'],['utils'],kernal_host,utils
28,143,core/host/src/devhost_service.c,include/utils/hdf_dlist.h,DevHostServiceConstruct,DListHeadInit,functionimpl,functionimpl,Call,5.0,True,417,1766,['kernal_host'],['utils'],kernal_host,utils
28,143,core/host/src/devhost_service.c,include/utils/hdf_dlist.h,DevHostServiceFreeDevice,DListRemove,functionimpl,functionimpl,Use,5.0,True,422,1771,['kernal_host'],['utils'],kernal_host,utils
28,143,core/host/src/devhost_service.c,include/utils/hdf_dlist.h,DevHostServiceQueryOrAddDevice,DListInsertHead,functionimpl,functionimpl,Use,5.0,True,426,1767,['kernal_host'],['utils'],kernal_host,utils
28,143,core/host/src/devhost_service.c,include/utils/hdf_dlist.h,DevHostServiceAddDevice,DListIsEmpty,functionimpl,functionimpl,Use,5.0,True,416,1769,['kernal_host'],['utils'],kernal_host,utils
28,143,core/host/src/devhost_service.c,include/utils/hdf_dlist.h,DevHostServiceDelDevice,DListIsEmpty,functionimpl,functionimpl,Use,5.0,True,419,1769,['kernal_host'],['utils'],kernal_host,utils
28,143,core/host/src/devhost_service.c,include/utils/hdf_dlist.h,DevHostServiceConstruct,DListHeadInit,functionimpl,functionimpl,Use,5.0,True,417,1766,['kernal_host'],['utils'],kernal_host,utils
28,144,core/host/src/devhost_service.c,include/utils/hdf_log.h,,,file,file,Import,1.0,False,,,['kernal_host'],['utils'],kernal_host,utils
28,142,core/host/src/devhost_service.c,include/utils/hdf_base.h,,,file,file,Import,1.0,False,,,['kernal_host'],['utils'],kernal_host,utils
0,72,core/adapter/syscall/include/hdf_syscall_adapter.h,core/shared/include/hdf_io_service.h,,,file,file,Import,1.0,False,,,['convertor'],['common'],convertor,common
28,110,core/host/src/devhost_service.c,include/osal/osal_mem.h,DevHostServiceCreate,OsalMemCalloc,functionimpl,functionproto,Call,2.0,True,418,1392,['kernal_host'],['osal'],kernal_host,osal
28,110,core/host/src/devhost_service.c,include/osal/osal_mem.h,DevHostServiceRelease,OsalMemFree,functionimpl,functionproto,Call,2.0,True,427,1393,['kernal_host'],['osal'],kernal_host,osal
28,110,core/host/src/devhost_service.c,include/osal/osal_mem.h,,,file,file,Import,1.0,False,,,['kernal_host'],['osal'],kernal_host,osal
123,130,include/platform/i2s_if.h,include/platform/platform_if.h,,,file,file,Import,1.0,False,,,['platform'],['platform'],platform,platform
123,130,include/platform/i2s_if.h,include/platform/platform_if.h,I2sOpen,DevHandle,functionproto,alias,Return,1.0,True,1529,1630,['platform'],['platform'],platform,platform
123,130,include/platform/i2s_if.h,include/platform/platform_if.h,I2sClose,DevHandle,functionproto,alias,Parameter,11.0,True,1525,1630,['platform'],['platform'],platform,platform
123,130,include/platform/i2s_if.h,include/platform/platform_if.h,I2sEnable,DevHandle,functionproto,alias,Parameter,11.0,True,1527,1630,['platform'],['platform'],platform,platform
123,130,include/platform/i2s_if.h,include/platform/platform_if.h,I2sDisable,DevHandle,functionproto,alias,Parameter,11.0,True,1526,1630,['platform'],['platform'],platform,platform
123,130,include/platform/i2s_if.h,include/platform/platform_if.h,I2sWrite,DevHandle,functionproto,alias,Parameter,11.0,True,1536,1630,['platform'],['platform'],platform,platform
123,130,include/platform/i2s_if.h,include/platform/platform_if.h,I2sRead,DevHandle,functionproto,alias,Parameter,11.0,True,1530,1630,['platform'],['platform'],platform,platform
123,130,include/platform/i2s_if.h,include/platform/platform_if.h,I2sStartWrite,DevHandle,functionproto,alias,Parameter,11.0,True,1533,1630,['platform'],['platform'],platform,platform
123,130,include/platform/i2s_if.h,include/platform/platform_if.h,I2sStopWrite,DevHandle,functionproto,alias,Parameter,11.0,True,1535,1630,['platform'],['platform'],platform,platform
123,130,include/platform/i2s_if.h,include/platform/platform_if.h,I2sStartRead,DevHandle,functionproto,alias,Parameter,11.0,True,1532,1630,['platform'],['platform'],platform,platform
123,130,include/platform/i2s_if.h,include/platform/platform_if.h,I2sStopRead,DevHandle,functionproto,alias,Parameter,11.0,True,1534,1630,['platform'],['platform'],platform,platform
123,130,include/platform/i2s_if.h,include/platform/platform_if.h,I2sSetCfg,DevHandle,functionproto,alias,Parameter,11.0,True,1531,1630,['platform'],['platform'],platform,platform
123,130,include/platform/i2s_if.h,include/platform/platform_if.h,I2sGetCfg,DevHandle,functionproto,alias,Parameter,11.0,True,1528,1630,['platform'],['platform'],platform,platform
29,144,core/host/src/devmgr_service_clnt.c,include/utils/hdf_log.h,,,file,file,Import,1.0,False,,,['kernal_host'],['utils'],kernal_host,utils
29,142,core/host/src/devmgr_service_clnt.c,include/utils/hdf_base.h,,,file,file,Import,1.0,False,,,['kernal_host'],['utils'],kernal_host,utils
58,79,core/manager/src/power_state_token_clnt.c,core/shared/include/power_state_token_if.h,PowerStateTokenClntConstruct,IPowerStateToken,functionimpl,type,Use,1.0,True,908,1087,['manager'],['common'],manager,common
58,79,core/manager/src/power_state_token_clnt.c,core/shared/include/power_state_token_if.h,PowerStateTokenClntConstruct,IPowerStateToken,functionimpl,type,Parameter,2.0,True,908,1087,['manager'],['common'],manager,common
58,79,core/manager/src/power_state_token_clnt.c,core/shared/include/power_state_token_if.h,PowerStateTokenClntNewInstance,IPowerStateToken,functionimpl,type,Parameter,2.0,True,910,1087,['manager'],['common'],manager,common
8,140,core/common/src/buildin_config_entry.c,include/utils/device_resource_if.h,HdfGetHcsRootNode,DeviceResourceNode,functionimpl,type,Return,1.0,True,185,1761,['common'],['utils'],common,utils
58,49,core/manager/src/power_state_token_clnt.c,core/manager/include/power_state_token_clnt.h,PowerStateTokenClntNewInstance,PowerStateTokenClnt,functionimpl,type,Cast,1.0,True,910,723,['manager'],['manager'],manager,manager
58,49,core/manager/src/power_state_token_clnt.c,core/manager/include/power_state_token_clnt.h,,,file,file,Import,1.0,False,,,['manager'],['manager'],manager,manager
58,49,core/manager/src/power_state_token_clnt.c,core/manager/include/power_state_token_clnt.h,PowerStateTokenClntNewInstance,PowerStateTokenClnt,functionimpl,type,Return,1.0,True,910,723,['manager'],['manager'],manager,manager
58,49,core/manager/src/power_state_token_clnt.c,core/manager/include/power_state_token_clnt.h,PowerStateTokenClntConstruct,PowerStateTokenClnt,functionimpl,type,Use,3.0,True,908,723,['manager'],['manager'],manager,manager
58,49,core/manager/src/power_state_token_clnt.c,core/manager/include/power_state_token_clnt.h,PowerStateTokenClntNewInstance,PowerStateTokenClnt,functionimpl,type,Use,3.0,True,910,723,['manager'],['manager'],manager,manager
58,49,core/manager/src/power_state_token_clnt.c,core/manager/include/power_state_token_clnt.h,PowerStateTokenClntNewInstance,PowerStateTokenClntNewInstance,functionimpl,functionproto,Implement,2.0,True,910,722,['manager'],['manager'],manager,manager
58,49,core/manager/src/power_state_token_clnt.c,core/manager/include/power_state_token_clnt.h,PowerStateTokenClntFreeInstance,PowerStateTokenClntFreeInstance,functionimpl,functionproto,Implement,2.0,True,909,721,['manager'],['manager'],manager,manager
58,49,core/manager/src/power_state_token_clnt.c,core/manager/include/power_state_token_clnt.h,PowerStateTokenClntConstruct,PowerStateTokenClnt,functionimpl,type,Parameter,2.0,True,908,723,['manager'],['manager'],manager,manager
58,49,core/manager/src/power_state_token_clnt.c,core/manager/include/power_state_token_clnt.h,PowerStateTokenClntFreeInstance,PowerStateTokenClnt,functionimpl,type,Parameter,2.0,True,909,723,['manager'],['manager'],manager,manager
58,49,core/manager/src/power_state_token_clnt.c,core/manager/include/power_state_token_clnt.h,PowerStateTokenClntNewInstance,PowerStateTokenClnt,functionimpl,type,Contain,1.0,True,910,723,['manager'],['manager'],manager,manager
96,145,include/core/hdf_device_desc.h,include/utils/hdf_sbuf.h,,,file,file,Import,1.0,False,,,['common'],['utils'],common,utils
54,145,core/manager/src/devsvc_manager_ext.c,include/utils/hdf_sbuf.h,DevSvcManagerExtRegisterListener,HdfSbufReadUint16,functionimpl,functionproto,Call,3.0,True,848,1802,['manager'],['utils'],manager,utils
54,145,core/manager/src/devsvc_manager_ext.c,include/utils/hdf_sbuf.h,DeviceSvcMgrDispatch,HdfSbufReadUint64,functionimpl,functionproto,Call,3.0,True,852,1804,['manager'],['utils'],manager,utils
54,145,core/manager/src/devsvc_manager_ext.c,include/utils/hdf_sbuf.h,DeviceSvcMgrDispatch,HdfSbufFlush,functionimpl,functionproto,Call,3.0,True,852,1783,['manager'],['utils'],manager,utils
54,144,core/manager/src/devsvc_manager_ext.c,include/utils/hdf_log.h,,,file,file,Import,1.0,False,,,['manager'],['utils'],manager,utils
54,142,core/manager/src/devsvc_manager_ext.c,include/utils/hdf_base.h,,,file,file,Import,1.0,False,,,['manager'],['utils'],manager,utils
54,111,core/manager/src/devsvc_manager_ext.c,include/osal/osal_mutex.h,DevSvcManagerExtUnRegisterListener,OsalMutexLock,functionimpl,functionproto,Call,4.0,True,851,1397,['manager'],['osal'],manager,osal
54,111,core/manager/src/devsvc_manager_ext.c,include/osal/osal_mutex.h,DevSvcManagerExtUnRegisterListener,OsalMutexUnlock,functionimpl,functionproto,Call,4.0,True,851,1399,['manager'],['osal'],manager,osal
54,111,core/manager/src/devsvc_manager_ext.c,include/osal/osal_mutex.h,DevSvcManagerExtConstruct,OsalMutexInit,functionimpl,functionproto,Call,4.0,True,846,1396,['manager'],['osal'],manager,osal
54,111,core/manager/src/devsvc_manager_ext.c,include/osal/osal_mutex.h,,,file,file,Import,1.0,False,,,['manager'],['osal'],manager,osal
54,111,core/manager/src/devsvc_manager_ext.c,include/osal/osal_mutex.h,DevSvcManagerExt,OsalMutex,type,type,Contain,1.0,True,855,1400,['manager'],['osal'],manager,osal
54,110,core/manager/src/devsvc_manager_ext.c,include/osal/osal_mem.h,DevSvcManagerExtCreate,OsalMemCalloc,functionimpl,functionproto,Call,2.0,True,847,1392,['manager'],['osal'],manager,osal
54,110,core/manager/src/devsvc_manager_ext.c,include/osal/osal_mem.h,DevSvcManagerExtCreate,OsalMemFree,functionimpl,functionproto,Call,2.0,True,847,1393,['manager'],['osal'],manager,osal
54,110,core/manager/src/devsvc_manager_ext.c,include/osal/osal_mem.h,,,file,file,Import,1.0,False,,,['manager'],['osal'],manager,osal
26,96,core/host/include/hdf_service_subscriber.h,include/core/hdf_device_desc.h,,,file,file,Import,1.0,False,,,['kernal_host'],['common'],kernal_host,common
26,96,core/host/include/hdf_service_subscriber.h,include/core/hdf_device_desc.h,HdfServiceSubscriberObtain,SubscriberCallback,functionproto,type,Parameter,1.0,True,405,1241,['kernal_host'],['common'],kernal_host,common
26,96,core/host/include/hdf_service_subscriber.h,include/core/hdf_device_desc.h,HdfServiceSubscriber,SubscriberCallback,type,type,Contain,1.0,True,408,1241,['kernal_host'],['common'],kernal_host,common
145,142,include/utils/hdf_sbuf.h,include/utils/hdf_base.h,,,file,file,Import,1.0,False,,,['utils'],['utils'],utils,utils
85,97,core/shared/src/ioserstat_listener.c,include/core/hdf_io_service_if.h,OnIoServiceEventReceive,HdfDevEventlistener,functionimpl,type,Use,1.0,True,1122,1260,['common'],['common'],common,common
85,97,core/shared/src/ioserstat_listener.c,include/core/hdf_io_service_if.h,OnIoServiceEventReceive,HdfDevEventlistener,functionimpl,type,Parameter,2.0,True,1122,1260,['common'],['common'],common,common
85,97,core/shared/src/ioserstat_listener.c,include/core/hdf_io_service_if.h,OnIoServiceEventReceive,HdfIoService,functionimpl,type,Parameter,2.0,True,1122,1262,['common'],['common'],common,common
26,17,core/host/include/hdf_service_subscriber.h,core/host/include/hdf_device.h,,,file,file,Import,1.0,False,,,['kernal_host'],['kernal_host'],kernal_host,kernal_host
26,17,core/host/include/hdf_service_subscriber.h,core/host/include/hdf_device.h,HdfServiceSubscriberObtain,devid_t,functionproto,alias,Parameter,1.0,True,405,323,['kernal_host'],['kernal_host'],kernal_host,kernal_host
17,143,core/host/include/hdf_device.h,include/utils/hdf_dlist.h,,,file,file,Import,1.0,False,,,['kernal_host'],['utils'],kernal_host,utils
17,143,core/host/include/hdf_device.h,include/utils/hdf_dlist.h,HdfDevice,DListHead,type,type,Contain,2.0,True,333,1773,['kernal_host'],['utils'],kernal_host,utils
85,76,core/shared/src/ioserstat_listener.c,core/shared/include/hdf_service_status.h,OnIoServiceEventReceive,ServiceStatusUnMarshalling,functionimpl,functionproto,Call,1.0,True,1122,1067,['common'],['common'],common,common
85,76,core/shared/src/ioserstat_listener.c,core/shared/include/hdf_service_status.h,IoServiceStatusListenerNewInstance,ServiceStatusListener,functionimpl,type,Return,1.0,True,1121,1069,['common'],['common'],common,common
85,76,core/shared/src/ioserstat_listener.c,core/shared/include/hdf_service_status.h,OnIoServiceEventReceive,ServiceStatus,functionimpl,type,Use,1.0,True,1122,1068,['common'],['common'],common,common
85,76,core/shared/src/ioserstat_listener.c,core/shared/include/hdf_service_status.h,IoServiceStatusListenerFree,ServiceStatusListener,functionimpl,type,Parameter,1.0,True,1120,1069,['common'],['common'],common,common
85,76,core/shared/src/ioserstat_listener.c,core/shared/include/hdf_service_status.h,OnIoServiceEventReceive,ServiceStatus,functionimpl,type,Contain,1.0,True,1122,1068,['common'],['common'],common,common
85,78,core/shared/src/ioserstat_listener.c,core/shared/include/ioservstat_listener.h,IoServiceStatusListenerFree,IoServiceStatusListener,functionimpl,type,Cast,2.0,True,1120,1083,['common'],['common'],common,common
85,78,core/shared/src/ioserstat_listener.c,core/shared/include/ioservstat_listener.h,,,file,file,Import,1.0,False,,,['common'],['common'],common,common
85,78,core/shared/src/ioserstat_listener.c,core/shared/include/ioservstat_listener.h,OnIoServiceEventReceive,IoServiceStatusListener,functionimpl,type,Use,9.0,True,1122,1083,['common'],['common'],common,common
85,78,core/shared/src/ioserstat_listener.c,core/shared/include/ioservstat_listener.h,IoServiceStatusListenerNewInstance,IoServiceStatusListener,functionimpl,type,Use,9.0,True,1121,1083,['common'],['common'],common,common
85,78,core/shared/src/ioserstat_listener.c,core/shared/include/ioservstat_listener.h,IoServiceStatusListenerFree,IoServiceStatusListener,functionimpl,type,Use,9.0,True,1120,1083,['common'],['common'],common,common
85,78,core/shared/src/ioserstat_listener.c,core/shared/include/ioservstat_listener.h,IoServiceStatusListenerNewInstance,IoServiceStatusListenerNewInstance,functionimpl,functionproto,Implement,2.0,True,1121,1082,['common'],['common'],common,common
85,78,core/shared/src/ioserstat_listener.c,core/shared/include/ioservstat_listener.h,IoServiceStatusListenerFree,IoServiceStatusListenerFree,functionimpl,functionproto,Implement,2.0,True,1120,1081,['common'],['common'],common,common
85,78,core/shared/src/ioserstat_listener.c,core/shared/include/ioservstat_listener.h,OnIoServiceEventReceive,IoServiceStatusListener,functionimpl,type,Contain,3.0,True,1122,1083,['common'],['common'],common,common
85,78,core/shared/src/ioserstat_listener.c,core/shared/include/ioservstat_listener.h,IoServiceStatusListenerNewInstance,IoServiceStatusListener,functionimpl,type,Contain,3.0,True,1121,1083,['common'],['common'],common,common
85,78,core/shared/src/ioserstat_listener.c,core/shared/include/ioservstat_listener.h,IoServiceStatusListenerFree,IoServiceStatusListener,functionimpl,type,Contain,3.0,True,1120,1083,['common'],['common'],common,common
134,130,include/platform/rtc_if.h,include/platform/platform_if.h,,,file,file,Import,1.0,False,,,['platform'],['platform'],platform,platform
134,130,include/platform/rtc_if.h,include/platform/platform_if.h,RtcOpen,DevHandle,functionproto,alias,Return,1.0,True,1670,1630,['platform'],['platform'],platform,platform
134,130,include/platform/rtc_if.h,include/platform/platform_if.h,RtcClose,DevHandle,functionproto,alias,Parameter,12.0,True,1668,1630,['platform'],['platform'],platform,platform
134,130,include/platform/rtc_if.h,include/platform/platform_if.h,RtcReadTime,DevHandle,functionproto,alias,Parameter,12.0,True,1673,1630,['platform'],['platform'],platform,platform
134,130,include/platform/rtc_if.h,include/platform/platform_if.h,RtcWriteTime,DevHandle,functionproto,alias,Parameter,12.0,True,1679,1630,['platform'],['platform'],platform,platform
134,130,include/platform/rtc_if.h,include/platform/platform_if.h,RtcReadAlarm,DevHandle,functionproto,alias,Parameter,12.0,True,1671,1630,['platform'],['platform'],platform,platform
134,130,include/platform/rtc_if.h,include/platform/platform_if.h,RtcWriteAlarm,DevHandle,functionproto,alias,Parameter,12.0,True,1677,1630,['platform'],['platform'],platform,platform
134,130,include/platform/rtc_if.h,include/platform/platform_if.h,RtcRegisterAlarmCallback,DevHandle,functionproto,alias,Parameter,12.0,True,1674,1630,['platform'],['platform'],platform,platform
134,130,include/platform/rtc_if.h,include/platform/platform_if.h,RtcAlarmInterruptEnable,DevHandle,functionproto,alias,Parameter,12.0,True,1667,1630,['platform'],['platform'],platform,platform
134,130,include/platform/rtc_if.h,include/platform/platform_if.h,RtcGetFreq,DevHandle,functionproto,alias,Parameter,12.0,True,1669,1630,['platform'],['platform'],platform,platform
134,130,include/platform/rtc_if.h,include/platform/platform_if.h,RtcSetFreq,DevHandle,functionproto,alias,Parameter,12.0,True,1676,1630,['platform'],['platform'],platform,platform
134,130,include/platform/rtc_if.h,include/platform/platform_if.h,RtcReset,DevHandle,functionproto,alias,Parameter,12.0,True,1675,1630,['platform'],['platform'],platform,platform
134,130,include/platform/rtc_if.h,include/platform/platform_if.h,RtcReadReg,DevHandle,functionproto,alias,Parameter,12.0,True,1672,1630,['platform'],['platform'],platform,platform
134,130,include/platform/rtc_if.h,include/platform/platform_if.h,RtcWriteReg,DevHandle,functionproto,alias,Parameter,12.0,True,1678,1630,['platform'],['platform'],platform,platform
36,144,core/host/src/hdf_observer_record.c,include/utils/hdf_log.h,,,file,file,Import,1.0,False,,,['kernal_host'],['utils'],kernal_host,utils
36,110,core/host/src/hdf_observer_record.c,include/osal/osal_mem.h,HdfServiceObserverRecordObtain,OsalMemCalloc,functionimpl,functionproto,Call,3.0,True,600,1392,['kernal_host'],['osal'],kernal_host,osal
36,110,core/host/src/hdf_observer_record.c,include/osal/osal_mem.h,HdfServiceObserverRecordObtain,OsalMemFree,functionimpl,functionproto,Call,3.0,True,600,1393,['kernal_host'],['osal'],kernal_host,osal
36,110,core/host/src/hdf_observer_record.c,include/osal/osal_mem.h,HdfServiceObserverRecordRecycle,OsalMemFree,functionimpl,functionproto,Call,3.0,True,601,1393,['kernal_host'],['osal'],kernal_host,osal
36,110,core/host/src/hdf_observer_record.c,include/osal/osal_mem.h,,,file,file,Import,1.0,False,,,['kernal_host'],['osal'],kernal_host,osal
36,111,core/host/src/hdf_observer_record.c,include/osal/osal_mutex.h,HdfServiceObserverRecordObtain,OsalMutexInit,functionimpl,functionproto,Call,4.0,True,600,1396,['kernal_host'],['osal'],kernal_host,osal
36,111,core/host/src/hdf_observer_record.c,include/osal/osal_mutex.h,HdfServiceObserverRecordRecycle,OsalMutexDestroy,functionimpl,functionproto,Call,4.0,True,601,1395,['kernal_host'],['osal'],kernal_host,osal
36,111,core/host/src/hdf_observer_record.c,include/osal/osal_mutex.h,HdfServiceObserverRecordNotifySubscribers,OsalMutexLock,functionimpl,functionproto,Call,4.0,True,599,1397,['kernal_host'],['osal'],kernal_host,osal
36,111,core/host/src/hdf_observer_record.c,include/osal/osal_mutex.h,HdfServiceObserverRecordNotifySubscribers,OsalMutexUnlock,functionimpl,functionproto,Call,4.0,True,599,1399,['kernal_host'],['osal'],kernal_host,osal
115,142,include/osal/osal_time.h,include/utils/hdf_base.h,,,file,file,Import,1.0,False,,,['osal'],['utils'],osal,utils
50,6,core/manager/src/devhost_service_clnt.c,core/common/include/manager/devmgr_service_start.h,DevHostServiceClntInstallDriver,DeviceManagerIsQuickLoad,functionimpl,functionproto,Call,1.0,True,728,175,['manager'],['manager'],manager,manager
50,6,core/manager/src/devhost_service_clnt.c,core/common/include/manager/devmgr_service_start.h,,,file,file,Import,1.0,False,,,['manager'],['manager'],manager,manager
84,110,core/shared/src/hdf_service_record.c,include/osal/osal_mem.h,DevSvcRecordNewInstance,OsalMemCalloc,functionimpl,functionproto,Call,4.0,True,1117,1392,['common'],['osal'],common,osal
84,110,core/shared/src/hdf_service_record.c,include/osal/osal_mem.h,DevSvcRecordFreeInstance,OsalMemFree,functionimpl,functionproto,Call,4.0,True,1116,1393,['common'],['osal'],common,osal
84,110,core/shared/src/hdf_service_record.c,include/osal/osal_mem.h,,,file,file,Import,1.0,False,,,['common'],['osal'],common,osal
13,110,core/common/src/hdf_device_node_ext.c,include/osal/osal_mem.h,DeviceNodeExtCreate,OsalMemCalloc,functionimpl,functionproto,Call,2.0,True,275,1392,['common'],['osal'],common,osal
13,110,core/common/src/hdf_device_node_ext.c,include/osal/osal_mem.h,DeviceNodeExtRelease,OsalMemFree,functionimpl,functionproto,Call,2.0,True,279,1393,['common'],['osal'],common,osal
13,110,core/common/src/hdf_device_node_ext.c,include/osal/osal_mem.h,,,file,file,Import,1.0,False,,,['common'],['osal'],common,osal
53,18,core/manager/src/devsvc_manager.c,core/host/include/hdf_device_node.h,,,file,file,Import,1.0,False,,,['manager'],['kernal_host'],manager,kernal_host
45,67,core/manager/include/devsvc_manager.h,core/shared/include/devsvc_manager_if.h,,,file,file,Import,1.0,False,,,['manager'],['common'],manager,common
45,67,core/manager/include/devsvc_manager.h,core/shared/include/devsvc_manager_if.h,DevSvcManagerGetInstance,IDevSvcManager,functionproto,type,Return,1.0,True,700,1007,['manager'],['common'],manager,common
45,67,core/manager/include/devsvc_manager.h,core/shared/include/devsvc_manager_if.h,DevSvcManagerRelease,IDevSvcManager,functionproto,type,Parameter,4.0,True,703,1007,['manager'],['common'],manager,common
45,67,core/manager/include/devsvc_manager.h,core/shared/include/devsvc_manager_if.h,DevSvcManagerAddService,IDevSvcManager,functionproto,type,Parameter,4.0,True,696,1007,['manager'],['common'],manager,common
45,67,core/manager/include/devsvc_manager.h,core/shared/include/devsvc_manager_if.h,DevSvcManagerGetService,IDevSvcManager,functionproto,type,Parameter,4.0,True,701,1007,['manager'],['common'],manager,common
45,67,core/manager/include/devsvc_manager.h,core/shared/include/devsvc_manager_if.h,DevSvcManagerRemoveService,IDevSvcManager,functionproto,type,Parameter,4.0,True,704,1007,['manager'],['common'],manager,common
45,67,core/manager/include/devsvc_manager.h,core/shared/include/devsvc_manager_if.h,DevSvcManager,IDevSvcManager,type,type,Contain,1.0,True,706,1007,['manager'],['common'],manager,common
45,25,core/manager/include/devsvc_manager.h,core/host/include/hdf_service_observer.h,,,file,file,Import,1.0,False,,,['manager'],['kernal_host'],manager,kernal_host
45,25,core/manager/include/devsvc_manager.h,core/host/include/hdf_service_observer.h,DevSvcManager,HdfServiceObserver,type,type,Contain,1.0,True,706,402,['manager'],['kernal_host'],manager,kernal_host
138,130,include/platform/uart_if.h,include/platform/platform_if.h,,,file,file,Import,1.0,False,,,['platform'],['platform'],platform,platform
138,130,include/platform/uart_if.h,include/platform/platform_if.h,UartOpen,DevHandle,functionproto,alias,Return,1.0,True,1734,1630,['platform'],['platform'],platform,platform
138,130,include/platform/uart_if.h,include/platform/platform_if.h,UartClose,DevHandle,functionproto,alias,Parameter,8.0,True,1731,1630,['platform'],['platform'],platform,platform
138,130,include/platform/uart_if.h,include/platform/platform_if.h,UartRead,DevHandle,functionproto,alias,Parameter,8.0,True,1735,1630,['platform'],['platform'],platform,platform
138,130,include/platform/uart_if.h,include/platform/platform_if.h,UartWrite,DevHandle,functionproto,alias,Parameter,8.0,True,1739,1630,['platform'],['platform'],platform,platform
138,130,include/platform/uart_if.h,include/platform/platform_if.h,UartGetBaud,DevHandle,functionproto,alias,Parameter,8.0,True,1733,1630,['platform'],['platform'],platform,platform
138,130,include/platform/uart_if.h,include/platform/platform_if.h,UartSetBaud,DevHandle,functionproto,alias,Parameter,8.0,True,1737,1630,['platform'],['platform'],platform,platform
138,130,include/platform/uart_if.h,include/platform/platform_if.h,UartGetAttribute,DevHandle,functionproto,alias,Parameter,8.0,True,1732,1630,['platform'],['platform'],platform,platform
138,130,include/platform/uart_if.h,include/platform/platform_if.h,UartSetAttribute,DevHandle,functionproto,alias,Parameter,8.0,True,1736,1630,['platform'],['platform'],platform,platform
138,130,include/platform/uart_if.h,include/platform/platform_if.h,UartSetTransMode,DevHandle,functionproto,alias,Parameter,8.0,True,1738,1630,['platform'],['platform'],platform,platform
53,44,core/manager/src/devsvc_manager.c,core/manager/include/devsvc_listener_holder.h,NotifyServiceStatusLocked,ServStatListenerHolder,functionimpl,type,Cast,6.0,True,815,694,['manager'],['manager'],manager,manager
53,44,core/manager/src/devsvc_manager.c,core/manager/include/devsvc_listener_holder.h,NotifyServiceStatusLocked,ServStatListenerHolder,functionimpl,type,Use,13.0,True,815,694,['manager'],['manager'],manager,manager
53,44,core/manager/src/devsvc_manager.c,core/manager/include/devsvc_listener_holder.h,NotifyServiceStatusOnRegisterLocked,ServStatListenerHolder,functionimpl,type,Use,13.0,True,816,694,['manager'],['manager'],manager,manager
53,44,core/manager/src/devsvc_manager.c,core/manager/include/devsvc_listener_holder.h,DevSvcManagerRegsterServListener,ServStatListenerHolder,functionimpl,type,Use,13.0,True,807,694,['manager'],['manager'],manager,manager
53,44,core/manager/src/devsvc_manager.c,core/manager/include/devsvc_listener_holder.h,DevSvcManagerUnregsterServListener,ServStatListenerHolder,functionimpl,type,Use,13.0,True,813,694,['manager'],['manager'],manager,manager
53,44,core/manager/src/devsvc_manager.c,core/manager/include/devsvc_listener_holder.h,NotifyServiceStatusOnRegisterLocked,ServStatListenerHolder,functionimpl,type,Parameter,3.0,True,816,694,['manager'],['manager'],manager,manager
53,44,core/manager/src/devsvc_manager.c,core/manager/include/devsvc_listener_holder.h,DevSvcManagerRegsterServListener,ServStatListenerHolder,functionimpl,type,Parameter,3.0,True,807,694,['manager'],['manager'],manager,manager
53,44,core/manager/src/devsvc_manager.c,core/manager/include/devsvc_listener_holder.h,DevSvcManagerUnregsterServListener,ServStatListenerHolder,functionimpl,type,Parameter,3.0,True,813,694,['manager'],['manager'],manager,manager
53,44,core/manager/src/devsvc_manager.c,core/manager/include/devsvc_listener_holder.h,NotifyServiceStatusLocked,ServStatListenerHolder,functionimpl,type,Contain,2.0,True,815,694,['manager'],['manager'],manager,manager
53,45,core/manager/src/devsvc_manager.c,core/manager/include/devsvc_manager.h,DevSvcManagerSearchService,DevSvcManager,functionimpl,type,Cast,9.0,True,810,706,['manager'],['manager'],manager,manager
53,45,core/manager/src/devsvc_manager.c,core/manager/include/devsvc_manager.h,DevSvcManagerAddService,DevSvcManager,functionimpl,type,Cast,9.0,True,800,706,['manager'],['manager'],manager,manager
53,45,core/manager/src/devsvc_manager.c,core/manager/include/devsvc_manager.h,DevSvcManagerUpdateService,DevSvcManager,functionimpl,type,Cast,9.0,True,814,706,['manager'],['manager'],manager,manager
53,45,core/manager/src/devsvc_manager.c,core/manager/include/devsvc_manager.h,DevSvcManagerRemoveService,DevSvcManager,functionimpl,type,Cast,9.0,True,809,706,['manager'],['manager'],manager,manager
53,45,core/manager/src/devsvc_manager.c,core/manager/include/devsvc_manager.h,DevSvcManagerListService,DevSvcManager,functionimpl,type,Cast,9.0,True,806,706,['manager'],['manager'],manager,manager
53,45,core/manager/src/devsvc_manager.c,core/manager/include/devsvc_manager.h,DevSvcManagerRegsterServListener,DevSvcManager,functionimpl,type,Cast,9.0,True,807,706,['manager'],['manager'],manager,manager
53,45,core/manager/src/devsvc_manager.c,core/manager/include/devsvc_manager.h,DevSvcManagerUnregsterServListener,DevSvcManager,functionimpl,type,Cast,9.0,True,813,706,['manager'],['manager'],manager,manager
53,45,core/manager/src/devsvc_manager.c,core/manager/include/devsvc_manager.h,DevSvcManagerRelease,DevSvcManager,functionimpl,type,Cast,9.0,True,808,706,['manager'],['manager'],manager,manager
53,45,core/manager/src/devsvc_manager.c,core/manager/include/devsvc_manager.h,,,file,file,Import,1.0,False,,,['manager'],['manager'],manager,manager
53,45,core/manager/src/devsvc_manager.c,core/manager/include/devsvc_manager.h,DevSvcManagerSearchService,DevSvcManager,functionimpl,type,Use,22.0,True,810,706,['manager'],['manager'],manager,manager
53,45,core/manager/src/devsvc_manager.c,core/manager/include/devsvc_manager.h,DevSvcManagerAddService,DevSvcManager,functionimpl,type,Use,22.0,True,800,706,['manager'],['manager'],manager,manager
53,45,core/manager/src/devsvc_manager.c,core/manager/include/devsvc_manager.h,DevSvcManagerUpdateService,DevSvcManager,functionimpl,type,Use,22.0,True,814,706,['manager'],['manager'],manager,manager
53,45,core/manager/src/devsvc_manager.c,core/manager/include/devsvc_manager.h,DevSvcManagerRemoveService,DevSvcManager,functionimpl,type,Use,22.0,True,809,706,['manager'],['manager'],manager,manager
53,45,core/manager/src/devsvc_manager.c,core/manager/include/devsvc_manager.h,DevSvcManagerListService,DevSvcManager,functionimpl,type,Use,22.0,True,806,706,['manager'],['manager'],manager,manager
53,45,core/manager/src/devsvc_manager.c,core/manager/include/devsvc_manager.h,DevSvcManagerRegsterServListener,DevSvcManager,functionimpl,type,Use,22.0,True,807,706,['manager'],['manager'],manager,manager
53,45,core/manager/src/devsvc_manager.c,core/manager/include/devsvc_manager.h,DevSvcManagerUnregsterServListener,DevSvcManager,functionimpl,type,Use,22.0,True,813,706,['manager'],['manager'],manager,manager
53,45,core/manager/src/devsvc_manager.c,core/manager/include/devsvc_manager.h,DevSvcManagerConstruct,DevSvcManager,functionimpl,type,Use,22.0,True,801,706,['manager'],['manager'],manager,manager
53,45,core/manager/src/devsvc_manager.c,core/manager/include/devsvc_manager.h,DevSvcManagerRelease,DevSvcManager,functionimpl,type,Use,22.0,True,808,706,['manager'],['manager'],manager,manager
53,45,core/manager/src/devsvc_manager.c,core/manager/include/devsvc_manager.h,DevSvcManagerAddService,DevSvcManagerAddService,functionimpl,functionproto,Implement,9.0,True,800,696,['manager'],['manager'],manager,manager
53,45,core/manager/src/devsvc_manager.c,core/manager/include/devsvc_manager.h,DevSvcManagerRemoveService,DevSvcManagerRemoveService,functionimpl,functionproto,Implement,9.0,True,809,704,['manager'],['manager'],manager,manager
53,45,core/manager/src/devsvc_manager.c,core/manager/include/devsvc_manager.h,DevSvcManagerListService,DevSvcManagerListService,functionimpl,functionproto,Implement,9.0,True,806,702,['manager'],['manager'],manager,manager
53,45,core/manager/src/devsvc_manager.c,core/manager/include/devsvc_manager.h,DevSvcManagerGetService,DevSvcManagerGetService,functionimpl,functionproto,Implement,9.0,True,805,701,['manager'],['manager'],manager,manager
53,45,core/manager/src/devsvc_manager.c,core/manager/include/devsvc_manager.h,DevSvcManagerConstruct,DevSvcManagerConstruct,functionimpl,functionproto,Implement,9.0,True,801,698,['manager'],['manager'],manager,manager
53,45,core/manager/src/devsvc_manager.c,core/manager/include/devsvc_manager.h,DevSvcManagerStartService,DevSvcManagerStartService,functionimpl,functionproto,Implement,9.0,True,811,705,['manager'],['manager'],manager,manager
53,45,core/manager/src/devsvc_manager.c,core/manager/include/devsvc_manager.h,DevSvcManagerCreate,DevSvcManagerCreate,functionimpl,functionproto,Implement,9.0,True,802,699,['manager'],['manager'],manager,manager
53,45,core/manager/src/devsvc_manager.c,core/manager/include/devsvc_manager.h,DevSvcManagerRelease,DevSvcManagerRelease,functionimpl,functionproto,Implement,9.0,True,808,703,['manager'],['manager'],manager,manager
53,45,core/manager/src/devsvc_manager.c,core/manager/include/devsvc_manager.h,DevSvcManagerGetInstance,DevSvcManagerGetInstance,functionimpl,functionproto,Implement,9.0,True,803,700,['manager'],['manager'],manager,manager
53,45,core/manager/src/devsvc_manager.c,core/manager/include/devsvc_manager.h,NotifyServiceStatusLocked,DevSvcManager,functionimpl,type,Parameter,3.0,True,815,706,['manager'],['manager'],manager,manager
53,45,core/manager/src/devsvc_manager.c,core/manager/include/devsvc_manager.h,NotifyServiceStatusOnRegisterLocked,DevSvcManager,functionimpl,type,Parameter,3.0,True,816,706,['manager'],['manager'],manager,manager
53,45,core/manager/src/devsvc_manager.c,core/manager/include/devsvc_manager.h,DevSvcManagerConstruct,DevSvcManager,functionimpl,type,Parameter,3.0,True,801,706,['manager'],['manager'],manager,manager
53,45,core/manager/src/devsvc_manager.c,core/manager/include/devsvc_manager.h,DevSvcManagerSearchService,DevSvcManager,functionimpl,type,Contain,9.0,True,810,706,['manager'],['manager'],manager,manager
53,45,core/manager/src/devsvc_manager.c,core/manager/include/devsvc_manager.h,DevSvcManagerAddService,DevSvcManager,functionimpl,type,Contain,9.0,True,800,706,['manager'],['manager'],manager,manager
53,45,core/manager/src/devsvc_manager.c,core/manager/include/devsvc_manager.h,DevSvcManagerUpdateService,DevSvcManager,functionimpl,type,Contain,9.0,True,814,706,['manager'],['manager'],manager,manager
53,45,core/manager/src/devsvc_manager.c,core/manager/include/devsvc_manager.h,DevSvcManagerRemoveService,DevSvcManager,functionimpl,type,Contain,9.0,True,809,706,['manager'],['manager'],manager,manager
53,45,core/manager/src/devsvc_manager.c,core/manager/include/devsvc_manager.h,DevSvcManagerListService,DevSvcManager,functionimpl,type,Contain,9.0,True,806,706,['manager'],['manager'],manager,manager
53,45,core/manager/src/devsvc_manager.c,core/manager/include/devsvc_manager.h,DevSvcManagerRegsterServListener,DevSvcManager,functionimpl,type,Contain,9.0,True,807,706,['manager'],['manager'],manager,manager
53,45,core/manager/src/devsvc_manager.c,core/manager/include/devsvc_manager.h,DevSvcManagerUnregsterServListener,DevSvcManager,functionimpl,type,Contain,9.0,True,813,706,['manager'],['manager'],manager,manager
53,45,core/manager/src/devsvc_manager.c,core/manager/include/devsvc_manager.h,DevSvcManagerCreate,DevSvcManager,functionimpl,type,Contain,9.0,True,802,706,['manager'],['manager'],manager,manager
53,45,core/manager/src/devsvc_manager.c,core/manager/include/devsvc_manager.h,DevSvcManagerRelease,DevSvcManager,functionimpl,type,Contain,9.0,True,808,706,['manager'],['manager'],manager,manager
43,143,core/manager/include/devmgr_service.h,include/utils/hdf_dlist.h,,,file,file,Import,1.0,False,,,['manager'],['utils'],manager,utils
43,143,core/manager/include/devmgr_service.h,include/utils/hdf_dlist.h,DevmgrService,DListHead,type,type,Contain,1.0,True,687,1773,['manager'],['utils'],manager,utils
13,72,core/common/src/hdf_device_node_ext.c,core/shared/include/hdf_io_service.h,DeviceNodeExtPublishService,HdfIoServicePublish,functionimpl,functionproto,Call,3.0,True,278,1037,['common'],['common'],common,common
13,72,core/common/src/hdf_device_node_ext.c,core/shared/include/hdf_io_service.h,DeviceNodeExtPublishService,HdfIoServiceRemove,functionimpl,functionproto,Call,3.0,True,278,1038,['common'],['common'],common,common
13,72,core/common/src/hdf_device_node_ext.c,core/shared/include/hdf_io_service.h,DeviceNodeExtRemoveService,HdfIoServiceRemove,functionimpl,functionproto,Call,3.0,True,280,1038,['common'],['common'],common,common
13,72,core/common/src/hdf_device_node_ext.c,core/shared/include/hdf_io_service.h,,,file,file,Import,1.0,False,,,['common'],['common'],common,common
80,76,core/shared/include/svcmgr_ioservice.h,core/shared/include/hdf_service_status.h,,,file,file,Import,1.0,False,,,['common'],['common'],common,common
80,76,core/shared/include/svcmgr_ioservice.h,core/shared/include/hdf_service_status.h,,ServiceStatusListener,functionproto,type,Parameter,2.0,True,1089,1069,['common'],['common'],common,common
13,142,core/common/src/hdf_device_node_ext.c,include/utils/hdf_base.h,,,file,file,Import,1.0,False,,,['common'],['utils'],common,utils
13,144,core/common/src/hdf_device_node_ext.c,include/utils/hdf_log.h,,,file,file,Import,1.0,False,,,['common'],['utils'],common,utils
13,145,core/common/src/hdf_device_node_ext.c,include/utils/hdf_sbuf.h,DeviceNodeExtDispatch,HdfSbufReadUint64,functionimpl,functionproto,Call,2.0,True,277,1804,['common'],['utils'],common,utils
13,145,core/common/src/hdf_device_node_ext.c,include/utils/hdf_sbuf.h,DeviceNodeExtDispatch,HdfSbufFlush,functionimpl,functionproto,Call,2.0,True,277,1783,['common'],['utils'],common,utils
13,145,core/common/src/hdf_device_node_ext.c,include/utils/hdf_sbuf.h,,,file,file,Import,1.0,False,,,['common'],['utils'],common,utils
13,96,core/common/src/hdf_device_node_ext.c,include/core/hdf_device_desc.h,DeviceNodeExtDispatch,HdfDeviceIoClient,functionimpl,type,Cast,1.0,True,277,1237,['common'],['common'],common,common
13,96,core/common/src/hdf_device_node_ext.c,include/core/hdf_device_desc.h,,,file,file,Import,1.0,False,,,['common'],['common'],common,common
13,96,core/common/src/hdf_device_node_ext.c,include/core/hdf_device_desc.h,DeviceNodeExtDispatch,IDeviceIoService,functionimpl,type,Use,3.0,True,277,1240,['common'],['common'],common,common
13,96,core/common/src/hdf_device_node_ext.c,include/core/hdf_device_desc.h,DeviceNodeExtPublishService,HdfDeviceObject,functionimpl,type,Use,3.0,True,278,1238,['common'],['common'],common,common
13,96,core/common/src/hdf_device_node_ext.c,include/core/hdf_device_desc.h,DeviceNodeExtDispatch,IDeviceIoService,functionimpl,type,Contain,2.0,True,277,1240,['common'],['common'],common,common
13,96,core/common/src/hdf_device_node_ext.c,include/core/hdf_device_desc.h,DeviceNodeExtPublishService,HdfDeviceObject,functionimpl,type,Contain,2.0,True,278,1238,['common'],['common'],common,common
13,97,core/common/src/hdf_device_node_ext.c,include/core/hdf_io_service_if.h,DeviceNodeExtPublishService,HdfIoService,functionimpl,type,Use,2.0,True,278,1262,['common'],['common'],common,common
13,97,core/common/src/hdf_device_node_ext.c,include/core/hdf_io_service_if.h,DeviceNodeExtPublishService,HdfIoDispatcher,functionimpl,type,Use,2.0,True,278,1261,['common'],['common'],common,common
13,97,core/common/src/hdf_device_node_ext.c,include/core/hdf_io_service_if.h,DeviceNodeExtPublishService,HdfIoDispatcher,functionimpl,type,Contain,1.0,True,278,1261,['common'],['common'],common,common
13,98,core/common/src/hdf_device_node_ext.c,include/core/hdf_object.h,DeviceNodeExtPublishService,HdfObject,functionimpl,type,Cast,2.0,True,278,1265,['common'],['common'],common,common
13,98,core/common/src/hdf_device_node_ext.c,include/core/hdf_object.h,DeviceNodeExtCreate,HdfObject,functionimpl,type,Cast,2.0,True,275,1265,['common'],['common'],common,common
13,98,core/common/src/hdf_device_node_ext.c,include/core/hdf_object.h,DeviceNodeExtCreate,HdfObject,functionimpl,type,Return,1.0,True,275,1265,['common'],['common'],common,common
13,98,core/common/src/hdf_device_node_ext.c,include/core/hdf_object.h,DeviceNodeExtPublishService,HdfObject,functionimpl,type,Use,1.0,True,278,1265,['common'],['common'],common,common
13,98,core/common/src/hdf_device_node_ext.c,include/core/hdf_object.h,DeviceNodeExtDispatch,HdfObject,functionimpl,type,Parameter,2.0,True,277,1265,['common'],['common'],common,common
13,98,core/common/src/hdf_device_node_ext.c,include/core/hdf_object.h,DeviceNodeExtRelease,HdfObject,functionimpl,type,Parameter,2.0,True,279,1265,['common'],['common'],common,common
53,43,core/manager/src/devsvc_manager.c,core/manager/include/devmgr_service.h,DevSvcManagerSubscribeService,DevmgrService,functionimpl,type,Cast,1.0,True,812,687,['manager'],['manager'],manager,manager
53,43,core/manager/src/devsvc_manager.c,core/manager/include/devmgr_service.h,DevSvcManagerSubscribeService,DevmgrServiceGetInstance,functionimpl,functionproto,Call,1.0,True,812,683,['manager'],['manager'],manager,manager
53,43,core/manager/src/devsvc_manager.c,core/manager/include/devmgr_service.h,,,file,file,Import,1.0,False,,,['manager'],['manager'],manager,manager
53,43,core/manager/src/devsvc_manager.c,core/manager/include/devmgr_service.h,DevSvcManagerSubscribeService,DevmgrService,functionimpl,type,Use,2.0,True,812,687,['manager'],['manager'],manager,manager
53,43,core/manager/src/devsvc_manager.c,core/manager/include/devmgr_service.h,DevSvcManagerSubscribeService,DevmgrService,functionimpl,type,Contain,1.0,True,812,687,['manager'],['manager'],manager,manager
82,3,core/shared/src/hdf_io_service.c,core/adapter/vnode/include/hdf_vnode_adapter.h,,,file,file,Import,1.0,False,,,['common'],['convertor'],common,convertor
18,17,core/host/include/hdf_device_node.h,core/host/include/hdf_device.h,,,file,file,Import,1.0,False,,,['kernal_host'],['kernal_host'],kernal_host,kernal_host
18,17,core/host/include/hdf_device_node.h,core/host/include/hdf_device.h,HdfDeviceNode,HdfDevice,type,type,Contain,1.0,True,348,333,['kernal_host'],['kernal_host'],kernal_host,kernal_host
13,16,core/common/src/hdf_device_node_ext.c,core/host/include/devsvc_manager_clnt.h,,,file,file,Import,1.0,False,,,['common'],['kernal_host'],common,kernal_host
13,18,core/common/src/hdf_device_node_ext.c,core/host/include/hdf_device_node.h,DeviceNodeExtDispatch,HdfDeviceNode,functionimpl,type,Cast,3.0,True,277,348,['common'],['kernal_host'],common,kernal_host
13,18,core/common/src/hdf_device_node_ext.c,core/host/include/hdf_device_node.h,DeviceNodeExtConstruct,IDeviceNode,functionimpl,type,Cast,3.0,True,274,349,['common'],['kernal_host'],common,kernal_host
13,18,core/common/src/hdf_device_node_ext.c,core/host/include/hdf_device_node.h,DeviceNodeExtPublishService,HdfDeviceNodePublishPublicService,functionimpl,functionproto,Call,4.0,True,278,344,['common'],['kernal_host'],common,kernal_host
13,18,core/common/src/hdf_device_node_ext.c,core/host/include/hdf_device_node.h,DeviceNodeExtRemoveService,HdfDeviceNodeRemoveService,functionimpl,functionproto,Call,4.0,True,280,346,['common'],['kernal_host'],common,kernal_host
13,18,core/common/src/hdf_device_node_ext.c,core/host/include/hdf_device_node.h,DeviceNodeExtConstruct,HdfDeviceNodeConstruct,functionimpl,functionproto,Call,4.0,True,274,339,['common'],['kernal_host'],common,kernal_host
13,18,core/common/src/hdf_device_node_ext.c,core/host/include/hdf_device_node.h,DeviceNodeExtDestruct,HdfDeviceNodeDestruct,functionimpl,functionproto,Call,4.0,True,276,341,['common'],['kernal_host'],common,kernal_host
13,18,core/common/src/hdf_device_node_ext.c,core/host/include/hdf_device_node.h,DeviceNodeExtDispatch,HdfDeviceNode,functionimpl,type,Use,9.0,True,277,348,['common'],['kernal_host'],common,kernal_host
13,18,core/common/src/hdf_device_node_ext.c,core/host/include/hdf_device_node.h,DeviceNodeExtPublishService,HdfDeviceNode,functionimpl,type,Use,9.0,True,278,348,['common'],['kernal_host'],common,kernal_host
13,18,core/common/src/hdf_device_node_ext.c,core/host/include/hdf_device_node.h,DeviceNodeExtRemoveService,HdfDeviceNode,functionimpl,type,Use,9.0,True,280,348,['common'],['kernal_host'],common,kernal_host
13,18,core/common/src/hdf_device_node_ext.c,core/host/include/hdf_device_node.h,DeviceNodeExtConstruct,IDeviceNode,functionimpl,type,Use,9.0,True,274,349,['common'],['kernal_host'],common,kernal_host
13,18,core/common/src/hdf_device_node_ext.c,core/host/include/hdf_device_node.h,DeviceNodeExtPublishService,HdfDeviceNode,functionimpl,type,Parameter,2.0,True,278,348,['common'],['kernal_host'],common,kernal_host
13,18,core/common/src/hdf_device_node_ext.c,core/host/include/hdf_device_node.h,DeviceNodeExtRemoveService,HdfDeviceNode,functionimpl,type,Parameter,2.0,True,280,348,['common'],['kernal_host'],common,kernal_host
13,18,core/common/src/hdf_device_node_ext.c,core/host/include/hdf_device_node.h,DeviceNodeExtDispatch,HdfDeviceNode,functionimpl,type,Contain,2.0,True,277,348,['common'],['kernal_host'],common,kernal_host
13,18,core/common/src/hdf_device_node_ext.c,core/host/include/hdf_device_node.h,DeviceNodeExtConstruct,IDeviceNode,functionimpl,type,Contain,2.0,True,274,349,['common'],['kernal_host'],common,kernal_host
40,96,core/host/src/power_state_token.c,include/core/hdf_device_desc.h,,,file,file,Import,1.0,False,,,['kernal_host'],['common'],kernal_host,common
40,96,core/host/src/power_state_token.c,include/core/hdf_device_desc.h,PowerStateTokenConstruct,HdfDeviceObject,functionimpl,type,Use,1.0,True,654,1238,['kernal_host'],['common'],kernal_host,common
40,96,core/host/src/power_state_token.c,include/core/hdf_device_desc.h,PowerStateTokenConstruct,HdfDeviceObject,functionimpl,type,Parameter,2.0,True,654,1238,['kernal_host'],['common'],kernal_host,common
40,96,core/host/src/power_state_token.c,include/core/hdf_device_desc.h,PowerStateTokenNewInstance,HdfDeviceObject,functionimpl,type,Parameter,2.0,True,656,1238,['kernal_host'],['common'],kernal_host,common
40,79,core/host/src/power_state_token.c,core/shared/include/power_state_token_if.h,PowerStateTokenConstruct,IPowerStateToken,functionimpl,type,Use,2.0,True,654,1087,['kernal_host'],['common'],kernal_host,common
40,79,core/host/src/power_state_token.c,core/shared/include/power_state_token_if.h,PowerStateTokenAcquireWakeLock,IPowerStateToken,functionimpl,type,Parameter,2.0,True,653,1087,['kernal_host'],['common'],kernal_host,common
40,79,core/host/src/power_state_token.c,core/shared/include/power_state_token_if.h,PowerStateTokenReleaseWakeLock,IPowerStateToken,functionimpl,type,Parameter,2.0,True,659,1087,['kernal_host'],['common'],kernal_host,common
40,79,core/host/src/power_state_token.c,core/shared/include/power_state_token_if.h,PowerStateTokenConstruct,IPowerStateToken,functionimpl,type,Contain,1.0,True,654,1087,['kernal_host'],['common'],kernal_host,common
2,0,core/adapter/syscall/src/hdf_syscall_adapter.c,core/adapter/syscall/include/hdf_syscall_adapter.h,HdfFdToAdapterLocked,HdfSyscallAdapter,functionimpl,type,Cast,47.0,True,36,3,['convertor'],['convertor'],convertor,convertor
2,0,core/adapter/syscall/src/hdf_syscall_adapter.c,core/adapter/syscall/include/hdf_syscall_adapter.h,HdfDevEventListenTask,HdfDevListenerThread,functionimpl,type,Cast,47.0,True,26,1,['convertor'],['convertor'],convertor,convertor
2,0,core/adapter/syscall/src/hdf_syscall_adapter.c,core/adapter/syscall/include/hdf_syscall_adapter.h,HdfListenThreadInitPollFds,HdfSyscallAdapter,functionimpl,type,Cast,47.0,True,52,3,['convertor'],['convertor'],convertor,convertor
2,0,core/adapter/syscall/src/hdf_syscall_adapter.c,core/adapter/syscall/include/hdf_syscall_adapter.h,HdfListenThreadPollAdd,HdfSyscallAdapter,functionimpl,type,Cast,47.0,True,53,3,['convertor'],['convertor'],convertor,convertor
2,0,core/adapter/syscall/src/hdf_syscall_adapter.c,core/adapter/syscall/include/hdf_syscall_adapter.h,HdfSyscallAdapterDispatch,HdfSyscallAdapter,functionimpl,type,Cast,47.0,True,55,3,['convertor'],['convertor'],convertor,convertor
2,0,core/adapter/syscall/src/hdf_syscall_adapter.c,core/adapter/syscall/include/hdf_syscall_adapter.h,HdfIoServiceAdapterObtain,HdfSyscallAdapter,functionimpl,type,Cast,47.0,True,37,3,['convertor'],['convertor'],convertor,convertor
2,0,core/adapter/syscall/src/hdf_syscall_adapter.c,core/adapter/syscall/include/hdf_syscall_adapter.h,HdfIoServiceAdapterRecycle,HdfSyscallAdapter,functionimpl,type,Cast,47.0,True,38,3,['convertor'],['convertor'],convertor,convertor
2,0,core/adapter/syscall/src/hdf_syscall_adapter.c,core/adapter/syscall/include/hdf_syscall_adapter.h,HdfDeviceRegisterEventListener,HdfSyscallAdapter,functionimpl,type,Cast,47.0,True,34,3,['convertor'],['convertor'],convertor,convertor
2,0,core/adapter/syscall/src/hdf_syscall_adapter.c,core/adapter/syscall/include/hdf_syscall_adapter.h,HdfDeviceUnregisterEventListener,HdfSyscallAdapter,functionimpl,type,Cast,47.0,True,35,3,['convertor'],['convertor'],convertor,convertor
2,0,core/adapter/syscall/src/hdf_syscall_adapter.c,core/adapter/syscall/include/hdf_syscall_adapter.h,HdfIoServiceGroupRecycle,HdfSyscallAdapterGroup,functionimpl,type,Cast,47.0,True,41,4,['convertor'],['convertor'],convertor,convertor
2,0,core/adapter/syscall/src/hdf_syscall_adapter.c,core/adapter/syscall/include/hdf_syscall_adapter.h,HdfIoServiceGroupRecycle,HdfSyscallAdapter,functionimpl,type,Cast,47.0,True,41,3,['convertor'],['convertor'],convertor,convertor
2,0,core/adapter/syscall/src/hdf_syscall_adapter.c,core/adapter/syscall/include/hdf_syscall_adapter.h,HdfIoServiceGroupRegisterListener,HdfSyscallAdapterGroup,functionimpl,type,Cast,47.0,True,42,4,['convertor'],['convertor'],convertor,convertor
2,0,core/adapter/syscall/src/hdf_syscall_adapter.c,core/adapter/syscall/include/hdf_syscall_adapter.h,GetListenerCount,HdfSyscallAdapter,functionimpl,type,Cast,47.0,True,17,3,['convertor'],['convertor'],convertor,convertor
2,0,core/adapter/syscall/src/hdf_syscall_adapter.c,core/adapter/syscall/include/hdf_syscall_adapter.h,HdfIoServiceGroupUnregisterListener,HdfSyscallAdapterGroup,functionimpl,type,Cast,47.0,True,46,4,['convertor'],['convertor'],convertor,convertor
2,0,core/adapter/syscall/src/hdf_syscall_adapter.c,core/adapter/syscall/include/hdf_syscall_adapter.h,HdfIoServiceGroupAddService,HdfSyscallAdapter,functionimpl,type,Cast,47.0,True,39,3,['convertor'],['convertor'],convertor,convertor
2,0,core/adapter/syscall/src/hdf_syscall_adapter.c,core/adapter/syscall/include/hdf_syscall_adapter.h,HdfIoServiceGroupAddService,HdfSyscallAdapterGroup,functionimpl,type,Cast,47.0,True,39,4,['convertor'],['convertor'],convertor,convertor
2,0,core/adapter/syscall/src/hdf_syscall_adapter.c,core/adapter/syscall/include/hdf_syscall_adapter.h,HdfIoServiceGroupRemoveService,HdfSyscallAdapter,functionimpl,type,Cast,47.0,True,43,3,['convertor'],['convertor'],convertor,convertor
2,0,core/adapter/syscall/src/hdf_syscall_adapter.c,core/adapter/syscall/include/hdf_syscall_adapter.h,HdfIoServiceGroupRemoveService,HdfSyscallAdapterGroup,functionimpl,type,Cast,47.0,True,43,4,['convertor'],['convertor'],convertor,convertor
2,0,core/adapter/syscall/src/hdf_syscall_adapter.c,core/adapter/syscall/include/hdf_syscall_adapter.h,HdfIoserviceGetListenerCount,HdfSyscallAdapter,functionimpl,type,Cast,47.0,True,49,3,['convertor'],['convertor'],convertor,convertor
2,0,core/adapter/syscall/src/hdf_syscall_adapter.c,core/adapter/syscall/include/hdf_syscall_adapter.h,HdfIoserviceGroupGetListenerCount,HdfSyscallAdapterGroup,functionimpl,type,Cast,47.0,True,50,4,['convertor'],['convertor'],convertor,convertor
2,0,core/adapter/syscall/src/hdf_syscall_adapter.c,core/adapter/syscall/include/hdf_syscall_adapter.h,HdfIoserviceGroupGetServiceCount,HdfSyscallAdapterGroup,functionimpl,type,Cast,47.0,True,51,4,['convertor'],['convertor'],convertor,convertor
2,0,core/adapter/syscall/src/hdf_syscall_adapter.c,core/adapter/syscall/include/hdf_syscall_adapter.h,,,file,file,Import,1.0,False,,,['convertor'],['convertor'],convertor,convertor
2,0,core/adapter/syscall/src/hdf_syscall_adapter.c,core/adapter/syscall/include/hdf_syscall_adapter.h,HdfFdToAdapterLocked,HdfSyscallAdapter,functionimpl,type,Return,2.0,True,36,3,['convertor'],['convertor'],convertor,convertor
2,0,core/adapter/syscall/src/hdf_syscall_adapter.c,core/adapter/syscall/include/hdf_syscall_adapter.h,HdfDevListenerThreadObtain,HdfDevListenerThread,functionimpl,type,Return,2.0,True,32,1,['convertor'],['convertor'],convertor,convertor
2,0,core/adapter/syscall/src/hdf_syscall_adapter.c,core/adapter/syscall/include/hdf_syscall_adapter.h,HdfFdToAdapterLocked,HdfDevListenerThread,functionimpl,type,Use,253.0,True,36,1,['convertor'],['convertor'],convertor,convertor
2,0,core/adapter/syscall/src/hdf_syscall_adapter.c,core/adapter/syscall/include/hdf_syscall_adapter.h,HdfFdToAdapterLocked,HdfSyscallAdapter,functionimpl,type,Use,253.0,True,36,3,['convertor'],['convertor'],convertor,convertor
2,0,core/adapter/syscall/src/hdf_syscall_adapter.c,core/adapter/syscall/include/hdf_syscall_adapter.h,HdfDevEventDispatchLocked,HdfDevListenerThread,functionimpl,type,Use,253.0,True,24,1,['convertor'],['convertor'],convertor,convertor
2,0,core/adapter/syscall/src/hdf_syscall_adapter.c,core/adapter/syscall/include/hdf_syscall_adapter.h,HdfDevEventDispatchLocked,HdfSyscallAdapter,functionimpl,type,Use,253.0,True,24,3,['convertor'],['convertor'],convertor,convertor
2,0,core/adapter/syscall/src/hdf_syscall_adapter.c,core/adapter/syscall/include/hdf_syscall_adapter.h,HdfDevEventReadAndDispatch,HdfDevListenerThread,functionimpl,type,Use,253.0,True,27,1,['convertor'],['convertor'],convertor,convertor
2,0,core/adapter/syscall/src/hdf_syscall_adapter.c,core/adapter/syscall/include/hdf_syscall_adapter.h,HdfDevEventReadAndDispatch,HdfSyscallAdapter,functionimpl,type,Use,253.0,True,27,3,['convertor'],['convertor'],convertor,convertor
2,0,core/adapter/syscall/src/hdf_syscall_adapter.c,core/adapter/syscall/include/hdf_syscall_adapter.h,AssignPfds,HdfDevListenerThread,functionimpl,type,Use,253.0,True,16,1,['convertor'],['convertor'],convertor,convertor
2,0,core/adapter/syscall/src/hdf_syscall_adapter.c,core/adapter/syscall/include/hdf_syscall_adapter.h,HdfDevEventListenTask,HdfDevListenerThread,functionimpl,type,Use,253.0,True,26,1,['convertor'],['convertor'],convertor,convertor
2,0,core/adapter/syscall/src/hdf_syscall_adapter.c,core/adapter/syscall/include/hdf_syscall_adapter.h,HdfDevListenerThreadDoInit,HdfDevListenerThread,functionimpl,type,Use,253.0,True,29,1,['convertor'],['convertor'],convertor,convertor
2,0,core/adapter/syscall/src/hdf_syscall_adapter.c,core/adapter/syscall/include/hdf_syscall_adapter.h,HdfDevListenerThreadInit,HdfDevListenerThread,functionimpl,type,Use,253.0,True,31,1,['convertor'],['convertor'],convertor,convertor
2,0,core/adapter/syscall/src/hdf_syscall_adapter.c,core/adapter/syscall/include/hdf_syscall_adapter.h,GetValidPfdIndexLocked,HdfDevListenerThread,functionimpl,type,Use,253.0,True,18,1,['convertor'],['convertor'],convertor,convertor
2,0,core/adapter/syscall/src/hdf_syscall_adapter.c,core/adapter/syscall/include/hdf_syscall_adapter.h,GetValidPfdIndexLocked,HdfSyscallAdapter,functionimpl,type,Use,253.0,True,18,3,['convertor'],['convertor'],convertor,convertor
2,0,core/adapter/syscall/src/hdf_syscall_adapter.c,core/adapter/syscall/include/hdf_syscall_adapter.h,HdfAddAdapterToPfds,HdfSyscallAdapter,functionimpl,type,Use,253.0,True,23,3,['convertor'],['convertor'],convertor,convertor
2,0,core/adapter/syscall/src/hdf_syscall_adapter.c,core/adapter/syscall/include/hdf_syscall_adapter.h,HdfAddAdapterToPfds,HdfDevListenerThread,functionimpl,type,Use,253.0,True,23,1,['convertor'],['convertor'],convertor,convertor
2,0,core/adapter/syscall/src/hdf_syscall_adapter.c,core/adapter/syscall/include/hdf_syscall_adapter.h,HdfListenThreadInitPollFds,HdfDevListenerThread,functionimpl,type,Use,253.0,True,52,1,['convertor'],['convertor'],convertor,convertor
2,0,core/adapter/syscall/src/hdf_syscall_adapter.c,core/adapter/syscall/include/hdf_syscall_adapter.h,HdfListenThreadInitPollFds,HdfSyscallAdapter,functionimpl,type,Use,253.0,True,52,3,['convertor'],['convertor'],convertor,convertor
2,0,core/adapter/syscall/src/hdf_syscall_adapter.c,core/adapter/syscall/include/hdf_syscall_adapter.h,HdfDevListenerThreadStart,HdfDevListenerThread,functionimpl,type,Use,253.0,True,33,1,['convertor'],['convertor'],convertor,convertor
2,0,core/adapter/syscall/src/hdf_syscall_adapter.c,core/adapter/syscall/include/hdf_syscall_adapter.h,HdfDevListenerThreadObtain,HdfDevListenerThread,functionimpl,type,Use,253.0,True,32,1,['convertor'],['convertor'],convertor,convertor
2,0,core/adapter/syscall/src/hdf_syscall_adapter.c,core/adapter/syscall/include/hdf_syscall_adapter.h,HdfIoServiceGroupThreadInit,HdfSyscallAdapterGroup,functionimpl,type,Use,253.0,True,44,4,['convertor'],['convertor'],convertor,convertor
2,0,core/adapter/syscall/src/hdf_syscall_adapter.c,core/adapter/syscall/include/hdf_syscall_adapter.h,HdfIoServiceGroupThreadInit,HdfDevListenerThread,functionimpl,type,Use,253.0,True,44,1,['convertor'],['convertor'],convertor,convertor
2,0,core/adapter/syscall/src/hdf_syscall_adapter.c,core/adapter/syscall/include/hdf_syscall_adapter.h,HdfIoServiceGroupThreadStart,HdfSyscallAdapterGroup,functionimpl,type,Use,253.0,True,45,4,['convertor'],['convertor'],convertor,convertor
2,0,core/adapter/syscall/src/hdf_syscall_adapter.c,core/adapter/syscall/include/hdf_syscall_adapter.h,HdfListenThreadPollAdd,HdfDevListenerThread,functionimpl,type,Use,253.0,True,53,1,['convertor'],['convertor'],convertor,convertor
2,0,core/adapter/syscall/src/hdf_syscall_adapter.c,core/adapter/syscall/include/hdf_syscall_adapter.h,HdfListenThreadPollAdd,HdfSyscallAdapter,functionimpl,type,Use,253.0,True,53,3,['convertor'],['convertor'],convertor,convertor
2,0,core/adapter/syscall/src/hdf_syscall_adapter.c,core/adapter/syscall/include/hdf_syscall_adapter.h,HdfListenThreadPollDel,HdfSyscallAdapter,functionimpl,type,Use,253.0,True,54,3,['convertor'],['convertor'],convertor,convertor
2,0,core/adapter/syscall/src/hdf_syscall_adapter.c,core/adapter/syscall/include/hdf_syscall_adapter.h,HdfListenThreadPollDel,HdfDevListenerThread,functionimpl,type,Use,253.0,True,54,1,['convertor'],['convertor'],convertor,convertor
2,0,core/adapter/syscall/src/hdf_syscall_adapter.c,core/adapter/syscall/include/hdf_syscall_adapter.h,HdfDevListenerThreadFree,HdfDevListenerThread,functionimpl,type,Use,253.0,True,30,1,['convertor'],['convertor'],convertor,convertor
2,0,core/adapter/syscall/src/hdf_syscall_adapter.c,core/adapter/syscall/include/hdf_syscall_adapter.h,HdfDevListenerThreadDestroy,HdfDevListenerThread,functionimpl,type,Use,253.0,True,28,1,['convertor'],['convertor'],convertor,convertor
2,0,core/adapter/syscall/src/hdf_syscall_adapter.c,core/adapter/syscall/include/hdf_syscall_adapter.h,HdfSyscallAdapterDispatch,HdfSyscallAdapter,functionimpl,type,Use,253.0,True,55,3,['convertor'],['convertor'],convertor,convertor
2,0,core/adapter/syscall/src/hdf_syscall_adapter.c,core/adapter/syscall/include/hdf_syscall_adapter.h,HdfIoServiceAdapterObtain,HdfSyscallAdapter,functionimpl,type,Use,253.0,True,37,3,['convertor'],['convertor'],convertor,convertor
2,0,core/adapter/syscall/src/hdf_syscall_adapter.c,core/adapter/syscall/include/hdf_syscall_adapter.h,HdfIoServiceAdapterRecycle,HdfSyscallAdapter,functionimpl,type,Use,253.0,True,38,3,['convertor'],['convertor'],convertor,convertor
2,0,core/adapter/syscall/src/hdf_syscall_adapter.c,core/adapter/syscall/include/hdf_syscall_adapter.h,HdfIoServiceThreadBindLocked,HdfSyscallAdapter,functionimpl,type,Use,253.0,True,48,3,['convertor'],['convertor'],convertor,convertor
2,0,core/adapter/syscall/src/hdf_syscall_adapter.c,core/adapter/syscall/include/hdf_syscall_adapter.h,HdfIoServiceThreadBindLocked,HdfDevListenerThread,functionimpl,type,Use,253.0,True,48,1,['convertor'],['convertor'],convertor,convertor
2,0,core/adapter/syscall/src/hdf_syscall_adapter.c,core/adapter/syscall/include/hdf_syscall_adapter.h,HdfIoServiceStartListen,HdfSyscallAdapter,functionimpl,type,Use,253.0,True,47,3,['convertor'],['convertor'],convertor,convertor
2,0,core/adapter/syscall/src/hdf_syscall_adapter.c,core/adapter/syscall/include/hdf_syscall_adapter.h,AddListenerToAdapterLocked,HdfSyscallAdapter,functionimpl,type,Use,253.0,True,15,3,['convertor'],['convertor'],convertor,convertor
2,0,core/adapter/syscall/src/hdf_syscall_adapter.c,core/adapter/syscall/include/hdf_syscall_adapter.h,HdfDeviceRegisterEventListener,HdfSyscallAdapter,functionimpl,type,Use,253.0,True,34,3,['convertor'],['convertor'],convertor,convertor
2,0,core/adapter/syscall/src/hdf_syscall_adapter.c,core/adapter/syscall/include/hdf_syscall_adapter.h,HdfDeviceUnregisterEventListener,HdfSyscallAdapter,functionimpl,type,Use,253.0,True,35,3,['convertor'],['convertor'],convertor,convertor
2,0,core/adapter/syscall/src/hdf_syscall_adapter.c,core/adapter/syscall/include/hdf_syscall_adapter.h,HdfIoServiceGroupObtain,HdfSyscallAdapterGroup,functionimpl,type,Use,253.0,True,40,4,['convertor'],['convertor'],convertor,convertor
2,0,core/adapter/syscall/src/hdf_syscall_adapter.c,core/adapter/syscall/include/hdf_syscall_adapter.h,HdfIoServiceGroupRecycle,HdfSyscallAdapterGroup,functionimpl,type,Use,253.0,True,41,4,['convertor'],['convertor'],convertor,convertor
2,0,core/adapter/syscall/src/hdf_syscall_adapter.c,core/adapter/syscall/include/hdf_syscall_adapter.h,HdfIoServiceGroupRecycle,HdfSyscallAdapter,functionimpl,type,Use,253.0,True,41,3,['convertor'],['convertor'],convertor,convertor
2,0,core/adapter/syscall/src/hdf_syscall_adapter.c,core/adapter/syscall/include/hdf_syscall_adapter.h,HdfIoServiceGroupRegisterListener,HdfSyscallAdapterGroup,functionimpl,type,Use,253.0,True,42,4,['convertor'],['convertor'],convertor,convertor
2,0,core/adapter/syscall/src/hdf_syscall_adapter.c,core/adapter/syscall/include/hdf_syscall_adapter.h,HdfIoServiceGroupRegisterListener,HdfDevListenerThread,functionimpl,type,Use,253.0,True,42,1,['convertor'],['convertor'],convertor,convertor
2,0,core/adapter/syscall/src/hdf_syscall_adapter.c,core/adapter/syscall/include/hdf_syscall_adapter.h,GetListenerCount,HdfDevListenerThread,functionimpl,type,Use,253.0,True,17,1,['convertor'],['convertor'],convertor,convertor
2,0,core/adapter/syscall/src/hdf_syscall_adapter.c,core/adapter/syscall/include/hdf_syscall_adapter.h,GetListenerCount,HdfSyscallAdapter,functionimpl,type,Use,253.0,True,17,3,['convertor'],['convertor'],convertor,convertor
2,0,core/adapter/syscall/src/hdf_syscall_adapter.c,core/adapter/syscall/include/hdf_syscall_adapter.h,HdfIoServiceGroupUnregisterListener,HdfSyscallAdapterGroup,functionimpl,type,Use,253.0,True,46,4,['convertor'],['convertor'],convertor,convertor
2,0,core/adapter/syscall/src/hdf_syscall_adapter.c,core/adapter/syscall/include/hdf_syscall_adapter.h,HdfIoServiceGroupAddService,HdfSyscallAdapter,functionimpl,type,Use,253.0,True,39,3,['convertor'],['convertor'],convertor,convertor
2,0,core/adapter/syscall/src/hdf_syscall_adapter.c,core/adapter/syscall/include/hdf_syscall_adapter.h,HdfIoServiceGroupAddService,HdfSyscallAdapterGroup,functionimpl,type,Use,253.0,True,39,4,['convertor'],['convertor'],convertor,convertor
2,0,core/adapter/syscall/src/hdf_syscall_adapter.c,core/adapter/syscall/include/hdf_syscall_adapter.h,HdfIoServiceGroupAddService,HdfDevListenerThread,functionimpl,type,Use,253.0,True,39,1,['convertor'],['convertor'],convertor,convertor
2,0,core/adapter/syscall/src/hdf_syscall_adapter.c,core/adapter/syscall/include/hdf_syscall_adapter.h,HdfIoServiceGroupRemoveService,HdfSyscallAdapter,functionimpl,type,Use,253.0,True,43,3,['convertor'],['convertor'],convertor,convertor
2,0,core/adapter/syscall/src/hdf_syscall_adapter.c,core/adapter/syscall/include/hdf_syscall_adapter.h,HdfIoServiceGroupRemoveService,HdfSyscallAdapterGroup,functionimpl,type,Use,253.0,True,43,4,['convertor'],['convertor'],convertor,convertor
2,0,core/adapter/syscall/src/hdf_syscall_adapter.c,core/adapter/syscall/include/hdf_syscall_adapter.h,HdfIoserviceGetListenerCount,HdfSyscallAdapter,functionimpl,type,Use,253.0,True,49,3,['convertor'],['convertor'],convertor,convertor
2,0,core/adapter/syscall/src/hdf_syscall_adapter.c,core/adapter/syscall/include/hdf_syscall_adapter.h,HdfIoserviceGroupGetListenerCount,HdfSyscallAdapterGroup,functionimpl,type,Use,253.0,True,50,4,['convertor'],['convertor'],convertor,convertor
2,0,core/adapter/syscall/src/hdf_syscall_adapter.c,core/adapter/syscall/include/hdf_syscall_adapter.h,HdfIoserviceGroupGetServiceCount,HdfSyscallAdapterGroup,functionimpl,type,Use,253.0,True,51,4,['convertor'],['convertor'],convertor,convertor
2,0,core/adapter/syscall/src/hdf_syscall_adapter.c,core/adapter/syscall/include/hdf_syscall_adapter.h,HdfFdToAdapterLocked,HdfDevListenerThread,functionimpl,type,Parameter,25.0,True,36,1,['convertor'],['convertor'],convertor,convertor
2,0,core/adapter/syscall/src/hdf_syscall_adapter.c,core/adapter/syscall/include/hdf_syscall_adapter.h,HdfDevEventDispatchLocked,HdfDevListenerThread,functionimpl,type,Parameter,25.0,True,24,1,['convertor'],['convertor'],convertor,convertor
2,0,core/adapter/syscall/src/hdf_syscall_adapter.c,core/adapter/syscall/include/hdf_syscall_adapter.h,HdfDevEventDispatchLocked,HdfSyscallAdapter,functionimpl,type,Parameter,25.0,True,24,3,['convertor'],['convertor'],convertor,convertor
2,0,core/adapter/syscall/src/hdf_syscall_adapter.c,core/adapter/syscall/include/hdf_syscall_adapter.h,HdfDevEventReadAndDispatch,HdfDevListenerThread,functionimpl,type,Parameter,25.0,True,27,1,['convertor'],['convertor'],convertor,convertor
2,0,core/adapter/syscall/src/hdf_syscall_adapter.c,core/adapter/syscall/include/hdf_syscall_adapter.h,AssignPfds,HdfDevListenerThread,functionimpl,type,Parameter,25.0,True,16,1,['convertor'],['convertor'],convertor,convertor
2,0,core/adapter/syscall/src/hdf_syscall_adapter.c,core/adapter/syscall/include/hdf_syscall_adapter.h,HdfDevListenerThreadDoInit,HdfDevListenerThread,functionimpl,type,Parameter,25.0,True,29,1,['convertor'],['convertor'],convertor,convertor
2,0,core/adapter/syscall/src/hdf_syscall_adapter.c,core/adapter/syscall/include/hdf_syscall_adapter.h,HdfDevListenerThreadInit,HdfDevListenerThread,functionimpl,type,Parameter,25.0,True,31,1,['convertor'],['convertor'],convertor,convertor
2,0,core/adapter/syscall/src/hdf_syscall_adapter.c,core/adapter/syscall/include/hdf_syscall_adapter.h,GetValidPfdIndexLocked,HdfDevListenerThread,functionimpl,type,Parameter,25.0,True,18,1,['convertor'],['convertor'],convertor,convertor
2,0,core/adapter/syscall/src/hdf_syscall_adapter.c,core/adapter/syscall/include/hdf_syscall_adapter.h,GetValidPfdIndexLocked,HdfSyscallAdapter,functionimpl,type,Parameter,25.0,True,18,3,['convertor'],['convertor'],convertor,convertor
2,0,core/adapter/syscall/src/hdf_syscall_adapter.c,core/adapter/syscall/include/hdf_syscall_adapter.h,HdfAddAdapterToPfds,HdfDevListenerThread,functionimpl,type,Parameter,25.0,True,23,1,['convertor'],['convertor'],convertor,convertor
2,0,core/adapter/syscall/src/hdf_syscall_adapter.c,core/adapter/syscall/include/hdf_syscall_adapter.h,HdfAddAdapterToPfds,HdfSyscallAdapter,functionimpl,type,Parameter,25.0,True,23,3,['convertor'],['convertor'],convertor,convertor
2,0,core/adapter/syscall/src/hdf_syscall_adapter.c,core/adapter/syscall/include/hdf_syscall_adapter.h,HdfListenThreadInitPollFds,HdfDevListenerThread,functionimpl,type,Parameter,25.0,True,52,1,['convertor'],['convertor'],convertor,convertor
2,0,core/adapter/syscall/src/hdf_syscall_adapter.c,core/adapter/syscall/include/hdf_syscall_adapter.h,HdfDevListenerThreadStart,HdfDevListenerThread,functionimpl,type,Parameter,25.0,True,33,1,['convertor'],['convertor'],convertor,convertor
2,0,core/adapter/syscall/src/hdf_syscall_adapter.c,core/adapter/syscall/include/hdf_syscall_adapter.h,HdfIoServiceGroupThreadInit,HdfSyscallAdapterGroup,functionimpl,type,Parameter,25.0,True,44,4,['convertor'],['convertor'],convertor,convertor
2,0,core/adapter/syscall/src/hdf_syscall_adapter.c,core/adapter/syscall/include/hdf_syscall_adapter.h,HdfIoServiceGroupThreadStart,HdfSyscallAdapterGroup,functionimpl,type,Parameter,25.0,True,45,4,['convertor'],['convertor'],convertor,convertor
2,0,core/adapter/syscall/src/hdf_syscall_adapter.c,core/adapter/syscall/include/hdf_syscall_adapter.h,HdfListenThreadPollAdd,HdfDevListenerThread,functionimpl,type,Parameter,25.0,True,53,1,['convertor'],['convertor'],convertor,convertor
2,0,core/adapter/syscall/src/hdf_syscall_adapter.c,core/adapter/syscall/include/hdf_syscall_adapter.h,HdfListenThreadPollAdd,HdfSyscallAdapter,functionimpl,type,Parameter,25.0,True,53,3,['convertor'],['convertor'],convertor,convertor
2,0,core/adapter/syscall/src/hdf_syscall_adapter.c,core/adapter/syscall/include/hdf_syscall_adapter.h,HdfListenThreadPollDel,HdfDevListenerThread,functionimpl,type,Parameter,25.0,True,54,1,['convertor'],['convertor'],convertor,convertor
2,0,core/adapter/syscall/src/hdf_syscall_adapter.c,core/adapter/syscall/include/hdf_syscall_adapter.h,HdfListenThreadPollDel,HdfSyscallAdapter,functionimpl,type,Parameter,25.0,True,54,3,['convertor'],['convertor'],convertor,convertor
2,0,core/adapter/syscall/src/hdf_syscall_adapter.c,core/adapter/syscall/include/hdf_syscall_adapter.h,HdfDevListenerThreadFree,HdfDevListenerThread,functionimpl,type,Parameter,25.0,True,30,1,['convertor'],['convertor'],convertor,convertor
2,0,core/adapter/syscall/src/hdf_syscall_adapter.c,core/adapter/syscall/include/hdf_syscall_adapter.h,HdfDevListenerThreadDestroy,HdfDevListenerThread,functionimpl,type,Parameter,25.0,True,28,1,['convertor'],['convertor'],convertor,convertor
2,0,core/adapter/syscall/src/hdf_syscall_adapter.c,core/adapter/syscall/include/hdf_syscall_adapter.h,HdfIoServiceThreadBindLocked,HdfSyscallAdapter,functionimpl,type,Parameter,25.0,True,48,3,['convertor'],['convertor'],convertor,convertor
2,0,core/adapter/syscall/src/hdf_syscall_adapter.c,core/adapter/syscall/include/hdf_syscall_adapter.h,HdfIoServiceStartListen,HdfSyscallAdapter,functionimpl,type,Parameter,25.0,True,47,3,['convertor'],['convertor'],convertor,convertor
2,0,core/adapter/syscall/src/hdf_syscall_adapter.c,core/adapter/syscall/include/hdf_syscall_adapter.h,AddListenerToAdapterLocked,HdfSyscallAdapter,functionimpl,type,Parameter,25.0,True,15,3,['convertor'],['convertor'],convertor,convertor
2,0,core/adapter/syscall/src/hdf_syscall_adapter.c,core/adapter/syscall/include/hdf_syscall_adapter.h,GetListenerCount,HdfDevListenerThread,functionimpl,type,Parameter,25.0,True,17,1,['convertor'],['convertor'],convertor,convertor
2,0,core/adapter/syscall/src/hdf_syscall_adapter.c,core/adapter/syscall/include/hdf_syscall_adapter.h,HdfFdToAdapterLocked,HdfSyscallAdapter,functionimpl,type,Contain,30.0,True,36,3,['convertor'],['convertor'],convertor,convertor
2,0,core/adapter/syscall/src/hdf_syscall_adapter.c,core/adapter/syscall/include/hdf_syscall_adapter.h,HdfDevEventReadAndDispatch,HdfSyscallAdapter,functionimpl,type,Contain,30.0,True,27,3,['convertor'],['convertor'],convertor,convertor
2,0,core/adapter/syscall/src/hdf_syscall_adapter.c,core/adapter/syscall/include/hdf_syscall_adapter.h,HdfDevEventListenTask,HdfDevListenerThread,functionimpl,type,Contain,30.0,True,26,1,['convertor'],['convertor'],convertor,convertor
2,0,core/adapter/syscall/src/hdf_syscall_adapter.c,core/adapter/syscall/include/hdf_syscall_adapter.h,HdfListenThreadInitPollFds,HdfSyscallAdapter,functionimpl,type,Contain,30.0,True,52,3,['convertor'],['convertor'],convertor,convertor
2,0,core/adapter/syscall/src/hdf_syscall_adapter.c,core/adapter/syscall/include/hdf_syscall_adapter.h,HdfDevListenerThreadObtain,HdfDevListenerThread,functionimpl,type,Contain,30.0,True,32,1,['convertor'],['convertor'],convertor,convertor
2,0,core/adapter/syscall/src/hdf_syscall_adapter.c,core/adapter/syscall/include/hdf_syscall_adapter.h,HdfIoServiceGroupThreadInit,HdfDevListenerThread,functionimpl,type,Contain,30.0,True,44,1,['convertor'],['convertor'],convertor,convertor
2,0,core/adapter/syscall/src/hdf_syscall_adapter.c,core/adapter/syscall/include/hdf_syscall_adapter.h,HdfListenThreadPollAdd,HdfSyscallAdapter,functionimpl,type,Contain,30.0,True,53,3,['convertor'],['convertor'],convertor,convertor
2,0,core/adapter/syscall/src/hdf_syscall_adapter.c,core/adapter/syscall/include/hdf_syscall_adapter.h,HdfSyscallAdapterDispatch,HdfSyscallAdapter,functionimpl,type,Contain,30.0,True,55,3,['convertor'],['convertor'],convertor,convertor
2,0,core/adapter/syscall/src/hdf_syscall_adapter.c,core/adapter/syscall/include/hdf_syscall_adapter.h,HdfIoServiceAdapterObtain,HdfSyscallAdapter,functionimpl,type,Contain,30.0,True,37,3,['convertor'],['convertor'],convertor,convertor
2,0,core/adapter/syscall/src/hdf_syscall_adapter.c,core/adapter/syscall/include/hdf_syscall_adapter.h,HdfIoServiceAdapterRecycle,HdfSyscallAdapter,functionimpl,type,Contain,30.0,True,38,3,['convertor'],['convertor'],convertor,convertor
2,0,core/adapter/syscall/src/hdf_syscall_adapter.c,core/adapter/syscall/include/hdf_syscall_adapter.h,HdfIoServiceThreadBindLocked,HdfDevListenerThread,functionimpl,type,Contain,30.0,True,48,1,['convertor'],['convertor'],convertor,convertor
2,0,core/adapter/syscall/src/hdf_syscall_adapter.c,core/adapter/syscall/include/hdf_syscall_adapter.h,HdfDeviceRegisterEventListener,HdfSyscallAdapter,functionimpl,type,Contain,30.0,True,34,3,['convertor'],['convertor'],convertor,convertor
2,0,core/adapter/syscall/src/hdf_syscall_adapter.c,core/adapter/syscall/include/hdf_syscall_adapter.h,HdfDeviceUnregisterEventListener,HdfSyscallAdapter,functionimpl,type,Contain,30.0,True,35,3,['convertor'],['convertor'],convertor,convertor
2,0,core/adapter/syscall/src/hdf_syscall_adapter.c,core/adapter/syscall/include/hdf_syscall_adapter.h,HdfIoServiceGroupObtain,HdfSyscallAdapterGroup,functionimpl,type,Contain,30.0,True,40,4,['convertor'],['convertor'],convertor,convertor
2,0,core/adapter/syscall/src/hdf_syscall_adapter.c,core/adapter/syscall/include/hdf_syscall_adapter.h,HdfIoServiceGroupRecycle,HdfSyscallAdapterGroup,functionimpl,type,Contain,30.0,True,41,4,['convertor'],['convertor'],convertor,convertor
2,0,core/adapter/syscall/src/hdf_syscall_adapter.c,core/adapter/syscall/include/hdf_syscall_adapter.h,HdfIoServiceGroupRecycle,HdfSyscallAdapter,functionimpl,type,Contain,30.0,True,41,3,['convertor'],['convertor'],convertor,convertor
2,0,core/adapter/syscall/src/hdf_syscall_adapter.c,core/adapter/syscall/include/hdf_syscall_adapter.h,HdfIoServiceGroupRegisterListener,HdfSyscallAdapterGroup,functionimpl,type,Contain,30.0,True,42,4,['convertor'],['convertor'],convertor,convertor
2,0,core/adapter/syscall/src/hdf_syscall_adapter.c,core/adapter/syscall/include/hdf_syscall_adapter.h,HdfIoServiceGroupRegisterListener,HdfDevListenerThread,functionimpl,type,Contain,30.0,True,42,1,['convertor'],['convertor'],convertor,convertor
2,0,core/adapter/syscall/src/hdf_syscall_adapter.c,core/adapter/syscall/include/hdf_syscall_adapter.h,GetListenerCount,HdfSyscallAdapter,functionimpl,type,Contain,30.0,True,17,3,['convertor'],['convertor'],convertor,convertor
2,0,core/adapter/syscall/src/hdf_syscall_adapter.c,core/adapter/syscall/include/hdf_syscall_adapter.h,HdfIoServiceGroupUnregisterListener,HdfSyscallAdapterGroup,functionimpl,type,Contain,30.0,True,46,4,['convertor'],['convertor'],convertor,convertor
2,0,core/adapter/syscall/src/hdf_syscall_adapter.c,core/adapter/syscall/include/hdf_syscall_adapter.h,HdfIoServiceGroupUnregisterListener,HdfDevListenerThread,functionimpl,type,Contain,30.0,True,46,1,['convertor'],['convertor'],convertor,convertor
2,0,core/adapter/syscall/src/hdf_syscall_adapter.c,core/adapter/syscall/include/hdf_syscall_adapter.h,HdfIoServiceGroupAddService,HdfSyscallAdapter,functionimpl,type,Contain,30.0,True,39,3,['convertor'],['convertor'],convertor,convertor
2,0,core/adapter/syscall/src/hdf_syscall_adapter.c,core/adapter/syscall/include/hdf_syscall_adapter.h,HdfIoServiceGroupAddService,HdfSyscallAdapterGroup,functionimpl,type,Contain,30.0,True,39,4,['convertor'],['convertor'],convertor,convertor
2,0,core/adapter/syscall/src/hdf_syscall_adapter.c,core/adapter/syscall/include/hdf_syscall_adapter.h,HdfIoServiceGroupAddService,HdfDevListenerThread,functionimpl,type,Contain,30.0,True,39,1,['convertor'],['convertor'],convertor,convertor
2,0,core/adapter/syscall/src/hdf_syscall_adapter.c,core/adapter/syscall/include/hdf_syscall_adapter.h,HdfIoServiceGroupRemoveService,HdfSyscallAdapter,functionimpl,type,Contain,30.0,True,43,3,['convertor'],['convertor'],convertor,convertor
2,0,core/adapter/syscall/src/hdf_syscall_adapter.c,core/adapter/syscall/include/hdf_syscall_adapter.h,HdfIoServiceGroupRemoveService,HdfSyscallAdapterGroup,functionimpl,type,Contain,30.0,True,43,4,['convertor'],['convertor'],convertor,convertor
2,0,core/adapter/syscall/src/hdf_syscall_adapter.c,core/adapter/syscall/include/hdf_syscall_adapter.h,HdfIoserviceGetListenerCount,HdfSyscallAdapter,functionimpl,type,Contain,30.0,True,49,3,['convertor'],['convertor'],convertor,convertor
2,0,core/adapter/syscall/src/hdf_syscall_adapter.c,core/adapter/syscall/include/hdf_syscall_adapter.h,HdfIoserviceGroupGetListenerCount,HdfSyscallAdapterGroup,functionimpl,type,Contain,30.0,True,50,4,['convertor'],['convertor'],convertor,convertor
2,0,core/adapter/syscall/src/hdf_syscall_adapter.c,core/adapter/syscall/include/hdf_syscall_adapter.h,HdfIoserviceGroupGetServiceCount,HdfSyscallAdapterGroup,functionimpl,type,Contain,30.0,True,51,4,['convertor'],['convertor'],convertor,convertor
40,99,core/host/src/power_state_token.c,include/core/hdf_pm.h,PowerStateTokenOnFirstAcquire,IPowerEventListener,functionimpl,type,Use,5.0,True,657,1275,['kernal_host'],['common'],kernal_host,common
40,99,core/host/src/power_state_token.c,include/core/hdf_pm.h,PowerStateTokenOnLastRelease,IPowerEventListener,functionimpl,type,Use,5.0,True,658,1275,['kernal_host'],['common'],kernal_host,common
40,99,core/host/src/power_state_token.c,include/core/hdf_pm.h,PowerStateTokenConstruct,IPowerEventListener,functionimpl,type,Use,5.0,True,654,1275,['kernal_host'],['common'],kernal_host,common
40,99,core/host/src/power_state_token.c,include/core/hdf_pm.h,PowerStateTokenConstruct,IPowerEventListener,functionimpl,type,Parameter,2.0,True,654,1275,['kernal_host'],['common'],kernal_host,common
40,99,core/host/src/power_state_token.c,include/core/hdf_pm.h,PowerStateTokenNewInstance,IPowerEventListener,functionimpl,type,Parameter,2.0,True,656,1275,['kernal_host'],['common'],kernal_host,common
40,99,core/host/src/power_state_token.c,include/core/hdf_pm.h,PowerStateTokenOnFirstAcquire,IPowerEventListener,functionimpl,type,Contain,2.0,True,657,1275,['kernal_host'],['common'],kernal_host,common
40,99,core/host/src/power_state_token.c,include/core/hdf_pm.h,PowerStateTokenOnLastRelease,IPowerEventListener,functionimpl,type,Contain,2.0,True,658,1275,['kernal_host'],['common'],kernal_host,common
43,111,core/manager/include/devmgr_service.h,include/osal/osal_mutex.h,,,file,file,Import,1.0,False,,,['manager'],['osal'],manager,osal
43,111,core/manager/include/devmgr_service.h,include/osal/osal_mutex.h,DevmgrService,OsalMutex,type,type,Contain,1.0,True,687,1400,['manager'],['osal'],manager,osal
53,96,core/manager/src/devsvc_manager.c,include/core/hdf_device_desc.h,DevSvcManagerGetObject,HdfDeviceObject,functionimpl,type,Return,1.0,True,804,1238,['manager'],['common'],manager,common
53,96,core/manager/src/devsvc_manager.c,include/core/hdf_device_desc.h,DevSvcManagerAddService,HdfDeviceObject,functionimpl,type,Use,8.0,True,800,1238,['manager'],['common'],manager,common
53,96,core/manager/src/devsvc_manager.c,include/core/hdf_device_desc.h,DevSvcManagerUpdateService,HdfDeviceObject,functionimpl,type,Use,8.0,True,814,1238,['manager'],['common'],manager,common
53,96,core/manager/src/devsvc_manager.c,include/core/hdf_device_desc.h,DevSvcManagerSubscribeService,SubscriberCallback,functionimpl,type,Use,8.0,True,812,1241,['manager'],['common'],manager,common
53,96,core/manager/src/devsvc_manager.c,include/core/hdf_device_desc.h,DevSvcManagerGetService,HdfDeviceObject,functionimpl,type,Use,8.0,True,805,1238,['manager'],['common'],manager,common
53,96,core/manager/src/devsvc_manager.c,include/core/hdf_device_desc.h,DevSvcManagerConstruct,HdfDeviceObject,functionimpl,type,Use,8.0,True,801,1238,['manager'],['common'],manager,common
53,96,core/manager/src/devsvc_manager.c,include/core/hdf_device_desc.h,DevSvcManagerAddService,HdfDeviceObject,functionimpl,type,Parameter,3.0,True,800,1238,['manager'],['common'],manager,common
53,96,core/manager/src/devsvc_manager.c,include/core/hdf_device_desc.h,DevSvcManagerUpdateService,HdfDeviceObject,functionimpl,type,Parameter,3.0,True,814,1238,['manager'],['common'],manager,common
53,96,core/manager/src/devsvc_manager.c,include/core/hdf_device_desc.h,DevSvcManagerSubscribeService,SubscriberCallback,functionimpl,type,Parameter,3.0,True,812,1241,['manager'],['common'],manager,common
53,96,core/manager/src/devsvc_manager.c,include/core/hdf_device_desc.h,DevSvcManagerGetService,HdfDeviceObject,functionimpl,type,Contain,1.0,True,805,1238,['manager'],['common'],manager,common
53,97,core/manager/src/devsvc_manager.c,include/core/hdf_io_service_if.h,DevSvcManagerListService,DeviceClass,functionimpl,alias,Parameter,1.0,True,806,1242,['manager'],['common'],manager,common
53,98,core/manager/src/devsvc_manager.c,include/core/hdf_object.h,DevSvcManagerGetService,HdfObject,functionimpl,type,Cast,2.0,True,805,1265,['manager'],['common'],manager,common
53,98,core/manager/src/devsvc_manager.c,include/core/hdf_object.h,DevSvcManagerCreate,HdfObject,functionimpl,type,Cast,2.0,True,802,1265,['manager'],['common'],manager,common
53,98,core/manager/src/devsvc_manager.c,include/core/hdf_object.h,DevSvcManagerGetService,HdfObject,functionimpl,type,Return,2.0,True,805,1265,['manager'],['common'],manager,common
53,98,core/manager/src/devsvc_manager.c,include/core/hdf_object.h,DevSvcManagerCreate,HdfObject,functionimpl,type,Return,2.0,True,802,1265,['manager'],['common'],manager,common
53,98,core/manager/src/devsvc_manager.c,include/core/hdf_object.h,DevSvcManagerSubscribeService,HdfObject,functionimpl,type,Use,2.0,True,812,1265,['manager'],['common'],manager,common
53,98,core/manager/src/devsvc_manager.c,include/core/hdf_object.h,DevSvcManagerConstruct,HdfObject,functionimpl,type,Use,2.0,True,801,1265,['manager'],['common'],manager,common
53,98,core/manager/src/devsvc_manager.c,include/core/hdf_object.h,DevSvcManagerSubscribeService,HdfObject,functionimpl,type,Contain,1.0,True,812,1265,['manager'],['common'],manager,common
53,67,core/manager/src/devsvc_manager.c,core/shared/include/devsvc_manager_if.h,DevSvcManagerGetInstance,IDevSvcManager,functionimpl,type,Cast,1.0,True,803,1007,['manager'],['common'],manager,common
53,67,core/manager/src/devsvc_manager.c,core/shared/include/devsvc_manager_if.h,DevSvcManagerGetInstance,IDevSvcManager,functionimpl,type,Return,1.0,True,803,1007,['manager'],['common'],manager,common
53,67,core/manager/src/devsvc_manager.c,core/shared/include/devsvc_manager_if.h,DevSvcManagerConstruct,IDevSvcManager,functionimpl,type,Use,12.0,True,801,1007,['manager'],['common'],manager,common
53,67,core/manager/src/devsvc_manager.c,core/shared/include/devsvc_manager_if.h,DevSvcManagerStartService,IDevSvcManager,functionimpl,type,Use,12.0,True,811,1007,['manager'],['common'],manager,common
53,67,core/manager/src/devsvc_manager.c,core/shared/include/devsvc_manager_if.h,DevSvcManagerGetInstance,IDevSvcManager,functionimpl,type,Use,12.0,True,803,1007,['manager'],['common'],manager,common
53,67,core/manager/src/devsvc_manager.c,core/shared/include/devsvc_manager_if.h,DevSvcManagerSearchService,IDevSvcManager,functionimpl,type,Parameter,10.0,True,810,1007,['manager'],['common'],manager,common
53,67,core/manager/src/devsvc_manager.c,core/shared/include/devsvc_manager_if.h,DevSvcManagerAddService,IDevSvcManager,functionimpl,type,Parameter,10.0,True,800,1007,['manager'],['common'],manager,common
53,67,core/manager/src/devsvc_manager.c,core/shared/include/devsvc_manager_if.h,DevSvcManagerUpdateService,IDevSvcManager,functionimpl,type,Parameter,10.0,True,814,1007,['manager'],['common'],manager,common
53,67,core/manager/src/devsvc_manager.c,core/shared/include/devsvc_manager_if.h,DevSvcManagerSubscribeService,IDevSvcManager,functionimpl,type,Parameter,10.0,True,812,1007,['manager'],['common'],manager,common
53,67,core/manager/src/devsvc_manager.c,core/shared/include/devsvc_manager_if.h,DevSvcManagerRemoveService,IDevSvcManager,functionimpl,type,Parameter,10.0,True,809,1007,['manager'],['common'],manager,common
53,67,core/manager/src/devsvc_manager.c,core/shared/include/devsvc_manager_if.h,DevSvcManagerGetObject,IDevSvcManager,functionimpl,type,Parameter,10.0,True,804,1007,['manager'],['common'],manager,common
53,67,core/manager/src/devsvc_manager.c,core/shared/include/devsvc_manager_if.h,DevSvcManagerGetService,IDevSvcManager,functionimpl,type,Parameter,10.0,True,805,1007,['manager'],['common'],manager,common
53,67,core/manager/src/devsvc_manager.c,core/shared/include/devsvc_manager_if.h,DevSvcManagerRegsterServListener,IDevSvcManager,functionimpl,type,Parameter,10.0,True,807,1007,['manager'],['common'],manager,common
53,67,core/manager/src/devsvc_manager.c,core/shared/include/devsvc_manager_if.h,DevSvcManagerUnregsterServListener,IDevSvcManager,functionimpl,type,Parameter,10.0,True,813,1007,['manager'],['common'],manager,common
53,67,core/manager/src/devsvc_manager.c,core/shared/include/devsvc_manager_if.h,DevSvcManagerRelease,IDevSvcManager,functionimpl,type,Parameter,10.0,True,808,1007,['manager'],['common'],manager,common
53,67,core/manager/src/devsvc_manager.c,core/shared/include/devsvc_manager_if.h,DevSvcManagerConstruct,IDevSvcManager,functionimpl,type,Contain,3.0,True,801,1007,['manager'],['common'],manager,common
53,67,core/manager/src/devsvc_manager.c,core/shared/include/devsvc_manager_if.h,DevSvcManagerStartService,IDevSvcManager,functionimpl,type,Contain,3.0,True,811,1007,['manager'],['common'],manager,common
53,67,core/manager/src/devsvc_manager.c,core/shared/include/devsvc_manager_if.h,DevSvcManagerGetInstance,IDevSvcManager,functionimpl,type,Contain,3.0,True,803,1007,['manager'],['common'],manager,common
40,27,core/host/src/power_state_token.c,core/host/include/power_state_token.h,PowerStateTokenAcquireWakeLock,PowerStateToken,functionimpl,type,Cast,3.0,True,653,413,['kernal_host'],['kernal_host'],kernal_host,kernal_host
40,27,core/host/src/power_state_token.c,core/host/include/power_state_token.h,PowerStateTokenReleaseWakeLock,PowerStateToken,functionimpl,type,Cast,3.0,True,659,413,['kernal_host'],['kernal_host'],kernal_host,kernal_host
40,27,core/host/src/power_state_token.c,core/host/include/power_state_token.h,PowerStateTokenNewInstance,PowerStateToken,functionimpl,type,Cast,3.0,True,656,413,['kernal_host'],['kernal_host'],kernal_host,kernal_host
40,27,core/host/src/power_state_token.c,core/host/include/power_state_token.h,,,file,file,Import,1.0,False,,,['kernal_host'],['kernal_host'],kernal_host,kernal_host
40,27,core/host/src/power_state_token.c,core/host/include/power_state_token.h,PowerStateTokenNewInstance,PowerStateToken,functionimpl,type,Return,1.0,True,656,413,['kernal_host'],['kernal_host'],kernal_host,kernal_host
40,27,core/host/src/power_state_token.c,core/host/include/power_state_token.h,PowerStateTokenOnFirstAcquire,PowerStateToken,functionimpl,type,Use,38.0,True,657,413,['kernal_host'],['kernal_host'],kernal_host,kernal_host
40,27,core/host/src/power_state_token.c,core/host/include/power_state_token.h,PowerStateTokenOnLastRelease,PowerStateToken,functionimpl,type,Use,38.0,True,658,413,['kernal_host'],['kernal_host'],kernal_host,kernal_host
40,27,core/host/src/power_state_token.c,core/host/include/power_state_token.h,PowerStateChange,PowerStateToken,functionimpl,type,Use,38.0,True,652,413,['kernal_host'],['kernal_host'],kernal_host,kernal_host
40,27,core/host/src/power_state_token.c,core/host/include/power_state_token.h,PowerStateTokenAcquireWakeLock,PowerStateToken,functionimpl,type,Use,38.0,True,653,413,['kernal_host'],['kernal_host'],kernal_host,kernal_host
40,27,core/host/src/power_state_token.c,core/host/include/power_state_token.h,PowerStateTokenReleaseWakeLock,PowerStateToken,functionimpl,type,Use,38.0,True,659,413,['kernal_host'],['kernal_host'],kernal_host,kernal_host
40,27,core/host/src/power_state_token.c,core/host/include/power_state_token.h,PowerStateTokenConstruct,PowerStateToken,functionimpl,type,Use,38.0,True,654,413,['kernal_host'],['kernal_host'],kernal_host,kernal_host
40,27,core/host/src/power_state_token.c,core/host/include/power_state_token.h,PowerStateTokenNewInstance,PowerStateToken,functionimpl,type,Use,38.0,True,656,413,['kernal_host'],['kernal_host'],kernal_host,kernal_host
40,27,core/host/src/power_state_token.c,core/host/include/power_state_token.h,PowerStateTokenFreeInstance,PowerStateToken,functionimpl,type,Use,38.0,True,655,413,['kernal_host'],['kernal_host'],kernal_host,kernal_host
40,27,core/host/src/power_state_token.c,core/host/include/power_state_token.h,PowerStateChange,PowerStateChange,functionimpl,functionproto,Implement,3.0,True,652,410,['kernal_host'],['kernal_host'],kernal_host,kernal_host
40,27,core/host/src/power_state_token.c,core/host/include/power_state_token.h,PowerStateTokenNewInstance,PowerStateTokenNewInstance,functionimpl,functionproto,Implement,3.0,True,656,412,['kernal_host'],['kernal_host'],kernal_host,kernal_host
40,27,core/host/src/power_state_token.c,core/host/include/power_state_token.h,PowerStateTokenFreeInstance,PowerStateTokenFreeInstance,functionimpl,functionproto,Implement,3.0,True,655,411,['kernal_host'],['kernal_host'],kernal_host,kernal_host
40,27,core/host/src/power_state_token.c,core/host/include/power_state_token.h,PowerStateChange,PowerStateToken,functionimpl,type,Parameter,3.0,True,652,413,['kernal_host'],['kernal_host'],kernal_host,kernal_host
40,27,core/host/src/power_state_token.c,core/host/include/power_state_token.h,PowerStateTokenConstruct,PowerStateToken,functionimpl,type,Parameter,3.0,True,654,413,['kernal_host'],['kernal_host'],kernal_host,kernal_host
40,27,core/host/src/power_state_token.c,core/host/include/power_state_token.h,PowerStateTokenFreeInstance,PowerStateToken,functionimpl,type,Parameter,3.0,True,655,413,['kernal_host'],['kernal_host'],kernal_host,kernal_host
40,27,core/host/src/power_state_token.c,core/host/include/power_state_token.h,PowerStateTokenOnFirstAcquire,PowerStateToken,functionimpl,type,Contain,5.0,True,657,413,['kernal_host'],['kernal_host'],kernal_host,kernal_host
40,27,core/host/src/power_state_token.c,core/host/include/power_state_token.h,PowerStateTokenOnLastRelease,PowerStateToken,functionimpl,type,Contain,5.0,True,658,413,['kernal_host'],['kernal_host'],kernal_host,kernal_host
40,27,core/host/src/power_state_token.c,core/host/include/power_state_token.h,PowerStateTokenAcquireWakeLock,PowerStateToken,functionimpl,type,Contain,5.0,True,653,413,['kernal_host'],['kernal_host'],kernal_host,kernal_host
40,27,core/host/src/power_state_token.c,core/host/include/power_state_token.h,PowerStateTokenReleaseWakeLock,PowerStateToken,functionimpl,type,Contain,5.0,True,659,413,['kernal_host'],['kernal_host'],kernal_host,kernal_host
40,27,core/host/src/power_state_token.c,core/host/include/power_state_token.h,PowerStateTokenNewInstance,PowerStateToken,functionimpl,type,Contain,5.0,True,656,413,['kernal_host'],['kernal_host'],kernal_host,kernal_host
53,73,core/manager/src/devsvc_manager.c,core/shared/include/hdf_object_manager.h,DevSvcManagerGetInstance,HdfObjectManagerGetObject,functionimpl,functionproto,Call,1.0,True,803,1052,['manager'],['common'],manager,common
53,73,core/manager/src/devsvc_manager.c,core/shared/include/hdf_object_manager.h,,,file,file,Import,1.0,False,,,['manager'],['common'],manager,common
53,75,core/manager/src/devsvc_manager.c,core/shared/include/hdf_service_record.h,DevSvcManagerSearchService,DevSvcRecord,functionimpl,type,Cast,18.0,True,810,1063,['manager'],['common'],manager,common
53,75,core/manager/src/devsvc_manager.c,core/shared/include/hdf_service_record.h,NotifyServiceStatusOnRegisterLocked,DevSvcRecord,functionimpl,type,Cast,18.0,True,816,1063,['manager'],['common'],manager,common
53,75,core/manager/src/devsvc_manager.c,core/shared/include/hdf_service_record.h,DevSvcManagerListService,DevSvcRecord,functionimpl,type,Cast,18.0,True,806,1063,['manager'],['common'],manager,common
53,75,core/manager/src/devsvc_manager.c,core/shared/include/hdf_service_record.h,DevSvcManagerRelease,DevSvcRecord,functionimpl,type,Cast,18.0,True,808,1063,['manager'],['common'],manager,common
53,75,core/manager/src/devsvc_manager.c,core/shared/include/hdf_service_record.h,DevSvcManagerAddService,DevSvcRecordNewInstance,functionimpl,functionproto,Call,4.0,True,800,1062,['manager'],['common'],manager,common
53,75,core/manager/src/devsvc_manager.c,core/shared/include/hdf_service_record.h,DevSvcManagerAddService,DevSvcRecordFreeInstance,functionimpl,functionproto,Call,4.0,True,800,1061,['manager'],['common'],manager,common
53,75,core/manager/src/devsvc_manager.c,core/shared/include/hdf_service_record.h,DevSvcManagerRemoveService,DevSvcRecordFreeInstance,functionimpl,functionproto,Call,4.0,True,809,1061,['manager'],['common'],manager,common
53,75,core/manager/src/devsvc_manager.c,core/shared/include/hdf_service_record.h,DevSvcManagerRelease,DevSvcRecordFreeInstance,functionimpl,functionproto,Call,4.0,True,808,1061,['manager'],['common'],manager,common
53,75,core/manager/src/devsvc_manager.c,core/shared/include/hdf_service_record.h,,,file,file,Import,1.0,False,,,['manager'],['common'],manager,common
53,75,core/manager/src/devsvc_manager.c,core/shared/include/hdf_service_record.h,DevSvcManagerSearchService,DevSvcRecord,functionimpl,type,Return,1.0,True,810,1063,['manager'],['common'],manager,common
53,75,core/manager/src/devsvc_manager.c,core/shared/include/hdf_service_record.h,DevSvcManagerSearchService,DevSvcRecord,functionimpl,type,Use,39.0,True,810,1063,['manager'],['common'],manager,common
53,75,core/manager/src/devsvc_manager.c,core/shared/include/hdf_service_record.h,NotifyServiceStatusLocked,DevSvcRecord,functionimpl,type,Use,39.0,True,815,1063,['manager'],['common'],manager,common
53,75,core/manager/src/devsvc_manager.c,core/shared/include/hdf_service_record.h,NotifyServiceStatusOnRegisterLocked,DevSvcRecord,functionimpl,type,Use,39.0,True,816,1063,['manager'],['common'],manager,common
53,75,core/manager/src/devsvc_manager.c,core/shared/include/hdf_service_record.h,DevSvcManagerAddService,DevSvcRecord,functionimpl,type,Use,39.0,True,800,1063,['manager'],['common'],manager,common
53,75,core/manager/src/devsvc_manager.c,core/shared/include/hdf_service_record.h,DevSvcManagerUpdateService,DevSvcRecord,functionimpl,type,Use,39.0,True,814,1063,['manager'],['common'],manager,common
53,75,core/manager/src/devsvc_manager.c,core/shared/include/hdf_service_record.h,DevSvcManagerRemoveService,DevSvcRecord,functionimpl,type,Use,39.0,True,809,1063,['manager'],['common'],manager,common
53,75,core/manager/src/devsvc_manager.c,core/shared/include/hdf_service_record.h,DevSvcManagerGetObject,DevSvcRecord,functionimpl,type,Use,39.0,True,804,1063,['manager'],['common'],manager,common
53,75,core/manager/src/devsvc_manager.c,core/shared/include/hdf_service_record.h,DevSvcManagerListService,DevSvcRecord,functionimpl,type,Use,39.0,True,806,1063,['manager'],['common'],manager,common
53,75,core/manager/src/devsvc_manager.c,core/shared/include/hdf_service_record.h,DevSvcManagerRelease,DevSvcRecord,functionimpl,type,Use,39.0,True,808,1063,['manager'],['common'],manager,common
53,75,core/manager/src/devsvc_manager.c,core/shared/include/hdf_service_record.h,NotifyServiceStatusLocked,DevSvcRecord,functionimpl,type,Parameter,1.0,True,815,1063,['manager'],['common'],manager,common
53,75,core/manager/src/devsvc_manager.c,core/shared/include/hdf_service_record.h,DevSvcManagerSearchService,DevSvcRecord,functionimpl,type,Contain,10.0,True,810,1063,['manager'],['common'],manager,common
53,75,core/manager/src/devsvc_manager.c,core/shared/include/hdf_service_record.h,NotifyServiceStatusOnRegisterLocked,DevSvcRecord,functionimpl,type,Contain,10.0,True,816,1063,['manager'],['common'],manager,common
53,75,core/manager/src/devsvc_manager.c,core/shared/include/hdf_service_record.h,DevSvcManagerAddService,DevSvcRecord,functionimpl,type,Contain,10.0,True,800,1063,['manager'],['common'],manager,common
53,75,core/manager/src/devsvc_manager.c,core/shared/include/hdf_service_record.h,DevSvcManagerUpdateService,DevSvcRecord,functionimpl,type,Contain,10.0,True,814,1063,['manager'],['common'],manager,common
53,75,core/manager/src/devsvc_manager.c,core/shared/include/hdf_service_record.h,DevSvcManagerRemoveService,DevSvcRecord,functionimpl,type,Contain,10.0,True,809,1063,['manager'],['common'],manager,common
53,75,core/manager/src/devsvc_manager.c,core/shared/include/hdf_service_record.h,DevSvcManagerGetObject,DevSvcRecord,functionimpl,type,Contain,10.0,True,804,1063,['manager'],['common'],manager,common
53,75,core/manager/src/devsvc_manager.c,core/shared/include/hdf_service_record.h,DevSvcManagerListService,DevSvcRecord,functionimpl,type,Contain,10.0,True,806,1063,['manager'],['common'],manager,common
53,75,core/manager/src/devsvc_manager.c,core/shared/include/hdf_service_record.h,DevSvcManagerRelease,DevSvcRecord,functionimpl,type,Contain,10.0,True,808,1063,['manager'],['common'],manager,common
53,76,core/manager/src/devsvc_manager.c,core/shared/include/hdf_service_status.h,NotifyServiceStatusLocked,ServiceStatus,functionimpl,type,Contain,2.0,True,815,1068,['manager'],['common'],manager,common
53,76,core/manager/src/devsvc_manager.c,core/shared/include/hdf_service_status.h,NotifyServiceStatusOnRegisterLocked,ServiceStatus,functionimpl,type,Contain,2.0,True,816,1068,['manager'],['common'],manager,common
40,15,core/host/src/power_state_token.c,core/host/include/devmgr_service_clnt.h,,,file,file,Import,1.0,False,,,['kernal_host'],['kernal_host'],kernal_host,kernal_host
93,96,include/bluetooth/hdf_bt_transport.h,include/core/hdf_device_desc.h,,,file,file,Import,1.0,False,,,['network'],['common'],network,common
93,96,include/bluetooth/hdf_bt_transport.h,include/core/hdf_device_desc.h,HdfBtTransportService,IDeviceIoService,type,type,Contain,1.0,True,1184,1240,['network'],['common'],network,common
40,74,core/host/src/power_state_token.c,core/shared/include/hdf_power_state.h,,,file,file,Import,1.0,False,,,['kernal_host'],['common'],kernal_host,common
77,142,core/shared/include/hdf_usb_pnp_manage.h,include/utils/hdf_base.h,,,file,file,Import,1.0,False,,,['common'],['utils'],common,utils
